Target,Volume,Transaction_Value,Volume_ROC,Net_Purchase_Foreigner,Net_Purchase_Financial_Investment,Net_Purchase_Investment_Trust,Net_Purchase_Pension_Fund
0,771305645,14552500000000.0,0.019237212,-602211000000.0,-89333134255.0,-11110077289.0,6377605324.0
1,786143415,13898600000000.0,0.019237212,-350012000000.0,963421000000.0,20903911949.0,21982306938.0
0,774252245,13719700000000.0,-0.015125955,-515825000000.0,-89663104703.0,-13354130145.0,-37324887396.0
0,797262205,14789500000000.0,0.029718945,-130376000000.0,111994000000.0,-1411358719.0,-24386777205.0
0,587968268,11604000000000.0,-0.262515814,-220748000000.0,68222464174.0,14328516188.0,27536500405.0
1,612976970,11728000000000.0,0.042534102,71409301708.0,795297000000.0,8887584790.0,24219020276.0
0,1269999045,13173000000000.0,1.071854421,-17487854129.0,262614000000.0,31359371001.0,-21283929175.0
0,1082006090,20682300000000.0,-0.14802606,-242881000000.0,273517000000.0,46442014655.0,19782821274.0
1,966367978,13533300000000.0,-0.106873809,142857000000.0,577877000000.0,44203028082.0,48899316583.0
1,1123524809,14017400000000.0,0.162626282,520446000000.0,-669312000000.0,17632478084.0,-98412986613.0
1,1472570767,15270800000000.0,0.31067045,-53072513283.0,616183000000.0,-15671866078.0,53577534239.0
1,1495671343,17740800000000.0,0.015687243,33590106865.0,-227930000000.0,19211081478.0,-20944470431.0
1,1584799068,16890500000000.0,0.059590448,242042000000.0,349888000000.0,-8191099696.0,108431000000.0
0,1392319539,16051000000000.0,-0.121453585,175444000000.0,-613050000000.0,-57279397704.0,17727143617.0
1,1733348139,19023200000000.0,0.244935584,-187347000000.0,131450000000.0,-26847715030.0,26215014056.0
0,1951319356,19352200000000.0,0.125751551,-203701000000.0,373506000000.0,7059807953.0,-89992888228.0
0,1964923269,17164700000000.0,0.006971649,-324763000000.0,-260529000000.0,-58266548343.0,-48159158792.0
1,1896766322,19170500000000.0,-0.034686824,717210000000.0,-848516000000.0,306780245.0,-325183000000.0
1,1645508762,17956300000000.0,-0.13246627,176537000000.0,-31327611036.0,104072000000.0,171995000000.0
1,1664527170,15262500000000.0,0.011557768,-10128752286.0,-262520000000.0,-11314789723.0,-17287362717.0
1,1734497293,14838300000000.0,0.042036035,-121050000000.0,-45326434042.0,15394900708.0,82451170055.0
1,2345810978,16298000000000.0,0.3524443,287490000000.0,28700318768.0,-17973720444.0,50013725923.0
0,1848671013,14672100000000.0,-0.211926694,-321655000000.0,-503321000000.0,-98338270839.0,-28792851743.0
1,1627658120,17492700000000.0,-0.119552312,-711050000000.0,197274000000.0,-37292533187.0,-17090679275.0
0,1508634470,17291300000000.0,-0.073125707,-901896000000.0,-615506000000.0,-32492598062.0,-232965000000.0
1,1666696733,15512000000000.0,0.104771743,362941000000.0,-19690436577.0,14491174619.0,30694758288.0
1,1069174741,17865300000000.0,-0.358506728,-9624757444.0,128709000000.0,-75640799123.0,12102556228.0
1,1301271218,21426500000000.0,0.217080023,-101632000000.0,339712000000.0,-38810722863.0,-39545631810.0
1,1198187970,18618600000000.0,-0.079217343,248467000000.0,566754000000.0,-13802120931.0,47529596847.0
0,1428764468,13796100000000.0,0.192437667,-86753852283.0,-186767000000.0,-40174369235.0,-78867363410.0
0,1213046625,15509500000000.0,-0.150982088,67905293320.0,-412607000000.0,-23577225658.0,41611244136.0
1,1610375510,15646700000000.0,0.32754626,7018476232.0,-44630686882.0,23578735044.0,32406647880.0
0,1159231481,16076000000000.0,-0.280148342,-408829000000.0,-587137000000.0,-34953871762.0,-206602000000.0
0,1019998165,15437900000000.0,-0.120108294,-121558000000.0,-98659682214.0,15876478533.0,-75879205953.0
1,850406170,14529900000000.0,-0.166266961,1502627218.0,211014000000.0,294422140.0,40500961104.0
1,1029465279,14686400000000.0,0.210557161,223784000000.0,139890000000.0,25745969130.0,-96460495807.0
0,1147641017,14507100000000.0,0.114793321,-340498000000.0,-401209000000.0,-74941699657.0,-197577000000.0
0,1516034403,16870600000000.0,0.32100054,-498288000000.0,-221490000000.0,-33715394123.0,-280862000000.0
0,1308364633,16473100000000.0,-0.136982228,-1342150000000.0,-432249000000.0,-4799192116.0,-26594298637.0
1,1135042856,11280100000000.0,-0.132472074,37207303791.0,137042000000.0,30242143340.0,49719136557.0
1,1150101046,13494400000000.0,0.013266627,265170000000.0,269452000000.0,25426246024.0,44228803245.0
0,908953938,12993100000000.0,-0.209674714,-274030000000.0,-196724000000.0,-11427150075.0,-51982527587.0
1,1172430582,13683900000000.0,0.289867982,100636000000.0,222170000000.0,34457350866.0,-24101485010.0
0,1066507087,14781300000000.0,-0.090345217,-92540524234.0,-353108000000.0,-80135660001.0,-24267140085.0
0,1095559262,12855300000000.0,0.027240489,-458191000000.0,-244215000000.0,-63155167134.0,-97038084973.0
0,979670175,15292400000000.0,-0.105780756,-172989000000.0,170254000000.0,1856527725.0,-15007940147.0
0,990326915,14864700000000.0,0.010877886,-498545000000.0,-177328000000.0,12644971480.0,-100750000000.0
1,712983404,13039200000000.0,-0.280052482,59859468295.0,830728000000.0,671985915.0,6069902594.0
1,805048259,13209400000000.0,0.129126224,111650000000.0,386739000000.0,-34439268621.0,-64912956743.0
0,826066626,12212500000000.0,0.026108208,-377964000000.0,-70011365281.0,-111263000000.0,-69131916368.0
1,991938990,12348500000000.0,0.200797803,46132578069.0,233409000000.0,7194879810.0,25434744438.0
1,868602620,11979300000000.0,-0.124338665,-422234000000.0,409241000000.0,-18646221715.0,-67389286855.0
1,694823189,10491300000000.0,-0.200067818,-229157000000.0,235956000000.0,49331236276.0,-44195690300.0
0,687861015,12808200000000.0,-0.010020066,-718353000000.0,-288009000000.0,-86499495235.0,-171324000000.0
1,561003439,10238000000000.0,-0.184423268,-145578000000.0,776001000000.0,-68769547735.0,-65728416080.0
1,653512911,12491400000000.0,0.164900009,666722000000.0,223422000000.0,-83707110855.0,-136518000000.0
1,632241743,12357100000000.0,-0.032548964,912212000000.0,785870000000.0,14433237850.0,-14936701966.0
0,680941049,11877700000000.0,0.077026401,68114156834.0,383525000000.0,6627720894.0,-154829000000.0
0,941361338,15455400000000.0,0.382441754,52362805528.0,-143627000000.0,-13880607477.0,-39312365084.0
0,707654201,15732500000000.0,-0.248265068,-203159000000.0,-423591000000.0,-35909953547.0,-172489000000.0
0,730349269,21657900000000.0,0.032070845,-637593000000.0,-145603000000.0,-55054217730.0,-45634063496.0
0,618092869,19193400000000.0,-0.153702351,-1621470000000.0,272528000000.0,-87877442390.0,-169007000000.0
0,643282554,20403900000000.0,0.040753884,-1884180000000.0,149273000000.0,21854301756.0,-116649000000.0
0,696468122,20202000000000.0,0.082678393,-2698980000000.0,-207942000000.0,-26239495506.0,71915228815.0
0,690842314,22241600000000.0,-0.008077625,-416474000000.0,-79915879813.0,43211717370.0,-33300382117.0
1,622791632,16752600000000.0,-0.098503929,-262290000000.0,275581000000.0,24129415005.0,92055167772.0
0,655629079,17170800000000.0,0.052726217,-271022000000.0,-153880000000.0,-82919628540.0,-21397868332.0
0,672088491,16450600000000.0,0.025104762,-257002000000.0,-7044428713.0,-7836724990.0,33691528469.0
1,570979933,13424000000000.0,-0.150439353,-27896085295.0,457016000000.0,54566012793.0,31170092028.0
1,586535144,14946100000000.0,0.027243008,154570000000.0,63307766487.0,12750741873.0,72488091757.0
1,624688408,13365600000000.0,0.065048556,161947000000.0,-10514475843.0,333847000000.0,22790964265.0
0,727719083,13335300000000.0,0.164931306,-364184000000.0,-100601000000.0,36180616272.0,-6940843176.0
1,520668771,11039900000000.0,-0.284519558,-371765000000.0,629117000000.0,22670847835.0,22453595519.0
1,602858388,11758700000000.0,0.15785394,-233861000000.0,152623000000.0,60716191530.0,-9562151800.0
1,661221167,15863600000000.0,0.096810097,1122970000000.0,-161244000000.0,13380085130.0,-3393268683.0
1,746705227,13537900000000.0,0.129282098,77536662099.0,-37506100891.0,33139018341.0,5492364899.0
0,757859615,15378400000000.0,0.014938141,548159000000.0,-355194000000.0,-25417988015.0,-1048340000000.0
1,641510055,13111000000000.0,-0.153523895,588157000000.0,-28768295060.0,20238800760.0,-80952479587.0
1,726190124,12313500000000.0,0.132001156,62039912412.0,29843332688.0,-12326798015.0,-261075373.0
0,760159709,11943300000000.0,0.046777812,-311137000000.0,-145059000000.0,4953283945.0,26043735404.0
0,859889326,17302700000000.0,0.13119561,-223230000000.0,-9102197852.0,-71674530917.0,-104172000000.0
0,927368577,17787100000000.0,0.078474344,-319569000000.0,-955117000000.0,158599000000.0,-168843000000.0
1,723085303,13566500000000.0,-0.220282722,-517844000000.0,301389000000.0,50311008258.0,-130915000000.0
1,732269520,13505400000000.0,0.01270143,142400000000.0,178254000000.0,42618707307.0,-30544190017.0
1,713227276,15787300000000.0,-0.02600442,298439000000.0,584085000000.0,78284220493.0,-6916378985.0
1,616557070,12162700000000.0,-0.135539132,298111000000.0,-123721000000.0,-18717144264.0,31425591976.0
0,612873472,12259500000000.0,-0.005974464,20681036843.0,-379050000000.0,-72822902700.0,-16414893080.0
1,589244026,14937700000000.0,-0.038555178,53895512419.0,-404390000000.0,141022000000.0,-14266881529.0
0,623841308,14009100000000.0,0.058714693,576942000000.0,-582943636.0,-97357955322.0,19956033895.0
0,753222478,12558200000000.0,0.207394362,82639153047.0,-206723000000.0,-30186532511.0,-26700145631.0
1,883229339,12267000000000.0,0.172600878,342728000000.0,97079727898.0,-16762460345.0,-8407702634.0
0,894913170,14658700000000.0,0.013228536,4030086557.0,-511260000000.0,14213860306.0,-28267688072.0
0,821557926,15137000000000.0,-0.081969119,-662496000000.0,-300557000000.0,63653517726.0,-38252372222.0
1,885818713,14942900000000.0,0.078218206,37247595174.0,-222765000000.0,28136886966.0,-60578288848.0
0,855481955,12944000000000.0,-0.034247141,-303462000000.0,-360991000000.0,-35937079966.0,-27710225559.0
0,840557005,15315500000000.0,-0.017446248,-620628000000.0,306744000000.0,16756778410.0,-36023313105.0
0,901721943,15668600000000.0,0.07276715,-276929000000.0,88922961599.0,42401466027.0,-38165381241.0
1,595381702,11906700000000.0,-0.339728054,-104998000000.0,582338000000.0,61558116275.0,-19874548407.0
0,668946781,12634100000000.0,0.123559523,-48546564724.0,-356362000000.0,38771882239.0,-87271234347.0
0,660180934,12767600000000.0,-0.013103953,-824220000000.0,-199897000000.0,-1468021793.0,48741145718.0
1,752132429,12294500000000.0,0.139282264,-271076000000.0,588371000000.0,82521400617.0,78568834834.0
1,617170079,12064600000000.0,-0.17943961,-384533000000.0,462366000000.0,89975694541.0,3857709457.0
1,857797842,12541000000000.0,0.3898889,86866571209.0,125465000000.0,33015446198.0,33745489001.0
0,926369474,10649900000000.0,0.079939152,35920884303.0,-327654000000.0,-24634701113.0,-34005832987.0
1,845703531,10112000000000.0,-0.087077506,148731000000.0,383117000000.0,-16019561980.0,-126029000000.0
0,680326898,11178200000000.0,-0.195549181,-69538320207.0,14730515317.0,-54094209890.0,-101425000000.0
0,887369794,10572400000000.0,0.304328546,53787925576.0,181133000000.0,-6690641841.0,-29574434689.0
0,695272936,9047260000000.0,-0.216478924,-108833000000.0,246453000000.0,-18636676340.0,-46496006349.0
1,791795966,10489300000000.0,0.138827538,38373541830.0,338729000000.0,-32447907640.0,-34207963034.0
1,564559805,9512680000000.0,-0.286988278,107287000000.0,287428000000.0,-906225057.0,32517267949.0
0,607875370,10220700000000.0,0.076724493,-288524000000.0,-184117000000.0,-34139622746.0,-64910464172.0
0,617256798,12367600000000.0,0.015433144,-248123000000.0,-112430000000.0,24630433875.0,-14277164595.0
0,545833755,11035700000000.0,-0.115710419,-805789000000.0,-347874000000.0,-14504823365.0,-78611439267.0
1,475382111,9410800000000.0,-0.129071614,-356245000000.0,764309000000.0,-33152492975.0,-65239650602.0
1,525853038,9662970000000.0,0.106169176,322429000000.0,856589000000.0,-6684518287.0,-31894286581.0
0,658648364,12438300000000.0,0.252533154,-446964000000.0,-552546000000.0,-8104683222.0,148479000000.0
1,772023904,14658500000000.0,0.172133639,354163000000.0,463859000000.0,-42173723227.0,-122924000000.0
0,688027918,12669700000000.0,-0.108799722,116546000000.0,-165635000000.0,-29358873393.0,-202498000000.0
0,560205356,10388100000000.0,-0.185781069,-116793000000.0,1238972509.0,-61968718074.0,-92859140207.0
1,708773471,9684980000000.0,0.265202954,-135503000000.0,402128000000.0,-19973581817.0,-108999000000.0
0,570931752,9663220000000.0,-0.19447923,-20829351340.0,-74099919833.0,-43718722130.0,-91145253523.0
0,572859058,13468400000000.0,0.00337572,86251525234.0,1630896679.0,-62549569930.0,-140987000000.0
1,665733196,12473000000000.0,0.162123888,432432000000.0,428036000000.0,41068917722.0,104467000000.0
1,639395683,11402100000000.0,-0.039561664,399675000000.0,412012000000.0,-27218753923.0,46850207009.0
0,579646335,11101200000000.0,-0.093446593,647757000000.0,80778392240.0,-30896179005.0,-64277193849.0
0,541489534,10661700000000.0,-0.065827728,103201000000.0,-626700000000.0,-53528001362.0,-100067000000.0
0,541652823,10119300000000.0,0.000301555,-47192524618.0,-30463646272.0,-59264681396.0,-55339209177.0
1,657093788,11002200000000.0,0.213127229,232313000000.0,124434000000.0,-13598996846.0,-12703046628.0
1,530959176,12945500000000.0,-0.191958308,796950000000.0,563230000000.0,-22714584305.0,54195787091.0
0,524233416,10830500000000.0,-0.012667189,282388000000.0,-562488000000.0,-101365000000.0,-26648431909.0
0,556640473,10963500000000.0,0.061817992,318590000000.0,-512962000000.0,-70825235266.0,24494452562.0
0,595969686,9401090000000.0,0.070654605,-92544623479.0,-57673826347.0,-14857127615.0,-1266130125.0
0,595597647,11901300000000.0,-0.000624258,-180768000000.0,-275960000000.0,-18806626288.0,-56177072744.0
0,844400434,13092800000000.0,0.41773635,45504189683.0,681486000000.0,70910742127.0,-35998078677.0
0,983556318,19852300000000.0,0.164798452,-134042000000.0,-431416000000.0,-27977279770.0,-102395000000.0
1,563927192,12534500000000.0,-0.426644736,943893000000.0,-136518000000.0,80333184394.0,123338000000.0
1,534461669,11918400000000.0,-0.05225058,888751000000.0,-11516510161.0,29019396019.0,36534783266.0
1,486749001,10344400000000.0,-0.089272385,154716000000.0,-95991409161.0,28709849560.0,153726000000.0
1,479907913,9657400000000.0,-0.014054652,4737894467.0,58739564438.0,26832483356.0,81685032625.0
1,541370062,10215600000000.0,0.128070714,212106000000.0,-113689000000.0,62064163927.0,-70673934326.0
1,488246121,11115200000000.0,-0.098128701,-79830040520.0,894806000000.0,-18054821210.0,-18674514016.0
1,513445799,12614000000000.0,0.051612654,325990000000.0,962379000000.0,-123679000000.0,-239507000000.0
0,451599491,8434890000000.0,-0.120453431,-280734000000.0,-81509342621.0,239345000000.0,103957000000.0
0,375828375,8629450000000.0,-0.167783883,-133918000000.0,386439000000.0,53113320584.0,74417427555.0
0,581569904,9856790000000.0,0.547434794,181477000000.0,-169816000000.0,-19254416379.0,84078753634.0
1,432874423,8253060000000.0,-0.255679463,-22297916721.0,-36134647268.0,-35304399498.0,-68137285421.0
1,402825154,8524310000000.0,-0.069417982,187223000000.0,96491398788.0,-40268165914.0,-26647170115.0
1,451824159,11650000000000.0,0.121638395,531812000000.0,141118000000.0,-24040035768.0,-5354039544.0
0,377584565,8621310000000.0,-0.164310811,-559589000000.0,-287247000000.0,-66185778621.0,-106284000000.0
1,410979633,9108500000000.0,0.088443944,32862902173.0,587856000000.0,-7705658173.0,22998520112.0
1,461755372,8835650000000.0,0.123548066,423258000000.0,68773296055.0,-3223582816.0,-17010996427.0
1,483838948,9319630000000.0,0.047825271,235095000000.0,587406000000.0,-12584084060.0,-23048344276.0
1,537548258,8583470000000.0,0.111006586,195000000000.0,808807000000.0,10697774810.0,19905149579.0
0,475363053,8280390000000.0,-0.115683018,51606672474.0,410032000000.0,-8054560474.0,-12398073000.0
1,607046190,12096900000000.0,0.277015927,452755000000.0,1454110000000.0,4801035066.0,-3830735006.0
0,545831859,10908700000000.0,-0.100839659,-127819000000.0,-1494160000000.0,28764782934.0,-88127063587.0
0,461038202,8727460000000.0,-0.155347577,-218409000000.0,-928808000000.0,111152000000.0,-46853305425.0
1,621549385,9991470000000.0,0.42614161,88320676077.0,-763985000000.0,44849452345.0,-15769338988.0
0,787346121,15428400000000.0,0.266747486,620307000000.0,-1054510000000.0,12124810322.0,-79401996162.0
0,786045066,13297100000000.0,-0.001652456,179393000000.0,-362187000000.0,95488036360.0,-141575000000.0
1,546172478,10582400000000.0,-0.305163913,654785000000.0,-383447000000.0,43976967672.0,-60387661544.0
0,477399917,10397800000000.0,-0.125917295,-87916196179.0,-287281000000.0,-16846330971.0,-134251000000.0
1,566171897,10646500000000.0,0.18594888,482015000000.0,-113688000000.0,32990502741.0,-94054348734.0
1,519500914,10895400000000.0,-0.082432532,457932000000.0,595325000000.0,16117795421.0,32324289076.0
0,604870641,11459000000000.0,0.164330273,373496000000.0,-178735000000.0,9206682486.0,-174713000000.0
0,532668250,10799700000000.0,-0.119368318,-245691000000.0,-496536000000.0,-34253202934.0,-14422584741.0
0,593260741,10396500000000.0,0.113752774,-252669000000.0,29283981316.0,-79451024468.0,-75722148548.0
0,554040958,10041000000000.0,-0.066108846,13357344547.0,-33213666899.0,-58749434050.0,-38083270563.0
0,463829499,9649070000000.0,-0.162824531,34395105443.0,153995000000.0,-27438992917.0,-119237000000.0
1,395669124,8872020000000.0,-0.146951359,-278365000000.0,290695000000.0,-19913942285.0,-102048000000.0
0,532753367,10718100000000.0,0.346461815,-222524000000.0,-195530000000.0,-47071495291.0,-198122000000.0
0,473993186,9304490000000.0,-0.110295279,-435677000000.0,781067000000.0,-14408558587.0,-55525174994.0
0,639958796,11700900000000.0,0.350143451,-441054000000.0,-24174190770.0,-7241273158.0,-145759000000.0
0,472650641,8978730000000.0,-0.261435824,-242517000000.0,257822000000.0,-23358422092.0,-160363000000.0
0,487726708,20548800000000.0,0.031896851,-1714190000000.0,103258000000.0,200338000000.0,1223070000000.0
1,434186972,13753100000000.0,-0.10977405,-706680000000.0,54909638756.0,92740256495.0,70663000432.0
1,435709933,12472500000000.0,0.003507616,83879394550.0,-109171000000.0,40325620859.0,133617000000.0
1,536148768,11393300000000.0,0.230517662,194500000000.0,-139630000000.0,64397907539.0,181831000000.0
0,417838468,11291900000000.0,-0.220666925,-6922551900.0,-751670000000.0,23468378092.0,-77974659508.0
1,560534109,11785900000000.0,0.341509104,-93899152343.0,64756906579.0,-15612444050.0,24136411675.0
1,539123929,10337600000000.0,-0.038196034,235535000000.0,195991000000.0,-14948760224.0,14708496962.0
1,509611246,12776200000000.0,-0.054741927,836538000000.0,-432229000000.0,-82978741218.0,-6785666970.0
0,480520356,10992600000000.0,-0.057084474,608078000000.0,-382430000000.0,-8117221504.0,-256541000000.0
0,616343422,11579400000000.0,0.282658298,68413753630.0,40712970536.0,-34969741950.0,174301000000.0
0,589039193,9435830000000.0,-0.044300349,-220898000000.0,150714000000.0,-1497511295.0,-16698015189.0
1,422366402,8389880000000.0,-0.282957048,-43736822981.0,241758000000.0,33292796126.0,-73387945.0
1,611421577,11812900000000.0,0.447609408,651483000000.0,106246000000.0,196351000000.0,57924021026.0
1,513521173,8508340000000.0,-0.160119315,-150679000000.0,50821320773.0,4237746398.0,46983639959.0
0,495301161,7896730000000.0,-0.035480547,-64893738307.0,-120560000000.0,4446137403.0,-3088714968.0
0,648400532,10590500000000.0,0.309103598,-330430000000.0,-247967000000.0,-9056908471.0,-79212746303.0
1,537841009,9138530000000.0,-0.170511154,-266792000000.0,180822000000.0,-16944487610.0,27437427144.0
0,926399613,13586100000000.0,0.722441386,-674202000000.0,-308816000000.0,-10002877715.0,-105831000000.0
1,664347310,12221000000000.0,-0.282871775,-124180000000.0,270657000000.0,-12954380257.0,-71273021361.0
1,613470298,12894200000000.0,-0.076581949,96475605521.0,-276733000000.0,-14472234195.0,-24186352150.0
1,527950387,10996700000000.0,-0.139403507,-307376000000.0,-128905000000.0,-11113489918.0,441986105.0
1,614514855,10592900000000.0,0.163963263,132683000000.0,135704000000.0,3437176906.0,48247280612.0
0,765675798,12427400000000.0,0.245984197,-589043000000.0,-321651000000.0,-52215422773.0,-86326785181.0
0,571562292,12089300000000.0,-0.253519187,-1190750000000.0,-630788000000.0,-70355650626.0,-143031000000.0
0,540370226,11679500000000.0,-0.054573345,-477359000000.0,-148484000000.0,-36589533158.0,-38860446130.0
1,613810463,13694700000000.0,0.13590726,-427767000000.0,738399000000.0,36204311610.0,-57218430427.0
0,797034211,12363200000000.0,0.298502158,-689443000000.0,-289525000000.0,10413002985.0,-95110810460.0
0,636324491,12037800000000.0,-0.201634657,-639141000000.0,-16641412285.0,-35560509712.0,81648855559.0
0,604181621,9583000000000.0,-0.050513332,-679033000000.0,-23833846539.0,-9864829314.0,106019000000.0
1,736353564,9310850000000.0,0.218761939,-131872000000.0,273765000000.0,-1964919376.0,55278748888.0
1,546079006,11900900000000.0,-0.258401082,463513000000.0,196817000000.0,30266992262.0,-30377624559.0
1,644017432,11442600000000.0,0.179348455,-103085000000.0,-14116755494.0,-22578706555.0,52889687520.0
0,502401733,8693850000000.0,-0.219894202,-491535000000.0,-182929000000.0,-20744308131.0,-59103540625.0
1,489441786,9367510000000.0,-0.025795984,219517000000.0,286693000000.0,16898216819.0,46538185790.0
1,883375917,11838700000000.0,0.804864117,57070890859.0,232958000000.0,-31053440149.0,55324695611.0
0,960897734,13177900000000.0,0.087756317,1021860000000.0,-180998000000.0,11682574885.0,-25887459164.0
1,602771056,10825000000000.0,-0.372700096,-554859000000.0,-114144000000.0,-27391188381.0,4344033625.0
0,768042550,9801740000000.0,0.274186181,-264305000000.0,138182000000.0,-22403068883.0,3622736751.0
1,732159279,10020300000000.0,-0.046720421,-283227000000.0,425428000000.0,-44492193300.0,-34173799635.0
1,840134353,11099500000000.0,0.147474842,-9345471822.0,225176000000.0,-62164841449.0,-28467342413.0
1,1030288741,9729370000000.0,0.22633807,-173867000000.0,163085000000.0,-3976002544.0,6568850207.0
0,1305564027,10689600000000.0,0.26718266,-72594005014.0,-609558000000.0,-24363171288.0,-114608000000.0
1,1022970584,9744920000000.0,-0.216453148,23158344197.0,21387342238.0,29312275520.0,-22586713153.0
1,1605993694,9933180000000.0,0.569931452,11939645240.0,-191824000000.0,-22741924616.0,-12253204682.0
0,1321644983,11014500000000.0,-0.177054687,-589421000000.0,-442441000000.0,-8481321855.0,-96173913723.0
0,999275955,12291000000000.0,-0.243914994,-769583000000.0,-382997000000.0,-59294838223.0,-18955363726.0
1,948355122,10296200000000.0,-0.050957729,-458770000000.0,-3067762383.0,6024976984.0,18636822200.0
0,742601512,8831630000000.0,-0.2169584,-135730000000.0,-41938584939.0,32476703632.0,15031592938.0
0,870969540,9853720000000.0,0.1728626,-468298000000.0,-92536245916.0,-4940087640.0,-50276354221.0
1,733240925,9645450000000.0,-0.158132528,-63259789179.0,326599000000.0,63421809617.0,151035000000.0
1,665351048,11419800000000.0,-0.092588772,-254943000000.0,86408514458.0,77558545291.0,-104588000000.0
0,693717683,9570270000000.0,0.042634088,-321039000000.0,-503205000000.0,42198386535.0,9349143213.0
0,1024914928,9050330000000.0,0.477423674,-96162606678.0,-52159447197.0,36772639383.0,41543679644.0
1,1257385350,9779980000000.0,0.226819237,31640085566.0,150318000000.0,24210659811.0,127616000000.0
0,1736282680,12283900000000.0,0.380867592,94290153124.0,-252710000000.0,43688028366.0,52097206739.0
1,1002973383,11482600000000.0,-0.422344417,-57715515912.0,510369000000.0,14471454289.0,75904767497.0
0,1239909929,12120600000000.0,0.236234131,-156512000000.0,-597163000000.0,163067146.0,-63253995454.0
0,1018005341,11698100000000.0,-0.178968313,-709878000000.0,-237389000000.0,-34074930524.0,-7669727215.0
1,889941868,10807900000000.0,-0.125798429,-245268000000.0,140368000000.0,31248811925.0,135386000000.0
0,1072367495,12558700000000.0,0.204986004,-681078000000.0,-99438283026.0,-157842000000.0,97485725465.0
1,899168711,12463400000000.0,-0.161510662,-37759147510.0,-53021344877.0,122258000000.0,115357000000.0
1,975253172,12664800000000.0,0.084616446,14302129054.0,206089000000.0,79552561995.0,116589000000.0
0,873722720,9075650000000.0,-0.104106764,-68119155591.0,-95990371425.0,35822074212.0,-5161221983.0
0,883402977,9199340000000.0,0.011079324,115034000000.0,-176100000000.0,15882503585.0,-45937944071.0
0,1181019910,9903930000000.0,0.336898268,30611358580.0,64416224156.0,-29875135904.0,-58398123890.0
0,1333935834,10595400000000.0,0.129477854,-486320000000.0,-153398000000.0,-34421446420.0,11477544006.0
0,841463317,10842500000000.0,-0.057345263,-317712000000.0,95595950994.0,3521954987.0,663569341.0
0,679509759,8608260000000.0,-0.19246657,-289981000000.0,-129382000000.0,25660467127.0,666345710.0
0,900330795,12167900000000.0,0.324971103,-282072000000.0,-41551434071.0,32749485050.0,-102547000000.0
1,788539195,10342100000000.0,-0.124167251,68441056844.0,628553000000.0,41361508960.0,125622000000.0
0,780198956,8528540000000.0,-0.010576822,1773840081.0,-104803000000.0,-20564999388.0,14083306124.0
1,873519449,9658880000000.0,0.119611148,-52423752269.0,475989000000.0,-3381491417.0,64122542669.0
1,870268210,10047200000000.0,-0.003722,297282000000.0,-317932000000.0,21969619339.0,-277833000000.0
0,677595162,9883990000000.0,-0.22139502,-90912806727.0,-354620000000.0,-31408995769.0,32551119920.0
1,755652901,9634340000000.0,0.115198194,196631000000.0,741777000000.0,17237605561.0,92764970980.0
1,644204838,7815200000000.0,-0.147485787,-30385454407.0,344672000000.0,-39269196545.0,-58483783111.0
0,851235794,8703530000000.0,0.32137442,-325412000000.0,-168173000000.0,-13824499693.0,-36501837642.0
1,712611488,8353420000000.0,-0.162850654,-165483000000.0,550996000000.0,-6668480093.0,36048417829.0
0,595849280,8613520000000.0,-0.163851145,37674326836.0,-33188699677.0,-31192976555.0,-79709902515.0
1,590813776,8028160000000.0,-0.008450969,275986000000.0,498059000000.0,15844165435.0,27692204110.0
1,469797632,7473950000000.0,-0.204829591,354087000000.0,315361000000.0,55589726873.0,20914943865.0
1,671679086,13970900000000.0,0.429720033,1057340000000.0,-572453000000.0,8223461867.0,-5244614539.0
0,525259148,7860490000000.0,-0.217990914,-90906228346.0,-669116000000.0,-24754697807.0,3008796346.0
1,562469813,7566760000000.0,0.070842488,-8818167402.0,213501000000.0,5650424951.0,64349511742.0
0,524710380,8948920000000.0,-0.067131484,-208899000000.0,-686304000000.0,-22724924942.0,-38812499655.0
0,576389702,7964340000000.0,0.098491137,-124454000000.0,10901849654.0,1844518710.0,27990548527.0
0,814882844,10858000000000.0,0.413770651,-937286000000.0,632436000000.0,43615125400.0,-106421000000.0
0,724089803,8285960000000.0,-0.111418521,-851671000000.0,-292623000000.0,-20851861952.0,97591011429.0
0,660309279,10335900000000.0,-0.088083721,-500936000000.0,-19960737892.0,-28707886347.0,-21452791231.0
0,671756827,9992820000000.0,0.017336646,-281092000000.0,196842000000.0,1888361783.0,37630740420.0
0,714143493,9936930000000.0,0.063098229,-460947000000.0,165801000000.0,-57685217468.0,-51168852286.0
1,584041265,9588190000000.0,-0.182179393,145688000000.0,13518358975.0,-7955205617.0,682634490.0
0,634896746,11201600000000.0,0.08707515,-390174000000.0,400825000000.0,-14867217619.0,-22663672667.0
0,592701890,9092290000000.0,-0.066459399,-665852000000.0,499825000000.0,2030978847.0,-9230276569.0
1,479678348,7440760000000.0,-0.190692056,-320131000000.0,500889000000.0,2370695805.0,-11902729084.0
0,532138957,8690130000000.0,0.109366223,-320222000000.0,35768962223.0,-42851418825.0,-33092079769.0
0,749660688,10212400000000.0,0.408768665,-296147000000.0,974377000000.0,19624388395.0,-25009595847.0
1,654445552,8469160000000.0,-0.127010976,-33735936565.0,551765000000.0,8901879106.0,16210429718.0
1,510587331,7656360000000.0,-0.219816944,266273000000.0,-286643000000.0,47490242726.0,-34119249417.0
1,564985557,7193430000000.0,0.106540493,-35441901944.0,-36734927724.0,-2866212353.0,-47597426134.0
0,422127378,7965810000000.0,-0.252852798,-232926000000.0,-407337000000.0,-20592893721.0,-39956101845.0
0,515396401,8923480000000.0,0.22094995,-233941000000.0,-236941000000.0,4308252334.0,-1820926959.0
0,530345985,8687670000000.0,0.029005992,-340028000000.0,132817000000.0,-26655350673.0,-34806063444.0
0,467959552,7339360000000.0,-0.11763346,-138456000000.0,425367000000.0,-52661646294.0,-147926073.0
1,323904543,6890580000000.0,-0.307836454,132427000000.0,73079054413.0,45878203856.0,29734171943.0
0,410732087,8919470000000.0,0.268065224,-47680124827.0,-467258000000.0,-11155880170.0,-46618887491.0
1,340172962,7652640000000.0,-0.171788685,144818000000.0,216882000000.0,20036476655.0,68206529585.0
1,411424871,7008120000000.0,0.209457885,242703000000.0,-180199000000.0,3027674564.0,-30458087045.0
0,377108087,6301230000000.0,-0.0834096,-20238969708.0,-70923384020.0,-26172720240.0,-44162093266.0
0,379308230,6369260000000.0,0.00583425,-44517399796.0,-144720000000.0,-47019806894.0,6134731919.0
1,308806098,5998500000000.0,-0.185870293,-100977000000.0,249094000000.0,15218285779.0,33855441352.0
0,349137973,6539860000000.0,0.130605824,398802000000.0,-592616000000.0,56560320484.0,-39271197177.0
1,319675148,7383210000000.0,-0.08438734,262168000000.0,-292762000000.0,-15011744521.0,19133311964.0
1,324357054,7104660000000.0,0.014645824,627841000000.0,-266765000000.0,18003595118.0,-2117155572.0
0,339377650,6556190000000.0,0.046308831,39347290765.0,-192009000000.0,12415109869.0,36116130088.0
1,333329038,7434800000000.0,-0.017822659,-39258099922.0,-57943338206.0,7777090946.0,-23235191680.0
1,295624147,6309070000000.0,-0.113116131,440211000000.0,-203790000000.0,53709388571.0,-3285424743.0
0,381596729,6973850000000.0,0.290817184,35871348835.0,-97114482972.0,-51486640696.0,-39221443151.0
1,323090645,5959860000000.0,-0.153319144,91613554092.0,201802000000.0,32452495215.0,-63594975725.0
1,415671406,6240740000000.0,0.286547328,1362170984.0,54993317884.0,-2525947299.0,-10173709517.0
1,333587637,7049800000000.0,-0.197472734,-117683000000.0,221441000000.0,-112523000000.0,30234989052.0
1,491073262,9196430000000.0,0.472096707,411565000000.0,47748270781.0,-14024498987.0,-60526423859.0
1,499369222,10256300000000.0,0.016893528,341624000000.0,312522000000.0,-66133271827.0,-80203326538.0
1,487160292,7509600000000.0,-0.024448703,134242000000.0,-79718609791.0,-25713059898.0,-35790975001.0
0,549923571,7266260000000.0,0.128834965,294143000000.0,-357904000000.0,-79974037533.0,-70956779817.0
1,475302377,6751540000000.0,-0.135693754,475372000000.0,-37503805445.0,-47638587086.0,-3935818425.0
1,399964621,7506320000000.0,-0.158504901,201025000000.0,-209901000000.0,367842187.0,33216636485.0
1,409776228,7561090000000.0,0.024531187,374584000000.0,98432563574.0,-22931997234.0,-9331672312.0
1,418234294,7613760000000.0,0.020640695,173350000000.0,-296341000000.0,14652216102.0,27484082743.0
1,454363895,8940800000000.0,0.086386032,30565302037.0,72013818874.0,-21891714645.0,122395000000.0
0,479467472,9029480000000.0,0.055249938,-105027000000.0,-69528996256.0,-46171905330.0,-56897970642.0
1,505245846,9710840000000.0,0.053764594,141727000000.0,391260000000.0,35467630025.0,-14952467481.0
1,445546613,8028580000000.0,-0.11815878,-13702396140.0,176003000000.0,21080068670.0,61188652297.0
1,398335301,8064110000000.0,-0.105962677,50343912696.0,49693870764.0,-24967367331.0,-9532669085.0
0,418052960,7153680000000.0,0.049500155,51105702051.0,67730110891.0,-61747927973.0,-95594401393.0
0,381627621,7105980000000.0,-0.08713092,304679000000.0,-279893000000.0,-27246157316.0,-86385288642.0
0,459834963,7138650000000.0,0.204931031,332771000000.0,7326385581.0,-21753556311.0,-180187000000.0
0,422552201,6108020000000.0,-0.081078572,117070000000.0,-131973000000.0,3793409261.0,-45630459367.0
0,471166457,7560710000000.0,0.115049113,-239455693.0,-69492653537.0,-19250695737.0,-20529464934.0
1,423502192,8119780000000.0,-0.101162263,150033000000.0,-154836000000.0,37320627536.0,-6976090554.0
1,426229583,7286330000000.0,0.006440087,41373139286.0,62859240774.0,355481204.0,33857509164.0
1,520091055,8628670000000.0,0.220213415,239029000000.0,49782470071.0,216715000000.0,-992894796.0
0,448746272,7891470000000.0,-0.137177485,-48047162523.0,-381444000000.0,-40107540500.0,5507270936.0
1,336555412,6826620000000.0,-0.250009564,-39660342479.0,-48161902566.0,-35166655169.0,1992438469.0
1,436246626,9562590000000.0,0.296210402,745339000000.0,-186068000000.0,-20305169083.0,-18234584225.0
0,580021246,8452320000000.0,0.329571878,-291140000000.0,-565199000000.0,-71131991959.0,-18034671291.0
0,391598680,7214620000000.0,-0.324854593,-175994000000.0,-197431000000.0,-10239745651.0,27558265893.0
0,354737977,6277830000000.0,-0.094128772,-67550128641.0,160381000000.0,28167728414.0,3996721745.0
1,294224141,5476240000000.0,-0.170587419,-78482414798.0,-27939204098.0,23465046705.0,-10956486640.0
0,378200299,7530890000000.0,0.285415594,-494009000000.0,-41911048197.0,-56924335040.0,22923408763.0
1,423620804,9208740000000.0,0.120096428,-385718000000.0,212285000000.0,24271563946.0,-58244346125.0
1,367102506,9165150000000.0,-0.133417192,400469000000.0,644199000000.0,-9732341937.0,30275335077.0
0,461507522,7625510000000.0,0.257162548,-164531000000.0,-303693000000.0,-5928538301.0,142770000000.0
0,424110958,7432760000000.0,-0.081031321,-224332000000.0,-203297000000.0,7863233440.0,29413081627.0
0,440798650,8690460000000.0,0.039347467,-47269540645.0,-228562000000.0,-43899541431.0,-16384520191.0
0,403937473,6885920000000.0,-0.083623616,-547302731.0,67009406531.0,-20268878648.0,-28187350845.0
1,419340243,7013240000000.0,0.03813157,-59107429418.0,260410000000.0,14138155360.0,32144720867.0
0,378165438,6269070000000.0,-0.098189491,-275056000000.0,-17479083297.0,8895534599.0,-42554475720.0
0,446820270,7413270000000.0,0.181547083,-59357990722.0,-240214000000.0,-8196337189.0,-12680936834.0
0,446460548,7416800000000.0,-0.000805071,-194387000000.0,-15439410305.0,-76910554100.0,-38668765979.0
0,621995319,9461820000000.0,0.393169725,-3434711580.0,604250000000.0,-88480636096.0,-101227000000.0
1,487939509,8005560000000.0,-0.215525432,-246297000000.0,320286000000.0,6396514442.0,-65153540746.0
0,596136346,9208350000000.0,0.221742316,-145952000000.0,-45591770536.0,4015022081.0,-82915470008.0
1,508500874,7240710000000.0,-0.147005752,220867000000.0,-13358973948.0,20431127680.0,-41272220113.0
0,950269674,7923750000000.0,0.868767042,167918000000.0,15907272289.0,58951553784.0,2683118913.0
1,421003102,7500280000000.0,-0.556964603,217192000000.0,-56951281046.0,-8252332718.0,-17019237216.0
1,855790158,9509080000000.0,1.032740742,77575173070.0,-610893000000.0,10495225764.0,54214933580.0
1,643015745,6850070000000.0,-0.248629189,251015000000.0,-47640043922.0,-2520688860.0,-9589379382.0
0,428682906,7831440000000.0,-0.333324402,100121000000.0,-156318000000.0,-13466129722.0,81744585357.0
0,859508909,7867860000000.0,1.004999259,196205000000.0,-294645000000.0,-38435051083.0,138890000000.0
1,658347571,7409130000000.0,-0.234042179,235037000000.0,-78445384841.0,30528515496.0,-27826029404.0
0,792452498,7169780000000.0,0.203699281,200865000000.0,-42999560110.0,-65748346772.0,-146394000000.0
1,513523921,7161820000000.0,-0.351981447,265677000000.0,221716000000.0,36761095986.0,64372170854.0
1,498780636,6526810000000.0,-0.028710026,265799000000.0,-246490000000.0,-12306822201.0,-30969823271.0
1,580891633,7249920000000.0,0.164623466,77437094270.0,124816000000.0,20154839921.0,-30848771267.0
0,895161384,7738880000000.0,0.5410127,147718000000.0,-111104000000.0,48558482748.0,-29396127360.0
0,1108102611,8325030000000.0,0.237880265,-3722025765.0,-242187000000.0,-42665069097.0,-45441048464.0
0,637486476,6228170000000.0,-0.424704473,29289233569.0,184787000000.0,-48342902474.0,-79413742682.0
1,444820460,6846990000000.0,-0.302227613,151159000000.0,283724000000.0,26247307548.0,-45862298876.0
0,456770059,7030020000000.0,0.02686387,73910629649.0,117955000000.0,13627058651.0,-49748089838.0
1,563441589,7492740000000.0,0.233534418,602038000000.0,-116792000000.0,32029283231.0,-47679334735.0
1,587872005,8435340000000.0,0.04335927,381653000000.0,550070000000.0,18689924801.0,-52390143662.0
0,427245332,8289370000000.0,-0.273234091,-190401000000.0,426048000000.0,-52831020328.0,-58485762345.0
1,401399527,8679300000000.0,-0.060494061,232074000000.0,-10523960827.0,5758912996.0,-44487382976.0
1,597205901,9476620000000.0,0.48780918,493949000000.0,135394000000.0,32168365659.0,5347844044.0
1,450634597,9568100000000.0,-0.245428426,525199000000.0,-354069000000.0,24271664845.0,-23486622799.0
0,550428338,9273250000000.0,0.221451574,171639000000.0,-685574000000.0,31813671546.0,81729880760.0
1,436430311,7927340000000.0,-0.207107845,41368155723.0,89162935333.0,29909706089.0,-35223942761.0
1,392508611,8059880000000.0,-0.100638519,110025000000.0,253986000000.0,50839790040.0,-56973270306.0
1,500087936,8601450000000.0,0.274081439,282366000000.0,490165000000.0,-4490278547.0,-10201225466.0
1,680722009,9342670000000.0,0.36120462,417226000000.0,398511000000.0,-100751992.0,-10603973815.0
0,899127446,9344430000000.0,0.320843801,-109777000000.0,4442230752.0,-28008688333.0,-55406544953.0
1,758247863,13917600000000.0,-0.156684777,705275000000.0,842837000000.0,51688236454.0,6364521990.0
0,731166034,11216400000000.0,-0.035716327,142922000000.0,16793691185.0,-37629812459.0,-65715894047.0
1,617401010,9308850000000.0,-0.155593967,-235017000000.0,225899000000.0,-105624000000.0,-76849990293.0
0,657833955,9880430000000.0,0.065488952,91512129351.0,69714186507.0,-85304371300.0,-122576000000.0
0,914519167,8556990000000.0,0.390197572,-384300000000.0,22703750736.0,-13243304113.0,-49874298155.0
1,589585960,7444440000000.0,-0.355304972,197646000000.0,-6658095159.0,46905702251.0,-57105697228.0
0,544528841,7049430000000.0,-0.076421628,-165338000000.0,280078000000.0,-18371430220.0,-54439998407.0
0,539169320,7253680000000.0,-0.009842492,15650123452.0,102794000000.0,17027850939.0,-61189393296.0
1,474789345,7477110000000.0,-0.119405858,89609886885.0,81826917572.0,-2978244505.0,-71925900995.0
1,481184882,6849560000000.0,0.013470262,126982000000.0,-11524898330.0,34574929378.0,11433127816.0
0,438394239,6347580000000.0,-0.088927655,312653000000.0,-3866000823.0,7449811771.0,-5032472414.0
0,350496873,6462500000000.0,-0.200498451,-125156000000.0,-118995000000.0,-38458238751.0,-67050002625.0
1,550174638,6533350000000.0,0.569699134,62319678791.0,186132000000.0,25529936285.0,61976579010.0
1,594127344,12469400000000.0,0.079888644,1144640000000.0,-586221000000.0,29643134217.0,-2248369928.0
1,491383400,8850100000000.0,-0.172932529,33652032730.0,252225000000.0,4081983114.0,-18757375787.0
0,468847334,7328390000000.0,-0.045862489,-406017000000.0,-332597000000.0,-32513707056.0,-41186287326.0
0,385586134,7717410000000.0,-0.177587018,-293617000000.0,113227000000.0,-28897312057.0,-2311265738.0
0,368635781,6477020000000.0,-0.043959965,-98977502602.0,-111572000000.0,-39288412006.0,-54027333879.0
0,332586789,6080660000000.0,-0.097790268,-198229000000.0,130416000000.0,-12346577935.0,-25820225084.0
0,351939439,7553000000000.0,0.05818827,-466524000000.0,207809000000.0,61786308975.0,-70779529245.0
1,315674287,7220200000000.0,-0.103043728,100280000000.0,389532000000.0,-11711343096.0,22274691742.0
0,499224684,5822260000000.0,0.581455014,17771225883.0,24393840101.0,2755821276.0,-13375087603.0
0,447565388,6659360000000.0,-0.10347905,-112057000000.0,35771117295.0,18274797123.0,-4857178445.0
1,409799402,5724110000000.0,-0.084380935,233390000000.0,199204000000.0,8907580388.0,2849663819.0
0,375386441,6134220000000.0,-0.083975137,-57603350762.0,-298291000000.0,-8719135548.0,-32841472676.0
0,414172006,7206180000000.0,0.103321699,292665000000.0,-284645000000.0,-29029254750.0,701804830.0
0,323987461,5018050000000.0,-0.217746597,-23447749615.0,86622369705.0,-9264675655.0,-7252377161.0
0,358771039,5335840000000.0,0.107360877,-103782000000.0,33909060964.0,-10256705430.0,-31076434114.0
0,329724466,5102490000000.0,-0.080961309,-104602000000.0,150210000000.0,5930134084.0,-4930789389.0
1,553052921,9460860000000.0,0.677318422,-4506398238.0,1003000000000.0,79588927476.0,7018680026.0
0,366988585,5935800000000.0,-0.336431341,-66547818899.0,277286000000.0,2888230220.0,20398289522.0
1,427844636,5205750000000.0,0.16582546,-37116880117.0,473269000000.0,26484175191.0,-17765057553.0
1,448498792,7126990000000.0,0.048274898,50235108852.0,942397000000.0,60737702943.0,-66862812880.0
0,405893520,7566890000000.0,-0.094995288,-310789000000.0,-768702000000.0,56865346579.0,-624487045.0
0,361194425,6036540000000.0,-0.110125175,-143667000000.0,-566108000000.0,14269000236.0,-1006283324.0
0,346344799,5200140000000.0,-0.041112556,5257042085.0,-166669000000.0,13169404718.0,-23713102319.0
0,410245325,6149080000000.0,0.184499742,88281512217.0,-353594000000.0,-1797629888.0,6457554831.0
1,412841149,6487600000000.0,0.006327492,260982000000.0,-189658000000.0,122390000000.0,39544825739.0
1,430977022,7521180000000.0,0.043929422,502343000000.0,-382313000000.0,21569199466.0,41987663170.0
1,398606581,6764110000000.0,-0.075109436,315749000000.0,-25423582718.0,76575393836.0,88457631466.0
1,342095527,7028980000000.0,-0.141771503,657331000000.0,390789000000.0,86464426490.0,47349479088.0
1,359914195,6702910000000.0,0.05208682,-1955421808.0,226599000000.0,36569233912.0,1707120467.0
1,369010952,6297150000000.0,0.025274794,34916836086.0,209296000000.0,13944886180.0,887169619.0
1,580433350,7837780000000.0,0.572943423,485840000000.0,-417452000000.0,30052717345.0,-59584049512.0
1,862230157,6976740000000.0,0.485493825,571528000000.0,159463000000.0,22933461293.0,30440336186.0
1,517762227,6532810000000.0,-0.399508098,300049000000.0,186226000000.0,15197634577.0,-551930336.0
0,536811108,6314020000000.0,0.036790789,179170000000.0,-164859000000.0,-7530401840.0,-53369898373.0
0,537392995,5498580000000.0,0.00108397,73091904331.0,-66670959296.0,-52747443860.0,-36943462243.0
1,370098909,5448180000000.0,-0.311306786,572094000000.0,-174860000000.0,-10879928754.0,-80966651984.0
1,302506895,5025540000000.0,-0.182632297,231019000000.0,-14319139613.0,5360437888.0,-18699191936.0
1,550087246,6665410000000.0,0.818428787,768164000000.0,38041461158.0,1430289427.0,3921901023.0
1,486831888,8206400000000.0,-0.114991501,812271000000.0,103430000000.0,102362000000.0,9855666079.0
1,509288123,9092450000000.0,0.046127289,973962000000.0,275039000000.0,-5958689914.0,-3608051218.0
0,475410252,9220410000000.0,-0.066520049,15451352757.0,-273468000000.0,-87838601431.0,46355820147.0
0,617195639,10394800000000.0,0.298237967,-475136000000.0,275797000000.0,-101995000000.0,2148887413.0
1,666296326,8596020000000.0,0.079554494,195926000000.0,-52303870976.0,-3520884562.0,-78398404138.0
1,693116445,9121680000000.0,0.040252539,555702000000.0,-158532000000.0,-18378820063.0,-75852117933.0
1,496860518,8027060000000.0,-0.283150008,586759000000.0,-63039555079.0,-55521002201.0,-44471545507.0
0,566819415,7671310000000.0,0.140801884,-313376000000.0,-513916000000.0,1292527326.0,59431451490.0
1,451159027,7594010000000.0,-0.204051564,-57899119596.0,-261339000000.0,-24874093917.0,-3976087428.0
1,415677405,8001680000000.0,-0.078645488,592589000000.0,-54384591585.0,30061993647.0,-26298095420.0
0,610694361,8986380000000.0,0.469154574,150077000000.0,-318124000000.0,12472107301.0,-10216610685.0
0,662365593,8402620000000.0,0.084610626,48792690878.0,-505074000000.0,-18575051438.0,22680815311.0
0,486398581,7371040000000.0,-0.265664482,67142363935.0,-234600000000.0,-91062627469.0,3545391321.0
1,349432106,6738870000000.0,-0.281593081,60914632775.0,270696000000.0,11472385094.0,42074902145.0
0,387066656,8758720000000.0,0.107702038,-268653000000.0,-556774000000.0,-61306382157.0,-55446570937.0
1,388027117,9170360000000.0,0.002481384,69569379732.0,747741000000.0,32367503156.0,23358194703.0
0,514047410,8364500000000.0,0.324771872,119555000000.0,-384130000000.0,-15842135074.0,389997102.0
1,390012511,7535470000000.0,-0.241290777,-315404000000.0,189609000000.0,-23687266851.0,14405395860.0
1,494660925,7333620000000.0,0.268320659,29870543937.0,-210716000000.0,32072256514.0,36826751727.0
0,427481883,8386250000000.0,-0.135808265,-195119000000.0,-507032000000.0,-38575609410.0,-43148744788.0
1,400991556,7451980000000.0,-0.061968303,10865840744.0,254470000000.0,22017980740.0,-6741568660.0
0,369900381,6991100000000.0,-0.077535735,-300375000000.0,-86813841190.0,-2252160028.0,-5704023599.0
0,357218105,6598230000000.0,-0.034285653,-324863000000.0,-450193000000.0,24596019120.0,13165167304.0
1,529789810,9274200000000.0,0.483098988,-286814000000.0,261337000000.0,69060349115.0,43698239338.0
1,428342155,9660270000000.0,-0.191486611,533327000000.0,-263657000000.0,59053530345.0,5099325887.0
1,371881849,7845380000000.0,-0.131811229,-90856850044.0,12402292894.0,24449713686.0,-22650316184.0
1,418813757,9781230000000.0,0.126201126,327078000000.0,352158000000.0,29365414870.0,39342421635.0
1,450481378,10732500000000.0,0.075612657,340646000000.0,-284303000000.0,69140064063.0,66726943673.0
0,438358914,9967060000000.0,-0.026910022,57685403343.0,-945390000000.0,-7269292098.0,35157310419.0
0,476374647,10357600000000.0,0.086722847,-973156000000.0,427484000000.0,66549291352.0,53566407460.0
0,413411029,7875520000000.0,-0.132172479,-326470000000.0,-340477000000.0,41076391193.0,102505000000.0
1,380739619,7702300000000.0,-0.079028879,18632896391.0,123109000000.0,55897538754.0,92242816304.0
0,485075534,7794600000000.0,0.274034825,-639755000000.0,55506808455.0,-11180382567.0,58012670657.0
1,443751262,7591760000000.0,-0.085191417,-74597011259.0,246306000000.0,26516499218.0,23114709977.0
0,320194084,7865790000000.0,-0.278437919,-88667303615.0,-134669000000.0,26445001521.0,71323110401.0
1,364175642,8617060000000.0,0.137359059,80096196090.0,38882770186.0,23926207492.0,-20192849188.0
0,346033948,6072910000000.0,-0.049815781,-206160000000.0,98966686623.0,19652641623.0,2406250066.0
1,355194640,7269040000000.0,0.026473391,-55738649490.0,86287001422.0,27179255583.0,-2093270570.0
1,501412159,7890320000000.0,0.411654633,203986000000.0,99644062643.0,15849178122.0,-10437089136.0
1,567703733,10367400000000.0,0.132209746,214462000000.0,174543000000.0,4974834272.0,26266196533.0
0,470659232,9248180000000.0,-0.170942158,124285000000.0,-306353000000.0,37912359593.0,-978431835.0
0,472847242,8534650000000.0,0.00464882,-94607071810.0,170698000000.0,-40947330830.0,-10528162565.0
1,524016141,8812620000000.0,0.108214439,-41416558808.0,308731000000.0,7868591050.0,-18677792124.0
1,497218499,8829890000000.0,-0.051138963,28626612543.0,203111000000.0,17520536222.0,40872484357.0
1,629052032,10846600000000.0,0.265142052,263169000000.0,-62106224326.0,-18746992055.0,4930788841.0
1,722612208,12903400000000.0,0.148732015,687670000000.0,205551000000.0,15176586139.0,8115380607.0
0,811723687,11300300000000.0,0.123318535,-164098000000.0,-331850000000.0,26773822103.0,-14772924822.0
1,832555311,13496900000000.0,0.025663442,-312697000000.0,255810000000.0,43036543221.0,-69463515953.0
1,632719928,9811880000000.0,-0.240026555,-17512189534.0,329469000000.0,25358774991.0,-31179436869.0
0,751378076,11332700000000.0,0.187536606,-491514000000.0,-484668000000.0,-49498833193.0,28357773647.0
1,586992797,11250200000000.0,-0.218778381,695129000000.0,122463000000.0,70992895665.0,14708973054.0
1,717648069,13539900000000.0,0.222584115,740467000000.0,-57200271267.0,61961579885.0,-14367167712.0
1,768175552,14050600000000.0,0.070407049,187145000000.0,218523000000.0,-18174705181.0,61531935197.0
1,900749506,14426300000000.0,0.172582886,235248000000.0,-197050000000.0,21658167742.0,-20848581433.0
1,841719152,11996400000000.0,-0.065534706,-346260000000.0,441455000000.0,71607273848.0,-8705388542.0
1,892445555,13088200000000.0,0.060265236,187097000000.0,234184000000.0,-61598452192.0,73643229275.0
1,775752420,12793700000000.0,-0.130756587,-16806833778.0,-272613000000.0,24085781854.0,-6906690647.0
0,896932434,14106400000000.0,0.15620965,388774000000.0,-547473000000.0,-57339046389.0,-34261345421.0
1,956994366,12750900000000.0,0.06696372,-6936407712.0,49880594175.0,-10175602887.0,46122628274.0
0,951423099,12415500000000.0,-0.00582163,154240000000.0,56385023665.0,-44165597440.0,-44472340833.0
0,970397971,12614700000000.0,0.019943674,277816000000.0,232382000000.0,-164738000000.0,-40182438766.0
0,927191299,11589500000000.0,-0.044524693,-33457709260.0,248757000000.0,-76726733066.0,-38771401129.0
0,886421798,13681200000000.0,-0.04397097,8604656152.0,48669797443.0,-83562128478.0,24363084183.0
0,1089215527,12397500000000.0,0.228777913,-92523705480.0,-61995042805.0,-47539128616.0,15337684269.0
1,733499935,11142100000000.0,-0.326579619,280050000000.0,-571763000000.0,24805635641.0,32395984842.0
1,777535095,14024800000000.0,0.060034307,297814000000.0,-347262000000.0,9575342784.0,-20026036599.0
1,701398536,9942390000000.0,-0.097920415,344755000000.0,191935000000.0,1195030937.0,20220427019.0
0,889609358,9865860000000.0,0.268336491,-91428316585.0,-191638000000.0,-24640022215.0,-19957725851.0
0,810178245,10020000000000.0,-0.089287632,39620053616.0,-261001000000.0,7450229244.0,-63699621016.0
1,655536077,9213040000000.0,-0.190874254,253039000000.0,445863000000.0,35558512859.0,-112003000000.0
0,751646926,9351370000000.0,0.146614126,115246000000.0,14371563962.0,7424806742.0,28258174569.0
0,635635038,8906700000000.0,-0.154343594,115507000000.0,-111175000000.0,-4684242130.0,-61461501851.0
0,648134386,9002410000000.0,0.019664347,1829048943.0,13706685978.0,26152016461.0,17623274813.0
0,798229990,8589240000000.0,0.231580992,-247468000000.0,-61425594326.0,-13548821653.0,-34266627.0
1,484564791,6920280000000.0,-0.392950908,-49794741705.0,91931794877.0,4991779430.0,48066738562.0
1,628743773,8086960000000.0,0.297543248,228307000000.0,-12011852011.0,-1689197625.0,902871183.0
1,564411579,7218310000000.0,-0.102318618,164026000000.0,39718012319.0,36099119311.0,57824376465.0
1,572764581,7782860000000.0,0.014799487,537880000000.0,-84102266428.0,17219251298.0,10270990698.0
1,570097445,9199950000000.0,-0.004656601,557944000000.0,657034000000.0,16815142051.0,-115962000000.0
1,593619969,8214580000000.0,0.041260532,299464000000.0,517410000000.0,-8779370836.0,17149190029.0
1,576045359,7443350000000.0,-0.029605827,-53533549246.0,353892000000.0,-16820874351.0,45130308340.0
0,1072440018,7900600000000.0,0.861728423,93525128152.0,-138745000000.0,-32629028741.0,39268859617.0
0,917553486,9416540000000.0,-0.144424424,224438000000.0,-484818000000.0,-12419225686.0,-83975340772.0
1,634759104,9401900000000.0,-0.308204793,911283000000.0,-315721000000.0,-35711185502.0,-103227000000.0
1,641646565,11066300000000.0,0.010850512,675136000000.0,52958933936.0,-70407557933.0,-23858403022.0
0,686186797,15135100000000.0,0.069415523,215604000000.0,-34180566216.0,-37316050290.0,-74439754507.0
0,675233437,9168500000000.0,-0.01596265,-8205036565.0,-152253000000.0,-64976192345.0,-89826988954.0
1,569619542,9383530000000.0,-0.156410938,372752000000.0,186464000000.0,50570760983.0,-41529220660.0
1,545879707,8566310000000.0,-0.041676651,-19511906838.0,299452000000.0,39623511662.0,32891565367.0
1,537616723,10152900000000.0,-0.015137005,-40297072056.0,403418000000.0,-5509195087.0,-27170606428.0
0,581325177,11473700000000.0,0.081300399,-383833000000.0,229041000000.0,31205733976.0,22177453652.0
1,583219035,11128100000000.0,0.003257829,480811000000.0,271639000000.0,94071048993.0,-2906622654.0
0,557056391,9365140000000.0,-0.044859037,-341958000000.0,241270000000.0,-24320651857.0,-153735000000.0
1,694320536,11153300000000.0,0.246409784,136776000000.0,429109000000.0,-10779867124.0,-230651000000.0
0,654404452,13100500000000.0,-0.057489419,112803000000.0,-6524523412.0,27831824145.0,-167942000000.0
0,582437342,11513800000000.0,-0.109973442,-64115208893.0,78906405394.0,-16651753314.0,-209919000000.0
1,673673049,12620600000000.0,0.156644673,427970000000.0,-121577000000.0,6384164616.0,-107998000000.0
0,719549044,11096600000000.0,0.068098308,-360413000000.0,230001000000.0,-23908851758.0,-196699000000.0
0,722540797,10880400000000.0,0.004157817,-281238000000.0,54014798597.0,-12371268810.0,-92494181083.0
0,659798470,10654300000000.0,-0.086835688,-199982000000.0,49997720039.0,-21982924145.0,-96729857377.0
1,613221379,8937920000000.0,-0.070592905,-106795000000.0,79027112090.0,13416725259.0,140391000000.0
0,528307350,8548520000000.0,-0.138472062,-187833000000.0,-391044000000.0,-26957872725.0,-14954388654.0
1,481750510,8437660000000.0,-0.088124536,15003253159.0,276121000000.0,-16122451726.0,-20915421468.0
0,538509244,8592190000000.0,0.117817694,-108257000000.0,-161641000000.0,10904615920.0,118451000000.0
0,488767961,8814330000000.0,-0.092368485,-392267000000.0,87539481672.0,-8638474844.0,10069135500.0
0,604508630,8824940000000.0,0.236800851,55313840334.0,-228533000000.0,16699257815.0,24163096986.0
1,510933786,8209120000000.0,-0.154794885,-178359000000.0,189743000000.0,10497416523.0,48310428301.0
1,618006181,8973590000000.0,0.209562174,-13324597690.0,875654000000.0,64401304737.0,-217870000000.0
0,674410584,9160800000000.0,0.091268348,-59437290111.0,-3805616772.0,-1532098821.0,-269800000000.0
0,601088685,10257700000000.0,-0.108719971,255964000000.0,-578751000000.0,3462530865.0,-56753342379.0
0,531900313,10291000000000.0,-0.115105098,-168390000000.0,-559889000000.0,-54386264848.0,242707000000.0
0,613265045,10367400000000.0,0.152969889,-45069398717.0,-350593000000.0,-189686000000.0,16867127198.0
0,561821159,9698700000000.0,-0.083885241,-155683000000.0,-171554000000.0,29933482880.0,15771050352.0
1,594134894,10596500000000.0,0.057516052,268683000000.0,82297714481.0,18476209359.0,69080511617.0
1,696924185,13229900000000.0,0.173006656,218843000000.0,-74975559341.0,40968801970.0,29429726291.0
1,585660777,13258000000000.0,-0.159649228,217331000000.0,348976000000.0,130701000000.0,-52237443665.0
1,569815109,14285300000000.0,-0.027056051,615154000000.0,789473000000.0,14593734525.0,50471717790.0
0,550569962,11732200000000.0,-0.033774371,-164636000000.0,5687841480.0,-58337179548.0,-132453000000.0
0,493202186,12003800000000.0,-0.104197068,-155125000000.0,-252861000000.0,-27827559934.0,-2606983094.0
1,440073850,11231700000000.0,-0.107721209,-40280153577.0,-211816000000.0,-31643799987.0,48754019427.0
0,372364710,9473220000000.0,-0.153858585,162682000000.0,-271152000000.0,-19656863803.0,44302897232.0
1,501871967,12258800000000.0,0.347796807,-290354000000.0,17545949523.0,-7849825643.0,-7713771300.0
1,529363268,19050400000000.0,0.054777519,-170878000000.0,-223333000000.0,1892885189.0,-37238109281.0
1,723471549,19204600000000.0,0.366682565,-1353430000000.0,43905183219.0,-99706387904.0,-39124282022.0
0,834106504,36348200000000.0,0.15292233,-946730000000.0,248029000000.0,-131621000000.0,-18026845243.0
1,594162667,24076400000000.0,-0.287665707,82278490784.0,493124000000.0,-38620439415.0,-68439674010.0
1,503267298,16807300000000.0,-0.152980613,60211856009.0,-282895000000.0,-31609777270.0,-84250387368.0
1,454242638,15688000000000.0,-0.097412767,-292334000000.0,-83756810865.0,-5869470172.0,-37728782982.0
1,493643248,15851900000000.0,0.086739127,197812000000.0,265927000000.0,67499779327.0,-40045355102.0
0,704673842,16001900000000.0,0.427496162,-70146532016.0,-435206000000.0,-98655960387.0,-56359337376.0
0,789416273,14921500000000.0,0.120257665,-150844000000.0,-490710000000.0,-2610524450.0,-156511000000.0
0,645750159,10971400000000.0,-0.181990312,-245255000000.0,-148389000000.0,29789231937.0,-99918483580.0
0,504070760,11894500000000.0,-0.219402809,281067000000.0,-169246000000.0,-27169783821.0,-111209000000.0
0,638418712,12435400000000.0,0.266525977,-141897000000.0,-272798000000.0,-25243400368.0,-126544000000.0
1,467526732,10326300000000.0,-0.267680093,365704000000.0,-159031000000.0,-64682010361.0,-26623506531.0
0,568155109,11349000000000.0,0.215235558,-233145000000.0,8214190140.0,-47709033284.0,-57959444574.0
0,675389953,10513500000000.0,0.188742198,-190553000000.0,9618551605.0,52357085949.0,-61792240669.0
0,624377647,9995330000000.0,-0.075530152,-120196000000.0,-265061000000.0,-2502191745.0,-34198056616.0
0,685135617,12025500000000.0,0.09730965,-1898044111.0,-176359000000.0,-101930000000.0,18237382266.0
0,735132744,10727600000000.0,0.072974059,-1229151556.0,-135053000000.0,34867160839.0,-21794190917.0
0,557784633,10776800000000.0,-0.241246377,-108020000000.0,-186281000000.0,-6884108879.0,-29293162299.0
1,399458711,8524820000000.0,-0.283847766,-34008655799.0,36200932204.0,13796593680.0,-23363288732.0
1,471808571,9270270000000.0,0.181119745,-14806143234.0,-13252495253.0,33334206.0,-28011446799.0
0,547169704,8577990000000.0,0.159728198,20622541049.0,40541331832.0,-63778763073.0,-51835317928.0
1,441140168,10099500000000.0,-0.193778156,110643000000.0,121687000000.0,28619640312.0,47429944502.0
0,577383852,8302850000000.0,0.308844431,-191548000000.0,-180057000000.0,-19674114025.0,28197277830.0
1,483587568,8221910000000.0,-0.16245048,-13515475702.0,166541000000.0,80218616141.0,25465344457.0
1,441365852,8275020000000.0,-0.08730935,-161237000000.0,-5316486785.0,8275556226.0,21964499226.0
1,364003001,7765440000000.0,-0.175280554,-16495437008.0,222793000000.0,-11821751819.0,1330609779.0
0,473168805,11335000000000.0,0.299903582,-215736000000.0,300528000000.0,-51354930376.0,-29397802841.0
1,493367317,10029700000000.0,0.042687751,369058000000.0,-118803000000.0,-32221966497.0,-90160555822.0
1,342072516,8699610000000.0,-0.306657526,412832000000.0,25012921633.0,2769282705.0,-101864000000.0
0,384579023,7590070000000.0,0.124261684,161804000000.0,-111409000000.0,12306602839.0,-67695462635.0
0,422126144,7626690000000.0,0.097631745,-69319515554.0,-198331000000.0,923068801.0,-56426406209.0
0,377270533,8325830000000.0,-0.106261154,-5894909225.0,-63791459498.0,-31645708178.0,-57030681436.0
0,396289098,7718990000000.0,0.050410947,-355191000000.0,228982000000.0,-33738752044.0,-23745563866.0
1,411070381,8340730000000.0,0.037299242,23838762297.0,56398227660.0,6427668743.0,-27693064065.0
0,359409844,8927210000000.0,-0.125673217,-298118000000.0,123283000000.0,-43959317160.0,-20577765339.0
0,417576035,9271000000000.0,0.161838058,113315000000.0,81462358506.0,16126457450.0,-45074081410.0
1,412509123,9577500000000.0,-0.012134106,-517265000000.0,994285000000.0,94019052355.0,40530016080.0
1,441729809,11995200000000.0,0.07083646,47799868129.0,943236000000.0,38932624094.0,-2066687615.0
0,416289507,8772090000000.0,-0.05759245,-374504000000.0,-60941190277.0,25277139127.0,-10653468979.0
0,462342076,7827320000000.0,0.110626303,-1648570533.0,-291725000000.0,-458974483.0,-29168014311.0
1,414667757,7571720000000.0,-0.103114818,-167630000000.0,137388000000.0,991289389.0,-37567212618.0
0,394676191,7803100000000.0,-0.048211045,-68589734691.0,-611773000000.0,-49558658730.0,-16541773482.0
0,433184441,7063030000000.0,0.097569225,-127824000000.0,-564065051.0,3799839379.0,-79461316737.0
0,438614599,7459540000000.0,0.012535441,-132155000000.0,328953000000.0,-23986723292.0,-160438000000.0
0,427476174,7060840000000.0,-0.025394561,-42589254898.0,-315819000000.0,-15192809548.0,-38308362599.0
1,366240767,6761280000000.0,-0.143248702,-28216151255.0,-111376000000.0,39597810867.0,-22779748824.0
0,424858687,10244700000000.0,0.160052963,-423020000000.0,-340374000000.0,-31506596796.0,13924326296.0
0,451722351,9141360000000.0,0.063229645,-272074000000.0,127213000000.0,-1387675662.0,68030280875.0
1,289391533,6522750000000.0,-0.359359721,-326293000000.0,209017000000.0,-11469949318.0,2768252958.0
0,416004097,9505950000000.0,0.437513022,-207849000000.0,616440000000.0,-11463561654.0,-15338673947.0
1,446948721,9140840000000.0,0.074385383,-119609000000.0,452763000000.0,26281767162.0,61435564790.0
1,515451710,8929120000000.0,0.153268117,-57984808125.0,112937000000.0,39077522626.0,58458289216.0
0,582883748,7164460000000.0,0.130821252,-161144000000.0,-215289000000.0,-44677591430.0,13460559607.0
0,788356048,8393100000000.0,0.352509914,-210561000000.0,30844524784.0,-3895866712.0,7677329.0
1,509375162,7711250000000.0,-0.353876763,428197000000.0,-125328000000.0,6290701834.0,-3265771520.0
1,911545886,8897570000000.0,0.789537367,346054000000.0,-16998260843.0,12624213597.0,-33366749309.0
0,756946720,9054470000000.0,-0.169601079,-138060000000.0,-165687000000.0,-18619309272.0,-25972480849.0
0,521208061,9295960000000.0,-0.311433622,210262000000.0,-33484841601.0,-23356612466.0,-15807856229.0
0,395930159,7117570000000.0,-0.240360638,-258377000000.0,137787000000.0,-12535026557.0,-29639933856.0
1,444165247,7949280000000.0,0.121827264,-154287000000.0,-34645073508.0,24992630141.0,29204055296.0
0,440806736,7832200000000.0,-0.0075614,-345705000000.0,-59644597356.0,59667258939.0,-40605774771.0
0,531072827,9251520000000.0,0.204774754,-479956000000.0,176972000000.0,-42161800785.0,-1442681989.0
1,514875992,8009950000000.0,-0.030498331,-380133000000.0,183020000000.0,8392948190.0,55811842429.0
1,444842306,6954630000000.0,-0.136020492,-66328418195.0,52459625770.0,1395609395.0,11140504061.0
0,394982283,8233070000000.0,-0.112084715,-327330000000.0,-32180808742.0,-5614830315.0,-27733226134.0
1,358157301,6739280000000.0,-0.093231984,-127321000000.0,370088000000.0,36155663302.0,27148167996.0
1,377461502,7679300000000.0,0.053898667,140098000000.0,232919000000.0,43251095939.0,-26207914278.0
1,578661884,8040960000000.0,0.533035504,133973000000.0,64326363211.0,46721279590.0,46060022904.0
1,528584832,15225500000000.0,-0.0865394,711542000000.0,317814000000.0,-40670034237.0,-26369617725.0
0,457675546,12086600000000.0,-0.134149302,411154000000.0,-273785000000.0,22198230036.0,-91882947671.0
0,467217484,7667330000000.0,0.020848695,-13714797057.0,232627000000.0,-2639601913.0,-138541000000.0
1,395030998,7288450000000.0,-0.154502964,283213000000.0,45294106275.0,20197957420.0,-66663851463.0
0,312467956,5825600000000.0,-0.209003958,50419710381.0,-74056490487.0,5027214236.0,-75164072675.0
0,307123090,5934170000000.0,-0.017105325,13789995380.0,16204094102.0,-27512021026.0,37279199726.0
1,306963703,6382100000000.0,-0.000518968,-91051423175.0,568363000000.0,24327135840.0,35544981079.0
1,419843260,9328220000000.0,0.367729331,554363000000.0,1096210000000.0,33571058162.0,-47933820931.0
1,407440839,6806410000000.0,-0.029540598,457125000000.0,-161164000000.0,186561962.0,60383627461.0
0,388973752,8129520000000.0,-0.045324585,-75238474139.0,-81675366334.0,-37321048424.0,-19315939507.0
1,323806345,6586440000000.0,-0.167536773,99964854525.0,354642000000.0,9466020611.0,39970751088.0
1,345054695,7713380000000.0,0.065620549,352945000000.0,115084000000.0,6089359018.0,2598939340.0
1,439485471,7755320000000.0,0.273669008,142987000000.0,-93440363943.0,-21130474454.0,-14890996375.0
1,360873812,6577870000000.0,-0.178872031,118534000000.0,-7730491623.0,-9415175381.0,-61286809145.0
0,359382702,6537960000000.0,-0.004131943,-214753000000.0,104016000000.0,-14552541225.0,-36743353134.0
0,364743731,8376480000000.0,0.014917326,-106313000000.0,227072000000.0,-6079973448.0,-3053823423.0
1,443089715,8753420000000.0,0.214797342,-94681286706.0,481503000000.0,38553770729.0,456656053.0
0,579271100,9428200000000.0,0.307344947,79866148864.0,-243515000000.0,6570736938.0,51627599035.0
1,664284035,11992500000000.0,0.146758461,125286000000.0,249429000000.0,-8125593408.0,1778071116.0
0,516596238,8837750000000.0,-0.222326278,-176686000000.0,-298975000000.0,-49335911087.0,-32095023693.0
1,498860818,8772370000000.0,-0.034331299,257074000000.0,134670000000.0,14744581721.0,9682279634.0
0,427066848,8300520000000.0,-0.143915833,29410123845.0,-229486000000.0,5375995538.0,95674873924.0
1,390989432,7685320000000.0,-0.08447721,-145740000000.0,243899000000.0,-2897283516.0,-30786894530.0
0,446877270,8127640000000.0,0.14293951,36060258561.0,-202987000000.0,-19525997049.0,30629380367.0
1,431796634,7916790000000.0,-0.033746706,203839000000.0,277014000000.0,33774736433.0,83565047318.0
1,435003610,8260510000000.0,0.007427052,5342310158.0,157321000000.0,-23683207663.0,27083471747.0
1,378033628,7732530000000.0,-0.130964389,74912663432.0,657593000000.0,-16138043973.0,-55948709324.0
0,377934427,7513620000000.0,-0.000262413,-130864000000.0,64103027249.0,-26289983091.0,57100772435.0
1,530123485,12960700000000.0,0.402686411,625200000000.0,322737000000.0,145557000000.0,159791000000.0
1,465313553,12873300000000.0,-0.122254406,856547000000.0,227749000000.0,56582565051.0,32437027401.0
1,384828383,10181600000000.0,-0.172969752,59377574402.0,-184339000000.0,17396007377.0,43159464303.0
1,392497373,8418110000000.0,0.019928338,-92128963587.0,133439000000.0,-25045227011.0,20169403822.0
1,570423377,11202500000000.0,0.453317694,480438000000.0,1096670000000.0,33337206710.0,9714347547.0
0,578334789,9467810000000.0,0.013869368,13090104788.0,179404000000.0,-34617536391.0,-64993753419.0
0,465967201,8848290000000.0,-0.194295052,-37303203376.0,377386000000.0,-49297684267.0,13269625657.0
1,440428129,9582770000000.0,-0.054808733,82263319958.0,958563000000.0,-798990823.0,-28109502226.0
1,349733378,10359800000000.0,-0.205924066,224944000000.0,-285766000000.0,-474021395.0,-13529290475.0
1,460086621,9418930000000.0,0.315535348,701652000000.0,785403000000.0,45360139712.0,29680611113.0
1,409871688,9628190000000.0,-0.109142346,228169000000.0,207004000000.0,-45651530761.0,-48757352917.0
0,463131608,10121600000000.0,0.12994291,-97306133000.0,-1026320000000.0,-82922074334.0,-23322437270.0
0,770176172,8992270000000.0,0.662974754,114905000000.0,-573621000000.0,-101652000000.0,-51803099856.0
0,522289892,8384470000000.0,-0.321856595,-51007262023.0,-225720000000.0,-47365153570.0,-120252000000.0
0,320143990,6763630000000.0,-0.387037745,170002000000.0,-252660000000.0,-60224900997.0,-69842222660.0
0,791214273,8896710000000.0,1.471432536,65561520138.0,144537000000.0,-30452817222.0,-123930000000.0
0,570021066,8795830000000.0,-0.2795617,-23772970820.0,17558623393.0,-40309700084.0,-88601071428.0
0,788422596,13669900000000.0,0.383146419,2296220000000.0,-424100000000.0,92631377706.0,-56890552755.0
0,790177187,8368770000000.0,0.002225445,-211917000000.0,-53291793982.0,-44027256870.0,-65731730497.0
1,802102006,8182710000000.0,0.015091323,-49758040039.0,189454000000.0,-38977120453.0,-75262965119.0
0,659578602,8828510000000.0,-0.17768738,-183870000000.0,-287721000000.0,-31179346966.0,-83150626229.0
0,965595357,11281600000000.0,0.463957979,-905571000000.0,89850072093.0,-26931353592.0,-81359132204.0
1,571507487,8300180000000.0,-0.408129417,-132615000000.0,-11955621903.0,11780753905.0,-38692383388.0
1,518806918,9174540000000.0,-0.092213261,702836000000.0,-105263000000.0,-38034751727.0,-75358587043.0
0,388045571,8419920000000.0,-0.252042412,300054000000.0,-21916102074.0,20482718153.0,1845425801.0
1,472284165,8029400000000.0,0.217084282,141102000000.0,137826000000.0,9801457112.0,62362891350.0
0,395463694,7446530000000.0,-0.162657308,72596902146.0,-35392768573.0,-30480446493.0,-6129803897.0
1,357233504,8124340000000.0,-0.096671807,45736559913.0,122082000000.0,2018862992.0,35308436380.0
1,292662412,7144490000000.0,-0.18075318,378938000000.0,-107632000000.0,36249499311.0,37543912204.0
1,427439639,8958520000000.0,0.460521138,546796000000.0,-5753762947.0,70986827780.0,88985971442.0
0,481808939,8734430000000.0,0.127197609,-13424075615.0,80957806616.0,21539683447.0,59507512094.0
0,454574443,9000430000000.0,-0.05652551,89167046947.0,27968112155.0,-280576421.0,8363215432.0
1,751074606,13462500000000.0,0.652258761,1045220000000.0,64529536631.0,146513000000.0,-44509005586.0
1,596121129,14368100000000.0,-0.206309035,1934410000000.0,410084000000.0,65644912089.0,132048000000.0
0,511677820,12476200000000.0,-0.141654615,179461000000.0,-968005000000.0,67433199407.0,123947000000.0
0,411617635,10386500000000.0,-0.195553102,337847000000.0,-36523993515.0,-58257628092.0,-53133920957.0
1,518182343,11491700000000.0,0.258892474,538979000000.0,622454000000.0,-25330361669.0,-4488688516.0
1,430009355,12493400000000.0,-0.170158226,411334000000.0,170360000000.0,19339886087.0,56020020407.0
1,559385295,13294400000000.0,0.300867733,960755000000.0,775036000000.0,-110220000000.0,-90423236839.0
0,543525036,10107700000000.0,-0.028353014,107712000000.0,-470714000000.0,-37644681117.0,10495829718.0
0,621363093,10691000000000.0,0.143209699,-9300908897.0,109424000000.0,-32521350908.0,-16150453454.0
1,593841761,10221800000000.0,-0.044291868,564332000000.0,276996000000.0,14433252751.0,5759449020.0
1,422699048,9820890000000.0,-0.28819582,615819000000.0,308695000000.0,39642375053.0,92021674096.0
0,612668186,9999240000000.0,0.449419366,108100000000.0,-235238000000.0,-52939992009.0,4490071306.0
0,562144348,9150150000000.0,-0.082465255,-64775807045.0,82532801604.0,-23285416426.0,50767809671.0
1,456396847,10278900000000.0,-0.188114497,169402000000.0,120719000000.0,-15650718952.0,-48461557762.0
1,415376166,10282100000000.0,-0.089879414,146514000000.0,88295019877.0,-11939678140.0,4438819180.0
0,531661427,10950600000000.0,0.279951693,119241000000.0,57616042097.0,-68806104315.0,-18713777280.0
0,574301706,12634500000000.0,0.080201942,35893174343.0,96777588677.0,-39228185895.0,38556958308.0
1,421552569,10266400000000.0,-0.265973678,477877000000.0,76639185114.0,4945486310.0,-1281253923.0
0,496064469,12975400000000.0,0.176755891,179490000000.0,-445242000000.0,-37925464817.0,16723307982.0
1,404014324,12680200000000.0,-0.185560851,770226000000.0,-43513838625.0,11319634698.0,73931939075.0
0,457237152,12207100000000.0,0.131735003,85533627777.0,-407198000000.0,-72997670191.0,34085214971.0
0,378993989,10533000000000.0,-0.171121622,-377380000000.0,-132126000000.0,-51006404764.0,-24711028395.0
1,462910823,10871900000000.0,0.22141996,-324588000000.0,41853533217.0,-26515067376.0,-14115908194.0
1,454259855,11479400000000.0,-0.018688196,182117000000.0,672495000000.0,-13318613139.0,-15234742937.0
0,391384816,8856060000000.0,-0.138412053,-106182000000.0,-38700956515.0,-54255192239.0,27596986702.0
1,403969278,9731030000000.0,0.03215368,-372260000000.0,475106000000.0,-48028409585.0,-23520120205.0
1,498759769,10957600000000.0,0.234647772,334780000000.0,40228954152.0,-176396000000.0,48287264219.0
1,609288045,14142600000000.0,0.221606238,472611000000.0,-186256000000.0,-37065139151.0,136617000000.0
0,584947718,13235800000000.0,-0.039948801,-1035480000000.0,14606140982.0,-106124000000.0,75833319845.0
1,408182483,9523810000000.0,-0.302189802,-86899513299.0,306873000000.0,-899914637.0,1395248889.0
0,695865617,10702800000000.0,0.704790494,-241441000000.0,-538776000000.0,-35396996074.0,18301934161.0
1,720451805,12739400000000.0,0.035331805,853830000000.0,555425000000.0,23926904692.0,10218348100.0
1,825226939,14013600000000.0,0.145429761,1878340000000.0,1096860000000.0,10202996486.0,-15368975587.0
0,509545275,11532700000000.0,-0.382539213,666788000000.0,-26332545579.0,-72132530851.0,-17959564694.0
0,489620187,9979720000000.0,-0.039103666,-43286028618.0,-141536000000.0,-79833518248.0,10313948958.0
1,448300913,12188300000000.0,-0.084390462,623039000000.0,709985000000.0,-45568972334.0,-83112767384.0
0,510644016,12461900000000.0,0.139065305,292898000000.0,172526000000.0,-68364828056.0,85111846153.0
0,419277948,11925000000000.0,-0.178923213,73487346552.0,-189843000000.0,-34140067486.0,-671097806.0
1,495495575,11190100000000.0,0.181783057,782349000000.0,-117411000000.0,-82278583086.0,-77790551674.0
1,397600506,10066800000000.0,-0.197570017,270727000000.0,127609000000.0,-43473379591.0,-4839075428.0
1,630392908,13116900000000.0,0.585493224,1006460000000.0,-253080000000.0,19967817486.0,-116723000000.0
0,640806255,13257000000000.0,0.01651882,531578062.0,-595526000000.0,-99269272338.0,56271725959.0
1,477952756,11978200000000.0,-0.254138435,586429000000.0,-33795731478.0,-4016363006.0,-43559657516.0
0,621030559,11293900000000.0,0.299355535,-113075000000.0,-383324000000.0,-62186516304.0,60407304303.0
1,620652526,10560900000000.0,-0.000608719,206097000000.0,-204863000000.0,35816006554.0,51208702671.0
0,470183666,10037700000000.0,-0.242436555,303574000000.0,53173111089.0,16762606397.0,-3594160472.0
1,561333352,12789900000000.0,0.193859746,1065090000000.0,-1302700000000.0,104127000000.0,98875013081.0
0,514575252,11903500000000.0,-0.083298275,14607221018.0,-556272000000.0,-38180264801.0,38901923580.0
0,561950019,10506600000000.0,0.09206577,-238068000000.0,-31416184970.0,-9752284617.0,52468571584.0
0,570212078,12257700000000.0,0.01470248,-270262000000.0,-79588663622.0,-91530079344.0,22980198501.0
0,414348111,9779320000000.0,-0.273343854,-169245000000.0,-129365000000.0,-26296801166.0,-39210361102.0
1,478786204,10571100000000.0,0.155516802,574595000000.0,-81879476001.0,44505115327.0,18849862974.0
0,809473426,14044800000000.0,0.690678259,-348922000000.0,-630396000000.0,-7212402476.0,65608826735.0
1,401892185,11021100000000.0,-0.503514047,-750441000000.0,631278000000.0,7751327836.0,147385000000.0
0,430275765,9948340000000.0,0.070624862,-25292878480.0,42341247741.0,17371773643.0,36406688137.0
1,325739636,10227700000000.0,-0.242951469,492409000000.0,222342000000.0,41659091754.0,56511371856.0
0,334062359,8987960000000.0,0.025550231,-289241000000.0,-408178000000.0,-54408070716.0,43689175152.0
1,450520678,10148900000000.0,0.348612515,473102000000.0,21394724435.0,-31278545362.0,68613364520.0
1,470546033,10491400000000.0,0.044449358,345192000000.0,253653000000.0,24783141696.0,81079168766.0
1,460083516,11347100000000.0,-0.022234843,238400000000.0,173358000000.0,59908474116.0,11678673739.0
0,351087270,9059050000000.0,-0.236905349,2674010328.0,-145513000000.0,19372105745.0,-2122962625.0
0,338612027,7850450000000.0,-0.035533168,94476971612.0,57001136004.0,-13838084914.0,12629640424.0
1,532203424,11153700000000.0,0.571720381,1115540000000.0,792710000000.0,-23927915909.0,-41010585708.0
1,436315210,10293600000000.0,-0.18017211,400078000000.0,90059882225.0,3997296237.0,-11754431659.0
0,423810541,11102800000000.0,-0.028659714,-358695000000.0,84720280682.0,68042480247.0,-178896000000.0
1,586133434,11566900000000.0,0.383008154,148284000000.0,399905000000.0,-4277000835.0,30362348178.0
0,625277713,13054700000000.0,0.066783904,20102584195.0,73704563018.0,-12863342247.0,-47682492630.0
1,443295551,9491100000000.0,-0.291042137,84516691286.0,113662000000.0,10175792200.0,-12775451031.0
1,521841311,13253200000000.0,0.177185988,425686000000.0,680881000000.0,20138752277.0,-68611125297.0
0,575936318,11008300000000.0,0.103661795,-241486000000.0,-18961498104.0,-6162987108.0,-85629787897.0
1,582071105,12502300000000.0,0.01065185,-16080521471.0,464617000000.0,50160158193.0,-152220000000.0
0,560818982,10490400000000.0,-0.036511215,-106648000000.0,29634389785.0,-68433902903.0,-222972000000.0
0,484723878,12378500000000.0,-0.135685678,294146000000.0,114019000000.0,-9654005532.0,-82718762426.0
0,428079461,11449300000000.0,-0.116859143,361786000000.0,-265533000000.0,-18517954611.0,-120027000000.0
0,501638731,12363400000000.0,0.171835551,-313508000000.0,-750503000000.0,-56139454255.0,19663305533.0
1,556709910,15847800000000.0,0.10978255,-136694000000.0,376044000000.0,24060689470.0,-31889385495.0
0,440956718,11587000000000.0,-0.207923714,44235878679.0,-15319724316.0,-9950412122.0,91413317565.0
0,438980914,13076500000000.0,-0.004480721,-1027370000000.0,-227779000000.0,-28666562594.0,19495675617.0
0,372741998,11132100000000.0,-0.150892474,-784858000000.0,-346763000000.0,-35263388378.0,-11311011216.0
1,613717789,16353900000000.0,0.646494874,-1336890000000.0,1016860000000.0,1846432380.0,35726932921.0
1,782329142,13995600000000.0,0.274737601,189037000000.0,239275000000.0,14675655173.0,-87898380882.0
0,773459815,12649000000000.0,-0.011337079,-211346000000.0,-145614000000.0,-51292937456.0,-56759701617.0
1,881481171,13625000000000.0,0.139659946,591569000000.0,-278082000000.0,23426254515.0,-28481749691.0
1,783870642,12465300000000.0,-0.110734673,286092000000.0,250291000000.0,7850912166.0,-75792233751.0
0,506891681,11327700000000.0,-0.353347793,16955223849.0,-469019000000.0,2815508326.0,-42084005040.0
1,558892980,11776500000000.0,0.102588582,-223955000000.0,-161349000000.0,6004198584.0,55170078788.0
1,511008858,11839600000000.0,-0.085676728,234249000000.0,75504916231.0,-31391354851.0,-39944640603.0
1,700027275,19135900000000.0,0.369892643,1544900000000.0,-365296000000.0,93869481202.0,145755000000.0
1,644979251,16187000000000.0,-0.07863697,731514000000.0,-387074000000.0,-30296646285.0,26248186801.0
0,593985068,12457600000000.0,-0.079063292,-137446000000.0,69937951278.0,-38586060425.0,-104815000000.0
1,561975111,13269500000000.0,-0.053890171,649277000000.0,4851659863.0,-61083195488.0,-86674294484.0
1,646706151,14069600000000.0,0.150773652,275707000000.0,737353000000.0,-33536889816.0,-40867759683.0
1,758165860,13577000000000.0,0.172349851,496594000000.0,238199000000.0,-54302043687.0,-12058234062.0
0,631143373,14493000000000.0,-0.167539181,-342445000000.0,130976000000.0,-20531474845.0,-55625807230.0
0,594166310,11082700000000.0,-0.058587422,-529881000000.0,69441491634.0,-18088421801.0,-40610700848.0
1,714242157,11767700000000.0,0.202091308,60954213464.0,245808000000.0,1104857609.0,-69786241878.0
1,535034373,11325100000000.0,-0.250906198,433534000000.0,-199816000000.0,25277874885.0,-57566702430.0
0,397169222,10271100000000.0,-0.257675316,513619000000.0,-667570000000.0,-8276939954.0,-49150461166.0
1,610550442,11020100000000.0,0.537255175,32153817876.0,307069000000.0,-8248546170.0,-67354281714.0
1,459218341,9945340000000.0,-0.24786175,-63341087773.0,125995000000.0,-18725047300.0,31781348253.0
0,538842197,11648500000000.0,0.173389974,-33276899038.0,-194929000000.0,-59832305081.0,-2260295343.0
1,340337982,10244000000000.0,-0.368390256,101432000000.0,124207000000.0,15688502665.0,31642026271.0
1,393738620,13067100000000.0,0.156904727,321798000000.0,1014510000000.0,-5162319581.0,73082580326.0
1,378159145,13142300000000.0,-0.039568064,1313050000000.0,1279220000000.0,-7108346526.0,-9650906892.0
0,425055594,9938580000000.0,0.124012468,528365000000.0,-205357000000.0,-28226073262.0,-47534558080.0
1,456429222,11241900000000.0,0.073810646,327440000000.0,134507000000.0,-53028077615.0,-65384088183.0
1,472472909,11841500000000.0,0.035150438,526916000000.0,170882000000.0,-67403242003.0,-71942289050.0
1,462216873,14649700000000.0,-0.021707141,610466000000.0,-218632000000.0,192200000000.0,-24089116123.0
0,408178316,14085700000000.0,-0.116911693,-550066000000.0,243499000000.0,-39330074671.0,-15959715340.0
1,424457898,12165700000000.0,0.039883505,-76964828774.0,207103000000.0,-31056527583.0,-72565329112.0
1,677904823,12660300000000.0,0.597107337,188337000000.0,192344000000.0,2143664276.0,-51740833718.0
0,549094120,13923500000000.0,-0.190012961,-256584000000.0,352402000000.0,4754932181.0,-196991000000.0
0,658374570,15548200000000.0,0.199019523,-349461000000.0,383195000000.0,-65524507563.0,-85407403428.0
0,426207952,9585230000000.0,-0.352636066,-420231000000.0,-73813572200.0,-102271000000.0,-108266000000.0
0,463878258,10499600000000.0,0.088384803,-85368275960.0,151951000000.0,-83764592286.0,-93564874878.0
1,423403234,11526800000000.0,-0.087253548,247048000000.0,-106392000000.0,25867469004.0,13683039498.0
0,469221275,11053900000000.0,0.108213725,-263539000000.0,6181282757.0,16199577051.0,-12685965214.0
0,440318335,13673700000000.0,-0.061597676,-676696000000.0,-267899826.0,-45715442104.0,-21567374341.0
1,516467609,12971700000000.0,0.172941411,-47288785165.0,285735000000.0,66778146327.0,5130738888.0
1,456515695,10963600000000.0,-0.116080685,447442000000.0,-95649741562.0,31245544893.0,21975444038.0
0,392868090,10199700000000.0,-0.139420409,-244858000000.0,-177361000000.0,-7090627249.0,-100432000000.0
1,557090057,12198000000000.0,0.418007904,149325000000.0,62441095900.0,4047743517.0,-53944809039.0
1,480833975,10905000000000.0,-0.136882863,440977000000.0,-214045000000.0,7930266188.0,25173277491.0
0,531785136,13102100000000.0,0.105964145,-847871000000.0,-327570000000.0,-132460000000.0,-109463000000.0
0,763777757,18781700000000.0,0.436252549,-1523810000000.0,-419457000000.0,23447557100.0,235845000000.0
1,567266430,15535800000000.0,-0.257288623,-174155000000.0,-767265000000.0,140199000000.0,237212000000.0
1,476990686,13081700000000.0,-0.1591417,-18716243874.0,-445931000000.0,64953210444.0,32426918201.0
0,495299005,11463700000000.0,0.03838297,-519635000000.0,-418737000000.0,43335833798.0,85226342980.0
1,475012051,9721690000000.0,-0.040959004,152537242.0,-115613000000.0,37718158055.0,34021210450.0
1,293083794,7601220000000.0,-0.38299714,78501696596.0,89921761727.0,26044643926.0,3960511024.0
1,378532151,8965950000000.0,0.291549239,133323000000.0,-28516764667.0,-7649488765.0,-2248875325.0
1,328748140,8867080000000.0,-0.13151858,391762000000.0,-95053747571.0,-3977404730.0,-29044198714.0
1,385851899,11192900000000.0,0.17370063,1210790000000.0,233179000000.0,-15559717124.0,-2357676377.0
0,395636824,9262570000000.0,0.025359277,-119587000000.0,96704917440.0,-22660691972.0,-37701027259.0
1,484188400,8954160000000.0,0.223820359,292913000000.0,890635336.0,-13108035045.0,14505808864.0
1,417329635,9378560000000.0,-0.138084194,31111966566.0,163607000000.0,-49926784595.0,-64132505607.0
1,441756204,8946320000000.0,0.058530636,68658227680.0,79186890455.0,-5964946296.0,7471486834.0
0,330591762,8285770000000.0,-0.251642062,-295195000000.0,336611000000.0,-28194176229.0,14509555932.0
0,333687885,9087410000000.0,0.009365397,-466658000000.0,343378000000.0,7719858795.0,31745801309.0
0,264056855,8050720000000.0,-0.208671136,-407467000000.0,380792000000.0,8339642979.0,-18214989888.0
1,280773871,10567500000000.0,0.063308396,-343507000000.0,242473000000.0,6498887162.0,-32766656648.0
0,288835634,11464700000000.0,0.028712654,-420835000000.0,-85314301143.0,-55602532288.0,-28011649724.0
1,278845310,10340800000000.0,-0.034588267,-378966000000.0,421572000000.0,-12734537738.0,64139996341.0
1,266992573,8669960000000.0,-0.042506496,238731000000.0,-410572000000.0,12931563638.0,1896520545.0
0,303460408,8978420000000.0,0.136587451,-290653000000.0,-182763000000.0,-33003480658.0,3211590973.0
0,455469305,11370300000000.0,0.500918383,-988766000000.0,-566755000000.0,-68018071389.0,30786041031.0
0,379002653,10189800000000.0,-0.167885412,-585848000000.0,56112367418.0,-2909730265.0,52350112512.0
0,374782188,8685310000000.0,-0.011135714,-266150000000.0,126556000000.0,-29159169767.0,852444260.0
0,270230978,7454380000000.0,-0.278965259,-542156000000.0,-8601764591.0,14212301153.0,35738313274.0
0,347650170,8421870000000.0,0.286492661,-670846000000.0,-102992000000.0,11857202176.0,37065925984.0
0,302560681,9623020000000.0,-0.129697877,-1035110000000.0,80077198047.0,-39489199510.0,19281845159.0
1,340478891,11282400000000.0,0.125324315,278183000000.0,-166884000000.0,143593000000.0,-43818934496.0
1,358262872,8422030000000.0,0.052232257,-957725000000.0,275817000000.0,36853809822.0,71033961638.0
1,385081293,12871100000000.0,0.074856825,-1175570000000.0,887828000000.0,-1173328275.0,10738731739.0
1,495964133,14276600000000.0,0.287946577,-33693633654.0,234291000000.0,28014301786.0,14036438593.0
1,339140017,9526460000000.0,-0.316200518,-702263000000.0,280796000000.0,9944915232.0,28082208914.0
1,355097005,10338400000000.0,0.047051327,-377330000000.0,552063000000.0,208412350.0,6470306187.0
0,454471748,11671500000000.0,0.279852383,-570117000000.0,707251000000.0,-81369236152.0,-46333782707.0
1,324888966,11602400000000.0,-0.285128355,495328000000.0,698914000000.0,51972990585.0,4125029205.0
0,413004129,11987000000000.0,0.271216238,265886000000.0,-421966000000.0,3161310152.0,2057999664.0
0,358915798,10806900000000.0,-0.130963173,-1003230000000.0,-171834000000.0,4061327531.0,-23375912575.0
0,351004351,9607880000000.0,-0.022042627,-307356000000.0,-622606000000.0,-32708753832.0,-21190827398.0
1,414328553,10016600000000.0,0.180408596,42753532722.0,-169478000000.0,-7709625782.0,-65243575899.0
1,343671145,10378900000000.0,-0.17053473,29180864802.0,-63788114571.0,25309093861.0,86903623202.0
0,318240024,9168280000000.0,-0.073998418,-381046000000.0,-324304000000.0,-17553266100.0,4681380222.0
1,618559988,13867600000000.0,0.943690112,162646000000.0,-439356000000.0,23804233192.0,118421000000.0
0,491276237,9548440000000.0,-0.205774304,-599057000000.0,175059000000.0,-14539617289.0,71242141360.0
1,401705670,8525410000000.0,-0.182322205,91477689688.0,247612000000.0,-9158474001.0,89708652791.0
1,438292799,10054400000000.0,0.091079444,290378000000.0,-84716024327.0,228325772.0,71140727656.0
0,437552776,10053100000000.0,-0.001688422,-659709000000.0,-146469000000.0,-8520262010.0,163445000000.0
0,331265227,9953650000000.0,-0.242913666,-404864000000.0,159491000000.0,15592590772.0,18201444337.0
0,265201103,8274850000000.0,-0.199429697,-478459000000.0,140610000000.0,-15970324584.0,35681143792.0
1,240675023,7757210000000.0,-0.092481063,22102494346.0,197494000000.0,3003491522.0,-31017212887.0
0,343318170,8958060000000.0,0.426480263,-281396000000.0,-277651000000.0,-46752818001.0,16006775432.0
1,352421162,9430150000000.0,0.02651474,211550000000.0,204760000000.0,15210770999.0,71854236317.0
0,343098218,9733940000000.0,-0.026453985,-607437000000.0,-14263557786.0,2405545884.0,-20276440051.0
1,462898403,10286900000000.0,0.349171691,-390904000000.0,90701516255.0,5447350376.0,-8484599509.0
1,333735957,9133010000000.0,-0.279029794,-128278000000.0,349525000000.0,22124938772.0,82873506991.0
1,363290058,9341170000000.0,0.08855534,-117693000000.0,32617447526.0,-10134760932.0,25314403149.0
0,487359045,9067050000000.0,0.341514953,-335689000000.0,46821689654.0,-46166150285.0,8035688985.0
0,406613036,10980700000000.0,-0.165680744,-858299000000.0,258450000000.0,-32653516665.0,49871877805.0
0,319848769,7944320000000.0,-0.213382896,-39017847667.0,-237273000000.0,-34987822855.0,14780765621.0
1,373943470,8064750000000.0,0.169125869,29716800648.0,183863000000.0,4963715143.0,102352000000.0
0,310875315,7716010000000.0,-0.168656923,-144415000000.0,-202009000000.0,-44763636469.0,-28910188732.0
0,548506117,11791900000000.0,0.764392638,-103080000000.0,-43773444714.0,-9040870503.0,76337430691.0
1,465146173,10809700000000.0,-0.151976325,104650000000.0,-55393323792.0,4956478096.0,178899000000.0
0,448734499,9921210000000.0,-0.035282831,-13207813305.0,193835000000.0,-47770120168.0,-6441943082.0
0,572196827,11290200000000.0,0.275134469,-481703000000.0,-220729000000.0,-17545700228.0,71860171483.0
0,735812780,12848000000000.0,0.285943482,-306358000000.0,-26351345295.0,-87729325236.0,164830000000.0
0,619176261,11208400000000.0,-0.158513853,-630825000000.0,69869273798.0,-32997618165.0,25758571687.0
1,639989952,13017400000000.0,0.033615131,-233310000000.0,-31985934413.0,96935139213.0,177649000000.0
0,623327161,12365800000000.0,-0.02603602,-59478559825.0,-96392962924.0,7134765771.0,103831000000.0
1,443925881,10621300000000.0,-0.28781239,-52987299865.0,-73025632748.0,14864147688.0,43784358580.0
1,410856127,9085860000000.0,-0.074493864,-329957000000.0,120453000000.0,27971023145.0,319488000000.0
1,408789732,7820080000000.0,-0.005029486,-182317000000.0,-32152100370.0,24153633173.0,181001000000.0
0,451118534,8356410000000.0,0.103546637,-259260000000.0,-288550286.0,14389628978.0,300696000000.0
1,543517791,8017170000000.0,0.204822569,117541000000.0,171519000000.0,49241716550.0,82570042348.0
1,564692445,13495200000000.0,0.03895853,-74748556334.0,435726000000.0,-11709771039.0,54485875472.0
0,441708781,8709920000000.0,-0.217788754,-68993373953.0,-232966000000.0,-76133135952.0,71949430369.0
0,414339138,8586050000000.0,-0.061963095,-334902000000.0,142961000000.0,-66310527177.0,201214000000.0
1,342571105,7572750000000.0,-0.173210847,-491859000000.0,280866000000.0,-32204512507.0,85666024663.0
0,384278001,9106480000000.0,0.121746684,-749351000000.0,99435592904.0,-40090877675.0,10157082431.0
0,328109545,7591740000000.0,-0.146166202,-130920000000.0,426966000000.0,-20717896897.0,-8074264978.0
1,324137730,9145170000000.0,-0.012105149,565500000000.0,244015000000.0,-4024994759.0,-318937050.0
0,670284268,13296900000000.0,1.067899556,-407121000000.0,24347148909.0,-77409636642.0,111982000000.0
0,519351593,9720720000000.0,-0.225177111,-317369000000.0,-4639211800.0,-58486425942.0,157457000000.0
0,630408602,10726900000000.0,0.213837813,-284115000000.0,470508000000.0,-2680002790.0,344514000000.0
0,591644435,10004500000000.0,-0.061490543,102684000000.0,490093000000.0,-32970450079.0,228329000000.0
1,598770280,9303800000000.0,0.012044134,-104694000000.0,364529000000.0,11505853560.0,20341073636.0
1,617716470,7745860000000.0,0.031641834,-137603000000.0,170913000000.0,9212492395.0,-26820336054.0
1,664187237,12259100000000.0,0.07522993,-20895446529.0,-531546000000.0,168343000000.0,387787000000.0
1,577737398,8849460000000.0,-0.130158838,-173856000000.0,-147104000000.0,-14543519819.0,260846000000.0
0,526708153,8466420000000.0,-0.08832602,-433889000000.0,-60241181602.0,-54361564808.0,142277000000.0
0,559039721,9284840000000.0,0.061384218,-702048000000.0,47947415961.0,-14850160394.0,141468000000.0
1,441677820,8338570000000.0,-0.209934816,392377000000.0,85258693459.0,-17429787527.0,100327000000.0
0,504467068,8443750000000.0,0.142160745,-433847000000.0,-559086000000.0,-30465188738.0,136642000000.0
0,617782376,9347350000000.0,0.224623796,-822426000000.0,-194851000000.0,-25239156185.0,186998000000.0
1,428166806,7375540000000.0,-0.306929394,144818000000.0,391895000000.0,-39824353595.0,76991963721.0
0,386777917,6740790000000.0,-0.096665338,-6185403456.0,149345000000.0,-91045365786.0,-24738114625.0
0,322800054,6410410000000.0,-0.165412399,20405643904.0,206348000000.0,-1019756878.0,-6761836838.0
0,311291279,6339610000000.0,-0.035652953,-173914000000.0,-167119000000.0,22774506911.0,82250826237.0
0,303963509,5315450000000.0,-0.023539914,-120749000000.0,30920329920.0,3854726549.0,18562954107.0
0,350691927,6958650000000.0,0.153730355,-238178000000.0,-267638000000.0,9774611646.0,9159869200.0
1,407536387,8230070000000.0,0.162092297,284263000000.0,272000000000.0,4593747827.0,40991978215.0
1,302760981,8142310000000.0,-0.257094604,370468000000.0,-30739910350.0,19649537894.0,39986219397.0
1,407692929,9405960000000.0,0.346583459,162943000000.0,-149517000000.0,-5172925695.0,96854973661.0
1,362908922,10391100000000.0,-0.109847397,222039000000.0,-109660000000.0,50831772028.0,138540000000.0
1,404290371,11524500000000.0,0.114027092,750957000000.0,-531972000000.0,87469936064.0,25261924759.0
0,377586658,9691010000000.0,-0.066050826,-3813706835.0,-484760000000.0,-63878133168.0,264348000000.0
0,578565446,9049050000000.0,0.532271953,-874308000000.0,-99274778032.0,-14359968392.0,259300000000.0
1,414487640,8199240000000.0,-0.283594202,-296463000000.0,-53550157072.0,-20838579147.0,56996888787.0
0,538534310,9176240000000.0,0.299277127,56761084835.0,-209700000000.0,-25951915330.0,38649159979.0
1,451062578,9432260000000.0,-0.162425551,626313000000.0,22148124041.0,-30806046569.0,75671702975.0
0,445884915,10011800000000.0,-0.011478813,-233806000000.0,-119265000000.0,-41340992900.0,131440000000.0
0,437546001,8663520000000.0,-0.018701942,-418481000000.0,40430285207.0,-22965953321.0,73572891647.0
0,572011300,9323570000000.0,0.307316942,-172884000000.0,55132666853.0,-32883396384.0,58850508084.0
1,583737394,11074500000000.0,0.020499759,350746000000.0,294906000000.0,13915740457.0,88094425479.0
0,609742131,9907820000000.0,0.044548691,-619576000000.0,-244685000000.0,-66489426772.0,150407000000.0
1,602014660,10179300000000.0,-0.012673343,273367000000.0,-15733717469.0,5258832601.0,65057805446.0
0,454403356,13759400000000.0,-0.245195531,-1175590000000.0,297700000000.0,8458144968.0,35463492151.0
0,522848036,11650000000000.0,0.150625384,-870659000000.0,-450580000000.0,-51138860199.0,209651000000.0
1,479377343,11000900000000.0,-0.083142118,77245571545.0,11570047283.0,-54871642961.0,138730000000.0
1,437344153,9949590000000.0,-0.087682888,65594890099.0,27625408313.0,-20727305064.0,90759040565.0
1,479697230,11863000000000.0,0.09684153,355590000000.0,140353000000.0,-14760411027.0,47082490535.0
0,419872051,10240100000000.0,-0.124714456,-239954000000.0,-179587000000.0,-61806450434.0,122428000000.0
0,393563727,10582500000000.0,-0.062657955,-277003000000.0,182690000000.0,-35325072274.0,184842000000.0
1,451092989,11023200000000.0,0.146175214,140805000000.0,190385000000.0,-33982381205.0,58670737259.0
1,464894178,13669000000000.0,0.030594998,370608000000.0,52557311052.0,-29088098916.0,10160252896.0
1,680341736,17104200000000.0,0.463433547,-113368000000.0,371276000000.0,65668200903.0,68302874736.0
1,499364641,13917600000000.0,-0.266009103,-320363000000.0,271843000000.0,-59623833723.0,176009000000.0
1,366339998,11017300000000.0,-0.26638779,-223523000000.0,263450000000.0,-37806070744.0,82783939271.0
1,421993118,12618200000000.0,0.151916581,18935648626.0,100158000000.0,-18134673779.0,120955000000.0
1,525798791,14851600000000.0,0.245989019,395644000000.0,659810000000.0,64551134535.0,67712126648.0
0,529303324,14551200000000.0,0.00666516,-288399000000.0,-8960609712.0,-81417208164.0,80847797720.0
1,444704240,11381100000000.0,-0.159831008,-216251000000.0,61015463799.0,-8634276479.0,74306429095.0
0,536354114,10802100000000.0,0.206091748,-200116000000.0,-91866448407.0,-7354978147.0,17820189902.0
0,410284831,10508500000000.0,-0.235048599,-320604000000.0,-92082269066.0,-39077070571.0,13822369897.0
1,386762622,11218700000000.0,-0.057331413,-322080000000.0,174246000000.0,-3608597829.0,57404901317.0
0,513909805,10802100000000.0,0.328747339,-178555000000.0,-343068000000.0,20023507006.0,45851879957.0
0,588571521,15637200000000.0,0.14528175,-1556160000000.0,-518475000000.0,-83318129055.0,5940831420.0
0,484081351,13115400000000.0,-0.177531814,-194498000000.0,-263316000000.0,728396200.0,51526216282.0
1,569412248,13021600000000.0,0.176273878,-226478000000.0,-210133000000.0,97648839135.0,70907237311.0
1,609615704,11319700000000.0,0.070605183,137481000000.0,69495382199.0,35205731675.0,-550366428.0
0,567191412,12155200000000.0,-0.069591862,59105655053.0,-135931000000.0,23426058917.0,46285802840.0
1,435694828,9881350000000.0,-0.231838108,-429168000000.0,74637735766.0,-5523898450.0,46122251900.0
0,399016248,10917500000000.0,-0.084184107,-1540340000000.0,-174057000000.0,-22418295696.0,-26885014630.0
1,401644557,12284800000000.0,0.006586972,379615000000.0,38789074057.0,8035847301.0,-30632355371.0
0,427292042,13112900000000.0,0.063856175,-480857000000.0,293805000000.0,147327000000.0,-46569214601.0
0,362329393,9941800000000.0,-0.15203337,-295409000000.0,50076864432.0,-53919251663.0,56115640598.0
1,396573940,11995100000000.0,0.094512197,622330000000.0,501275000000.0,-10148042110.0,28916360145.0
1,555526574,12034600000000.0,0.400814622,443657000000.0,134022000000.0,-23530910394.0,34156166372.0
1,653326938,11841500000000.0,0.176049839,305237000000.0,270613000000.0,-7210762242.0,22957790839.0
1,455019267,11989300000000.0,-0.303535121,551501000000.0,124188000000.0,-38124048864.0,-2992436037.0
1,497529180,14188100000000.0,0.093424424,850312000000.0,-342253000000.0,-37003018808.0,13372154676.0
0,372431632,6924060000000.0,-0.25143761,6151772366.0,7830685905.0,-53815461430.0,4992047134.0
0,439279423,8305060000000.0,0.1794901,-75211633491.0,129648000000.0,-9151729684.0,-19561119151.0
1,507916080,7655330000000.0,0.156248286,350795000000.0,240173000000.0,-7157583100.0,15570782366.0
0,403313562,7676250000000.0,-0.20594449,88668299283.0,-117485000000.0,-88333381166.0,-25460178838.0
0,513561475,7150420000000.0,0.273355333,-642172000000.0,21673555398.0,609806807.0,40065883283.0
0,391592782,8236350000000.0,-0.237495799,-1577180000000.0,556016000000.0,-10678439502.0,60722289266.0
1,453393641,6939450000000.0,0.157819199,-391240000000.0,-7425171231.0,28527835113.0,77428143593.0
0,515599740,7316120000000.0,0.137201084,-727223000000.0,-22090030228.0,14073759070.0,173542000000.0
0,480057159,8267470000000.0,-0.068934443,-1377640000000.0,68855170698.0,92068244282.0,272207000000.0
0,695074881,10742800000000.0,0.447900251,-1789290000000.0,350213000000.0,63608384142.0,206743000000.0
0,619500714,10505500000000.0,-0.108728094,-2099180000000.0,-95673110432.0,-10723490389.0,430742000000.0
1,557018146,9122470000000.0,-0.100859558,-646788000000.0,-367430000000.0,86889851666.0,113166000000.0
0,699641582,9560330000000.0,0.256048097,-1004810000000.0,40051769712.0,-44322370066.0,57856324113.0
1,670388052,11055400000000.0,-0.041812166,328609000000.0,179207000000.0,308358000000.0,53966282574.0
0,369702818,7687100000000.0,-0.448524154,-689835000000.0,-135474000000.0,21739159945.0,174907000000.0
1,488618364,6687790000000.0,0.321651716,-243702000000.0,-64143907086.0,-334596020.0,111936000000.0
1,560339502,6510810000000.0,0.14678355,-118263000000.0,64528321115.0,-5848280889.0,94464244602.0
0,613173904,6725690000000.0,0.094289983,-458761000000.0,-47659695621.0,-31898896574.0,86849302137.0
1,601738661,6606300000000.0,-0.018649266,-351001000000.0,275057000000.0,-6456043288.0,56195835173.0
1,450985117,5649650000000.0,-0.250529929,-104503000000.0,-12839946026.0,-16348640640.0,78362304973.0
1,428977098,5239730000000.0,-0.048799879,-288341000000.0,-17446035020.0,-8928783020.0,56296074372.0
0,416680149,6182470000000.0,-0.028665747,-242055000000.0,-36492501044.0,4172620583.0,94348217496.0
1,538116134,7764180000000.0,0.291436934,-197009000000.0,546637000000.0,9302100838.0,63707325336.0
0,327935351,7272320000000.0,-0.390586287,-7382931153.0,-168273000000.0,-21164137684.0,-16024864196.0
1,403527737,8760600000000.0,0.230510025,614625000000.0,440507000000.0,1231577048.0,84366161670.0
1,454102177,7803350000000.0,0.125330765,-85933648957.0,138775000000.0,-69430310652.0,30563085304.0
1,547081468,9215170000000.0,0.204754119,693140000000.0,391034000000.0,-1698955739.0,57434984612.0
0,487488833,8435600000000.0,-0.108928265,-168645000000.0,-127311000000.0,22066889243.0,-8979589058.0
1,585492284,8327450000000.0,0.201037325,-166760000000.0,200587000000.0,28242651524.0,45241556483.0
1,546755132,8935450000000.0,-0.066161678,349804000000.0,126561000000.0,-19393639714.0,-8190873040.0
1,471635814,10270100000000.0,-0.137391153,130459000000.0,-236612000000.0,34951277324.0,-8169018241.0
0,485550305,8034850000000.0,0.029502617,68061412101.0,-218057000000.0,2239074552.0,91176153599.0
1,409749435,8527540000000.0,-0.15611332,152136203.0,310187000000.0,20451042742.0,26107972247.0
1,422459803,8746090000000.0,0.031019855,170616000000.0,-41868800245.0,20350965676.0,-59954992500.0
1,390503815,8893190000000.0,-0.075642671,476236000000.0,440114000000.0,15426535940.0,14148013174.0
0,339578793,7254020000000.0,-0.130408513,273687000000.0,-165488000000.0,-94146720606.0,4682821428.0
1,359706542,8025030000000.0,0.059272691,169782000000.0,148772000000.0,-42173233757.0,15607601432.0
0,313296021,6752440000000.0,-0.129023289,-113831000000.0,-91684923295.0,-18296727890.0,-24334665267.0
0,456989355,7661430000000.0,0.458650364,-114454000000.0,138762000000.0,-28432106948.0,-20734981520.0
1,371527419,7441130000000.0,-0.187010781,195029000000.0,84013804591.0,-2278591515.0,-5217059205.0
0,358064259,8965470000000.0,-0.036237325,-226489000000.0,-262497000000.0,-61466479207.0,8343597962.0
0,434024136,8659670000000.0,0.212140349,-58284123298.0,-113547000000.0,7324322914.0,-10737535317.0
1,380173138,8342810000000.0,-0.12407374,101795000000.0,372625000000.0,-10817713212.0,47458975378.0
0,318285651,7908810000000.0,-0.162787638,-75636719405.0,13003300666.0,4541113887.0,-20636821703.0
1,405473857,11238800000000.0,0.273930684,302587000000.0,756637000000.0,-33790635792.0,44791867826.0
1,448340888,10895600000000.0,0.105720826,294650000000.0,562080000000.0,-3392052032.0,68016030745.0
0,525661026,14803600000000.0,0.172458368,-611770000000.0,157545000000.0,-50512785457.0,14445323313.0
1,323603809,8062940000000.0,-0.384386909,128472000000.0,-190777000000.0,-29530823675.0,-8952510266.0
1,489937474,12106400000000.0,0.514004039,1054930000000.0,122400000000.0,35258802197.0,2869575028.0
1,556013446,13293000000000.0,0.134866132,984231000000.0,336998000000.0,-51910439428.0,61586656480.0
1,537617180,14030300000000.0,-0.033086009,979948000000.0,-453683000000.0,-59587537114.0,-111389000000.0
1,508184663,14289800000000.0,-0.054746236,633239000000.0,182454000000.0,-52322298027.0,-9048493815.0
1,393929540,12475000000000.0,-0.224829932,165559000000.0,384349000000.0,-68338670804.0,-27624097410.0
1,713705710,17344700000000.0,0.811759814,408052000000.0,-421590000000.0,151167000000.0,123979000000.0
0,931657602,17462800000000.0,0.30538062,121916000000.0,-340920000000.0,-75196282184.0,29296004837.0
1,726351750,14401100000000.0,-0.220366207,-322356000000.0,346635000000.0,-23042788392.0,-28386582974.0
1,939594106,17915900000000.0,0.293580013,-96735251099.0,227833000000.0,-45962319151.0,-111045000000.0
1,576548034,14668300000000.0,-0.386386068,286446000000.0,174091000000.0,-21805385275.0,-47541758021.0
1,433310535,13786600000000.0,-0.248439836,-87418957620.0,-91952282609.0,17086576619.0,-135588000000.0
1,484864681,17974800000000.0,0.118977366,562519000000.0,90759898596.0,-3765140423.0,11318992895.0
0,625650915,17879800000000.0,0.290361908,-368547000000.0,-856934000000.0,-6467508020.0,-16774804868.0
1,579200567,19107300000000.0,-0.074243235,443634000000.0,479219000000.0,-19710321056.0,-98400735170.0
1,644761399,19662600000000.0,0.113191933,-111398000000.0,-212779000000.0,-152991000000.0,-51986541705.0
0,460611798,17030600000000.0,-0.285608911,-580607000000.0,-155227000000.0,-100902000000.0,-46682955704.0
0,381633939,13970300000000.0,-0.171462953,-857925000000.0,266645000000.0,16764935778.0,-12772689265.0
1,464162919,13333800000000.0,0.216251679,-651344000000.0,522088000000.0,-7359262542.0,-30096619860.0
1,576016844,15184800000000.0,0.240979881,176453000000.0,520589000000.0,66074808160.0,-68827619645.0
0,696798456,14829900000000.0,0.209684167,-327290000000.0,310321000000.0,-89442871071.0,-1877611701.0
1,539120202,14883200000000.0,-0.226289615,645640000000.0,326391000000.0,71712261182.0,-6743727442.0
0,520763440,13571200000000.0,-0.034049479,162120000000.0,-159666000000.0,-108289000000.0,-79484086820.0
1,359404588,10204500000000.0,-0.309850576,-91190609722.0,-93888968626.0,64972410071.0,-59254783951.0
1,745793067,13491400000000.0,1.075079428,243965000000.0,5061412717.0,4736677378.0,-2578060207.0
1,642960883,12654900000000.0,-0.137882998,-412778000000.0,-139668000000.0,55748789432.0,3099022551.0
1,596571574,14124800000000.0,-0.072149504,472319000000.0,-131823000000.0,163928000000.0,44951482986.0
0,465292057,13342100000000.0,-0.220056608,325589000000.0,62412074481.0,-50660170349.0,4610589498.0
1,444035800,11565600000000.0,-0.045683688,371347000000.0,40976705347.0,-44884692933.0,-20497421543.0
1,419651712,12238800000000.0,-0.054914689,214193000000.0,-46441404870.0,-3029988153.0,28938628440.0
0,531498719,11328800000000.0,0.266523414,53420699064.0,-178239000000.0,-103405000000.0,-74792499649.0
1,424787619,15365400000000.0,-0.200773955,47171940790.0,245428000000.0,-21471232748.0,-13621028919.0
0,393449261,11939200000000.0,-0.073774179,189710000000.0,213768000000.0,-23131310118.0,-94179492988.0
1,343910781,10662300000000.0,-0.125908179,896067000000.0,66864532439.0,24425218883.0,-9315945629.0
0,378485911,11604700000000.0,0.100535173,-128916000000.0,13953518426.0,-92985182958.0,-76046275704.0
1,664826146,12201400000000.0,0.756541331,421943000000.0,379520000000.0,-61854811359.0,-103366000000.0
1,425499879,12993200000000.0,-0.359983235,743077000000.0,60911740850.0,43247309316.0,-15722061203.0
1,389290718,9822240000000.0,-0.085097935,268737000000.0,3963133357.0,44694186757.0,46425945691.0
1,502719579,13872900000000.0,0.291373145,480154000000.0,522311000000.0,33332993907.0,-66818993971.0
1,373203172,12769200000000.0,-0.257631515,604735000000.0,136156000000.0,-53437379060.0,-11909538891.0
1,338073688,12968500000000.0,-0.09412965,580085000000.0,319625000000.0,-10192121085.0,-15700722147.0
0,540323825,16455600000000.0,0.598242762,344405000000.0,-367654000000.0,-102029000000.0,-142725000000.0
0,507776245,15281200000000.0,-0.060237174,-656270000000.0,-461579000000.0,-255515000000.0,-19635300337.0
1,293453733,9724690000000.0,-0.422080619,82772693376.0,117770000000.0,47615279959.0,10392347608.0
1,273439606,10950200000000.0,-0.068201985,295269000000.0,-44602528461.0,42003566392.0,18927699525.0
1,327358365,11128300000000.0,0.197187086,281463000000.0,48345638704.0,-96530391390.0,-3897955063.0
1,327047544,11201400000000.0,-0.000949482,-17604897762.0,116428000000.0,-59278867324.0,40978001835.0
0,341443229,11401100000000.0,0.044017102,-159566000000.0,195900000000.0,-106220000000.0,-80220164964.0
0,304968427,10338900000000.0,-0.106825378,220245000000.0,41736260722.0,-72443713350.0,-90656602643.0
0,373217178,10165500000000.0,0.223789563,-59372183527.0,3495077882.0,-37712374821.0,21397450605.0
1,320069786,10352100000000.0,-0.142403392,636549000000.0,46540066807.0,-48483121091.0,-17067257225.0
1,441467896,10002200000000.0,0.379286379,-79961068780.0,151846000000.0,-3734437885.0,-78836194555.0
0,326132755,8941930000000.0,-0.261253745,-489617000000.0,139066000000.0,-13107388329.0,34778984795.0
0,285290653,8624170000000.0,-0.125231524,-454581000000.0,312826000000.0,-3164080845.0,-22153850933.0
0,335285191,11773600000000.0,0.175240715,-213683000000.0,619870000000.0,-44492370378.0,-72039799210.0
1,276915481,10893300000000.0,-0.174089735,-17115416031.0,-64360593619.0,53614094444.0,25171829060.0
1,236797098,8337520000000.0,-0.144875913,181721000000.0,33597315183.0,81168550096.0,10958318950.0
1,220165003,8091670000000.0,-0.070237748,118752000000.0,67474555655.0,43580166224.0,27972826651.0
0,325353201,12954900000000.0,0.477769839,-685983000000.0,-200437000000.0,-4860816787.0,-16108522489.0
1,281721035,8851870000000.0,-0.134107075,-203715000000.0,-87202490780.0,33556798120.0,17119095887.0
1,312188158,9875760000000.0,0.108146426,-24298916158.0,137200000000.0,30739552714.0,74751901807.0
0,245132452,8969310000000.0,-0.2147926,-372476000000.0,156319000000.0,-57929755210.0,-26994167382.0
0,260138455,8003230000000.0,0.061215897,-267420000000.0,-26371879503.0,-70714559789.0,14645842505.0
1,310678131,8676470000000.0,0.194279911,402175000000.0,-147961000000.0,12643551131.0,17380132401.0
1,335816449,8811870000000.0,0.080914347,436403000000.0,-261631000000.0,-30688242888.0,-64880315447.0
1,286255881,7977950000000.0,-0.147582312,203492000000.0,4507024653.0,8947485987.0,-21218993136.0
1,323844686,10942000000000.0,0.131311905,-137984000000.0,164625000000.0,-29780160854.0,-13789367320.0
1,372299882,8217820000000.0,0.149624799,231558000000.0,112947000000.0,-6396260566.0,-12974057207.0
1,439945501,10628600000000.0,0.18169659,684198000000.0,206376000000.0,6693625489.0,26981626354.0
1,564706848,13703500000000.0,0.283583641,1384840000000.0,907679000000.0,-6550243633.0,37276629176.0
1,435588829,14947000000000.0,-0.228646101,302374000000.0,1076120000000.0,-80618937466.0,-148903000000.0
1,448857492,13932300000000.0,0.03046144,1417200000000.0,711668000000.0,-204654000000.0,186317000000.0
1,378854245,12792700000000.0,-0.155958736,266836000000.0,60345432689.0,-48987386118.0,-56689780119.0
1,406214278,14058900000000.0,0.072217834,1798900000000.0,229252000000.0,-43433949486.0,13813197883.0
0,326609906,11611600000000.0,-0.195966455,-36144722867.0,-181508000000.0,-64053755185.0,43546933022.0
1,391177053,12409100000000.0,0.197688881,287661000000.0,312934000000.0,-22387590211.0,46741024261.0
0,348844702,15111300000000.0,-0.108217879,-306235000000.0,-89468626914.0,-67514766529.0,-59981201920.0
1,287867235,11996200000000.0,-0.174798318,568239000000.0,419610000000.0,-44861807877.0,-13659648631.0
1,358335419,12152400000000.0,0.244794042,336583000000.0,-33675933112.0,-34848083944.0,-29487174255.0
0,287145415,11807000000000.0,-0.198668622,-246547000000.0,387230000000.0,-28677446668.0,-95845033859.0
0,293074983,12640800000000.0,0.020650053,216448000000.0,212074000000.0,55903894523.0,-96224087517.0
0,399149806,12606200000000.0,0.361937488,-570417000000.0,-272432000000.0,-38953231022.0,-68660208836.0
1,416480046,10008900000000.0,0.043417884,448398000000.0,112922000000.0,105594000000.0,12595246939.0
0,526401520,11157400000000.0,0.263929749,25972753484.0,-209211000000.0,46191261910.0,-1657623813.0
1,493641155,12344600000000.0,-0.062234556,833324000000.0,149472000000.0,36645078234.0,-34906264253.0
1,402107231,19456100000000.0,-0.185426039,3139970000000.0,-6638937582.0,-26153987489.0,45041145467.0
1,407410846,19600800000000.0,0.013189554,1061360000000.0,-491977000000.0,-54935274671.0,83401703361.0
0,408033131,14270900000000.0,0.001527414,-823320000000.0,-380604000000.0,-12394052870.0,25232290956.0
0,734084905,18926400000000.0,0.799081617,555245000000.0,-421689000000.0,-51672435581.0,-35107716624.0
1,543606716,13879900000000.0,-0.259477055,162900000000.0,515785000000.0,70549152613.0,82202888456.0
1,495790790,17664800000000.0,-0.087960514,659143000000.0,676079000000.0,100184000000.0,98166933672.0
1,420769792,17268700000000.0,-0.151315836,442584000000.0,-23794686090.0,10539821316.0,-8032557205.0
1,410146751,14190600000000.0,-0.025246682,-247669000000.0,870378000000.0,-114421000000.0,3168542569.0
1,526854280,19373500000000.0,0.284550661,-18821013815.0,497026000000.0,-99873962571.0,49618162027.0
1,597215988,15451200000000.0,0.133550605,-701060000000.0,539876000000.0,157631000000.0,31725550553.0
0,423588471,16255700000000.0,-0.29072818,-409076000000.0,-179990000000.0,13488058741.0,-100713000000.0
1,426896560,17800800000000.0,0.007809677,584872000000.0,1082560000000.0,49696911063.0,73033574655.0
1,516998547,20122800000000.0,0.211062809,649465000000.0,691300000000.0,-105280000000.0,-88648147441.0
0,408224732,19719900000000.0,-0.210394818,-1641030000000.0,311249000000.0,-102059000000.0,-66622546139.0
1,466898421,22033200000000.0,0.143728893,-101820000000.0,1067950000000.0,-133684000000.0,-312267000000.0
1,566538268,24198300000000.0,0.213407976,-117759000000.0,-193009000000.0,-229680000000.0,-173382000000.0
1,408275232,22950400000000.0,-0.279351008,1316370000000.0,1166000000000.0,-62375553323.0,-156747000000.0
1,472676323,22728700000000.0,0.157739402,-796380000000.0,427711000000.0,-56410667374.0,-33198223741.0
0,423542560,20785700000000.0,-0.10394801,-2234930000000.0,-51385373466.0,-116612000000.0,-119547000000.0
0,594162840,29186200000000.0,0.402840933,-2069960000000.0,87405093093.0,-57809224195.0,58251975721.0
1,423420832,21483900000000.0,-0.287365679,-1700020000000.0,587947000000.0,189469000000.0,-36805466458.0
0,377049668,18794300000000.0,-0.109515547,-462510000000.0,163972000000.0,-137386000000.0,-68751991674.0
1,339514007,16685700000000.0,-0.099550972,-145214000000.0,922251000000.0,132992000000.0,64813593813.0
1,377553974,20118800000000.0,0.112042408,74380943249.0,367029000000.0,22061694723.0,-89869861481.0
1,334584453,15670700000000.0,-0.113810273,-426302000000.0,868655000000.0,13870437898.0,-45197406554.0
1,424188608,17517000000000.0,0.267807288,999718000000.0,-743483000000.0,1421739128.0,27502984530.0
0,399992380,17968600000000.0,-0.057041202,-2366780000000.0,-655162000000.0,-44878847933.0,-6664717015.0
1,344096599,14353000000000.0,-0.139742115,518285000000.0,5964690486.0,30020117961.0,-46707925574.0
0,319659628,14077500000000.0,-0.071017764,-552107000000.0,-428743000000.0,-43108537347.0,-59361695503.0
0,338241537,14586900000000.0,0.058130297,-1051160000000.0,461083000000.0,88744183243.0,5891802893.0
1,360281733,15143600000000.0,0.065161116,744766000000.0,747613000000.0,17378732171.0,-31443822134.0
0,319324121,14166900000000.0,-0.113682178,-2830800000000.0,411542000000.0,-59779950043.0,85078446938.0
0,373120108,21411300000000.0,0.168468285,-795651000000.0,1109490000000.0,63408149900.0,-22807985903.0
1,279293988,13275800000000.0,-0.251463585,-1710358096.0,19658363074.0,7340226117.0,-61109799874.0
1,295326951,15777700000000.0,0.057405328,523500000000.0,1037620000000.0,105238000000.0,36174018808.0
1,257854943,13009000000000.0,-0.12688313,157740000000.0,326073000000.0,72932154287.0,-562761869.0
0,241922807,11927300000000.0,-0.061787204,-2041030000000.0,839176000000.0,-70695237508.0,-136734000000.0
0,296914679,11805600000000.0,0.227311648,223582000000.0,-68894937864.0,29097125833.0,-96241820989.0
1,319034908,12439200000000.0,0.074500288,1220590000000.0,247529000000.0,33839413485.0,70784814352.0
1,290896486,13375700000000.0,-0.088198568,282947000000.0,487271000000.0,38087894573.0,62672496011.0
0,352043273,13716200000000.0,0.210201188,-697837000000.0,107091000000.0,-27535762591.0,52221708705.0
1,478512573,16308800000000.0,0.359243621,1000560000000.0,849020000000.0,85404353976.0,5782407832.0
1,395582936,15207800000000.0,-0.173307122,322693000000.0,-140826000000.0,40683727865.0,-15317346495.0
0,400643400,13328800000000.0,0.012792422,-90993089901.0,-98306205656.0,12330272182.0,99608405445.0
0,317901549,12625800000000.0,-0.206522436,373684000000.0,-102262000000.0,-95850854610.0,15652810287.0
0,539843372,20308400000000.0,0.698146403,364976000000.0,-688191000000.0,-20114981877.0,-17402709778.0
1,426616335,16545800000000.0,-0.209740534,46940837270.0,1438750000000.0,-83159725562.0,89195037509.0
0,346844575,15438300000000.0,-0.18698712,-959904000000.0,-391976000000.0,-52542669797.0,116583000000.0
0,373989521,16525600000000.0,0.078262565,-1035040000000.0,148110000000.0,-245897000000.0,13731755436.0
1,360955505,12968300000000.0,-0.034851287,-27789783436.0,379395000000.0,-19550443221.0,-28662042049.0
0,581445413,13077600000000.0,0.610850659,-346770000000.0,156281000000.0,-70579014311.0,-84632417818.0
1,442664473,16470400000000.0,-0.238682664,-747131000000.0,964184000000.0,-25140822642.0,-41242101262.0
1,315627058,13013700000000.0,-0.286983534,1114030000000.0,1622100000000.0,-34261909288.0,22809936437.0
1,385848331,13460700000000.0,0.222481791,954343000000.0,533262000000.0,-121146000000.0,-37383279005.0
0,363613812,12115000000000.0,-0.057625023,521577000000.0,252283000000.0,-26143810406.0,32658143047.0
1,510161651,16273600000000.0,0.403031552,1780690000000.0,529332000000.0,-23628157217.0,-97501817252.0
1,502393980,14535200000000.0,-0.015225901,335561000000.0,-363552000000.0,23932814520.0,37891796466.0
0,408198125,13213500000000.0,-0.187493996,-488565000000.0,-228969000000.0,-24765470947.0,-108411000000.0
1,406339246,17521800000000.0,-0.004553865,644674000000.0,-113813000000.0,-72899009835.0,-19584573734.0
1,513869696,22783800000000.0,0.264632203,2180760000000.0,-50824024231.0,-258789000000.0,-156431000000.0
1,498391270,25518200000000.0,-0.030121305,-630216000000.0,169737000000.0,-102988000000.0,-72388513137.0
1,553653981,29139900000000.0,0.110882181,1252140000000.0,-359417000000.0,-208994000000.0,-94664134975.0
1,440086040,27477000000000.0,-0.205124401,-106596000000.0,-854695000000.0,-185255000000.0,-150976000000.0
1,399219985,23478800000000.0,-0.09285924,-1611320000000.0,1165450000000.0,30207520740.0,52729192651.0
1,394752880,23073800000000.0,-0.011189583,-352282000000.0,568208000000.0,68006389349.0,-50105642889.0
1,429151090,25240600000000.0,0.087138592,-278948000000.0,776853000000.0,115893000000.0,2228284302.0
1,550416487,24217500000000.0,0.282570404,-378050000000.0,604532000000.0,-9543628245.0,14937573779.0
1,545175207,23826100000000.0,-0.009522389,353033000000.0,1457730000000.0,5505542209.0,-31187586300.0
1,720905827,26948200000000.0,0.322337879,436760000000.0,511408000000.0,20716797370.0,-90074934450.0
1,570841030,25214700000000.0,-0.208161443,549073000000.0,205387000000.0,-40148109337.0,-118800000000.0
0,667709207,27148800000000.0,0.169693788,115994000000.0,-208878000000.0,-87352942950.0,-172940000000.0
1,600101467,30093000000000.0,-0.101253269,445737000000.0,294640000000.0,-911081273.0,-56424073332.0
1,568624077,32919600000000.0,-0.052453446,-247776000000.0,316129000000.0,-19319038527.0,-204910000000.0
1,612601752,30017100000000.0,0.077340508,145085000000.0,928968000000.0,-85111772219.0,-271899000000.0
0,446903055,22843000000000.0,-0.270483551,-166444000000.0,-952834000000.0,-194990000000.0,-173034000000.0
1,476155582,28496400000000.0,0.065456091,845297000000.0,569523000000.0,-210512000000.0,-57240611682.0
1,593108778,30856500000000.0,0.24561971,393158000000.0,-571014000000.0,-145127000000.0,-90013754751.0
1,699659390,35870200000000.0,0.179647673,-1492300000000.0,156905000000.0,-117545000000.0,-119680000000.0
1,862540604,35493400000000.0,0.232800726,-1979220000000.0,-30925756867.0,-127843000000.0,-30656185831.0
0,572544402,32090600000000.0,-0.336211653,-2533010000000.0,-2175530000000.0,25161573975.0,-39924652613.0
1,672610151,30016000000000.0,0.174773779,717003000000.0,1451340000000.0,345242000000.0,95780604221.0
1,789920328,30433500000000.0,0.174410358,-937831000000.0,1494470000000.0,97387857906.0,29002873357.0
0,911910087,32385600000000.0,0.154432991,-5038460000000.0,-1882860000000.0,-37381490389.0,-98472024855.0
0,745763942,29912300000000.0,-0.182195753,-3327690000000.0,578179000000.0,156410000000.0,132300000000.0
1,617657784,26454100000000.0,-0.171778429,438874000000.0,2424430000000.0,195360000000.0,-86295633100.0
1,712267871,23275900000000.0,0.153175576,146939000000.0,744202000000.0,-42186713608.0,-97722886851.0
1,753767377,25625900000000.0,0.058263903,857205000000.0,522333000000.0,98025004975.0,-26289554822.0
1,750614562,32322600000000.0,-0.004182743,3007890000000.0,1081590000000.0,149066000000.0,72185511544.0
0,1290658558,30821000000000.0,0.719469117,-926809000000.0,180956000000.0,-93212124766.0,56325913582.0
1,1185838197,28946000000000.0,-0.081214633,-934502000000.0,1669060000000.0,59738858025.0,15370491816.0
1,1749302679,33119700000000.0,0.475161353,-744055000000.0,1935070000000.0,-52697642592.0,-142174000000.0
1,1477788942,32044100000000.0,-0.155212554,-1110920000000.0,532967000000.0,-168727000000.0,-268530000000.0
1,1602004836,31372700000000.0,0.084055233,-190307000000.0,2666860000000.0,-145061000000.0,-71765712033.0
1,1415254864,35284600000000.0,-0.116572664,-1305700000000.0,1993700000000.0,-307440000000.0,74951696394.0
1,1409623229,38930000000000.0,-0.003979237,-2110560000000.0,1637140000000.0,53949815743.0,-98071995959.0
0,1166057975,54939300000000.0,-0.172787486,-7081170000000.0,1104330000000.0,-225712000000.0,-228321000000.0
0,1227193147,52800600000000.0,0.05242893,-5173690000000.0,-728289000000.0,-49526905291.0,41182772768.0
0,1637605952,62882700000000.0,0.334432119,236681000000.0,-583022000000.0,-128662000000.0,-72745993641.0
1,1660710447,45309000000000.0,0.014108702,-156998000000.0,-1223410000000.0,-109227000000.0,-87153061190.0
1,1223019737,31402500000000.0,-0.263556306,-1951120000000.0,-597543000000.0,-178422000000.0,-174753000000.0
0,1026237730,33163900000000.0,-0.160898472,-3197930000000.0,-1171340000000.0,-199264000000.0,-101981000000.0
1,923209866,28713300000000.0,-0.10039376,1034420000000.0,744753000000.0,68223391071.0,-9321369642.0
1,1050946314,26619200000000.0,0.138361225,-254749000000.0,725399000000.0,34574324791.0,-89339267070.0
0,801306208,23698200000000.0,-0.2375384,-2391110000000.0,-74636557600.0,75972781322.0,-37404675330.0
0,907655536,23719700000000.0,0.13271996,-1459640000000.0,-949956000000.0,-117276000000.0,28454594636.0
1,1073859802,21760300000000.0,0.183113813,-851909000000.0,-104005000000.0,61546304743.0,41194926054.0
1,1135071024,22303800000000.0,0.05700113,-173311000000.0,427379000000.0,235289000000.0,84333393783.0
1,1143771673,26851800000000.0,0.00766529,888714000000.0,3098420000000.0,5529959875.0,95952881532.0
0,1184170077,22994700000000.0,0.03532034,-1883870000000.0,-665489000000.0,22655097073.0,-64937808613.0
1,1490805229,34025900000000.0,0.258945195,-1245540000000.0,456599000000.0,-79235923848.0,60613196498.0
0,1125619649,27243200000000.0,-0.244958612,-3698320000000.0,-3023870000000.0,-301286000000.0,-161667000000.0
1,1170517963,24932400000000.0,0.039887642,-1979350000000.0,1017820000000.0,9836232482.0,43456766681.0
1,763223598,24642100000000.0,-0.347960798,-1286630000000.0,2335150000000.0,36931488486.0,14664870051.0
0,925092573,25615300000000.0,0.212085915,-2950110000000.0,318460000000.0,-250294000000.0,-242276000000.0
0,900080937,23659300000000.0,-0.027036901,-3440000000000.0,418058000000.0,185452000000.0,-22801624440.0
0,727391077,20827500000000.0,-0.191860368,-2098110000000.0,744050000000.0,73020339258.0,-81150069311.0
0,1163312408,29837700000000.0,0.599294306,-3848070000000.0,947686000000.0,35211304974.0,-29135483347.0
1,958953275,28902400000000.0,-0.175670036,-627809000000.0,3430800000000.0,355241000000.0,-19186659596.0
0,1428159621,33290100000000.0,0.489290102,-140611000000.0,-1690040000000.0,-21279690102.0,9098014731.0
1,1185178392,22234600000000.0,-0.170135905,799478000000.0,283865000000.0,226640000000.0,-55740810705.0
1,1110507448,21761200000000.0,-0.06300397,-156381000000.0,759719000000.0,88929822132.0,-85005052024.0
1,990449091,23719400000000.0,-0.108111258,395027000000.0,-391764000000.0,73901897443.0,-81802493190.0
1,932610471,36307000000000.0,-0.058396358,1945310000000.0,2996000000000.0,-85300447664.0,-208288000000.0
0,1026732958,33473400000000.0,0.100923687,1718940000000.0,503975000000.0,-4949986854.0,4883453765.0
1,1002353584,23746100000000.0,-0.02374461,1063580000000.0,86835035681.0,-205944000000.0,-41563952931.0
0,1083211365,21456600000000.0,0.080667922,-461464000000.0,-481440000000.0,62410818785.0,-173326000000.0
1,889490621,27128600000000.0,-0.178839283,836735000000.0,1351330000000.0,-35274451186.0,-25564504203.0
1,923846153,31615600000000.0,0.038623827,489049000000.0,821352000000.0,-288473000000.0,-111565000000.0
1,925694636,27046800000000.0,0.002000856,474575000000.0,1246050000000.0,-58335460213.0,-29881550978.0
0,689739734,24619600000000.0,-0.254894965,-2003090000000.0,434298000000.0,-36835894694.0,-75665160462.0
1,692878455,23576500000000.0,0.004550587,-236993000000.0,518318000000.0,-42265612859.0,8038782666.0
1,792021737,31106000000000.0,0.143088995,1151610000000.0,975293000000.0,-17252123240.0,62175597531.0
1,900140335,31029100000000.0,0.136509635,-682178000000.0,-410155000000.0,28171950706.0,99531346289.0
1,1042392099,40604200000000.0,0.158032874,-85974429987.0,17672946443.0,-231502000000.0,19704265462.0
0,878200671,30202900000000.0,-0.157514076,-1949590000000.0,1038280000000.0,44552649569.0,-20150505393.0
1,842664190,33410300000000.0,-0.040465103,867495000000.0,1549230000000.0,-57967572105.0,-177051000000.0
1,1139472198,37622700000000.0,0.352225728,-193509000000.0,683874000000.0,-75276024272.0,-27744712124.0
1,717859460,31453300000000.0,-0.370007043,-613775000000.0,164611000000.0,107868000000.0,-2117024417.0
0,685459295,35808600000000.0,-0.045134413,-1462160000000.0,508920000000.0,-51584852115.0,35038595393.0
1,873008689,42696000000000.0,0.273611278,2945720000000.0,1915880000000.0,-48525429500.0,-50745653363.0
1,995691665,60000400000000.0,0.140528929,3109630000000.0,-828365000000.0,-457384000000.0,-159000000000.0
1,767462258,51112500000000.0,-0.22921695,-6717270000000.0,1761670000000.0,-283767000000.0,49415739537.0
1,523090848,40792700000000.0,-0.318414889,-5311730000000.0,1516640000000.0,-88730575062.0,-50195956799.0
1,731278789,51843400000000.0,0.397995763,-2836470000000.0,1002750000000.0,-267767000000.0,-294813000000.0
0,1021136121,67114600000000.0,0.39637049,-5625820000000.0,-620484000000.0,-35814357535.0,-185720000000.0
1,738739332,50464000000000.0,-0.276551562,-3758590000000.0,1885210000000.0,-11519487397.0,-236260000000.0
1,849941546,51696900000000.0,0.150529705,-2167990000000.0,1261790000000.0,-374807000000.0,-193336000000.0
