Date,Target,US_Interest_Rate_10Y__diff1,US_Interest_Rate_3Y__diff1,KR_Interest_Rate_10Y__diff1,KR_Interest_Rate_3Y__diff1,US_Spread_10Y_3Y__diff1,KR_Spread_10Y_3Y__diff1,VIX,S&P500__logdiff1,Nikkei225__logdiff1,TaiwanWeighted__logdiff1,USD_KRW__logdiff1,Dollar_Index__logdiff1,Log_Return,RSI_14,ATR_14__logdiff1,Volatility_20__logdiff1,MACD__diff1,Volume_ROC,Net_Purchase_Investment_Trust,Net_Purchase_Pension_Fund,Net_Purchase_Financial_Investment,Net_Purchase_Foreigner,Volume,Transaction_Value__logdiff1
2023-05-04,0,-0.06,-0.09,-0.048,-0.054,0.03,0.006000043,17.78000069,-0.012040088,0,-0.005326758,-0.000364971,-0.006099407,-0.009148871,36.82574769,0.003820657,0.037916467,-2.32841092,0.268336491,-24640022215,-19957725851,-1.92E+11,-91428316585,889609358,-0.007067167
2023-05-08,1,-0.01,-0.11,-0.046,-0.071,0.1,0.025000097,18.34000015,-0.007022908,0,0.003569693,-0.00528105,0.000591942,-0.000183898,32.78127401,-0.039838834,-0.012853044,-1.990463705,-0.089287632,7450229244,-63699621016,-2.61E+11,39620053616,810178245,0.01308524
2023-05-09,0,0.15,0.23,0.032,0.051,-0.08,-0.019000055,20.09000015,-0.007244913,-0.007161487,0.005783733,-0.013777526,-0.00029589,0.004894167,33.69876222,0.010262155,-0.095078653,-0.687509874,-0.190874254,35558512859,-1.12E+11,4.46E+11,2.53E+11,655536077,-0.082295243
2023-05-10,0,0.01,-0.03,0.008,-0.005,0.04,0.013000011,16.97999954,0.018758193,0.010067995,0.001790158,0.004129835,0.002659937,-0.001254124,31.44964835,0.008924179,-0.073153638,-0.888921468,0.146614126,7424806742,28258174569,14371563962,1.15E+11,751646926,0.015086493
2023-05-11,0,-0.1,-0.12,0.023,0.017,0.02,0.006000044,17.70999908,-0.004589939,-0.004134012,-0.005479256,0.00274878,-0.001575384,-0.00541292,29.97524765,-0.009173457,-0.026393549,-1.866233732,-0.154343594,-4684242130,-61461501851,-1.11E+11,1.16E+11,635635038,-0.048202102
2023-05-12,0,-0.04,0.01,-0.049,-0.053,-0.05,0.00399995,16.94000053,0.004473942,0.000155917,-0.008160174,-0.006051227,0.005699084,-0.002209524,27.60727819,0.027539917,-0.154437247,-1.969295965,0.019664347,26152016461,17623274813,13706685978,1829048943,648134386,0.010050336
2023-05-15,1,0.07,0.09,-0.018,0.005,-0.02,-0.023000005,16.93000031,-0.001698065,0.008940673,-0.000791779,0.008935308,0.006056507,-0.006274189,27.0864247,-0.012107173,0.015353863,-2.830910905,0.231580992,-13548821653,-34266627,-61425594326,-2.47E+11,798229990,-0.046625841
2023-05-16,1,0.04,0.02,0.058,0.054,0.02,0.003999948,17.03000069,-0.001584562,0.008067163,-0.001763256,0.008714598,-0.002437718,0.001586421,31.57958049,-0.02045449,-0.020138177,-1.917330723,-0.392950908,4991779430,48066738562,91931794877,-49794741705,484564791,-0.216182966
2023-05-17,1,0.04,0.07,-0.029,-0.037,-0.03,0.007999897,17.12000084,0.002953798,0.007286154,0.012767897,-0.004572424,0.001268328,0.000358857,36.18419103,-0.005661505,-0.02262633,-1.422242564,0.297543248,-1689197625,902871183,-12011852011,2.28E+11,628743773,0.156212961
2023-05-18,1,0.03,0.06,0.016,0.032,-0.03,-0.015999794,17.98999977,-0.006398108,0.008362208,0.015911481,0.005250554,0.003115264,0.005797086,52.06589841,-0.10510856,0.037511682,0.061173488,-0.102318618,36099119311,57824376465,39718012319,1.64E+11,564411579,-0.113773778
2023-05-19,1,0.08,0.14,0.048,0.042,-0.06,0.006000044,16.87000084,0.011820689,0.015835488,0.011027614,-0.006187042,0.006781044,0.008279386,59.98688769,0.011000094,0.069838187,1.726861905,0.014799487,17219251298,10270990698,-84102266428,5.38E+11,572764581,0.074701385
2023-05-22,1,0.05,0.04,0.052,0.024,0.01,0.027999876,16.04999924,0.009400723,0.00763807,0.004525862,0.000442106,-0.003675455,0.008861841,62.76297897,-0.03206924,0.059417855,3.14384472,-0.004656601,16815142051,-1.16E+11,6.57E+11,5.58E+11,570097445,0.167647146
2023-05-23,1,0.02,0,-0.021,-0.019,0.02,-0.002000096,16.80999947,-0.001446914,0.008998201,0.000369005,-0.007920483,0,0.007572374,65.6013143,0.009601465,0.028002584,3.970887916,0.041260532,-8779370836,17149190029,5.17E+11,2.99E+11,593619969,-0.113850561
2023-05-24,0,-0.02,0.01,0.075,0.052,-0.03,0.02300024,17.20999908,0.000155023,-0.004159943,0.000441202,-0.007869524,0.002806146,0.004086143,63.02829046,-0.008363439,-0.024764705,3.870008747,-0.029605827,-16820874351,45130308340,3.54E+11,-53533549246,576045359,-0.098482075
2023-05-25,0,0.03,0.05,0.029,0.005,-0.02,0.02399993,18.53000069,-0.011285469,-0.008925687,-0.001775105,0.004563989,0.003857672,-3.90E-05,73.13482867,-0.030211823,-0.051621779,2.90367337,0.861728423,-32629028741,39268859617,-1.39E+11,93525128152,1072440018,0.059991911
2023-05-26,1,0.1,0.17,0.095,0.102,-0.07,-0.007000205,20.03000069,-0.007345513,0.00385309,0.008177198,-0.001000581,0.003075444,-0.004982307,67.3330856,0.024236744,-0.145914506,1.10357518,-0.144424424,-12419225686,-83975340772,-4.85E+11,2.24E+11,917553486,0.175972329
2023-05-30,1,-0.03,0.02,0.042,0.044,-0.05,-0.001999855,19.13999939,0.008719456,0.003732489,0.012992252,0.009337992,0,0.001611467,65.52075439,-0.036330367,-0.008728893,1.02722832,-0.308204793,-35711185502,-1.03E+11,-3.16E+11,9.11E+11,634759104,-0.002125399
2023-05-31,0,-0.11,-0.13,0.012,0.036,0.02,-0.02399993,17.95000076,0.012964681,0.013233485,0.007105209,-0.004744951,-0.000383923,0.010384326,72.13415525,0.02684656,0.061041642,2.75774492,0.010850512,-70407557933,-23858403022,52958933936,6.75E+11,641646565,0.166235419
2023-06-01,0,-0.05,-0.06,-0.119,-0.101,0.01,-0.018000126,17.45999908,1.66E-05,-0.014153477,-0.002637173,-0.003630289,0.001438933,-0.003254114,74.38145297,-0.004451379,0.019085973,1.28134866,0.069415523,-37316050290,-74439754507,-34180566216,2.16E+11,686186797,0.307749636
2023-06-02,1,-0.03,-0.06,0.017,0.019,0.03,-0.001999854,17.94000053,-0.006127358,0.00838645,-0.004007701,0.00147638,-0.007311964,-0.003089683,73.2994618,-0.028165577,-0.03683707,0.14589975,-0.01596265,-64976192345,-89826988954,-1.52E+11,-8205036565,675233437,-0.498757458
2023-06-05,1,0.08,0.15,-0.054,-0.042,-0.07,-0.012000323,15.64999962,0.009806215,0.01200581,0.011695638,-0.006748714,0.004432024,0.012451567,84.15593909,0.044423947,0.008570755,2.45672201,-0.156410938,50570760983,-41529220660,1.86E+11,3.73E+11,569619542,0.022642477
2023-06-07,1,0,-0.03,0.066,0.066,0.03,2.38E-07,14.60000038,0.014429812,0.021751439,0.000449984,-0.005890002,-0.000192257,0.005386413,84.98037261,-0.019594908,0.00472367,2.79210254,-0.041676651,39623511662,32891565367,2.99E+11,-19511906838,545879707,-0.09031203
2023-06-08,0,0.1,0.11,-0.039,-0.031,-0.01,-0.007999895,14.72999954,-0.002005591,-0.009470956,0.012370544,-0.004561673,0.000961062,7.27E-05,84.92613941,-0.02429821,-0.002973232,1.9174356,-0.015137005,-5509195087,-27170606428,4.03E+11,-40297072056,537616723,0.174119988
2023-06-09,1,-0.06,-0.04,0.11,0.072,-0.02,0.03799987,13.93999958,-0.001468164,-0.008574379,-0.011218924,0.007010479,-0.007327474,-0.001817678,81.55445375,-0.010289996,0.003337124,0.81621524,0.081300399,31205733976,22177453652,2.29E+11,-3.84E+11,581325177,0.119959315
2023-06-12,0,0.02,0.06,-0.019,-0.037,-0.04,0.017999884,13.64999962,0.006169572,0.019526051,0.009084568,-0.009221971,0.002126645,0.011542305,82.4658553,0.043082331,0.018765172,2.74092847,0.003257829,94071048993,-2906622654,2.72E+11,4.81E+11,583219035,-0.035401927
2023-06-13,1,-0.02,-0.07,-0.037,-0.013,0.05,-0.023999929,13.82999992,0.001147401,0.005218938,0.00407596,-0.007464178,0.000675705,-0.004481477,75.00273341,0.013132637,0.021920559,0.85768863,-0.044859037,-24320651857,-1.54E+11,2.41E+11,-3.42E+11,557056391,-0.169432012
2023-06-14,0,0.11,0.14,0.002,-0.009,-0.03,0.011000155,15.01000023,0.009277975,0.017865251,0.015289465,-0.001641201,-0.00280235,0.003265377,73.4527911,-0.046524813,-0.070292392,1.00056324,0.246409784,-10779867124,-2.31E+11,4.29E+11,1.37E+11,694320536,0.178400682
2023-06-15,0,-0.01,0.07,0.057,0.061,-0.08,-0.004000186,14.60999966,0.006908571,0.014545225,0.001250395,-0.01329066,-0.003198396,-0.007178941,64.24978767,0.027456005,0.082589587,-1.09021759,-0.057489419,27831824145,-1.68E+11,-6524523412,1.13E+11,654404452,0.156698452
2023-06-16,1,-0.11,-0.14,0.05,0.081,0.03,-0.030999899,13.88000011,0.00081909,-0.000505572,0.005602045,0.005012577,-0.008677472,-0.004032448,60.74252035,0.045941967,0.028760424,-2.05138145,-0.109973442,-16651753314,-2.10E+11,78906405394,-64115208893,582437342,-0.130265195
2023-06-19,0,0.05,0.09,-0.028,-0.041,-0.04,0.013000015,14.5,0.01210458,0.006566022,-0.002661188,-0.003097392,0.001761084,0.006591125,68.16189585,-0.019692812,0.004114115,-0.56418326,0.156644673,6384164616,-1.08E+11,-1.22E+11,4.28E+11,673673049,0.091349779
2023-06-20,0,0,0,-0.024,-0.002,0,-0.022000078,13.53999996,-0.003678376,-0.010008246,-0.000830334,0.00491684,0,-0.006223186,62.19037621,0.035878162,0.023429563,-2.06812873,0.068098308,-23908851758,-1.97E+11,2.30E+11,-3.60E+11,719549044,-0.126751706
2023-06-21,0,-0.03,-0.03,0.009,-0.016,0,0.025000098,13.53999996,0,0.000553879,-0.005203248,0.005414974,0.002343272,-0.00176054,55.21823402,-0.044137928,-0.029185836,-2.28953574,0.004157817,-12371268810,-92494181083,54014798597,-2.81E+11,722540797,-0.018182319
2023-06-22,1,-0.02,0,-0.021,0.004,-0.02,-0.025000098,13.88000011,-0.004746354,0.005562117,0.001017249,0.003345329,-0.004594126,-0.008589878,51.37971848,0.015951843,0.031548106,-3.8480746,-0.086835688,-21982924145,-96729857377,49997720039,-2.00E+11,659798470,-0.018519048
2023-06-23,0,0.08,0.08,0.026,0.021,0,0.005000115,13.19999981,-0.005259086,-0.009283778,0,0.000652168,0.003130196,0.004277195,56.04814195,0.021535464,0.000942359,-2.3648927,-0.070592905,13416725259,1.40E+11,79027112090,-1.07E+11,613221379,-0.179708152
2023-06-26,1,-0.06,-0.05,0.016,0.017,-0.01,-0.000999927,12.90999985,0.003703931,-0.01463663,0,0.007600743,0.004968612,-0.009140562,41.95157152,0.001621109,0.056078399,-3.94159704,-0.138472062,-26957872725,-14954388654,-3.91E+11,-1.88E+11,528307350,-0.044604306
2023-06-27,0,-0.02,-0.02,-0.052,-0.041,0,-0.011000157,13.43999958,-0.007688288,-0.002526821,-0.008356926,0.007260599,-0.002042893,0.004696883,41.36279706,0.018230284,-0.005080787,-2.28414834,-0.088124536,-16122451726,-20915421468,2.76E+11,15003253159,481750510,-0.012948974
2023-06-28,0,0.05,0.08,-0.008,-0.03,-0.03,0.021999837,14.25,-0.004496934,-0.004919921,-0.010094594,-0.003838607,-0.001949552,-0.000313758,41.13125053,-0.007711988,-0.000375991,-1.989397773,0.117817694,10904615920,1.18E+11,-1.62E+11,-1.08E+11,538509244,0.017616427
2023-06-29,0,-0.06,-0.06,0.008,0.019,0,-0.01099968,13.73999977,0.011390734,0.019950002,0.002822325,-0.004662919,0.004089643,-0.006685356,38.63717437,0.032108808,-0.039464698,-3.043252469,-0.092368485,-8638474844,10069135500,87539481672,-3.92E+11,488767961,0.025288704
2023-06-30,1,0.14,0.17,0.015,0.027,-0.03,-0.012000323,13.43000031,-0.000354139,0.001208896,0.000393762,0.009525699,0.004169631,-0.005541406,25.91178752,-0.018263796,0.011625081,-3.592529421,0.236800851,16699257815,24163096986,-2.29E+11,55313840334,604508630,0.00113443
2023-07-03,1,-0.04,0,0.049,0.078,-0.04,-0.028999806,13.53999996,0.004463568,-0.001358007,-0.001580829,0.010683619,-0.004169631,0.005576539,33.02191957,0.006806805,0.01695549,-1.71401933,-0.154794885,10497416523,48310428301,1.90E+11,-1.78E+11,510933786,-0.071668947
2023-07-04,0,0.05,0.07,-0.068,-0.049,-0.02,-0.018999815,13.59000015,0.01219435,0.016859351,0.009921344,-0.005889939,0.00077702,0.014783234,41.98082806,0.06890155,0.037904263,1.686221234,0.209562174,64401304737,-2.18E+11,8.76E+11,-13324597690,618006181,0.088532753
2023-07-05,0,0,0,0.016,0.006,0,0.009999753,13.56999969,0.001169993,-0.009849114,0.003305795,-0.007019235,0,-0.003525908,43.90807808,-0.03606339,-0.011700311,0.553814886,0.091268348,-1532098821,-2.70E+11,-3805616772,-59437290111,674410584,0.020960503
2023-07-06,0,0.09,0.03,0.021,-0.001,0.06,0.022000074,13.56999969,0,-0.002511049,-0.004932568,-0.008148858,0.003682935,-0.005533348,43.13915168,-0.024285298,0.014051689,-0.750547241,-0.108719971,3462530865,-56753342379,-5.79E+11,2.56E+11,601088685,0.117297717
2023-07-07,0,0.1,0.09,0.069,0.058,0.01,0.010999917,14.18000031,-0.001970258,-0.017113259,-0.017402684,0.005749531,-0.001936715,-0.008844723,34.2574794,0.032024254,0.034475651,-2.434007816,-0.115105098,-54386264848,2.43E+11,-5.60E+11,-1.68E+11,531900313,0
2023-07-10,0,0.01,-0.04,0.048,0.059,0.05,-0.010999917,15.43999958,-0.007954061,-0.011804653,-0.005861195,0.004785266,-0.008761754,-0.011638958,32.31207216,0.044288312,-0.040809393,-4.273263964,0.152969889,-1.90E+11,16867127198,-3.51E+11,-45069398717,613265045,0.009661911
2023-07-11,1,-0.05,-0.1,0.102,0.06,0.05,0.041999817,14.82999992,-0.002869213,-0.006153477,-0.000684945,-0.009092383,-0.002937677,-0.002381424,32.11720838,0.02353178,-0.003089369,-3.785345078,-0.083885241,29933482880,15771050352,-1.72E+11,-1.56E+11,561821159,-0.069679921
2023-07-12,1,-0.02,-0.02,-0.105,-0.092,0,-0.01300001,15.06999969,0.002402139,0.000429853,0.014670715,0.001671251,-0.002356386,0.016442817,46.05037752,0.042667437,0.152480878,0.453174698,0.057516052,18476209359,69080511617,82297714481,2.69E+11,594134894,0.088728116
2023-07-13,1,-0.13,-0.16,-0.002,0.001,0.03,-0.002999784,14.84000015,0.006719584,-0.008095157,0.003728143,-0.006198302,-0.011965599,0.004761341,46.29470405,-0.004186059,-0.000575353,1.410720563,0.173006656,40968801970,29429726291,-74975559341,2.19E+11,696924185,0.219362828
2023-07-14,1,-0.1,-0.15,-0.099,-0.102,0.05,0.003000021,13.53999996,0.007383905,0.014772684,0.00584135,-0.013101266,-0.007489176,0.00639188,54.24244088,-0.013518426,0.015617154,2.486284812,-0.159649228,1.31E+11,-52237443665,3.49E+11,2.17E+11,585660777,0.007547206
2023-07-17,0,0.07,0.14,0.028,0.012,-0.07,0.015999793,13.60999966,0.008434483,-0.000866226,0.012945869,-0.006193136,0.001402314,0.014204609,58.41242658,0.035125409,0.062657241,4.940748259,-0.027056051,14593734525,50471717790,7.89E+11,6.15E+11,569815109,0.072495502
2023-07-18,0,-0.02,-0.01,-0.025,-0.003,-0.01,-0.021999835,13.34000015,-0.001024932,0,0.002922073,0.00119125,-0.000700949,-0.003544702,56.65689205,0.007654831,-0.00992307,3.108415419,-0.033774371,-58337179548,-1.32E+11,5687841480,-1.65E+11,550569962,-0.200670695
2023-07-19,1,-0.01,0.01,-0.009,-0.015,-0.02,0.006000042,13.47999954,0.00384797,0.003163465,-0.006155814,-0.002281181,0.001001162,-0.004354593,57.8487346,-0.01209493,0.006126318,1.471490792,-0.104197068,-27827559934,-2606983094,-2.53E+11,-1.55E+11,493202186,0.025317808
2023-07-20,0,-0.05,-0.01,-0.076,-0.053,-0.04,-0.023000002,13.30000019,0.007092067,0.012299929,-0.006491379,-0.000403108,0.003396231,0.000237688,61.0633929,-0.009218508,-0.029916386,1.129476344,-0.107721209,-31643799987,48754019427,-2.12E+11,-40280153577,440073850,-0.068992871
2023-07-21,1,0.1,0.09,0.031,0.038,0.01,-0.007000208,13.76000023,0.002355135,-0.01240368,0.002826682,0.000118595,0.005965404,-0.003075765,56.99769707,-0.018593069,-0.0016835,0.16022108,-0.153858585,-19656863803,44302897232,-2.71E+11,1.63E+11,372364710,-0.167784871
2023-07-24,1,-0.01,0.01,0.03,0.021,-0.02,0.009000063,13.98999977,-0.006779827,-0.005749539,-0.007848503,0.010466076,0.001881678,0.003658372,51.59722193,-0.003028809,-0.033205987,0.798212568,0.347796807,-7849825643,-7713771300,17545949523,-2.90E+11,501871967,0.261470355
2023-07-25,1,0.02,0.04,0.004,0.015,-0.02,-0.010999918,13.60000038,0.000324042,0.012205006,0.000170863,0.005655131,0.002766515,0.007166499,57.40475161,0.062928778,0.010499858,2.026060247,0.054777519,1892885189,-37238109281,-2.23E+11,-1.71E+11,529363268,0.440089073
2023-07-26,0,0.05,0.05,0.044,0.028,0,0.016000032,13.90999985,0.004026039,-0.000563741,0.009656469,-0.003990368,0,0.003012328,62.41357922,0.00432386,0.001032534,2.10022381,0.366682565,-99706387904,-39124282022,43905183219,-1.35E+12,723471549,0.005221944
2023-07-27,1,-0.05,-0.06,-0.026,-0.018,0.01,-0.008000135,13.85999966,0.00281072,-0.000433657,-0.002115154,-0.005018337,-0.00454905,-0.016868394,57.13326979,0.069976384,0.095602968,-2.01612919,0.15292233,-1.32E+11,-18026845243,2.48E+11,-9.47E+11,834106504,0.636907462
2023-07-28,1,0.15,0.11,-0.021,-0.04,0.04,0.019000291,13.18999958,-0.000155451,0.006797525,0.004608116,0.000823797,0.008684523,0.00440708,66.425265,-0.022793403,-0.009292943,-0.786892792,-0.287665707,-38620439415,-68439674010,4.93E+11,82278490784,594162667,-0.409605901
2023-07-31,1,-0.05,-0.06,0.091,0.048,0.01,0.042999745,14.40999985,-0.006445393,-0.004019165,0.002959883,0.006807209,-0.001474939,0.001730583,68.78649813,0.002886405,-0.007255657,-0.368461962,-0.152980613,-31609777270,-84250387368,-2.83E+11,60211856009,503267298,-0.360832954
2023-08-01,1,0.01,-0.01,0.033,0.046,0.02,-0.013000015,13.32999992,0.009829376,0.012527972,-0.008566082,-0.008989713,0.002358935,0.009258021,66.24940711,-0.024887267,-0.045920546,1.539066034,-0.097412767,-5869470172,-37728782982,-83756810865,-2.92E+11,454242638,-0.067718174
2023-08-02,0,0.08,0.06,-0.034,-0.034,0.02,0,13.63000011,0.001467636,0.009133293,0.003925662,0.00434459,0.004310376,0.013016134,69.40701445,0.035209325,0.045683717,3.83209562,0.086739127,67499779327,-40045355102,2.66E+11,1.98E+11,493643248,0.012658397
2023-08-03,0,0.03,-0.03,0.066,0.03,0.06,0.03600002,13.93000031,-0.002668645,-0.023235832,-0.018714735,0.008663927,0.002830723,-0.019154447,54.63936679,0.061533195,0.11420147,-1.2028551,0.427496162,-98655960387,-56359337376,-4.35E+11,-70146532016,704673842,0.006269613
2023-08-04,0,0.12,0.04,0.068,0.037,0.08,0.03100013,16.09000015,-0.0139362,-0.016909167,0,0.004890814,-0.000487451,-0.004243735,45.34402791,-0.006286171,-0.019356805,-1.98131517,0.120257665,-2610524450,-1.57E+11,-4.91E+11,-1.51E+11,789416273,-0.071227509
2023-08-07,0,-0.15,-0.13,0.015,0.024,-0.02,-0.00900006,15.92000008,-0.002551225,0.001040238,-0.002967081,0.000794846,-0.005084136,-0.000994527,46.61541459,-0.00612965,-0.048928529,-1.891357036,-0.181990312,29789231937,-99918483580,-1.48E+11,-2.45E+11,645750159,-0.30346594
2023-08-08,0,0.04,-0.01,-0.062,-0.049,0.05,-0.01300001,17.10000038,-0.005314169,0.001918174,0.009002528,0.005116497,0.00029408,-0.008523268,44.61860989,0.000934221,0.02601119,-3.354898118,-0.219402809,-27169783821,-1.11E+11,-1.69E+11,2.81E+11,504070760,0.078643127
2023-08-09,1,-0.07,-0.08,-0.074,-0.042,0.01,-0.032000065,15.77000046,0.008983619,0.003797776,-0.007022108,0.003600395,0.004692507,-0.002611208,43.3122464,0.019858791,-0.077817197,-3.238006945,0.266525977,-25243400368,-1.27E+11,-2.73E+11,-1.42E+11,638418712,0.041158072
2023-08-10,0,-0.02,0.05,0.034,0.025,-0.07,0.009000065,15.98999977,-0.004227205,-0.005356304,-0.000363332,0.006797752,-0.000390215,0.012025453,50.87552125,0.027184902,0.039639264,-0.088547168,-0.267680093,-64682010361,-26623506531,-1.59E+11,3.66E+11,467526732,-0.185552577
2023-08-11,0,0.09,0.06,0.012,0.015,0.03,-0.00300002,15.96000004,-0.007063619,0.008328085,-0.014101754,-0.002303934,0.000292656,-0.001367497,48.49982625,-0.051154529,-0.010918085,-0.388119365,0.215235558,-47709033284,-57959444574,8214190140,-2.33E+11,568155109,0.09265883
2023-08-14,0,0.07,0.09,0.038,0.011,-0.02,0.02699995,15.85000038,0.000250682,0,-0.002012834,0.003563829,0.003116478,-0.00396704,42.96340888,-0.03087781,-0.070265724,-1.156066954,0.188742198,52357085949,-61792240669,9618551605,-1.91E+11,675389953,-0.073427469
2023-08-16,0,0.03,0.08,0.065,0.049,-0.05,0.01600003,14.84000015,-0.001070265,-0.012822658,-0.012583309,0.008519904,0.003397626,-0.007899839,38.17306168,0.013220746,0.016232018,-2.549448559,-0.075530152,-2502191745,-34198056616,-2.65E+11,-1.20E+11,624377647,-0.048790164
2023-08-17,0,0.09,0.04,-0.022,-0.035,0.05,0.01300025,14.81999969,0.005734005,-0.009183986,0.003234986,0.006843211,0.002226377,-0.017749955,38.01808122,-0.018426733,0.089552624,-5.59364071,0.09730965,-1.02E+11,18237382266,-1.76E+11,-1898044111,685135617,0.182321557
2023-08-18,0,0.02,-0.01,0.109,0.076,0.03,0.03299975,16.78000069,-0.019202221,-0.004442792,0.004239907,0.003422708,0.000193408,-0.002295039,34.60920172,0.027481039,-0.001001477,-4.768701245,0.072974059,34867160839,-21794190917,-1.35E+11,-1229151556,735132744,-0.114662908
2023-08-21,1,-0.04,-0.04,-0.062,-0.059,0,-0.00300002,17.88999939,-0.007742811,-0.005556426,-0.008228554,-0.003168795,-0.000580264,-0.006110301,31.69606078,0.015294333,0.005282308,-4.8306822,-0.241246377,-6884108879,-29293162299,-1.86E+11,-1.08E+11,557784633,0.009302393
2023-08-22,1,0.08,0.07,0.059,0.066,0.01,-0.00699997,17.29999924,-0.000148718,0.003646066,1.10E-05,6.73E-05,-0.000483726,0.001715457,26.52483491,-0.024592396,-0.005584562,-3.25665923,-0.283847766,13796593680,-23363288732,36200932204,-34008655799,399458711,-0.237129793
2023-08-23,0,0,0.05,0.013,0.007,-0.05,0.00600005,17.12999916,0.006855635,0.009178857,0.003419911,0.000425506,0.002223364,0.00276242,17.95081001,-0.024712008,-0.019843876,-1.77574769,0.181119745,33334206,-28011446799,-13252495253,-14806143234,471808571,0.084367039
2023-08-24,1,-0.15,-0.11,-0.066,-0.031,-0.04,-0.03499985,16.96999931,-0.002781331,0.004808405,0.008438219,-3.74E-05,-0.001933086,-0.004078676,21.65231611,-0.089601244,-0.008568898,-1.96573181,0.159728198,-63778763073,-51835317928,40541331832,20622541049,547169704,-0.077349466
2023-08-25,0,0.04,0.05,-0.042,-0.012,-0.01,-0.03000021,15.97999954,0.010984331,0.008614736,0.011633218,-0.008929803,0.00598056,0.012761935,34.38640028,-0.000522466,-0.004870818,1.29174714,-0.193778156,28619640312,47429944502,1.22E+11,1.11E+11,441140168,0.16310151
2023-08-28,1,0.02,0.03,0.057,0.03,-0.01,0.02699995,17.20000076,-0.013549354,-0.020746048,-0.017400003,-0.000874046,0.000961246,-0.00733272,32.03023069,0.052627046,0.000812701,-0.21685531,0.308844431,-19674114025,28197277830,-1.80E+11,-1.92E+11,577383852,-0.196279909
2023-08-29,1,-0.05,-0.03,-0.063,-0.03,-0.02,-0.032999994,15.68000031,0.006695501,0.01710888,0.001678023,-0.00227151,-0.000192219,0.009588135,42.06247526,-0.005636384,0.036067892,2.0187099,-0.16245048,80218616141,25465344457,1.67E+11,-13515475702,483587568,-0.009685306
2023-08-30,1,-0.08,-0.13,-0.028,-0.019,0.05,-0.008999826,15.07999992,0.006245079,0.001769664,0.006904982,-0.00059706,-0.004913015,0.003434359,45.39622591,-0.047887995,-0.028915786,2.50915162,-0.08730935,8275556226,21964499226,-5316486785,-1.61E+11,441365852,0.007272759
2023-08-31,0,0,0.01,0.006,-0.008,-0.01,0.0139997,14.44999981,0.014404069,0.003298935,0.005768457,-0.001323807,-0.003773401,0.003543671,39.78591983,-0.021504592,-0.067207514,2.88954054,-0.175280554,-11821751819,1330609779,2.23E+11,-16495437008,364003001,-0.063572804
2023-09-01,1,-0.03,-0.03,-0.029,-0.021,0,-0.00799966,13.88000011,0.003825854,0.008802723,-0.005115421,0.001482609,0.004449171,-0.001934524,39.53025316,0.01324988,-0.132307767,2.0370292,0.299903582,-51354930376,-29397802841,3.01E+11,-2.16E+11,473168805,0.374532561
2023-09-04,1,0.09,0.03,-0.043,-0.022,0.06,-0.020999905,13.56999969,-0.001598213,0.00279441,0.000626794,0.001216153,0.005965525,0.002906241,43.54587976,-0.024204819,0.002218063,2.33426068,0.042687751,-32221966497,-90160555822,-1.19E+11,3.69E+11,493367317,-0.122217633
2023-09-05,0,0,0,0.078,0.049,0,0.028999805,13.09000015,0.001797513,0.006963052,0.008658741,-0.005435125,0,0.008096018,53.19803711,-0.017654667,0.035445542,3.609490655,-0.306657526,2769282705,-1.02E+11,25012921633,4.13E+11,342072516,-0.139262067
2023-09-06,0,0.09,0.08,0.03,0.027,0.01,0.00299978,13.09000015,0,0.002958112,0.000114345,0.000371851,0.005453252,-0.000917454,66.53023992,-0.106414721,-0.032645533,2.715942327,0.124261684,12306602839,-67695462635,-1.11E+11,1.62E+11,384579023,-0.136491434
2023-09-07,0,0.03,0.08,0.007,0,-0.05,0.00699997,14.01000023,-0.004202998,0.006163708,-0.003188168,0.010401372,0.000476969,-0.007322847,61.8134335,-0.052913673,0.021874842,0.671093599,0.097631745,923068801,-56426406209,-1.98E+11,-69319515554,422126144,0.005256254
2023-09-08,0,-0.03,-0.07,0.076,0.082,0.04,-0.00599956,14.44999981,-0.006996015,-0.007547476,-0.007136071,0.001298205,0.00190546,-0.005900353,61.90424324,-0.018978266,-0.066270527,-0.638719326,-0.106261154,-31645708178,-57030681436,-63791459498,-5894909225,377270533,0.087775611
2023-09-11,1,-0.01,0.02,-0.074,-0.052,-0.03,-0.022000315,14.39999962,-0.003216433,-0.011715088,-0.002598037,0.000419916,0.000285498,-0.000227663,60.79516491,0.003125687,0.000336095,-0.500952025,0.050410947,-33738752044,-23745563866,2.29E+11,-3.55E+11,396289098,-0.076049092
2023-09-12,0,0.03,-0.04,0.066,0.07,0.07,-0.003999949,13.84000015,0.001425606,-0.004274488,-0.008668626,0.000973968,-0.00496039,0.003604605,61.28108828,-0.025859481,0.005408566,0.392867452,0.037299242,6427668743,-27693064065,56398227660,23838762297,411070381,0.077248852
2023-09-13,0,-0.02,0.02,0.004,-0.002,-0.04,0.006000044,13.80000019,0.006700952,0.009460272,0.008469005,-0.011205953,0.001337915,-0.007970972,58.07694748,0.049301008,0.000542952,-1.264580633,-0.125673217,-43959317160,-20577765339,1.23E+11,-2.98E+11,359409844,0.068353179
2023-09-14,1,-0.02,-0.02,-0.016,-0.01,0,-0.006000044,14.22999954,-0.005712169,-0.00213343,0.000530782,0.002767996,0.000572823,-0.00074148,49.08082089,-0.039612183,-0.193895734,-1.079363893,0.161838058,16126457450,-45074081410,81462358506,1.13E+11,417576035,0.037366985
2023-09-15,1,0.04,0.04,-0.032,-0.017,0,-0.014999866,13.47999954,0.001240862,0.014014186,0.013540613,0.004273045,0.006090104,0.014954471,64.78679505,0.008086906,0.133227528,2.274522071,-0.012134106,94019052355,40530016080,9.94E+11,-5.17E+11,412509123,0.032894212
2023-09-18,0,0.04,0.04,0.011,0.014,0,-0.00300002,12.81999969,0.008394586,0.01094409,0.006721904,-0.002039996,-0.000854212,0.010973904,65.56735372,0.044187301,0.019136044,4.094539222,0.07083646,38932624094,-2066687615,9.43E+11,47799868129,441729809,0.225229058
2023-09-19,0,-0.01,0.02,0.054,0.041,-0.03,0.01300001,13.78999996,-0.012234146,0,-0.013247383,0.001024286,-0.001140061,-0.010262864,55.53810858,0.042577038,0.074402272,1.090325807,-0.05759245,25277139127,-10653468979,-60941190277,-3.75E+11,416289507,-0.313569843
2023-09-20,1,0.05,0.05,-0.03,-0.004,0,-0.02600026,14,0.000721028,-0.008700827,-0.003715063,0.000932997,0,-0.006042177,49.52172261,0.003828795,0.022980202,-0.394342641,0.110626303,-458974483,-29168014311,-2.92E+11,-1648570533,462342076,-0.113374296
2023-09-21,0,-0.02,0.03,0.011,0.003,-0.05,0.008000134,14.10999966,-0.002153327,-0.006603934,-0.006124049,-0.000850206,-0.000380236,0.000207085,50.84341239,-0.014006341,-0.011807397,-0.273503208,-0.103114818,991289389,-37567212618,1.37E+11,-1.68E+11,414667757,-0.033769443
2023-09-22,0,0.14,0.03,0.068,0.04,0.11,0.028000116,15.14000034,-0.009439204,-0.013804724,-0.013276947,0.00286368,0.001900028,-0.017644824,39.97285767,0.076821188,0.074606141,-3.789390701,-0.048211045,-49558658730,-16541773482,-6.12E+11,-68589734691,394676191,0.029930666
2023-09-25,0,-0.05,-0.05,-0.03,-0.054,0,0.02399993,17.54000092,-0.016536918,-0.005190414,0.001702975,0.006605631,0.002085913,-0.002723455,33.31730887,0.012337825,-0.018247243,-3.475069937,0.097569225,3799839379,-79461316737,-564065051,-1.28E+11,433184441,-0.099678682
2023-09-26,0,0.11,0.03,0.011,0,0.08,0.01100016,17.20000076,-0.002298237,0.008488207,0.006570804,-0.004865797,0.003970118,-0.004944113,31.92354674,0.030142174,-0.037636102,-3.630327759,0.012535441,-23986723292,-1.60E+11,3.29E+11,-1.32E+11,438614599,0.055110363
2023-09-27,1,0.01,0.01,0.042,0.015,0,0.02699971,16.89999962,0.004014994,-0.011187925,-0.010765109,0.002835588,0.002167493,-0.013225369,30.16324278,0.021189808,0.051744979,-5.33955635,-0.025394561,-15192809548,-38308362599,-3.16E+11,-42589254898,427476174,-0.055110363
2023-10-04,0,0.05,0.05,-0.024,-0.007,0,-0.01699972,18.94000053,-0.014844165,0.001757684,0.00210456,0.011366328,0.004133353,0.000852305,32.66950265,0.00027816,-0.00917221,-3.83458716,-0.143248702,39597810867,-22779748824,-1.11E+11,-28216151255,366240767,-0.043422161
2023-10-05,0,0.12,-0.04,0.321,0.224,0.16,0.09699988,18.21999931,0.000229288,-0.058683139,-0.002269874,0.004032465,0.001218016,-0.024383492,26.2407807,0.09948557,0.171092235,-7.51618661,0.160052963,-31506596796,13924326296,-3.40E+11,-4.23E+11,424858687,0.41136483
2023-10-06,1,-0.01,-0.03,-0.029,-0.027,0.02,-0.00199985,18.57999992,-0.002520366,0.017807567,0.011008771,-0.005947477,-0.004410473,-0.000869086,23.72648568,0.017403164,-0.009551756,-5.74481105,0.063229645,-1387675662,68030280875,1.27E+11,-2.72E+11,451722351,-0.109727335
2023-10-10,0,0.06,0.05,-0.082,-0.066,0.01,-0.01600028,18.48999977,-0.001304881,-0.002599951,0.004066882,-0.003781657,-0.002731093,0.002131975,26.88316435,-0.036281624,-0.032181399,-3.71558065,-0.359359721,-11469949318,2768252958,2.09E+11,-3.26E+11,289391533,-0.33778601
2023-10-11,1,-0.12,-0.13,-0.021,-0.018,0.01,-0.00300002,17.45000076,0.011745642,0.023968154,0,0.000616392,-0.00198234,-0.002556437,26.47438567,0.055862944,-0.001969721,-2.98319689,0.437513022,-11463561654,-15338673947,6.16E+11,-2.08E+11,416004097,0.377469501
2023-10-12,1,-0.08,-0.01,-0.077,-0.044,-0.07,-0.03299975,17.03000069,0.011478544,0.005966456,0.009126133,-0.003719163,-9.45E-05,0.019577516,28.83393041,0.049107833,0.139314364,1.90436887,0.074385383,26281767162,61435564790,4.53E+11,-1.20E+11,446948721,-0.039683491
2023-10-13,0,0.12,0.09,-0.041,-0.021,0.03,-0.02000022,16.09000015,0.00428382,0.017325911,0.009187547,-0.002708809,0.007062509,0.012065295,29.16352549,-0.018870064,0.042039752,4.29520317,0.153268117,39077522626,58458289216,1.13E+11,-57984808125,515451710,-0.023243991
2023-10-16,0,-0.07,-0.02,0.068,0.025,-0.05,0.04300022,16.69000053,-0.006266025,-0.005513612,-0.002579103,0.007503911,0.000750416,-0.009590961,29.45558439,-0.002209582,0.014034503,1.85877652,0.130821252,-44677591430,13460559607,-2.15E+11,-1.61E+11,582883748,-0.220906414
2023-10-17,1,0.08,0.07,0.022,0.016,0.01,0.00599981,19.31999969,-0.005031496,-0.020538767,-0.007796111,0.00276253,-0.003851793,-0.00813918,29.01321244,0.012463285,0.000755113,0.22867587,0.352509914,-3895866712,7677329,30844524784,-2.11E+11,788356048,0.15853054
2023-10-18,1,0.12,0.14,0.033,0.018,-0.02,0.0150001,17.20999908,0.010538642,0.01197075,-0.00058204,-0.003192749,9.41E-05,0.009774558,34.26366149,0.031585916,0.022216925,2.446121,-0.353876763,6290701834,-3265771520,-1.25E+11,4.28E+11,509375162,-0.084522333
2023-10-19,0,0.08,0.02,0.063,0.04,0.06,0.023,17.87999916,-9.82E-05,6.12E-05,-0.012189965,0.003872988,0.003007236,0.000987321,40.44450107,-0.064135798,0.001183493,2.44047932,0.789537367,12624213597,-33366749309,-16998260843,3.46E+11,911545886,0.143533089
2023-10-20,0,0.07,-0.02,0.075,0.039,0.09,0.03599978,19.21999931,-0.013490408,-0.019272795,0.000718699,0.001159771,-0.003007236,-0.019187227,35.29732844,0.045446742,-0.002618995,-1.51894996,-0.169601079,-18619309272,-25972480849,-1.66E+11,-1.38E+11,756946720,0.016713481
2023-10-23,0,-0.05,-0.08,-0.035,-0.037,0.03,0.00200033,21.39999962,-0.008519032,-0.005463718,-0.000730223,0.001232055,-0.000847383,-0.017033078,32.36669131,0.058651057,-0.009915171,-4.12512445,-0.311433622,-23356612466,-15807856229,-33484841601,2.10E+11,521208061,0.027249642
2023-10-24,1,-0.07,-0.04,0.047,0.022,-0.03,0.02500009,21.70999908,-0.012665149,-0.008346118,-0.011584608,-0.005093218,-0.005857388,-0.00759932,33.82987143,-0.026165345,-0.005188628,-4.29958478,-0.240360638,-12535026557,-29639933856,1.38E+11,-2.58E+11,395930159,-0.267106675
2023-10-25,0,-0.03,0.02,-0.105,-0.051,-0.05,-0.05400037,20.37000084,-0.001686992,0.002023749,0.003587068,-0.011103875,0.006892957,0.011176078,38.4147644,0.065237537,0.047367927,-0.83981005,0.121827264,24992630141,29204055296,-34645073508,-1.54E+11,444165247,0.110264203
2023-10-26,0,0.12,0.07,0.012,0.034,0.05,-0.02199984,18.96999931,0.007239524,0.006660148,0.003007772,0.006870676,0.002443631,-0.00857029,43.20679562,-0.068811164,0.001424976,-1.85532259,-0.0075614,59667258939,-40605774771,-59644597356,-3.46E+11,440806736,-0.015209419
2023-10-27,1,-0.09,-0.09,0.111,0.066,0,0.04500007,20.19000053,-0.014443435,-0.021598456,-0.01758456,0.006705489,0.000656873,-0.027494828,36.06250928,0.078184753,0.067352082,-6.11981779,0.204774754,-42161800785,-1442681989,1.77E+11,-4.80E+11,531072827,0.166661042
2023-10-30,1,-0.02,-0.05,-0.112,-0.031,0.03,-0.08099984,20.68000031,-0.011903081,0.012660932,0.003779777,-0.001731462,-0.000375313,0.001621065,35.82290592,0.020868407,0.005770962,-3.98107658,-0.030498331,8392948190,55811842429,1.83E+11,-3.80E+11,514875992,-0.14393279
2023-10-31,0,0.04,0.03,0.032,0.016,0.01,0.01599931,21.27000046,-0.004811839,-0.009555429,0.00093354,0.003607394,-0.00413763,0.003355471,37.73424052,-0.038287746,0.009273235,-1.94016942,-0.136020492,1395609395,11140504061,52459625770,-66328418195,444842306,-0.141949102
2023-11-01,1,0,0.03,0.013,-0.004,-0.03,0.0170002,19.75,0.011938474,0.005259911,-0.009232151,-0.005289882,0.005075685,-0.014192142,26.11254686,-0.024218015,0.003208091,-3.53387659,-0.112084715,-5614830315,-27733226134,-32180808742,-3.27E+11,394982283,0.169044355
2023-11-02,1,-0.11,-0.14,-0.037,-0.014,0.03,-0.02299976,18.13999939,0.006454085,0.023785778,0.002327731,0.001549229,0.002060445,0.010293708,24.8248973,0.008630524,0.028530101,-0.26461852,-0.093231984,36155663302,27148167996,3.70E+11,-1.27E+11,358157301,-0.19972609
2023-11-03,1,-0.1,0.02,-0.12,-0.092,-0.12,-0.02799988,16.87000084,0.010451195,0.010959411,0.022099498,-0.001719843,-0.00713613,0.017896245,34.80497248,0.044416017,-0.011816442,3.73488055,0.053898667,43251095939,-26207914278,2.33E+11,1.40E+11,377461502,0.130559622
2023-11-06,1,-0.1,-0.16,-0.063,-0.03,0.06,-0.03299999,15.65999985,0.018682939,0,0.006728639,-0.010561207,-0.010419779,0.0107059,41.00044267,-0.012105663,0.021914876,5.52234569,0.533035504,46721279590,46060022904,64326363211,1.34E+11,578661884,0.045809536
2023-11-07,0,0.1,0.1,-0.049,-0.072,0,0.023,14.90999985,0.009349884,0.023465628,0.008547807,-0.019565184,0.001902632,0.055049005,54.32964322,0.177847006,0.32702154,15.53985328,-0.0865394,-40670034237,-26369617725,3.18E+11,7.12E+11,528584832,0.636866345
2023-11-08,0,-0.09,-0.08,-0.001,0.01,-0.01,-0.0110004,14.89000034,0.001751458,-0.013439973,0.002135329,-0.008238194,0.003036629,-0.023618671,48.28460889,0.103324354,0.047067542,7.85988173,-0.134149302,22198230036,-91882947671,-2.74E+11,4.11E+11,457675546,-0.228089975
2023-11-09,1,-0.09,0.01,-0.033,-0.019,-0.1,-0.01399994,14.81000042,0.002836094,-0.003269482,0.003343582,0.00571949,0.000473598,-0.009182872,50.5608514,0.000340978,-0.02193727,4.63064253,0.020848695,-2639601913,-1.39E+11,2.33E+11,-13714797057,467217484,-0.455888837
2023-11-10,0,0.13,0.12,-0.077,-0.021,0.01,-0.05599975,14.44999981,0.001004411,0.014811525,0.000287896,0.002732797,0.003026077,0.002252135,55.38551415,-0.039006792,-0.012221964,4.26548922,-0.154502964,20197957420,-66663851463,45294106275,2.83E+11,395030998,-0.050813069
2023-11-13,0,-0.01,0.03,0.024,0.015,-0.04,0.00900006,15.28999996,-0.008116691,-0.002402886,-0.003768095,0.00539772,-0.00047224,-0.007203299,55.44971325,0.018077476,-0.00278967,2.10559555,-0.209003958,5027214236,-75164072675,-74056490487,50419710381,312467956,-0.223486546
2023-11-14,1,0.02,0,0.036,0.015,0.02,0.02099991,14.17000008,0.015495759,0.000521847,0.009344339,0.003355105,-0.001891045,-0.00245144,52.18980415,-0.031220468,-0.004062592,1.30837117,-0.017105325,-27512021026,37279199726,16204094102,13789995380,307123090,0.017007213
2023-11-15,1,-0.19,-0.24,-0.025,-0.02,0.05,-0.00500011,14.76000023,-0.000836188,0.003395179,0.004528041,-0.000416911,-0.014778389,0.01219363,57.43129403,0.016917585,0.004468054,3.491980301,-0.000518968,24327135840,35544981079,5.68E+11,-91051423175,306963703,0.073143884
2023-11-16,1,0.09,0.12,-0.165,-0.113,-0.03,-0.05199981,14.15999985,0.01889537,0.024882707,0.012517217,-0.011306414,0.002685841,0.021716622,70.35258804,-0.014704726,0.036089262,7.071930942,0.367729331,33571058162,-47933820931,1.10E+12,5.54E+11,419843260,0.380066918
2023-11-17,0,-0.08,-0.09,-0.016,-0.043,0.01,0.02699995,14.18000031,0.001595738,-0.002846826,0.00247233,-0.001826488,-0.000191576,0.000607057,70.20908158,-0.014287893,-0.030935324,5.655182118,-0.029540598,186561962,60383627461,-1.61E+11,4.57E+11,407440839,-0.314842895
2023-11-20,1,-0.01,0.05,-0.003,-0.02,-0.06,0.01699996,14.31999969,0.001189719,0.004798994,0.002197173,-0.007254396,-0.005283676,-0.007394032,66.97498602,-0.001242999,-0.021533532,2.898081607,-0.045324585,-37321048424,-19315939507,-81675366334,-75238474139,388973752,0.177168803
2023-11-21,1,-0.02,-0.02,-0.041,-0.014,0,-0.02699995,13.80000019,0.001281228,-0.005887981,8.84E-05,0.001584916,-0.0033769,0.008607043,73.27570032,-0.019557902,-0.004962327,3.870264752,-0.167536773,9466020611,39970751088,3.55E+11,99964854525,323806345,-0.210007575
2023-11-22,1,-0.01,-0.02,-0.029,-0.023,0.01,-0.00600004,13.40999985,0.007363104,-0.001015568,0.011911511,-0.004917421,0.001159037,0.007685536,73.01944365,-0.011855068,-0.003914615,4.41793593,0.065620549,6089359018,2598939340,1.15E+11,3.53E+11,345054695,0.156964839
2023-11-23,1,0.01,0.02,0.036,0.022,-0.01,0.014000175,13.35000038,-0.002022976,0.002924516,-0.006130095,0.005450258,0.003180591,0.000509757,70.39043753,-0.038382515,-0.010485787,3.36556976,0.273669008,-21130474454,-14890996375,-93440363943,1.43E+11,439485471,0.006464147
2023-11-24,0,0,0,-0.05,-0.022,0,-0.028000355,12.85000038,0.004052905,0,-0.000907908,0.002775735,0,0.001297088,68.72924145,-0.020139992,-0.090425424,2.66065944,-0.178872031,-9415175381,-61286809145,-7730491623,1.19E+11,360873812,-0.164947589
2023-11-27,0,0.05,0.05,0.067,0.033,0,0.03400016,12.85000038,0,0.005179199,-0.000412403,0.001069666,-0.005016378,-0.007315108,48.9590454,-0.199719419,0.012804698,0.35577215,-0.004131943,-14552541225,-36743353134,1.04E+11,-2.15E+11,359382702,-0.00609758
2023-11-28,1,-0.08,-0.07,-0.012,0.012,-0.01,-0.02399993,12.46000004,0.000596696,-0.005303453,-0.008714693,-0.008023313,-0.001936154,-0.000388588,61.84260122,-0.132949533,0.001831642,-0.06925373,0.014917326,-6079973448,-3053823423,2.27E+11,-1.06E+11,364743731,0.247910749
2023-11-29,0,-0.05,-0.11,-0.041,-0.041,0.06,0,12.68999958,-0.001956069,-0.001175099,0.011823684,0.009829105,-0.00436997,0.010403886,72.54998763,-0.055921647,-0.032023297,1.75797365,0.214797342,38553770729,456656053,4.82E+11,-94681286706,443089715,0.043205786
2023-11-30,1,-0.07,-0.09,-0.085,-0.094,0.02,0.00900006,12.68999958,0.000979639,-0.002612691,0.001688794,-0.011582872,0.000194595,-0.000773549,71.21678297,-0.005693808,0.00010854,0.93191743,0.307344947,6570736938,51627599035,-2.44E+11,79866148864,579271100,0.074842396
2023-12-01,0,0.1,0.08,0.058,0.029,0.02,0.02899981,12.97999954,-0.000946697,0.004959644,0.003636845,0.000644403,0.007078164,0.006124519,79.00188356,-0.014754205,-0.019721281,1.66452415,0.146758461,-8125593408,1778071116,2.49E+11,1.25E+11,664284035,0.241010553
2023-12-04,1,-0.15,-0.17,0,0.004,0.02,-0.00399995,12.92000008,0.003776931,-0.001655118,0.000258085,0.006421674,-0.002224728,-0.012015314,71.00886311,-0.012695265,0.019720331,-1.43083631,-0.222326278,-49335911087,-32095023693,-2.99E+11,-1.77E+11,516596238,-0.305619773
2023-12-05,0,0.06,0.09,-0.073,-0.056,-0.03,-0.01699996,12.63000011,0.005856559,-0.006007634,-0.000967827,0.001949194,0.003576465,0.003960173,68.44911708,-0.046582048,-0.463139247,-0.63123975,-0.034331299,14744581721,9682279634,1.35E+11,2.57E+11,498860818,-0.00795007
2023-12-06,1,-0.1,-0.07,-0.047,-0.047,-0.03,0,13.07999992,-0.005423188,-0.013800228,-0.005379701,0.006605426,0.003948233,-0.008252781,52.01678073,-0.08796608,-0.158513144,-2.43939403,-0.143915833,5375995538,95674873924,-2.29E+11,29410123845,427066848,-0.055081292
2023-12-07,0,-0.06,0,-0.046,-0.021,-0.06,-0.0250001,12.85000038,-0.000569032,0.020238104,0.001885969,0.004249976,0.000960599,0.000440853,51.91224091,-0.011352279,-0.04135865,-2.09161951,-0.08447721,-2897283516,-30786894530,2.44E+11,-1.46E+11,390989432,-0.076334731
2023-12-08,1,0.02,-0.02,0.043,0.048,0.04,-0.00499987,12.97000027,-0.003913852,-0.017724523,-0.004733366,0.000266436,-0.005874162,-0.001327257,56.41307856,-0.0173025,0.00269355,-2.14707885,0.14293951,-19525997049,30629380367,-2.03E+11,36060258561,446877270,0.05564014
2023-12-11,1,0.09,0.14,-0.042,-0.05,-0.05,0.007999894,13.06000042,0.007936611,-0.016894113,0.006072824,-0.000730987,0.004529048,0.010291684,57.49991412,-0.0186386,-0.002977744,0.15449555,-0.033746706,33774736433,83565047318,2.77E+11,2.04E+11,431796634,-0.026169718
2023-12-12,1,0,-0.03,0.032,0.019,0.03,0.013000012,12.35000038,0.004087134,0.014867983,0.001973984,0.002852505,0.000864893,0.002978268,54.50114818,-0.031127621,-0.009022051,0.49852529,0.007427052,-23683207663,27083471747,1.57E+11,5342310158,435003610,0.042033382
2023-12-13,0,-0.03,0,-0.039,-0.034,-0.03,-0.005000116,12.63000011,0.003916814,0.001581414,0.001852135,-0.002197622,-0.002211818,0.003916479,56.75013529,-0.027258404,-0.040475461,0.95382825,-0.130964389,-16138043973,-55948709324,6.58E+11,74912663432,378033628,-0.066315725
2023-12-14,1,-0.16,-0.24,-0.002,0.019,0.08,-0.02099967,12.06999969,0.004588813,0.002513374,0.001048056,-0.002652668,-0.009674062,-0.009754516,48.90271117,0.033157816,-0.151107877,-1.45405649,-0.000262413,-26289983091,57100772435,64103027249,-1.31E+11,377934427,-0.028873397
2023-12-15,1,-0.12,-0.09,-0.193,-0.207,-0.03,0.01399994,12.18999958,0.013558345,-0.007318796,0.01048808,-0.01393486,-0.008885511,0.013262739,61.26086539,0.042823532,0.084771655,1.31315569,0.402686411,1.46E+11,1.60E+11,3.23E+11,6.25E+11,530123485,0.548713892
2023-12-18,1,-0.01,0.04,0.026,0.023,-0.05,0.00300002,12.47999954,0.002643565,0.008660262,0.001175292,-6.96E-05,0.005769944,0.00758857,64.79049559,0.023163937,-0.021354998,2.33826604,-0.122254406,56582565051,32437027401,2.28E+11,8.57E+11,465313553,-0.007722046
2023-12-19,1,0.04,0.02,-0.022,-0.004,0.02,-0.018000125,12.27999973,-7.63E-05,-0.006437625,-0.001236478,-0.012031085,-0.000390139,0.001286464,60.90745696,-0.028696033,-0.025708396,1.83202701,-0.172969752,17396007377,43159464303,-1.84E+11,59377574402,384828383,-0.234839591
2023-12-20,1,-0.02,0,-0.008,0.019,-0.02,-0.02699995,12.56000042,0.004518122,0.013956623,-0.00428508,0.020517183,-0.0033223,0.000658152,61.8026086,-0.027353208,-0.022602193,1.28608156,0.019928338,-25045227011,20169403822,1.33E+11,-92128963587,392497373,-0.191777892
2023-12-21,0,-0.07,-0.09,-0.048,-0.064,0.02,0.015999795,12.52999973,0.005849267,0.013649917,0.003331189,-0.003975907,0.002346325,0.017654838,66.68639731,0.057881853,0.130059123,4.35845282,0.453317694,33337206710,9714347547,1.10E+12,4.80E+11,570423377,0.28530395
2023-12-22,0,0.03,0,0.017,0.004,0.03,0.01300001,13.67000008,-0.014793148,-0.016028521,-0.005199656,-0.000601239,-0.005581482,-0.005477249,71.51984481,-0.011964191,0.023095125,1.92719206,0.013869368,-34617536391,-64993753419,1.79E+11,13090104788,578334789,-0.167784871
2023-12-26,1,0.01,-0.02,0.004,-0.002,0.03,0.00600028,13.64999962,0.010248769,0.000862079,0.003010251,-0.004071578,-0.001375645,-0.000196175,70.00760196,0.003643255,-0.035040534,1.0988589,-0.194295052,-49297684267,13269625657,3.77E+11,-37303203376,465967201,-0.067711448
2023-12-27,1,-0.01,0.01,-0.03,-0.013,-0.02,-0.017000198,13.02999973,0.001658682,0.004115868,0.008775547,0.002219392,-0.002264072,0.001184167,77.95387124,-0.01450153,-0.002385094,0.72374612,-0.054808733,-798990823,-28109502226,9.59E+11,82263319958,440428129,0.079260133
2023-12-28,1,-0.1,-0.08,-0.011,-0.001,-0.02,-0.009999992,12.98999977,0.004222761,0.011207851,0.007842737,-0.00050988,-0.004741719,0.004183182,79.01643277,0.023608769,-0.031440288,1.04620865,-0.205924066,-474021395,-13529290475,-2.86E+11,2.25E+11,349733378,0.082128214
2024-01-02,1,0.05,0.05,-0.077,-0.066,0,-0.010999916,12.43000031,0.001429436,-0.004213496,0.001054087,0.000648953,0.002373708,0.015859802,83.71963756,0.069663107,0.079861354,3.74950108,0.315535348,45360139712,29680611113,7.85E+11,7.02E+11,460086621,-0.098970718
2024-01-03,0,0.11,0.07,0.123,0.086,0.04,0.036999941,12.47000027,0.000370106,-0.002252089,-0.003165709,-0.000942681,0.009536458,0.005457209,82.92593901,0.011881106,-0.001771415,3.6509467,-0.109142346,-45651530761,-48757352917,2.07E+11,2.28E+11,409871688,0.022048137
2024-01-04,0,-0.04,-0.02,0.032,0.038,-0.02,-0.006000042,13.19999981,-0.008507138,0,-0.016629793,0.010826011,0.002540822,-0.02368827,64.33943677,0.116318035,0.165426568,-2.61272013,0.12994291,-82922074334,-23322437270,-1.03E+12,-97306133000,463131608,0.047652198
2024-01-05,0,0.08,0.07,-0.05,-0.051,0.01,0.001000167,14.03999996,-0.008048618,-0.005269715,-0.000550296,0.001459629,-0.000390481,-0.007812419,58.73770559,0.022442163,0.024983275,-4.12320046,0.662974754,-1.02E+11,-51803099856,-5.74E+11,1.15E+11,770176172,-0.116422575
2024-01-08,0,0.06,0.03,0.056,0.056,0.03,0,14.13000011,-0.003434272,0.002674025,-0.001739995,0.001312564,-9.76E-05,-0.003461676,62.01956014,-0.013353206,-0.020590456,-4.35421628,-0.321856595,-47365153570,-1.20E+11,-2.26E+11,-51007262023,522289892,-0.070264934
2024-01-09,0,-0.04,-0.06,0,0.014,0.02,-0.01399994,13.35000038,0.001824022,0,0.003050261,0.001432723,-0.001954889,-0.00398765,54.5956685,-0.032779153,0.00864067,-4.59089548,-0.387037745,-60224900997,-69842222660,-2.53E+11,1.70E+11,320143990,-0.214825024
2024-01-10,0,0.01,-0.02,-0.021,-0.042,0.03,0.02099967,13.07999992,0.014015946,0.011491171,-0.002117454,-0.001013327,0.003515978,-0.002565804,49.52535455,0.031999056,0.002412795,-4.4304542,1.471432536,-30452817222,-1.24E+11,1.45E+11,65561520138,791214273,0.275028387
2024-01-11,0,0.02,0.01,0.023,0.014,0.01,0.00900006,12.76000023,-0.001478994,0.019897734,-0.003991841,0.006072385,-0.002049472,-0.007548215,45.2219779,0.026342885,-0.004671845,-5.26576736,-0.2795617,-40309700084,-88601071428,17558623393,-23772970820,570021066,-0.011299555
2024-01-12,0,-0.06,-0.08,-0.039,-0.042,0.02,0.00300002,12.68999958,0.005649981,0.017503018,0.004552266,-0.001736661,-0.000684092,-0.000672915,44.5694724,0.008004699,-0.001644417,-4.46020236,0.383146419,92631377706,-56890552755,-4.24E+11,2.30E+12,788422596,0.442644111
2024-01-15,1,-0.02,-0.1,-0.001,-0.023,0.08,0.02200008,12.43999958,-0.000671281,0.014930835,-0.001853506,-0.004190941,0.001074802,-0.006009498,30.58517249,-0.048586307,0.006338426,-4.855954735,0.002225445,-44027256870,-65731730497,-53291793982,-2.12E+11,790177187,-0.492741948
2024-01-16,0,0,0,-0.013,-0.013,0,0,12.69999981,0.000750694,0.009084693,0.001938995,0.000655267,0,0.000372177,32.90378598,-0.016735164,-0.028696213,-3.821568831,0.015091323,-38977120453,-75262965119,1.89E+11,-49758040039,802102006,-0.022961734
2024-01-17,0,0.11,0.1,0.029,0.044,0.01,-0.01499987,12.69999981,0,-0.007902881,-0.011460717,0.005211658,0.009331319,-0.011306759,29.14894382,0.031210518,-0.019849022,-5.308102239,-0.17768738,-31179346966,-83150626229,-2.88E+11,-1.84E+11,659578602,0.076462864
2024-01-18,1,0.03,0.1,0.047,0.042,-0.07,0.00499988,13.84000015,-0.003738319,-0.003978509,-0.010726691,0.013607042,0.000870328,-0.025010044,22.49427739,0.113988259,0.127655745,-9.067909095,0.463957979,-26931353592,-81359132204,89850072093,-9.06E+11,965595357,0.246647711
2024-01-19,1,0.04,0.01,0.011,0.008,0.03,0.00300002,14.78999996,-0.005632731,-0.000326402,0.003838377,0.004668452,0.000869646,0.001698191,20.72309214,0.003011305,0.000823136,-6.65886701,-0.408129417,11780753905,-38692383388,-11955621903,-1.33E+11,571507487,-0.308547211
2024-01-22,0,0.01,0.05,0.042,0.022,-0.04,0.01999998,14.13000011,0.008766721,0.013918789,0.025996277,-0.004765636,-0.002417445,0.013312395,18.21633589,-0.009719898,0.054545627,-2.41728055,-0.092213261,-38034751727,-75358587043,-1.05E+11,7.03E+11,518806918,0.099681771
2024-01-23,1,-0.04,-0.04,-0.05,-0.029,0,-0.02100015,13.30000019,0.012238308,0.016099587,0.007526391,-0.003332305,0.000387193,-0.003398723,13.44389249,-0.016226071,-0.098337888,-2.34437521,-0.252042412,20482718153,1845425801,-21916102074,3.00E+11,388045571,-0.085327458
2024-01-24,0,0.03,0.02,0,0.008,0.01,-0.007999894,13.18999958,0.002191921,-0.000804191,0.003333752,0.004139327,0.00280262,0.005769842,22.35588646,-0.099529246,0.016838195,-0.4537093,0.217084282,9801457112,62362891350,1.38E+11,1.41E+11,472284165,-0.0474253
2024-01-25,1,0.04,0.03,0.028,0.014,0.01,0.014000174,12.55000019,0.002917115,-0.008003167,6.94E-05,-0.001465107,-0.003674033,-0.00360535,23.50390784,-0.007057083,-0.001025816,-0.8163787,-0.162657308,-30480446493,-6129803897,-35392768573,72596902146,395463694,-0.074970496
2024-01-26,1,-0.04,-0.07,0.019,0.013,0.03,0.00599981,13.14000034,0.000811599,0.00027568,0.00706773,-0.005167515,0.003191355,0.000263216,24.72320581,0.004694306,-0.001597231,-0.3277742,-0.096671807,2018862992,35308436380,1.22E+11,45736559913,357233504,0.086116122
2024-01-29,1,0.01,0.03,-0.033,-0.05,-0.02,0.01699996,13.44999981,0.005246578,-0.013485828,-0.000421685,0.004606308,-0.000965982,0.003321941,28.85638775,0.055357481,-0.002894263,0.66263153,-0.18075318,36249499311,37543912204,-1.08E+11,3.79E+11,292662412,-0.128617378
2024-01-30,0,-0.07,-0.05,0.05,0.041,-0.02,0.0090003,13.26000023,-0.000651998,0.007686824,0.006900359,0.000546231,0.001352129,0.008872889,36.63002242,-0.011391861,-0.059454912,2.53746771,0.460521138,70986827780,88985971442,-5753762947,5.47E+11,427439639,0.227057451
2024-01-31,0,-0.02,0.04,-0.086,-0.036,-0.06,-0.05000019,13.60000038,0.007528366,0.001079663,-0.004702082,-0.002659244,-0.002028879,-0.000736017,39.68065736,0.003105344,-0.020741721,2.06851849,0.127197609,21539683447,59507512094,80957806616,-13424075615,481808939,-0.026004857
2024-02-01,1,-0.07,-0.09,-0.005,-0.007,0.02,0.00200009,13.31000042,-0.00060083,0.00610489,-0.008076513,-0.004955189,-0.001258092,-0.000688553,39.67875854,-0.003539779,-0.157093425,1.6870978,-0.05652551,-280576421,8363215432,27968112155,89167046947,454574443,0.030459207
2024-02-02,1,-0.12,-0.09,-0.006,0.006,-0.03,-0.01200008,14.35000038,-0.016236852,-0.007614337,0.004381152,0.005480154,-0.002132547,0.018006012,53.63722145,0.05444759,0.127235245,5.12549252,0.652258761,1.47E+11,-44509005586,64529536631,1.05E+12,751074606,0.405465108
2024-02-05,0,0.16,0.18,-0.052,-0.019,-0.02,-0.032999996,13.88000011,0.012416286,0.004061517,0.005097169,-0.003725385,0.008407018,0.028250559,64.34906682,0.108035091,0.209535392,9.953136004,-0.206309035,65644912089,1.32E+11,4.10E+11,1.93E+12,596121129,0.064538521
2024-02-06,0,0.14,0.13,0.087,0.064,0.01,0.023000002,13.85000038,0.010627771,0.00540988,0.00199915,0.006585013,0.005087103,-0.009219098,65.27179375,0.034310411,0.016020223,5.896118002,-0.141654615,67433199407,1.24E+11,-9.68E+11,1.79E+11,511677820,-0.141499562
2024-02-07,1,-0.08,-0.13,0.008,-0.02,0.05,0.027999878,13.67000008,-0.003191425,-0.005336853,0,-0.00324955,-0.002588283,-0.005848136,76.95382378,-0.06453482,0.00626263,3.359515636,-0.195553102,-58257628092,-53133920957,-36523993515,3.38E+11,411617635,-0.183922838
2024-02-08,1,0,0.02,-0.004,-0.006,-0.02,0.002000096,13.06000042,0.002307746,-0.001127226,0,-0.004962062,-0.001344726,0.012873893,79.28152661,0.047345462,0.015491471,5.202030878,0.258892474,-25330361669,-4488688516,6.22E+11,5.39E+11,518182343,0.100541229
2024-02-13,1,0.06,0.06,0.022,0.019,0,0.00300002,12.82999992,0.008207683,0.020371402,0,0.000625341,0.001056733,0.004107155,77.58093305,-0.037056127,0.00054711,4.78026375,-0.170158226,19339886087,56020020407,1.70E+11,4.11E+11,430009355,0.083381609
2024-02-14,0,0.16,0.22,0.053,0.048,-0.06,0.00500011,12.78999996,0.00057042,0.029421552,0,0.000662624,0.007747135,0.011127267,82.11595898,0.020052334,0.003963122,5.87749548,0.300867733,-1.10E+11,-90423236839,7.75E+11,9.61E+11,559385295,0.062035391
2024-02-15,0,-0.04,-0.06,0.049,0.072,0.02,-0.023,15.85000038,-0.008992096,-0.006889357,0,0.009208535,-0.002289184,-0.011089161,73.36780252,0.054946562,0.032986464,2.00032878,-0.028353014,-37644681117,10495829718,-4.71E+11,1.08E+11,543525036,-0.275228611
2024-02-16,1,-0.03,-0.02,-0.025,-0.02,-0.01,-0.00500011,14.38000011,0.009534168,0.011985736,0.029860163,-0.01109213,-0.004018741,-0.002529461,73.92825031,0.010599813,-0.030219193,0.74272358,0.143209699,-32521350908,-16150453454,1.09E+11,-9300908897,621363093,0.057708318
2024-02-19,1,0.06,0.07,0.005,0,-0.01,0.00500011,14.01000023,0.005804373,0.008592814,-0.002003678,0.001251128,-0.000191814,0.01328649,76.59495182,0.023948932,-0.161125753,3.06586611,-0.044291868,14433252751,5759449020,2.77E+11,5.64E+11,593841761,-0.047856021
2024-02-20,0,0,0,-0.015,-0.008,0,-0.00700021,14.23999977,-0.004815044,-0.000438147,0.001533214,0.002948154,0,0.011822199,78.113883,-0.026173452,0.012652265,4.57504509,-0.28819582,39642375053,92021674096,3.09E+11,6.16E+11,422699048,-0.037966598
2024-02-21,0,-0.03,-0.05,0.022,0.008,0.02,0.01400018,14.23999977,0,-0.002779228,0.006277776,0.001320873,-0.001919726,-0.008418843,71.87974208,-0.003711409,0.019342501,1.40001621,0.449419366,-52939992009,4490071306,-2.35E+11,1.08E+11,612668186,0.018163971
2024-02-22,1,0.05,0.05,-0.015,-0.003,0,-0.01200008,15.42000008,-0.006023426,-0.002647915,-0.004106375,0.000307477,-0.000672783,-0.001687026,71.35513192,-0.005179392,-0.005459128,0.3316023,-0.082465255,-23285416426,50767809671,82532801604,-64775807045,562144348,-0.088831214
2024-02-23,1,0.01,0.06,-0.05,-0.06,-0.05,0.00999999,15.34000015,0.001263401,0.021627276,0.009404441,-0.000660015,-0.000480867,0.004122167,72.53221878,0.005325627,-0.001104387,0.72242317,-0.188114497,-15650718952,-48461557762,1.21E+11,1.69E+11,456396847,0.118390016
2024-02-26,0,-0.07,-0.04,0.044,0.032,-0.03,0.01199984,14.53999996,0.020902889,0,0.001929426,-0.004285619,-0.000192368,0.001286553,69.03113121,-0.037319871,-0.01257727,0.41970302,-0.089879414,-11939678140,4438819180,88295019877,1.47E+11,415376166,0
2024-02-27,0,0.02,0.03,-0.066,-0.034,-0.01,-0.031999824,13.75,0.000347887,0.003447651,0.003111293,0.002130053,-0.001058869,-0.007759484,55.73860569,-0.068780137,0.03064623,-1.74075676,0.279951693,-68806104315,-18713777280,57616042097,1.19E+11,531661427,0.065751378
2024-02-28,1,0.03,0.02,0.028,0.024,0.01,0.003999949,13.73999977,-0.003793939,0.00014804,-0.004954218,0.001292376,0,-0.008357213,56.13812389,-0.036143533,0.032147016,-3.52607811,0.080201942,-39228185895,38556958308,96777588677,35893174343,574301706,0.135801541
2024-02-29,0,-0.04,-0.06,0.012,-0.005,0.02,0.01699996,13.43000031,0.001704896,-0.000802786,0,5.26E-05,0.001443642,0.01032347,63.25752259,-0.002409356,0.004534007,-0.95427898,-0.265973678,4945486310,-1281253923,76639185114,4.78E+11,421552569,-0.201552919
2024-03-04,1,-0.02,-0.01,0.033,0.026,-0.01,0.006999969,13.84000015,-0.001659531,-0.001067694,0.005941629,0.001193144,0.001729608,-0.003750935,56.21966416,-0.055195842,0.007116259,-1.89358365,0.176755891,-37925464817,16723307982,-4.45E+11,1.79E+11,496064469,0.232805462
2024-03-05,0,-0.03,-0.04,-0.041,-0.025,0.01,-0.015999794,13.39999962,0.00521547,0.023792583,0.01769174,-0.001861652,-0.00317325,0.012003955,59.47523641,0.044855313,0.014609004,0.72972454,-0.185560851,11319634698,73931939075,-43513838625,7.70E+11,404014324,-0.023347364
2024-03-06,0,-0.09,-0.07,-0.025,-0.011,-0.02,-0.014000177,13.48999977,0.006781962,-0.000289291,0.004218392,-0.001473836,-0.000288963,-0.009343291,49.95718123,-0.002291148,-0.019717187,-1.75275399,0.131735003,-72997670191,34085214971,-4.07E+11,85533627777,457237152,-0.040166042
2024-03-07,1,-0.02,0,-0.028,-0.024,-0.02,-0.003999949,14.46000004,-0.010245406,-0.000170789,0.005787612,0.003373023,-0.00415119,-0.002990014,54.06868915,-0.061964798,-0.199128158,-2.32479056,-0.171121622,-51006404764,-24711028395,-1.32E+11,-3.77E+11,378993989,-0.150060695
2024-03-08,1,-0.02,-0.04,0.018,-0.004,0.02,0.021999836,14.5,0.005127933,-0.012349848,0.009903404,-0.004766061,-0.005334927,0.002318019,56.54312567,-0.007715598,-0.034909679,-1.62647092,0.22141996,-26515067376,-14115908194,41853533217,-3.25E+11,462910823,0.037387532
2024-03-11,0,0,-0.03,-0.065,-0.05,0.03,-0.01499963,14.43999958,0.010251402,0.002276029,0.00465064,-0.004463232,-0.000778379,0.012286252,56.16488873,0.012379501,0.022180514,1.06110654,-0.018688196,-13318613139,-15234742937,6.72E+11,1.82E+11,454259855,0.053584246
2024-03-12,1,0.01,0.01,0.008,0.004,0,0.00399971,14.73999977,-0.006549923,-0.022124439,-0.002998642,-0.003943698,0.001264577,-0.007681416,45.8364031,-0.030000357,-0.016689155,-1.09239875,-0.138412053,-54255192239,27596986702,-38700956515,-1.06E+11,391384816,-0.260800271
2024-03-13,1,0.06,0.07,-0.007,-0.002,-0.01,-0.004999874,15.22000027,-0.001122868,-0.000592042,0.009509037,-0.004142324,0.000874473,0.008225958,54.90765903,-0.023454017,0.015164784,0.6215474,0.03215368,-48028409585,-23520120205,4.75E+11,-3.72E+11,403969278,0.093667132
2024-03-14,1,0.03,0.04,-0.004,-0.022,-0.01,0.018000124,13.84000015,0.011139513,-0.002620686,0.000700699,0.000465337,-0.001652474,0.004375515,57.98810491,-0.01204544,-0.033492827,1.14282972,0.234647772,-1.76E+11,48287264219,40228954152,3.35E+11,498759769,0.122681377
2024-03-15,0,0.1,0.09,0.023,0.022,0.01,0.00099993,13.75,-0.001926384,0.002874979,0.000472084,0.001904908,0.005529965,0.009308421,60.23364087,0.016370506,-0.035644863,2.60955167,0.221606238,-37065139151,1.37E+11,-1.86E+11,4.73E+11,609288045,0.248279525
2024-03-18,1,0.02,0.05,0.056,0.035,-0.03,0.02099991,14.39999962,-0.002875221,-0.002573394,-0.012893526,0.006275718,0.000677012,-0.019281614,49.86339222,0.049742063,0.145081156,-2.42225985,-0.039948801,-1.06E+11,75833319845,14606140982,-1.04E+12,584947718,-0.065957968
2024-03-19,0,0.03,0.01,0.025,0.04,0.02,-0.01500011,14.40999985,-0.006504023,0.026332332,0.00997672,0.005597294,0.00144922,0.007099277,56.1897202,-0.0349266,-0.036550868,-0.67952855,-0.302189802,-899914637,1395248889,3.07E+11,-86899513299,408182483,-0.326821981
2024-03-20,1,-0.04,-0.05,0.037,0.035,0.01,0.0020001,14.32999992,0.006298184,0.006600145,-0.001140014,0.00506486,0.002218004,-0.011108355,54.85126177,0.012420651,-0.00354872,-3.18891724,0.704790494,-35396996074,18301934161,-5.39E+11,-2.41E+11,695865617,0.116848893
2024-03-21,1,-0.03,-0.06,-0.021,-0.012,0.03,-0.00900007,13.81999969,0.005633253,0,-0.003670386,0.000695859,-0.003860577,0.012707991,55.77913349,0.005045215,0.028058968,-0.0419155,0.035331805,23926904692,10218348100,5.55E+11,8.54E+11,720451805,0.171358252
2024-03-22,0,0,0.01,-0.04,-0.065,-0.01,0.0250001,13.03999996,0.008864765,0.020096346,0.02074131,-0.005181638,0.005689194,0.023773467,64.71510559,0.091784767,0.135677844,4.87717275,0.145429761,10202996486,-15368975587,1.10E+12,1.88E+12,825226939,0.097455336
2024-03-25,0,-0.05,-0.06,-0.049,-0.022,0.01,-0.02699995,12.92000008,0.003231309,0.001781295,0.001451479,0.003429969,0.004126094,-0.002289504,60.41496673,-0.033319592,0.002440428,3.01014481,-0.382539213,-72132530851,-17959564694,-26332545579,6.67E+11,509545275,-0.196710294
2024-03-26,1,0.03,0.03,0.008,0.006,0,0.00199985,13.06000042,-0.001403172,-0.011667875,-0.001790158,0.006660958,-0.001916965,-0.004006469,62.86140826,-0.007760129,0.006936418,1.13894362,-0.039103666,-79833518248,10313948958,-1.42E+11,-43286028618,489620187,-0.141763945
2024-03-27,0,-0.01,-0.01,0.027,0.011,0,0.016000036,13.18999958,-0.003059641,-0.000398203,-0.003261998,-0.003332408,0.00057546,0.007105117,66.31017222,0.047587119,-0.014028498,2.0937703,-0.084390462,-45568972334,-83112767384,7.10E+11,6.23E+11,448300913,0.200852861
2024-03-28,0,-0.04,-0.02,-0.024,-0.013,-0.02,-0.011000156,13.23999977,-0.002803722,0.008987143,0.003651633,0.002930483,0.00057513,-0.000718399,65.34561878,-0.020419905,-0.025472769,1.10289355,0.139065305,-68364828056,85111846153,1.73E+11,2.93E+11,510644016,0.024292693
2024-03-29,1,0,0.04,0.004,0.005,-0.04,-0.00099969,12.77999973,0.008593596,-0.014695786,-0.002655406,0.005005833,0.001914836,-0.003377628,60.01712322,-0.057578681,-0.009778678,-0.26914155,-0.178923213,-34140067486,-671097806,-1.90E+11,73487346552,419277948,-0.049190244
2024-04-01,1,0,0,0.036,0.029,0,0.00699997,13.01000023,0.001115863,0.005000689,0.007314315,0,0,0.000294883,64.13099907,-0.007220152,-0.007487729,-0.53534438,0.181783057,-82278583086,-77790551674,-1.17E+11,7.82E+11,495495575,-0.060624622
2024-04-02,1,0.13,0.11,-0.032,-0.031,0.02,-0.00099993,13.01000023,0,-0.014128555,-0.003559968,-0.003331956,0.00448532,0.000447803,61.53308364,-0.007271541,-0.028501973,-0.70427005,-0.197570017,-43473379591,-4839075428,1.28E+11,2.71E+11,397600506,-0.103378354
2024-04-03,0,0.03,0,0.044,0.042,0.03,0.00199986,13.64999962,-0.002015615,0.000899533,0.012005395,0.00756803,-0.001906185,0.001926845,60.64522038,0.002819642,-0.034566138,-0.5039545,0.585493224,19967817486,-1.17E+11,-2.53E+11,1.01E+12,630392908,0.260076806
2024-04-04,1,0,-0.03,0.027,0.008,0.03,0.01899981,14.60999966,-0.007265388,-0.009763096,-0.006321468,-0.003547371,-0.00545273,-0.016919394,48.04080666,0.046944316,0.087275361,-4.44871317,0.01651882,-99269272338,56271725959,-5.96E+11,531578062,640806255,0.015151805
2024-04-05,0,-0.05,-0.02,0.005,-0.003,-0.03,0.00800014,14.32999992,0.001090527,0.008110845,0,-0.004370151,-0.001247755,0.012857664,63.23236752,-0.027676799,0.031079206,-1.00955249,-0.254138435,-4016363006,-43559657516,-33795731478,5.86E+11,477952756,-0.102857385
2024-04-08,1,0.08,0.08,-0.024,-0.009,0,-0.01499987,16.35000038,-0.012411036,-0.019833325,0,0.00483646,0.001727286,-0.010186661,54.84474292,0.030729221,0.001469345,-3.31483602,0.299355535,-62186516304,60407304303,-3.83E+11,-1.13E+11,621030559,-0.060103924
2024-04-09,0,0.03,0.06,0.055,0.054,-0.03,0.00099993,16.03000069,0.01103805,0.009062225,0.003930763,-0.000806894,-0.00153525,0.00126658,61.53210665,-0.048762047,-0.017266779,-2.59191344,-0.000608719,35816006554,51208702671,-2.05E+11,2.06E+11,620652526,-0.063948725
2024-04-11,1,-0.06,-0.08,0.015,0.008,0.02,0.00699997,15.18999958,-0.000374701,0.010770805,0.018368107,0.002921034,9.60E-05,-0.004606473,53.06430854,0.002100661,-0.006595089,-3.2667474,-0.242436555,16762606397,-3594160472,53173111089,3.04E+11,470183666,-0.058268908
2024-04-12,0,0.2,0.25,0.082,0.075,-0.05,0.00699997,14.97999954,0.001444449,-0.008344348,-0.002068791,0.007019977,0.010791274,0.000665192,36.85217128,-0.021116283,-0.003979912,-2.61828945,0.193859746,1.04E+11,98875013081,-1.30E+12,1.07E+12,561333352,0.246860078
2024-04-15,0,-0.06,-0.07,-0.047,-0.063,0.01,0.01600003,14.90999985,-0.00208476,0.002049533,-0.000802626,0.00298723,0.007192934,-0.009330526,33.39799221,0.021572293,-0.001909755,-4.22945543,-0.083298275,-38180264801,38901923580,-5.56E+11,14607221018,514575252,-0.072906771
2024-04-16,0,0.13,0.08,0.023,0.037,0.05,-0.01399994,17.30999947,-0.014657588,-0.007383565,-0.013927211,0.008568011,0.001601868,-0.004256211,33.33163623,0.019710119,-0.093652774,-4.346719432,0.09206577,-9752284617,52468571584,-31416184970,-2.38E+11,561950019,-0.125163143
2024-04-17,0,0.04,0.05,0.057,0.029,-0.01,0.02799988,19.22999954,-0.012094196,-0.019603262,-0.027153346,0.005825274,0.000470683,-0.023031079,19.61837675,0.058925688,0.116505762,-8.330589117,0.01470248,-91530079344,22980198501,-79588663622,-2.70E+11,570212078,0.158224005
2024-04-18,1,-0.08,-0.06,0.014,0.006,-0.02,0.00800013,18.39999962,-0.002058625,-0.013329478,0.015524025,-0.000237893,-0.002921685,-0.009800187,17.88836399,0.052190524,-0.005639639,-8.536968241,-0.273343854,-26296801166,-39210361102,-1.29E+11,-1.69E+11,414348111,-0.229259778
2024-04-19,0,0.05,0.06,-0.07,-0.048,-0.01,-0.02200007,18.20999908,-0.005797375,0.0031009,0.004337667,-0.005638082,0.001885947,0.019361089,31.92462757,0.083753386,0.052151538,-2.54109134,0.155516802,44505115327,18849862974,-81879476001,5.75E+11,478786204,0.080514517
2024-04-22,1,-0.02,-0.02,0.021,0.041,0,-0.01999998,18,-0.002210602,-0.026917763,-0.038875735,-0.000101499,0,-0.016393499,27.85269249,0.109203582,-0.110892324,-5.26201914,0.690678259,-7212402476,65608826735,-6.30E+11,-3.49E+11,809473426,0.278203328
2024-04-23,0,0,0,0.067,0.044,0,0.023,18.70999908,-0.00879713,0.00993896,-0.005952939,-0.003973354,-0.000659659,0.014395067,34.65103783,0.02337677,0.072564175,-0.9185892,-0.503514047,7751327836,1.47E+11,6.31E+11,-7.50E+11,401892185,-0.241162057
2024-04-24,1,-0.01,-0.05,-0.025,-0.023,0.04,-0.00200009,16.94000053,0.008693351,0.003028396,0.00964151,0.003567256,-0.00368324,-0.00244454,33.18082944,-0.001741865,-0.000764444,-1.01510081,0.070624862,17371773643,36406688137,42341247741,-25292878480,430275765,-0.100322722
2024-04-25,0,0.04,0.02,0.02,0.02,0.02,0,15.68999958,0.011893567,0.023889868,0.02680489,-0.006081512,0.001607168,0.019903382,46.03223066,0.013849921,0.084060408,3.63936352,-0.242951469,41659091754,56511371856,2.22E+11,4.92E+11,325739636,0.024815169
2024-04-26,1,0.05,0.07,0.062,0.034,-0.02,0.02800011,15.97000027,0.000212987,-0.021859549,-0.013719949,0.004724383,-0.002459115,-0.017770677,36.02041652,0.012198971,0.04698165,-0.72147962,0.025550231,-54408070716,43689175152,-4.08E+11,-2.89E+11,334062359,-0.126274872
2024-04-29,1,-0.03,-0.01,-0.013,-0.012,-0.02,-0.00099993,15.36999989,-0.004586934,0.008106665,0.013161945,-0.003834601,0.003214562,0.010486462,42.86208059,-0.005060844,0.026938481,1.84025738,0.348612515,-31278545362,68613364520,21394724435,4.73E+11,450520678,0.116422575
2024-04-30,1,-0.04,-0.04,0.01,0.021,0,-0.01100015,15.02999973,0.010157381,0,0.018466621,0.003921742,-0.003403942,0.011643546,46.51243281,0.019207977,0.027585047,4.09756195,0.044449358,24783141696,81079168766,2.54E+11,3.45E+11,470546033,0.038839833
2024-05-02,0,0.06,0.07,-0.048,-0.023,-0.01,-0.02500009,14.67000008,0.003173408,0.012336961,-0.004838102,-0.001780663,0.00604345,0.001717676,48.45970877,-0.02246981,0.000874682,3.706267435,-0.022234843,59908474116,11678673739,1.73E+11,2.38E+11,460083516,0.073427469
2024-05-03,0,-0.11,-0.16,-0.018,-0.02,0.05,0.00200009,15.64999962,-0.015855551,-0.00442553,-0.008575349,0.000261842,-0.008698978,-0.00312895,47.30113701,-0.069808072,-0.000896743,2.318008968,-0.236905349,19372105745,-2122962625,-1.46E+11,2674010328,351087270,-0.220933606
2024-05-07,1,-0.08,-0.08,-0.024,-0.009,0,-0.01499987,14.68000031,0.005645671,0,0.005320531,-0.007563063,-0.002567436,-0.002619275,49.37275653,-0.009584919,-0.042513456,1.314820123,-0.035533168,-13838084914,12629640424,57001136004,94476971612,338612027,-0.143355588
2024-05-08,1,-0.03,-0.03,-0.078,-0.052,0,-0.02600002,13.48999977,0.012478558,0.015545198,0.015772832,-0.009179927,0.003611531,0.021338947,56.94787752,0.028884651,0.04938035,5.679123891,0.571720381,-23927915909,-41010585708,7.93E+11,1.12E+12,532203424,0.355400247
2024-05-09,0,0.01,0.03,-0.006,-0.009,-0.02,0.00300002,13.22999954,0.011615702,-0.016426933,0.002272111,0.004103431,0.00132726,0.003901863,66.51627714,-0.090469722,-0.015247837,5.281229621,-0.18017211,3997296237,-11754431659,90059882225,4.00E+11,436315210,-0.083769883
2024-05-10,1,-0.03,-0.03,0.026,0.014,0,0.011999846,13,-5.84E-06,-0.003366463,-0.006773458,0.003095938,-0.003036341,-0.012061356,65.32748609,-0.006521353,0.023989357,1.431233674,-0.028659714,68042480247,-1.79E+11,84720280682,-3.59E+11,423810541,0.074801213
2024-05-13,0,0.05,0.05,-0.018,-0.013,0,-0.004999876,12.68999958,0.005078033,0.00406613,0.007175786,0.002537333,0.000759896,0.005695106,62.15120136,-0.049753474,0.001247156,2.259525078,0.383008154,-4277000835,30362348178,4.00E+11,1.48E+11,586133434,0.04405999
2024-05-14,1,-0.02,0.01,0.016,0.012,-0.03,0.00399995,12.55000019,0.00164804,-0.001299552,0.007163055,0.003443574,-0.000854951,-0.000153963,69.90614836,-0.115971319,3.51E-05,1.61355497,0.066783904,-12863342247,-47682492630,73704563018,20102584195,625277713,0.121607132
2024-05-16,1,-0.03,-0.04,-0.008,0.002,0.01,-0.00999999,13.60000038,-0.000241333,0.004614798,0.006124673,-0.0046234,-0.001997804,0.001147081,66.51284031,-0.054605452,-0.015663731,1.37225974,-0.291042137,10175792200,-12775451031,1.14E+11,84516691286,443295551,-0.322373618
2024-05-17,0,-0.07,-0.04,-0.088,-0.079,-0.03,-0.009000065,13.42000008,0.004826149,0.014602485,0.015058659,-0.007499925,-0.005251389,0.00826505,70.19826546,0.047116051,0.003187797,2.72550405,0.177185988,20138752277,-68611125297,6.81E+11,4.26E+11,521841311,0.337525423
2024-05-20,1,0.04,0.02,-0.004,0.004,0.02,-0.007999895,12.42000008,0.00956399,-0.003420074,-0.002151605,-0.005600715,-9.58E-05,-0.010362214,58.21594625,-0.059541165,-0.081229689,-0.31687227,0.103661795,-6162987108,-85629787897,-18961498104,-2.41E+11,575936318,-0.189868762
2024-05-21,0,0.02,0.02,0.043,0.033,0,0.00999999,11.98999977,0.001164096,0.007251803,0.000618863,0.00544559,0.001148242,0.006409586,71.19487578,-0.036228708,-0.026610942,0.96462184,0.01065185,50160158193,-1.52E+11,4.65E+11,-16080521471,582071105,0.127833372
2024-05-22,0,-0.03,-0.01,-0.006,-0.001,-0.02,-0.00500012,12.14999962,0.00091597,-0.003146768,-0.001641129,0.004989798,0.000860336,-0.006571158,63.14664613,-0.027009111,-0.04373623,-0.87264376,-0.036511215,-68433902903,-2.23E+11,29634389785,-1.07E+11,560818982,-0.174353387
2024-05-23,0,0.02,0.03,-0.013,-0.002,-0.01,-0.010999914,11.85999966,0.00249875,-0.008504718,0.014727564,0.002393916,0.002671745,-0.000264324,57.91091865,-0.014710147,-0.078368395,-0.92688233,-0.135685678,-9654005532,-82718762426,1.14E+11,2.94E+11,484723878,0.166321215
2024-05-24,0,0.04,0.07,-0.006,-0.007,-0.03,0.000999924,12.28999996,-0.002709791,0.012509561,0.002576487,0.001751421,0.001618645,-0.000605995,56.62023405,0.018213016,-0.037751141,-1.03299676,-0.116859143,-18517954611,-1.20E+11,-2.66E+11,3.62E+11,428079461,-0.084083117
2024-05-27,1,-0.01,0,0.043,0.021,-0.01,0.02200008,12.77000046,-0.007408162,-0.011758677,-0.001949834,0.001324297,-0.003717293,-0.012648483,50.78849441,0.064386763,0.04782022,-3.70174638,0.171835551,-56139454255,19663305533,-7.51E+11,-3.14E+11,501638731,0.084083117
2024-05-28,0,0,0,-0.017,-0.01,0,-0.00700021,11.93000031,0.006976649,0.006548646,0.01099548,-0.001397588,0,0.013081899,58.31244545,0.020225455,-0.055157213,-0.19833689,0.10978255,24060689470,-31889385495,3.76E+11,-1.37E+11,556709910,0.242313467
2024-05-29,0,0.08,0.04,-0.017,-0.019,0.04,0.00200009,11.93000031,0,-0.001148433,0.002502883,-0.003506082,-0.001050978,-5.14E-05,47.39909458,-0.099720831,-0.111956667,-0.28552499,-0.207923714,-9950412122,91413317565,-15319724316,44235878679,440956718,-0.309004842
2024-05-30,0,0.07,0.04,0.055,0.031,0.03,0.02400017,12.92000008,0.000248771,-0.007711997,-0.009003097,0.001343733,0.004673109,-0.016870319,36.77426304,0.069190988,0.074943778,-3.973043514,-0.004480721,-28666562594,19495675617,-2.28E+11,-1.03E+12,438980914,0.121607132
2024-05-31,1,-0.06,-0.05,0.028,0.015,-0.01,0.012999774,14.27999973,-0.007394317,-0.013124731,-0.013852903,0.005700093,-0.003622131,-0.015758713,35.53264288,0.006904375,0.028033154,-6.522493833,-0.150892474,-35263388378,-11311011216,-3.47E+11,-7.85E+11,372741998,-0.165667122
2024-06-03,1,-0.04,-0.05,0.014,0.012,0.01,0.002000336,14.47000027,-0.005992958,0.011334274,-0.008945315,0.00369238,-0.000477606,0.000409744,31.82669064,-0.005575528,-0.001530313,-5.020168097,0.646494874,1846432380,35726932921,1.02E+12,-1.34E+12,613717789,0.390336227
2024-06-04,0,-0.1,-0.07,-0.046,-0.018,-0.03,-0.02800012,12.92000008,0.007995824,0.011242273,0.016976795,0.004699529,-0.005076385,0.017296785,42.45738142,0.067006213,0.080987424,-0.20256678,0.274737601,14675655173,-87898380882,2.39E+11,1.89E+11,782329142,-0.158224005
2024-06-05,1,-0.08,-0.07,-0.062,-0.044,-0.01,-0.01800013,13.10999966,0.00111546,-0.002200869,-0.00839951,-0.00821682,-0.000288104,-0.007641337,39.1177934,0.021572516,0.011887679,-1.724239667,-0.011337079,-51292937456,-56759701617,-1.46E+11,-2.11E+11,773459815,-0.105360516
2024-06-07,1,-0.04,-0.05,-0.04,-0.045,0.01,0.00500012,13.15999985,0.001501681,-0.008982336,0.00598775,0.002135123,0.001535618,0.010239981,40.02448469,-0.016747949,-0.093307108,0.917902763,0.139659946,23426254515,-28481749691,-2.78E+11,5.92E+11,881481171,0.076372979
2024-06-10,0,0.14,0.15,-0.045,-0.037,-0.01,-0.00800014,12.63000011,0.011778016,0.005021327,0.017234939,-0.006184805,0.00592852,0.012257685,49.69817697,0.025155206,0.03950878,3.437783402,-0.110734673,7850912166,-75792233751,2.50E+11,2.86E+11,783870642,-0.084341148
2024-06-11,1,0.04,-0.03,0.048,0.045,0.07,0.00300026,12.22000027,-0.001315679,0.009115373,0,0.01005733,0.00247574,-0.007928004,43.7364278,0.003566964,-0.021382637,1.011738471,-0.353347793,2815508326,-42084005040,-4.69E+11,16955223849,506891681,-0.100925919
2024-06-12,1,-0.08,-0.05,-0.008,-0.012,-0.03,0.00399971,12.73999977,0.00257753,0.002472184,-0.003036014,-0.003697839,0.000760547,0.001535246,46.98954818,-0.009929141,-0.008979986,1.145626767,0.102588582,6004198584,55170078788,-1.61E+11,-2.24E+11,558892980,0.043296806
2024-06-13,1,-0.08,-0.09,-0.043,-0.034,0.01,-0.00899982,12.85000038,0.002706715,-0.006616436,0.011717081,0.00247156,-0.005527,0.008410796,50.70220445,-0.000468132,0.020161558,2.72918395,-0.085676728,-31391354851,-39944640603,75504916231,2.34E+11,511008858,0
2024-06-14,1,-0.07,-0.06,-0.037,-0.03,-0.01,-0.00699997,12.03999996,0.00846772,-0.004027012,0.011860923,-0.005058623,0.005241808,0.009746449,54.58881669,0.038173907,0.023364995,4.24748814,0.369892643,93869481202,1.46E+11,-3.65E+11,1.54E+12,700027275,0.481588804
2024-06-17,0,-0.04,-0.01,-0.043,-0.025,-0.03,-0.018000128,11.93999958,0.002341911,0.002427029,0.008598695,0.00242695,0.003321533,0.001280548,60.73809355,-0.046854461,-0.016262299,3.538728426,-0.07863697,-30296646285,26248186801,-3.87E+11,7.32E+11,644979251,-0.164677093
2024-06-18,1,0.08,0.09,-0.019,-0.04,-0.01,0.021000148,12.65999985,-0.000393938,-0.018517039,-0.000364052,0.006197391,-0.002181472,-0.005204836,53.41930871,-0.040869219,-0.022215064,1.519185022,-0.079063292,-38586060425,-1.05E+11,69937951278,-1.37E+11,593985068,-0.259282598
2024-06-19,1,-0.06,-0.07,-0.004,0.002,0.01,-0.00600004,12.75,0.007635164,0.009915083,0.011530628,-0.00233218,-0.000569832,0.007196746,56.25359665,0.027510754,0.002773993,2.64299979,-0.053890171,-61083195488,-86674294484,4851659863,6.49E+11,561975111,0.062035391
2024-06-20,1,0,0,-0.048,-0.052,0,0.003999946,12.30000019,0.002518154,0.002301079,0.019671689,-0.000326416,0,0.012015485,68.97829576,-0.022846567,0.01857341,4.57749083,0.150773652,-33536889816,-40867759683,7.37E+11,2.76E+11,646706151,0.058410762
2024-06-21,0,0.03,0.02,0.038,0.034,0.01,0.003999948,12.30000019,0,0.001612818,0.008433295,0.001840769,0.003130135,0.003675251,80.24384094,-0.058707866,0.000585024,4.19739178,0.172349851,-54302043687,-12058234062,2.38E+11,4.97E+11,758165860,-0.036105005
2024-06-24,0,0,0,-0.014,-0.02,0,0.006000042,13.27999973,-0.002529127,-0.00094655,-0.006545701,0.007695702,0.001986914,-0.008358537,74.06508365,0.002969889,0.023159361,1.16585962,-0.167539181,-20531474845,-55625807230,1.31E+11,-3.42E+11,631143373,0.064078857
2024-06-25,1,0,0.01,0.009,0.018,-0.01,-0.009000066,13.19999981,-0.001563352,0.005379255,-0.019089756,-0.002467391,-0.003123985,-0.007039158,64.65474321,-0.068285413,-0.032358408,-0.91624623,-0.058587422,-18088421801,-40610700848,69441491634,-5.30E+11,594166310,-0.267203541
2024-06-26,1,-0.02,-0.01,0.007,0.007,-0.01,0,13.32999992,-0.003069879,0.009451479,0.002725847,-0.001643561,0.001326506,0.003487891,70.81527972,-0.018827118,-0.037968564,-0.20854186,0.202091308,1104857609,-69786241878,2.46E+11,60954213464,714242157,0.061154423
2024-06-27,0,0.09,0.08,0.007,0.014,0.01,-0.00699973,12.84000015,0.003925874,0.012529857,0.004828284,0.003442589,0.004157641,0.006345246,69.72195955,-0.016155054,0.007533574,0.98650003,-0.250906198,25277874885,-57566702430,-2.00E+11,4.34E+11,535034373,-0.043296806
2024-06-28,1,-0.03,-0.04,0.022,0.005,0.01,0.01699972,12.55000019,0.001571196,-0.008240446,-0.003517296,0.001788613,-0.001320998,-0.002865796,63.07232423,-0.025456063,-0.101091021,-0.13462127,-0.257675316,-8276939954,-49150461166,-6.68E+11,5.14E+11,397169222,-0.09265883
2024-07-01,1,0.07,0.03,-0.034,-0.038,0.04,0.00400019,12.23999977,0.00090691,0.006120773,0.005497375,-0.004625397,-0.00037776,0.004930252,71.28205514,-0.049561057,-0.129089505,0.72358421,0.537255175,-8248546170,-67354281714,3.07E+11,32153817876,610550442,0.065751378
2024-07-02,0,0.12,0.06,0.046,0.028,0.06,0.01799989,12.43999958,-0.004092014,0.001211412,0.001142107,-0.004813406,0.000283315,0.002316973,71.57496161,0.011913921,-0.002890043,0.80777686,-0.24786175,-18725047300,31781348253,1.26E+11,-63341087773,459218341,-0.100322722
2024-07-03,1,-0.05,-0.04,-0.023,-0.041,-0.01,0.018000124,12.22000027,0.002671991,0.011131879,-0.007801921,0.002265076,-0.001701166,-0.008397269,61.453914,0.010563483,-0.049164338,-1.52383704,0.173389974,-59832305081,-2260295343,-1.95E+11,-33276899038,538842197,0.153432547
2024-07-04,1,-0.07,-0.06,-0.015,-0.009,-0.01,-0.006000284,12.02999973,0.006176206,0.012549107,0.012727603,0,-0.003031451,0.004717572,59.03719646,-0.067006568,-0.046288238,-0.413588,-0.368390256,15688502665,31642026271,1.24E+11,1.01E+11,340337982,-0.128617378
2024-07-05,1,0,0,-0.04,-0.032,0,-0.00799989,12.09000015,0.005071562,0.008169605,0.014995459,0.00169723,0,0.011009261,63.64013192,0.036478335,0.006873662,1.87932843,0.156904727,-5162319581,73082580326,1.01E+12,3.22E+11,393738620,0.25022451
2024-07-08,0,-0.08,-0.09,-0.007,-0.013,0.01,0.00600004,12.09000015,0,-3.12E-05,0.001446949,-0.003991314,-0.004945837,0.01311393,72.1374898,0.076915751,0.009384854,4.16171507,-0.039568064,-7108346526,-9650906892,1.28E+12,1.31E+12,378159145,0
2024-07-09,1,0,0.01,-0.015,0.004,-0.01,-0.019000055,12.47999954,0.005433974,-0.003223578,0.013558226,-0.002669783,0.00123879,-0.00156293,68.65906975,-0.039615899,-0.052825226,2.57119994,0.124012468,-28226073262,-47534558080,-2.05E+11,5.28E+11,425055594,-0.27604521
2024-07-10,1,0.02,-0.03,-0.021,-0.005,0.05,-0.016000035,12.36999989,0.001016183,0.019414505,0.000917978,0.004479411,0.001046977,0.003360575,65.38410396,-0.039457684,-0.000897115,2.41974457,0.073810646,-53028077615,-65384088183,1.35E+11,3.27E+11,456429222,0.119346758
2024-07-11,1,-0.02,0.01,0.007,0.006,-0.03,0.00100017,12.51000023,0.000740797,0.006037901,0.004466981,-0.000238652,-0.000666124,0.000212753,63.8453483,-0.010170236,-0.015860253,1.55477979,0.035150438,-67403242003,-71942289050,1.71E+11,5.27E+11,472472909,0.052185753
2024-07-12,0,-0.08,-0.12,0.036,0.043,0.04,-0.00700021,12.85000038,0.010156315,0.009327926,0.015825623,0.000412196,-0.00582369,0.008112122,74.56533062,-0.005354605,-0.013099833,2.67419734,-0.021707141,1.92E+11,-24089116123,-2.19E+11,6.10E+11,462216873,0.212921997
2024-07-15,1,-0.02,-0.04,-0.057,-0.062,0.02,0.005000115,12.92000008,-0.00880165,-0.024777233,-0.01958785,-0.008510482,-0.003356893,-0.011951432,69.81829203,0.056949113,0.110170883,-1.08290438,-0.116911693,-39330074671,-15959715340,2.43E+11,-5.50E+11,408178316,-0.034846731
2024-07-16,1,0.05,0.01,0,-0.025,0.04,0.025000095,12.46000004,0.005501864,0,-0.001572102,0.002068906,0.000960304,0.001371101,69.05527652,0.02232808,-0.026072075,-0.96128275,0.039883505,-31056527583,-72565329112,2.07E+11,-76964828774,424457898,-0.144738846
2024-07-17,0,-0.06,-0.02,-0.04,-0.041,-0.04,0.00099993,13.11999989,0.002822216,0.002046873,0.004924779,0.006947563,0.000767478,0.001805538,67.25391938,-0.03791112,-0.014807602,-0.75530578,0.597107337,2143664276,-51740833718,1.92E+11,1.88E+11,677904823,0.040166042
2024-07-18,0,-0.01,-0.02,0.002,0.015,0.01,-0.01300001,13.18999958,0.00636905,-0.004306933,-0.009522519,-0.000759075,-0.004999497,-0.007986916,62.91144226,-0.009042533,-0.015523782,-2.81656255,-0.190012961,4754932181,-1.97E+11,3.52E+11,-2.57E+11,549094120,0.090286847
2024-07-19,0,0.04,0.05,-0.001,0.008,-0.01,-0.00900007,14.47999954,-0.014025441,-0.023918685,-0.015746056,-0.002889949,0.004040004,-0.006683562,55.65551562,0.077547418,0.023490081,-4.09148094,0.199019523,-65524507563,-85407403428,3.83E+11,-3.49E+11,658374570,0.108951184
2024-07-22,0,0.05,0.04,0.018,0.016,0.01,0.0020001,15.93000031,-0.007847112,-0.001560354,-0.022877025,0.004768626,0.002205527,-0.010281626,48.27785738,0.063602484,0.019406604,-5.83746983,-0.352636066,-1.02E+11,-1.08E+11,-73813572200,-4.20E+11,426207952,-0.480119135
2024-07-23,1,0.01,0.01,-0.011,-0.003,0,-0.00800014,16.52000046,-0.007165879,-0.011669045,-0.027137514,0.002573905,-0.000862478,-0.011495044,46.7319486,0.033484659,0.04136594,-7.38297374,0.088384803,-83764592286,-93564874878,1.52E+11,-85368275960,463878258,0.090654368
2024-07-24,0,-0.01,-0.03,0.026,0.013,0.02,0.01300001,14.90999985,0.010734217,-0.000116408,0.027250326,-0.001232088,0.001341247,0.003893258,46.25210078,0.019569539,0.001427212,-5.10104276,-0.087253548,25867469004,13683039498,-1.06E+11,2.47E+11,423403234,0.090971778
2024-07-25,0,0.03,-0.02,-0.04,-0.038,0.05,-0.00199985,14.72000027,-0.001559318,-0.01116312,0,-0.001825636,-0.000574579,-0.005631708,36.63265346,-0.002926795,-0.007539711,-5.357874151,0.108213725,16199577051,-12685965214,6181282757,-2.64E+11,469221275,-0.035401927
2024-07-26,1,-0.01,0.02,-0.003,-0.022,-0.03,0.01900005,18.04000092,-0.023421242,-0.033377989,0,-0.001387618,-0.000287414,-0.017574743,20.68089133,0.01791258,0.116494342,-8.08903252,-0.061597676,-45715442104,-21567374341,-267899826,-6.77E+11,440318335,0.210450725
2024-07-29,1,-0.07,-0.06,-0.02,0,-0.01,-0.01999998,18.45999908,-0.005155889,-0.00535108,-0.033459948,-0.000882731,-0.000383371,0.00780888,27.13966311,0.031886922,0.016504941,-4.607638735,0.172941411,66778146327,5130738888,2.86E+11,-47288785165,516467609,-0.052446475
2024-07-30,0,-0.03,-0.01,-0.062,-0.046,-0.02,-0.01600003,16.38999939,0.01102942,0.021047807,0.002044965,0.000477588,0.002297951,0.012235007,32.98479886,0.050782449,0.056874611,-0.839953833,-0.116080685,31245544893,21975444038,-95649741562,4.47E+11,456515695,-0.167054085
2024-07-31,1,-0.02,-0.03,0.006,0.016,0.01,-0.009999992,16.60000038,0.000812979,0.001488944,0.002661982,-0.000528311,-9.56E-05,-0.009935212,30.09328424,0.040941405,0.008478188,-2.742212671,-0.139420409,-7090627249,-1.00E+11,-1.77E+11,-2.45E+11,392868090,-0.075507553
2024-08-01,1,-0.06,-0.06,0.012,0.01,0,0.001999855,17.69000053,-0.004972514,0.014837001,-0.00109046,0.00154801,-0.004313494,0.011799269,31.99965327,0.017144595,0.039084025,0.57223215,0.418007904,4047743517,-53944809039,62441095900,1.49E+11,557090057,0.179048231
2024-08-02,0,-0.1,-0.14,-0.054,-0.028,0.04,-0.026000023,16.36000061,0.015669981,-0.025263951,0.019747996,-0.01132515,0.00306925,0.002519657,37.11502113,-0.046463801,-0.039137188,1.127511694,-0.136882863,7930266188,25173277491,-2.14E+11,4.41E+11,480833975,-0.112673163
2024-08-05,0,-0.19,-0.26,-0.034,-0.037,0.07,0.00300026,18.59000015,-0.013788124,-0.059897638,-0.045355808,0.000767241,-0.011655472,-0.037221903,27.21467985,0.165642057,0.250266377,-7.103963014,0.105964145,-1.32E+11,-1.09E+11,-3.28E+11,-8.48E+11,531785136,0.183849441
2024-08-06,1,-0.02,0.01,-0.098,-0.133,-0.03,0.03499985,23.38999939,-0.018552907,-0.132340761,-0.087214818,-0.008656929,-0.005050974,-0.091761016,16.56324294,0.39150925,0.681820461,-24.09381189,0.436252549,23447557100,2.36E+11,-4.19E+11,-1.52E+12,763777757,0.36124464
2024-08-07,1,0.12,0.05,0.115,0.129,0.07,-0.013999942,38.56999969,-0.030427041,0.097365588,0.033234256,0.007509462,0.002722931,0.03247857,26.81767777,0.12220027,0.068444296,-11.98304354,-0.257288623,1.40E+11,2.37E+11,-7.67E+11,-1.74E+11,567266430,-0.193016846
2024-08-08,0,0.06,0.05,0.008,-0.006,0.01,0.013999942,27.70999908,0.010300849,0.011873132,0.038010801,0.002125891,0.002231128,0.018175323,32.22539359,0.0407274,0.023316266,-5.09735166,-0.1591417,64953210444,32426918201,-4.46E+11,-18716243874,476990686,-0.168227794
2024-08-09,1,0.03,0.05,-0.004,-0.018,-0.02,0.013999936,27.85000038,-0.007764715,-0.007393335,-0.020167925,0.003656636,9.69E-05,-0.004557906,33.01458695,0.004468949,-0.008132392,-4.26647897,0.03838297,43335833798,85226342980,-4.19E+11,-5.20E+11,495299005,-0.130265195
2024-08-12,1,-0.05,0,0.015,0.03,-0.05,-0.014999866,23.79000092,0.02278114,0.005550036,0.02829254,-0.001142157,-0.000678456,0.012322397,37.53878448,0.003513066,0.011686161,-0.10638603,-0.040959004,37718158055,34021210450,-1.16E+11,152537242,475012051,-0.168161417
2024-08-13,1,-0.04,-0.04,-0.012,0.005,0,-0.0170002,20.37000084,0.004660798,0,0.014072567,-0.007247288,0,0.011473783,39.19123247,0.001015945,0.009234448,3.00818877,-0.38299714,26044643926,3960511024,89921761727,78501696596,293083794,-0.246037371
2024-08-14,1,-0.05,-0.07,-0.026,-0.028,0.02,0.002000094,20.70999908,4.30E-05,0.033894737,0.001070031,0.00417072,-0.005639313,0.001221402,40.32656276,-0.001055593,-0.000283924,3.28656673,0.291549239,-7649488765,-2248875325,-28516764667,1.33E+11,378532151,0.165737429
2024-08-16,1,-0.02,0.01,-0.029,-0.03,-0.03,0.000999926,18.12000084,0.016707233,0.005776917,0.010527691,-0.005395897,9.75E-05,0.008735338,45.16554032,-0.022814706,0.005989733,5.04670644,-0.13151858,-3977404730,-29044198714,-95053747571,3.92E+11,328748140,-0.01121088
2024-08-19,0,0.06,0.11,0.028,0.04,-0.05,-0.011999844,16.19000053,0.003816437,0.043500315,0.014516023,0.000983216,-0.00107302,0.019743302,47.57766391,0.027506493,0.019828012,8.73984333,0.17370063,-15559717124,-2357676377,2.33E+11,1.21E+12,385851899,0.233238982
2024-08-20,1,-0.03,-0.01,0.012,-0.001,-0.02,0.012999774,14.80000019,0.017992292,-0.017867652,0.002694469,-0.010713528,-0.005578676,-0.008515174,43.53285217,-0.009365368,-0.00097827,5.50296976,0.025359277,-22660691972,-37701027259,96704917440,-1.20E+11,395636824,-0.19020973
2024-08-21,1,-0.04,-0.06,0.014,0.017,0.02,-0.002999783,14.64999962,0.009675327,0.01787422,0.00086839,-0.013508355,-0.00442628,0.008292662,47.03057308,-0.001021541,0.000181922,6.50512941,0.223820359,-13108035045,14505808864,890635336,2.93E+11,484188400,-0.034050516
2024-08-22,1,-0.03,-0.06,-0.002,-0.004,0.03,0.001999853,15.88000011,-0.001986527,-0.002923675,-0.008561586,-0.002482679,-0.003951027,0.001667359,44.82285432,-0.01687524,-0.000702062,5.79863278,-0.138084194,-49926784595,-64132505607,1.64E+11,31111966566,417329635,0.046926231
2024-08-23,0,0.07,0.08,-0.017,-0.033,-0.01,0.016000034,16.27000046,0.004230715,0.006806785,-0.004012942,0.004569365,0.00464085,0.002418297,44.78587354,-0.002438903,-0.000295208,5.34176665,0.058530636,-5964946296,7471486834,79186890455,68658227680,441756204,-0.046926231
2024-08-26,0,-0.05,-0.09,0.025,0.013,0.04,0.012000086,17.54999924,-0.008972942,0.004002806,0.00041622,0.004399233,-0.007812935,-0.002210976,52.21415919,-0.094173809,-0.011289747,3.92420026,-0.251642062,-28194176229,14509555932,3.37E+11,-2.95E+11,330591762,-0.076603563
2024-08-27,0,0.01,0.01,-0.031,-0.03,0,-0.00100017,15.85999966,0.011417937,-0.006644091,0.00369693,-0.011759478,0.001289848,-0.001363014,87.18110809,-0.344357957,-0.002646383,2.95233077,0.009365397,7719858795,31745801309,3.43E+11,-4.67E+11,333687885,0.092124939
2024-08-28,1,0.01,-0.02,0.099,0.05,0.03,0.04900003,16.14999962,-0.00315871,0.004670298,-0.002481442,0.002082618,-0.002979102,-0.003252124,80.59998033,-0.208763176,-0.006861635,1.75200138,-0.208671136,8339642979,-18214989888,3.81E+11,-4.07E+11,264056855,-0.121502817
2024-08-29,0,0.01,0,-0.019,-0.021,0.01,0.00200009,15.43000031,0.001593925,0.002169065,0.008333901,-0.000211104,0.005356026,0.000215679,76.70222762,-0.124732751,-0.003066635,1.536684771,0.063308396,6498887162,-32766656648,2.42E+11,-3.44E+11,280773871,0.27518191
2024-08-30,1,0.03,0.04,0.021,0.02,-0.01,0.00100017,17.11000061,-0.005993901,-0.000240583,-0.007574685,0.007758028,0.002469991,-0.010295114,71.69760376,-0.025866223,-0.003972275,-0.893521387,0.028712654,-55602532288,-28011649724,-85314301143,-4.21E+11,288835634,0.081493034
2024-09-02,1,0.04,0.03,0.013,0.014,0.01,-0.00100017,15.64999962,-3.94E-05,0.007407324,0.002979104,-0.002854346,0.003546109,0.004508516,69.20741596,-0.051487026,0.000892021,0.370038671,-0.034588267,-12734537738,64139996341,4.22E+11,-3.79E+11,278845310,-0.11020314
2024-09-03,0,0,0,0.033,0.036,0,-0.00300002,15,0.010042457,0.00137355,-0.001482601,0.002772061,0,0.002498434,65.64529001,-0.01385432,-0.056756986,0.929800494,-0.042506496,12931563638,1896520545,-4.11E+11,2.39E+11,266992573,-0.172275104
2024-09-04,0,-0.07,-0.06,-0.001,-0.008,-0.01,0.00699997,15,0,-0.000376354,-0.006447004,0.000725539,0.001277501,-0.006124692,60.09831942,0.005699661,-0.819455235,-0.481784523,0.136587451,-33003480658,3211590973,-1.83E+11,-2.91E+11,303460408,0.035131092
2024-09-05,0,-0.07,-0.1,-0.068,-0.05,0.03,-0.01799989,20.71999931,-0.021377963,-0.043281929,-0.046295721,0.002135944,-0.004626232,-0.03196572,38.39200469,0.122997486,0.071097752,-6.963638686,0.500918383,-68018071389,30786041031,-5.67E+11,-9.89E+11,455469305,0.238613473
2024-09-06,0,-0.04,-0.02,-0.022,-0.026,-0.02,0.00399995,21.31999969,-0.001603829,-0.010596969,0.004491961,-0.007037503,-0.002469503,-0.002055757,23.18128715,8.53E-05,-0.065759398,-5.69817247,-0.167885412,-2909730265,52350112512,56112367418,-5.86E+11,379002653,-0.111225635
2024-09-09,0,-0.01,-0.07,-0.04,-0.024,0.06,-0.01600003,19.89999962,-0.003022581,-0.007272485,0.011612597,0.001336459,0.000692073,-0.012195976,22.35865149,0.025374949,0.028927697,-6.70945996,-0.011135714,-29159169767,852444260,1.27E+11,-2.66E+11,374782188,-0.160214781
2024-09-10,0,-0.02,0,0.042,0.016,-0.02,0.02600002,22.37999916,-0.017410944,-0.004840265,-0.013656978,0.003729545,0.003650207,-0.003287307,13.70497357,0.043247141,-0.036879195,-5.60094081,-0.278965259,14212301153,35738313274,-8601764591,-5.42E+11,270230978,-0.153958907
2024-09-11,0,-0.05,-0.12,-0.022,-0.02,0.07,-0.00200009,19.45000076,0.011513534,-0.001563797,-0.003807737,0.002612878,0.000787422,-0.004941347,11.26518162,0.003929025,-0.038145895,-4.99966086,0.286492661,11857202176,37065925984,-1.03E+11,-6.71E+11,347650170,0.122395796
2024-09-12,1,0,0.03,-0.067,-0.057,-0.03,-0.009999755,19.07999992,0.0044627,-0.015029502,-0.001571684,0.001542084,0.000491889,-0.003994531,8.286842817,0.022962488,-0.001580898,-4.2769377,-0.129697877,-39489199510,19281845159,80077198047,-1.04E+12,302560681,0.133234436
2024-09-13,1,0.03,0.02,0.027,0.046,0.01,-0.019000055,17.69000053,0.010608556,0.033500692,0.029158019,-0.003101498,-0.003053414,0.023094303,27.31411878,0.066300388,0.116094458,1.82474493,0.125324315,1.44E+11,-43818934496,-1.67E+11,2.78E+11,340478891,0.160958461
2024-09-19,1,-0.02,-0.05,-0.042,-0.044,0.03,0.00199986,17.06999969,0.007467352,-0.006851698,0.004901797,-0.002609559,-0.002568177,0.001289878,28.51230546,-0.015477111,-0.103169307,2.16508579,0.052232257,36853809822,71033961638,2.76E+11,-9.58E+11,358262872,-0.294192897
2024-09-20,1,0.07,0.05,0.051,0.021,0.02,0.03000021,16.55999947,0.005393142,0.01555738,0.012923647,-0.010105567,-0.004957377,0.002090737,30.76514047,0.054287643,-0.006251291,2.5722144,0.074856825,-1173328275,10738731739,8.88E+11,-1.18E+12,385081293,0.426617483
2024-09-23,1,0,-0.01,0.01,-0.005,0.01,0.01499986,16.32999992,0.015454054,0.015186932,0.005281682,0.004037921,0.001092739,0.004858786,33.58965754,0.025508703,-0.014961202,3.43463491,0.287946577,28014301786,14036438593,2.34E+11,-33693633654,495964133,0.103032226
2024-09-24,1,0.02,0.01,0.033,0.026,0.01,0.00699997,16.14999962,-0.001942914,0,0.005674873,0.002925804,0.001983704,0.003325994,39.04140602,-0.043722436,0.003815283,3.75766105,-0.316200518,9944915232,28082208914,2.81E+11,-7.02E+11,339140017,-0.40581482
2024-09-25,0,-0.01,-0.03,0.004,-0.01,0.02,0.01399994,15.89000034,0.002805334,0.005727396,0.006541115,0.001590919,-0.005464721,0.011338173,42.71602713,0.016958618,0.038047752,5.64553104,0.047051327,208412350,6470306187,5.52E+11,-3.77E+11,355097005,0.077699178
2024-09-26,1,0.05,0.05,-0.029,-0.042,0,0.01300001,15.39000034,0.002508031,-0.001855358,0.014596216,-0.006567597,0.005464721,-0.013527315,36.82227708,0.06478728,0.032521753,1.87273371,0.279852383,-81369236152,-46333782707,7.07E+11,-5.70E+11,454471748,0.127444947
2024-09-27,0,0,0.05,0.004,-0.005,-0.05,0.00900006,15.40999985,-0.001862983,0.027486722,0.004261737,0.007639333,-0.003573566,0.028571256,50.91275129,0.069909901,0.168679995,7.71907552,-0.285128355,51972990585,4125029205,6.99E+11,4.95E+11,324888966,-0.008583744
2024-09-30,0,-0.04,-0.05,-0.001,0.019,0.01,-0.01999998,15.36999989,0.004030542,0.02295644,-0.001577068,-0.01642569,-0.001393168,-0.008189711,60.84114803,-0.087392453,0.008056285,4.470490324,0.271216238,3161310152,2057999664,-4.22E+11,2.66E+11,413004129,0.033901552
2024-10-02,0,0.06,0.09,-0.008,-0.015,-0.03,0.00699998,16.95999908,-0.001254003,-0.049142484,-0.026562515,-0.00305041,0.003578539,-0.021556994,52.40558255,0.03311998,0.060930144,-0.895327524,-0.130963173,4061327531,-23375912575,-1.72E+11,-1.00E+12,358915798,-0.105360516
2024-10-04,1,-0.02,-0.04,-0.06,-0.031,0.02,-0.02900005,16.72999954,0.004227604,-0.002925963,0.007434836,0.011798991,0.008890718,-0.012252461,52.35453808,-0.01593205,0.005135905,-3.10040022,-0.022042627,-32708753832,-21190827398,-6.23E+11,-3.07E+11,351004351,-0.116741911
2024-10-07,1,0.19,0.3,0.064,0.044,-0.11,0.02000022,18.89999962,-0.009229467,0.02163381,-0.003923639,0.0071976,0.008227238,0.003125863,54.57253538,-0.038272565,-0.002224086,-1.63370693,0.180408596,-7709625782,-65243575899,-1.69E+11,42753532722,414328553,0.03978087
2024-10-08,0,0.05,0.05,0.105,0.136,0,-0.03100014,19.20999908,0.007247427,0.01788253,0.01776948,0.008558806,0.000195107,0.015702723,60.9357373,0.046675837,0.038170705,2.13858011,-0.17053473,25309093861,86903623202,-63788114571,29180864802,343671145,0.039220713
2024-10-10,1,0.01,-0.03,-0.024,-0.028,0.04,0.00399995,22.63999939,-0.009632264,-0.010098408,-0.004023928,-0.002611373,9.75E-05,-0.00615586,60.03569754,-0.006785521,3.88E-05,0.54744931,-0.073998418,-17553266100,4681380222,-3.24E+11,-3.81E+11,318240024,-0.12586852
2024-10-11,0,0.05,0.02,0.011,0.03,0.03,-0.01899981,21.42000008,0.009642707,0.01132189,0.002106869,0.00048412,0.004281361,0.001848383,53.87166025,-0.066616476,-0.146973341,0.95541933,0.943690112,23804233192,1.18E+11,-4.39E+11,1.63E+11,618559988,0.415951554
2024-10-14,1,-0.01,-0.03,-0.003,-0.015,0.02,0.01199984,20.93000031,0.005015963,0.005694903,0.010647893,0.00499115,-0.000971425,-0.000866039,53.08447563,0.010934809,-0.000761917,0.7017884,-0.205774304,-14539617289,71242141360,1.75E+11,-5.99E+11,491276237,-0.375347686
2024-10-15,1,0,0,0.002,-0.009,0,0.01099992,20.45999908,0.006033609,0,0.003210698,-0.001045217,0.003976956,0.010107027,55.74951223,-0.02971439,-0.015868124,2.778961899,-0.182322205,-9158474001,89708652791,2.48E+11,91477689688,401705670,-0.112951793
2024-10-16,0,-0.05,0.01,-0.037,-0.032,-0.06,-0.00499988,19.70000076,0.007678115,0.007665128,0.013692381,0.006608587,-0.000387306,0.003865485,55.45898982,-0.034188412,-0.003652328,3.080787678,0.091079444,228325772,71140727656,-84716024327,2.90E+11,438292799,0.168946062
2024-10-17,0,-0.01,-0.02,-0.042,-0.026,0.01,-0.01600027,20.63999939,-0.007638566,-0.01846663,-0.012140117,0.004344901,0.003190665,-0.008806571,51.0942357,0.030839291,0.011952354,0.629749998,-0.001688422,-8520262010,1.63E+11,-1.46E+11,-6.60E+11,437552776,0
2024-10-18,0,0.07,0.05,0.02,0.017,0.02,0.00300026,19.57999992,0.004668233,-0.006892183,0.001860829,0.000747895,0.002314199,-0.000406179,46.82950112,-0.02654276,-0.005066849,0.459606473,-0.242913666,15592590772,18201444337,1.59E+11,-4.05E+11,331265227,-0.014962873
2024-10-21,1,-0.01,-0.03,0.044,0.011,0.02,0.03299999,19.11000061,-0.000171175,0.001811682,0.018626209,0.004279131,-0.003279994,-0.005950286,49.62469176,-0.06957404,-0.083421649,-0.829241699,-0.199429697,-15970324584,35681143792,1.41E+11,-4.78E+11,265201103,-0.184938042
2024-10-22,0,0.11,0.09,-0.018,-0.006,0.02,-0.01200008,18.03000069,0.003963687,-0.000696682,0.002349991,-0.000759413,0.005012099,0.004270216,37.60732414,-0.104165443,0.002858461,0.290755655,-0.092481063,3003491522,-31017212887,1.97E+11,22102494346,240675023,-0.063652175
2024-10-23,1,0.01,0.03,0.076,0.041,-0.02,0.03500009,18.37000084,-0.001824433,-0.014028012,-0.000301611,0.005456187,0.000672783,-0.013223718,35.94578459,0.018980832,0.035581606,-2.450323628,0.426480263,-46752818001,16006775432,-2.78E+11,-2.81E+11,343318170,0.143787893
2024-10-24,0,0.04,0.05,-0.002,-0.007,-0.01,0.00499987,18.20000076,-0.000474967,-0.008027077,-0.008562848,9.44E-05,0.003357142,0.011187109,51.25125318,-0.077861055,0.019499298,0.466851073,0.02651474,15210770999,71854236317,2.05E+11,2.12E+11,352421162,0.05112587
2024-10-25,1,-0.03,-0.01,-0.054,-0.045,-0.02,-0.00900006,19.23999977,-0.009233824,0.001008016,-0.006114292,0.000515591,-0.003549361,-0.00717677,54.01647415,-0.038537698,0.006972226,-1.042925199,-0.026453985,2405545884,-20276440051,-14263557786,-6.07E+11,343098218,0.0313178
2024-10-28,1,0.04,0.03,-0.02,-0.009,0.01,-0.01099992,19.07999992,0.002143473,-0.006031456,0.006700775,-0.000740847,0.001920167,0.00086749,52.88537065,0.010161112,-0.026916294,-0.552254503,0.349171691,5447350376,-8484599509,90701516255,-3.91E+11,462898403,0.056929999
2024-10-29,1,0.03,0.04,0.063,0.05,-0.01,0.01300025,20.32999992,-0.000299492,0.018077186,-0.006461468,0.008205668,0.000575296,0.011224751,50.45868653,-0.050693867,-0.008195763,1.985925757,-0.279029794,22124938772,82873506991,3.50E+11,-1.28E+11,333735957,-0.120578201
2024-10-30,0,0,-0.01,0.001,0.004,0.01,-0.00300026,19.79999924,0.002647935,0.007693277,-0.011771734,-0.004108903,-0.000383518,0.002053493,55.506992,-0.016781003,-0.199878465,2.054135474,0.08855534,-10134760932,25314403149,32617447526,-1.18E+11,363290058,0.022740558
2024-10-31,0,0.01,0.06,-0.013,0.001,-0.05,-0.01399994,19.34000015,0.001612826,0.009560212,-0.004641192,0.000875239,-0.002784857,-0.009214147,48.84284955,0.029265657,0.004620063,-0.259546646,0.341514953,-46166150285,8035688985,46821689654,-3.36E+11,487359045,-0.029333988
2024-11-01,0,-0.01,-0.02,-0.005,-0.001,0.01,-0.00400018,20.35000038,-0.003305692,-0.005006239,0,-0.003338544,-9.61E-05,-0.01461796,42.37903215,0.033847006,-0.075319077,-3.156606336,-0.165680744,-32653516665,49871877805,2.58E+11,-8.58E+11,406613036,0.192923009
2024-11-04,1,0.09,0.06,-0.01,0.003,0.03,-0.01299978,23.15999985,-0.018790135,-0.026645231,-0.0017697,-0.004099509,0.002880972,-0.005409356,34.12078947,-0.022152404,-0.040183622,-3.487818356,-0.213382896,-34987822855,14780765621,-2.37E+11,-39017847667,319848769,-0.325981998
2024-11-05,0,-0.06,-0.08,0.006,-0.004,0.02,0.00999999,21.87999916,0.004084158,0,0.008101854,0.004657918,-0.003746936,0.018167276,42.36473268,0.063317453,0.106160501,1.110638617,0.169125869,4963715143,1.02E+11,1.84E+11,29716800648,373943470,0.015000281
2024-11-06,0,-0.05,0.01,-0.023,-0.017,-0.06,-0.00600004,21.97999954,-0.002816045,0.011008459,0.006138146,-0.004708955,-0.004534292,-0.004680783,44.02736173,-0.018021793,-0.073942691,0.018144259,-0.168656923,-44763636469,-28910188732,-2.02E+11,-1.44E+11,310875315,-0.043099192
2024-11-07,1,0.16,0.09,0.061,0.042,0.07,0.01900005,20.48999977,0.012191031,0.025805193,0.0047747,0.003737028,0.016018741,-0.005201902,42.17504639,0.066643241,-0.003350978,-0.940096506,0.764392638,-9040870503,76337430691,-43773444714,-1.03E+11,548506117,0.424285167
2024-11-08,0,-0.11,-0.07,-0.036,-0.038,-0.04,0.0020001,16.27000046,0.024981281,-0.002517351,0.008211714,0.015696232,-0.00553431,0.000436756,44.75430162,0.019400808,-0.001750313,-0.52426442,-0.151976325,4956478096,1.79E+11,-55393323792,1.05E+11,465146173,-0.088553397
2024-11-11,0,-0.01,0.05,-0.049,-0.033,-0.06,-0.01600003,15.19999981,0.007403754,0.003016185,0.006178126,-0.0200016,0.004677569,-0.001357835,41.91270802,0.031292939,0.000148234,-0.5594354,-0.035282831,-47770120168,-6441943082,1.94E+11,-13207813305,448734499,-0.084993213
2024-11-12,0,0,0,-0.011,0.012,0,-0.02300001,14.93999958,0.003749794,0.000833802,-0.001030084,0.018142394,0.005129686,-0.011581159,42.65833153,-0.008275907,-0.007616063,-2.65548825,0.275134469,-17545700228,71860171483,-2.21E+11,-4.82E+11,572196827,0.130249804
2024-11-13,0,0.13,0.11,-0.024,-0.001,0.02,-0.02300024,14.97000027,0.000968594,-0.003985093,-0.023559657,0.002394853,0.004537687,-0.019580838,29.54025019,0.021822845,0.08397995,-5.83095401,0.285943482,-87729325236,1.65E+11,-26351345295,-3.06E+11,735812780,0.124642445
2024-11-14,1,0.01,-0.04,0.053,0.039,0.05,0.01400018,14.71000004,-0.002896852,-0.016759638,-0.005302532,0.004345956,0.004329483,-0.026734109,25.37915368,0.088798649,0.134734547,-9.5606787,-0.158513853,-32997618165,25758571687,69869273798,-6.31E+11,619176261,-0.133531393
2024-11-15,0,-0.01,0.05,0.007,-0.01,-0.06,0.01699996,14.02000046,0.000232201,-0.004814073,-0.006356474,-0.005453312,0.001782734,0.000736167,25.27592433,-0.007090333,0.002081298,-7.00760472,0.033615131,96935139213,1.78E+11,-31985934413,-2.33E+11,639989952,0.149035579
2024-11-18,1,0,-0.03,0.01,0.012,0.03,-0.00199985,14.31000042,-0.006068109,0.002778257,0.001205006,0.001307191,0.000187516,-0.000827178,17.97398111,0.024110915,0.000636715,-5.22901513,-0.02603602,7134765771,1.04E+11,-96392962924,-59478559825,623327161,-0.047252885
2024-11-19,1,-0.01,-0.02,-0.021,-0.026,0.01,0.00499987,16.13999939,-0.013291431,-0.010982102,-0.008665696,-0.004636547,-0.003850346,0.021372368,28.88374653,0.073182342,0.110916386,0.54849799,-0.28781239,14864147688,43784358580,-73025632748,-52987299865,443925881,-0.156842471
2024-11-20,1,-0.03,-0.01,-0.027,-0.026,-0.02,-0.00099993,15.57999992,0.00391016,0.005051943,0.013317058,-0.003484369,-0.000658852,0.001165704,31.59733822,-0.028979299,-0.019890502,1.13362599,-0.074493864,27971023145,3.19E+11,1.20E+11,-3.30E+11,410856127,-0.153679093
2024-11-21,0,0.02,0.02,-0.019,-0.016,0,-0.00300002,16.35000038,0.00395575,-0.001617623,-0.007046643,0.001912552,0.004415444,0.004174244,37.84156783,-0.043356403,-0.026865331,2.17425686,-0.005029486,24153633173,1.81E+11,-32152100370,-1.82E+11,408789732,-0.150490354
2024-11-22,1,0.02,0.04,-0.039,-0.044,-0.02,0.00499988,17.15999985,2.20E-05,-0.008540882,-0.005865951,0.003914264,0.00271473,-0.000669024,39.41560556,-0.000202715,-0.004657293,2.00750367,0.103546637,14389628978,3.01E+11,-288550286,-2.59E+11,451118534,0.066773873
2024-11-25,1,-0.02,0.02,-0.002,-0.013,-0.04,0.01100016,16.87000084,0.005326252,0.006753521,0.015339513,0.001415678,0.004849368,0.008274092,33.48518022,-0.029921184,0.018739031,3.63052428,0.204822569,49241716550,82570042348,1.72E+11,1.18E+11,543517791,-0.041520005
2024-11-26,0,-0.14,-0.11,-0.056,-0.043,-0.03,-0.01300002,15.23999977,0.00346196,0.012880099,0.00192132,0.002789785,-0.006252628,0.013146678,42.57905698,0.030289726,0.010198852,5.85710065,0.03895853,-11709771039,54485875472,4.36E+11,-74748556334,564692445,0.520751264
2024-11-27,0,0.03,0,-0.017,0,0.03,-0.01699996,14.60000038,0.003015928,-0.008757664,-0.011818079,-0.005680438,0.001777136,-0.005531492,42.48861448,-0.050159284,9.27E-05,3.77914597,-0.217788754,-76133135952,71949430369,-2.33E+11,-68993373953,441708781,-0.438217895
2024-11-28,1,-0.05,-0.04,-0.023,-0.032,-0.01,0.00900007,14.10000038,0.005705697,-0.008018936,-0.01528372,-0.000207851,-0.008728764,-0.006887784,39.85369755,-0.022170465,-0.005550375,1.84320284,-0.061963095,-66310527177,2.01E+11,1.43E+11,-3.35E+11,414339138,-0.013873055
2024-11-29,0,0,0,-0.092,-0.103,0,0.01099992,14.10000038,-0.003808481,0.005598304,-0.001607706,-0.004885559,0,0.000642951,40.63474611,-0.043968025,-0.034072415,1.81391616,-0.173210847,-32204512507,85666024663,2.81E+11,-4.92E+11,342571105,-0.126405669
2024-12-02,0,-0.07,-0.07,-0.037,-0.031,0,-0.00600029,14.10000038,0,-0.003684244,-0.001633719,0.003472669,-0.003210312,-0.019659629,38.19394873,0.042938567,0.061774914,-2.24781021,0.121746684,-40090877675,10157082431,99435592904,-7.49E+11,384278001,0.185179644
2024-12-03,1,0.01,0.01,-0.054,-0.04,0,-0.0139997,13.51000023,0.00559212,0.007950618,0.021086813,0.004697152,0.006692131,-0.000582411,44.85812322,-0.032346575,-0.081606223,-1.6288396,-0.146166202,-20717896897,-8074264978,4.27E+11,-1.31E+11,328109545,-0.18254112
2024-12-04,0,0.04,0.02,0.016,0.018,0.02,-0.00200009,13.34000015,0.002445464,0.01892603,0.012696996,0.000856914,-0.000751755,0.018415852,66.38896279,-0.043078557,0.081901462,2.62795139,-0.012105149,-4024994759,-318937050,2.44E+11,5.66E+11,324137730,0.186922288
2024-12-05,0,-0.04,-0.04,0.052,0.041,0,0.01100016,13.30000019,0.000451347,0.000701208,0.009846899,0.007544297,-0.000282134,-0.014544724,57.84767714,0.056349151,0.026985562,-0.5858956,1.067899556,-77409636642,1.12E+11,24347148909,-4.07E+11,670284268,0.374010156
2024-12-06,0,-0.02,0.01,-0.027,-0.023,-0.03,-0.00400019,13.44999981,0.006033182,0.003030584,0.000542067,-0.000616478,-0.005941986,-0.009030057,54.06010892,-0.012084582,0.00676779,-1.98435394,-0.225177111,-58486425942,1.57E+11,-4639211800,-3.17E+11,519351593,-0.313578417
2024-12-09,0,-0.02,-0.05,0.006,0.017,0.03,-0.01099992,13.53999996,-0.001871526,-0.007757516,-0.003214294,-0.007691868,0.002456559,-0.005622256,42.40239107,-0.003356519,0.001352631,-2.38254924,0.213837813,-2680002790,3.45E+11,4.71E+11,-2.84E+11,630408602,0.096058123
2024-12-10,1,0.05,0.04,-0.067,-0.041,0.01,-0.02600002,12.77000046,0.002492345,0.001771927,0.003442502,0.017159188,0.001697156,-0.028226348,33.32438939,0.104521602,0.087237107,-6.96626341,-0.061490543,-32970450079,2.28E+11,4.90E+11,1.03E+11,591644435,-0.067658648
2024-12-11,1,0.02,-0.01,-0.032,-0.055,0.03,0.023,14.18999958,-0.006163167,0.005274002,-0.006386886,0.001669699,0.002352389,0.023967231,41.53867752,0.073193612,0.054254548,-0.51937086,0.012044134,11505853560,20341073636,3.65E+11,-1.05E+11,598770280,-0.072570693
2024-12-12,1,0.04,0.01,0.047,0.012,0.03,0.03499985,14.18000031,-0.002968284,0.00011817,-0.009622295,0.005138866,0.002909275,0.010151587,45.28055974,0.016360769,-0.080873244,1.937753,0.031641834,9212492395,-26820336054,1.71E+11,-1.38E+11,617716470,-0.182321557
2024-12-13,1,0.06,0.05,0.008,0.013,0.01,-0.00499988,13.57999992,0.008132626,0.012040082,0.006231514,-0.003352961,0.002340058,0.016086878,47.73922005,0.024749169,0.03358258,5.03257706,0.07522993,1.68E+11,3.88E+11,-5.32E+11,-20895446529,664187237,0.461906419
2024-12-16,0,0.08,0.07,-0.024,-0.008,0.01,-0.01599979,13.92000008,-0.005428731,-0.009548767,-0.00114269,-0.000903069,0.00037391,0.004959176,45.04101698,-0.017347131,0.001027588,5.2245398,-0.130158838,-14543519819,2.61E+11,-1.47E+11,-1.74E+11,577737398,-0.329181803
2024-12-17,0,-0.01,0.01,0.045,0.012,-0.02,0.03299975,13.81000042,-2.65E-05,-0.000328227,0.000843238,0.004604657,-0.001309262,-0.002203299,46.01253174,0.016721161,-0.060525687,3.89307612,-0.08832602,-54361564808,1.42E+11,-60241181602,-4.34E+11,526708153,-0.04388695
2024-12-18,1,0.01,0,0.069,0.068,0.01,0.00099993,14.68999958,0.003792155,-0.002354887,-0.000950569,-0.002163428,0.000935352,-0.013005174,44.33862573,0.009710591,0.026156187,0.67802588,0.061384218,-14850160394,1.41E+11,47947415961,-7.02E+11,559039721,0.091331038
2024-12-19,0,0.1,0.13,-0.052,-0.085,-0.03,0.03299999,15.86999989,-0.00387148,-0.007214353,0.006523989,0.003535899,0.009954031,0.011179445,47.67077857,0.027690021,0.01622066,2.92014288,-0.209934816,-17429787527,1.00E+11,85258693459,3.92E+11,441677820,-0.10679833
2024-12-20,0,0.07,0,0.076,0.067,0.07,0.00900007,27.62000084,-0.029936505,-0.006884469,-0.010256715,0.010443567,0.003511415,-0.019714644,47.69932372,0.004957335,0.051484287,-1.42873132,0.142160745,-30465188738,1.37E+11,-5.59E+11,-4.34E+11,504467068,0.011919092
2024-12-23,1,-0.05,-0.03,0.059,0.026,-0.02,0.03299999,24.09000015,-0.000865487,-0.002881483,-0.018573456,-0.009726828,-0.007313841,-0.013132216,44.58315247,0.017586897,0.005517788,-3.48590025,0.224623796,-25239156185,1.87E+11,-1.95E+11,-8.22E+11,617782376,0.102394035
2024-12-24,0,0.07,0.04,-0.029,-0.013,0.03,-0.0159998,18.36000061,0.010810479,0.011801377,0.026058333,0.005529291,0.003895008,0.015625105,43.64176447,-0.005245155,0.010409979,0.4974216,-0.306929394,-39824353595,76991963721,3.92E+11,1.45E+11,428166806,-0.236602705
2024-12-26,0,0,0,0.032,0.01,0,0.02199984,16.78000069,0.007260849,-0.00318392,0.00067934,-0.001883643,0.002034224,-0.000610335,47.21932772,-0.05982313,-0.001682077,0.47355005,-0.096665338,-91045365786,-24738114625,1.49E+11,-6185403456,386777917,-0.090713714
2024-12-27,0,-0.01,-0.01,0.028,0.022,0,0.00600004,14.27000046,0.010982233,0.01351608,0.005465052,0.010281774,-0.001201579,-0.004455726,48.51786582,-0.026815076,-0.002571874,-0.29722453,-0.165412399,-1019756878,-6761836838,2.06E+11,20405643904,322800054,-0.050200654
2024-12-30,0,0.04,0.01,-0.028,-0.014,0.03,-0.01400018,14.72999954,-0.000405741,0.017861678,0.001235539,0.006414578,-0.001202955,-0.01030114,47.22940541,-0.034928732,0.008559048,-2.01850273,-0.035652953,22774506911,82250826237,-1.67E+11,-1.74E+11,311291279,-0.010980502
2025-01-02,0,-0.07,-0.07,-0.021,-0.037,0,0.01600028,15.94999981,-0.011117305,-0.009644421,-0.003679283,0.003952709,0.001202955,-0.002198062,55.40701095,-0.051846114,-0.042978385,-1.77896156,-0.023539914,3854726549,18562954107,30920329920,-1.21E+11,303963509,-0.175405465
2025-01-03,1,0.02,0,-0.106,-0.09,0.02,-0.01600004,17.39999962,-0.010759674,0,-0.015564029,0.000488726,0.011585291,-0.000229262,46.88219142,-0.065840013,7.27E-05,-1.1936934,0.153730355,9774611646,9159869200,-2.68E+11,-2.38E+11,350691927,0.268706171
2025-01-06,1,0.03,0.03,0.005,-0.025,0,0.02999974,17.93000031,-0.006520369,0,0.003333612,-0.001269873,-0.00403044,0.017757634,49.90820322,0.046044609,-0.00350169,2.75093435,0.162092297,4593747827,40991978215,2.72E+11,2.84E+11,407536387,0.16760654
2025-01-07,1,0.02,-0.02,0.063,0.042,0.04,0.02100014,16.12999916,0.012517357,-0.014835537,0.027529291,-0.004167265,-0.006353272,0.01895175,50.99229573,0.003289174,0.023088814,6.10845177,-0.257094604,19649537894,39986219397,-30739910350,3.70E+11,302760981,-0.010995835
2025-01-08,1,0.05,0.03,-0.023,-0.016,0.02,-0.00699998,16.04000092,0.005522767,0.019555896,0.004388178,-0.004157353,0.002583016,0.001389434,49.63085623,0.00590786,-0.012796624,5.218451908,0.346583459,-5172925695,96854973661,-1.50E+11,1.63E+11,407692929,0.144982774
2025-01-09,1,0,-0.02,0.002,-0.003,0.02,0.0049999,17.81999969,-0.011166022,-0.002554001,-0.010367569,-0.005200347,0.005054419,0.011549733,54.67503191,0.024697338,0.007023639,6.495059092,-0.109847397,50831772028,1.39E+11,-1.10E+11,2.22E+11,362908922,0.100032853
2025-01-10,0,0.01,0,-0.018,-0.005,0.01,-0.01299978,17.70000076,0.001559144,-0.009448165,-0.014033787,0.004185766,0.000824703,0.000337046,60.43808903,-0.025710886,-0.145905783,5.179628906,0.114027092,87469936064,25261924759,-5.32E+11,7.51E+11,404290371,0.100541229
2025-01-13,0,0.09,0.15,0.059,0.061,-0.06,-0.00200034,17.70000076,0,-0.010525862,-0.00300573,-0.001881087,0.004295589,-0.002429641,55.39978874,-0.011786378,-0.083522854,3.534004516,-0.066050826,-63878133168,2.64E+11,-4.85E+11,-3813706835,377586658,-0.171252609
2025-01-14,1,0.02,0.03,0.034,0.103,-0.01,-0.06899976,19.54000092,-0.015531638,0,-0.023013197,0.011627893,0.002823167,-0.010476895,60.00524701,-0.056254217,0.014074913,0.600997508,0.532271953,-14359968392,2.59E+11,-99274778032,-8.74E+11,578565446,-0.068329668
2025-01-15,0,-0.01,-0.03,-0.03,-0.018,0.02,-0.01199985,19.19000053,0.001574204,-0.018441273,0.013655226,-0.00911596,-0.006294803,0.00314414,69.10313991,-0.049272482,-0.050386214,1.013230807,-0.283594202,-20838579147,56996888787,-53550157072,-2.96E+11,414487640,-0.098630603
2025-01-16,1,-0.12,-0.12,0.019,0.029,0,-0.01000023,18.70999908,0.001145623,-0.000772831,-0.012489069,0.001061837,-0.001648657,-0.000236211,63.2495564,-0.024711725,-0.005200633,0.652205119,0.299277127,-25951915330,38649159979,-2.10E+11,56761084835,538534310,0.11289305
2025-01-17,0,-0.05,-0.05,-0.058,-0.049,0,-0.00899982,16.12000084,0.018147133,0.003324545,0.022422239,-0.016027048,-0.001192362,0.012212771,68.42666093,0.035651901,0.029631877,2.856372714,-0.162425551,-30806046569,75671702975,22148124041,6.26E+11,451062578,0.026868892
2025-01-20,0,0,0.04,0.011,-0.038,-0.04,0.04899978,16.60000038,-0.002114924,-0.003145529,0.005326935,0.011139885,0.003572899,-0.001560052,70.49074452,-0.012737274,-0.043237701,1.78903412,-0.011478813,-41340992900,1.31E+11,-1.19E+11,-2.34E+11,445884915,0.058688996
2025-01-21,0,0,0,0.055,0.035,0,0.02000022,15.97000027,0.009941478,0.011661825,0.005116481,0.002789749,0,-0.001387898,77.75431873,-0.045216225,-0.023566388,0.96750737,-0.018701942,-22965953321,73572891647,40430285207,-4.18E+11,437546001,-0.14387037
2025-01-22,1,-0.04,0,-0.05,-0.044,-0.04,-0.00600004,15.97000027,0,0.003220321,0.001425455,-0.015106167,-0.011867127,-0.000801901,78.99431746,0.002607931,-0.120882948,0.43089644,0.307316942,-32883396384,58850508084,55132666853,-1.73E+11,572011300,0.073447906
2025-01-23,0,0.03,0.01,0.009,-0.002,0.02,0.01099992,15.06000042,0.008730009,0.015717529,0.009627341,-0.006808066,0.001017441,0.011462914,81.79916055,0.022675715,-0.050778533,2.48249125,0.020499759,13915740457,88094425479,2.95E+11,3.51E+11,583737394,0.17478248
2025-01-24,1,0.05,0.01,0.01,0.001,0.04,0.00899982,15.10000038,0.006119181,0.007854336,0,0.005978716,-0.001109935,-0.012472164,66.60802605,-0.053542058,0.011812898,-0.77262022,0.044548691,-66489426772,1.50E+11,-2.45E+11,-6.20E+11,609742131,-0.11340076
2025-01-31,0,-0.02,-0.02,0.022,-0.008,0,0.03000021,15.02000046,0.00529942,-0.000673184,0,-0.000285825,-0.005661537,0.008435852,62.28076729,-0.04621887,0.013438906,0.90424126,-0.012673343,5258832601,65057805446,-15733717469,2.73E+11,602014660,0.028843372
2025-02-03,0,-0.05,-0.06,0,0.003,0.01,-0.00300003,14.85000038,-0.002859216,-0.009043382,0,0.005376287,0.008618748,-0.007688711,55.95852417,0.018449264,0.016755737,-1.04219687,-0.245195531,8458144968,35463492151,2.98E+11,-1.18E+12,454403356,0.302280872
2025-02-04,1,-0.04,0.01,-0.024,-0.001,-0.05,-0.023,16.43000031,-0.010000347,-0.026954217,-0.035949221,0.01043329,0.005704793,-0.025515801,36.39051086,0.077094518,0.160200459,-6.06449961,0.150625384,-51138860199,2.10E+11,-4.51E+11,-8.71E+11,522848036,-0.16507975
2025-02-05,1,-0.02,-0.03,0.009,0.012,0.01,-0.003,18.62000084,-0.007637691,0.007198344,0.004363731,0.001557032,-0.009495336,0.011240805,42.64657295,0.071796113,0.01951873,-2.658205816,-0.083142118,-54871642961,1.39E+11,11570047283,77245571545,479377343,-0.061693569
2025-02-06,1,-0.09,-0.06,-0.026,-0.006,-0.03,-0.01999999,17.20999908,0.007198907,0.000853006,0.015999245,-0.006111654,-0.003526006,0.011052126,48.89612158,0.008175252,0.017149806,0.028079301,-0.087682888,-20727305064,90759040565,27625408313,65594890099,437344153,-0.100322722
2025-02-07,0,0.02,0.04,-0.022,0.004,-0.02,-0.02600002,15.77000046,0.003901054,0.006034852,0.006670662,-0.004333048,0.001021978,0.010891852,57.96777768,-0.009184192,-0.037875436,2.124413649,0.09684153,-14760411027,47082490535,1.40E+11,3.56E+11,479697230,0.178965849
2025-02-10,0,0.04,0.08,0.04,0.053,-0.04,-0.01300001,15.5,0.003637674,-0.00718048,0.006909756,-0.001205798,0.003244786,-0.005863249,54.04460446,-0.007152281,-0.065133209,0.367469636,-0.124714456,-61806450434,1.22E+11,-1.80E+11,-2.40E+11,419872051,-0.15415068
2025-02-11,1,0.02,-0.01,-0.006,0.003,0.03,-0.00900007,16.54000092,-0.009509846,0.000364807,-0.009678095,0.005855976,0.002588269,-0.000257735,54.03389847,-0.006343637,5.02E-05,0.11794097,-0.062657955,-35325072274,1.85E+11,1.83E+11,-2.77E+11,393563727,0.038466281
2025-02-12,1,0.03,-0.02,0.019,-0.005,0.05,0.02400017,15.81000042,0.006690112,0,0.005657001,0.001783828,-0.003329027,0.007027264,51.99118915,-0.018651262,-0.021722549,1.39129122,0.146175214,-33982381205,58670737259,1.90E+11,1.41E+11,451092989,0.037041272
2025-02-13,1,0.08,0.09,0.03,0.018,-0.01,0.01199985,16.02000046,0.000339525,0.004179974,-0.00404085,-0.001694212,-0.00018524,0.003671731,54.20045809,0.012843661,0.002896945,1.69978399,0.030594998,-29088098916,10160252896,52557311052,3.71E+11,464894178,0.21950056
2025-02-14,1,-0.1,-0.06,-0.007,-0.02,-0.04,0.01300001,15.89000034,-0.002727583,0.012694298,0.004697466,0.00094389,-0.00585372,0.013555552,59.65253142,0.030227301,0.039454942,3.95152635,0.463433547,65668200903,68302874736,3.71E+11,-1.13E+11,680341736,0.221682631
2025-02-17,1,-0.05,-0.05,-0.026,-0.02,0,-0.00600004,15.10000038,0.010372313,-0.007938866,-0.010603325,-0.009256831,-0.006919776,0.003045921,60.96988627,-0.046516185,-0.038627582,3.52481916,-0.266009103,-59623833723,1.76E+11,2.72E+11,-3.20E+11,499364641,-0.207189623
2025-02-18,1,0,0,0.023,0.012,0,0.01100015,14.77000046,-7.19E-05,0.000633788,0.015119717,-0.004276765,0,0.00744788,59.80316757,-0.027121872,0.007529184,4.06689649,-0.26638779,-37806070744,82783939271,2.63E+11,-2.24E+11,366339998,-0.233993567
2025-02-19,1,0.08,0.07,0.009,0.018,0.01,-0.00900006,14.77000046,0,0.002451372,0.006816833,0.006047615,0.004494001,0.006259107,68.07260003,-0.017893039,0.00224323,4.20755477,0.151916581,-18134673779,1.21E+11,1.00E+11,18935648626,421993118,0.135801541
2025-02-20,0,-0.02,-0.03,-0.005,-0.011,0.01,0.0059998,15.35000038,0.002442004,-0.002697498,-0.002624459,-0.000839936,0.001120298,0.016877402,70.3271047,0.05647568,0.029181884,6.52893907,0.245989019,64551134535,67712126648,6.60E+11,3.96E+11,525798791,0.167664399
2025-02-21,1,-0.03,-0.03,0.015,-0.002,0,0.01700021,15.27000046,0.002374149,-0.012501544,-0.00495288,-6.94E-05,-0.007774869,-0.006557041,70.7476817,-0.031599998,0.016835757,3.31385962,0.00666516,-81417208164,80847797720,-8960609712,-2.88E+11,529303324,-0.020339684
2025-02-24,0,-0.08,-0.08,-0.032,-0.01,0,-0.02200008,15.65999985,-0.004343605,0.002553804,0.010283904,-0.005766696,0.002535848,0.000195914,87.64026108,-0.142355364,-0.00247681,2.19145838,-0.159831008,-8634276479,74306429095,61015463799,-2.16E+11,444704240,-0.247408173
2025-02-25,0,-0.02,-0.02,-0.031,-0.008,0,-0.02299977,18.20999908,-0.017211397,0,-0.006974867,0.001807465,-9.38E-05,-0.003513333,82.96920885,-0.067971824,0.006275839,0.50294454,0.206091748,-7354978147,17820189902,-91866448407,-2.00E+11,536354114,-0.054067221
2025-02-26,1,-0.1,-0.09,-0.028,-0.014,-0.01,-0.01400017,18.97999954,-0.004981494,-0.014001507,-0.011935412,-0.003940021,-0.002724166,-0.005679026,75.69645608,-0.012912258,-0.007245532,-1.2779982,-0.235048599,-39077070571,13822369897,-92082269066,-3.21E+11,410284831,-0.028170877
2025-02-27,0,-0.05,-0.04,-0.045,-0.005,-0.01,-0.03999997,19.43000031,-0.004690715,-0.002498503,0.005004697,0.000594774,0.001034181,0.004097623,73.84370763,0.001120591,-0.054006551,-0.60223307,-0.057331413,-3608597829,57404901317,1.74E+11,-3.22E+11,386762622,0.064538521
2025-02-28,0,0.04,0.01,0.002,0.001,0.03,0.00099993,19.10000038,0.000136015,0.002979137,-0.015041317,0.003435884,0.007675782,-0.00734971,72.35234695,0.03148604,0.01294317,-2.47026578,0.328747339,20023507006,45851879957,-3.43E+11,-1.79E+11,513909805,-0.036367644
2025-03-04,0,-0.05,-0.06,-0.048,-0.026,0.01,-0.02199984,21.12999916,-0.015991743,-0.029193095,0,0.010706373,0.003444292,-0.034524508,51.84674214,0.149341767,0.247407069,-9.46019358,0.14528175,-83318129055,5940831420,-5.18E+11,-1.56E+12,588571521,0.36772478
2025-03-05,1,-0.02,-0.05,-0.003,-0.025,0.03,0.02200008,19.62999916,0.01572978,0.004717085,-0.019991826,0.005550669,-0.017530355,-0.001525222,48.29865977,0.016109182,-0.129346178,-8.03943344,-0.177531814,728396200,51526216282,-2.63E+11,-1.94E+11,484081351,-0.174658684
2025-03-06,1,0.06,0.07,0.07,0.024,-0.01,0.04599976,23.51000023,-0.030063691,0.002329346,0.012097218,-0.00349053,0,0.011484174,51.53346879,0.02531058,0.001021618,-4.19661669,0.176273878,97648839135,70907237311,-2.10E+11,-2.26E+11,569412248,-0.007662873
2025-03-07,0,0.01,-0.03,0.033,0.029,0.04,0.00399996,21.93000031,0.011097473,0.007632607,-0.006864684,-0.006782038,-0.016015598,0.007023407,48.83488976,-0.021203879,-0.01324448,-2.02988452,0.070605183,35205731675,-550366428,69495382199,1.37E+11,609615704,-0.140146632
2025-03-10,1,0.03,0.03,-0.033,-0.029,0,-0.00399996,24.87000084,-0.017979677,-0.021927002,-0.006153906,0.002401756,-0.002116415,-0.004934181,45.48963503,0.036264707,-0.014450877,-2.7589672,-0.069591862,23426058917,46285802840,-1.36E+11,59105655053,567191412,0.076633226
2025-03-11,0,-0.1,-0.1,0.028,0.031,0,-0.00299978,23.37000084,0.005505435,0.003817817,-0.005192389,-0.000165925,0.000673958,0.002691894,43.17290196,0.016720942,-0.009025049,-1.736022039,-0.231838108,-5523898450,46122251900,74637735766,-4.29E+11,435694828,-0.21092344
2025-03-12,1,0.06,0.01,-0.041,-0.036,0.05,-0.00500011,27.86000061,-0.027343542,-0.00637108,-0.017429521,0.007419216,-0.004533418,-0.012838806,35.59130219,0.081672934,0.039788964,-4.081713735,-0.084184107,-22418295696,-26885014630,-1.74E+11,-1.54E+12,399016248,0.098250277
2025-03-13,0,0.04,0.06,0.003,-0.01,-0.02,0.01300001,26.92000008,-0.007596647,0.000705874,0.009347176,-0.004133366,0.001642098,0.014560864,33.99430543,-0.022740597,0.031745014,-0.288166513,0.006586972,8035847301,-30632355371,38789074057,3.80E+11,401644557,0.120836473
2025-03-14,0,-0.05,-0.05,0.007,0.02,0,-0.01300001,24.22999954,0.004874968,-0.000789538,-0.014316674,-0.001565656,0.002121108,-0.000458458,35.93069414,0.02513856,-0.001659713,-0.37598973,0.063856175,1.47E+11,-46569214601,2.94E+11,-4.81E+11,427292042,0.063012968
2025-03-17,1,0.04,0.07,0.043,0.026,-0.03,0.01699996,24.65999985,-0.013988367,0.007125143,0.000290058,0.003087536,-0.001059991,-0.002832603,34.92274633,-0.000190289,-0.035703823,-0.927090837,-0.15203337,-53919251663,56115640598,50076864432,-2.95E+11,362329393,-0.27604521
2025-03-18,1,0,0.03,-0.008,0.005,-0.03,-0.01300001,21.77000046,0.021042906,0.009225578,0.006831118,-0.002880448,-0.003380162,0.017125937,44.72188146,0.031126962,0.057204911,2.768706584,0.094512197,-10148042110,28916360145,5.01E+11,6.22E+11,396573940,0.188339629
2025-03-19,1,-0.02,-0.02,-0.017,-0.003,0,-0.01399994,20.51000023,0.006395635,0.011932379,0.006895185,-0.004537423,-0.001258456,0.000631873,47.14399919,0.00643004,-0.010069629,2.228074717,0.400814622,-23530910394,34156166372,1.34E+11,4.44E+11,555526574,0
2025-03-20,1,-0.04,-0.06,0.023,0.023,0.02,0,21.70000076,-0.010710667,-0.002474771,-0.014055048,0.004461434,0.001838704,0.006212633,48.04992009,0.004731138,-0.000112165,2.946167753,0.176049839,-7210762242,22957790839,2.71E+11,3.05E+11,653326938,-0.016807118
2025-03-21,1,-0.01,-0.02,-0.019,-0.023,0.01,0.00399994,19.89999962,0.010740608,0,0.018784839,-0.00383769,0.004052478,0.003220827,52.48488298,-0.015649916,-0.058356307,2.85297559,-0.303535121,-38124048864,-2992436037,1.24E+11,5.52E+11,455019267,0.016807118
2025-03-24,0,0.01,-0.01,0.013,-0.001,0.02,0.01400018,19.79999924,-0.002187283,-0.001983863,-0.007543157,0.015420252,0.002308338,0.002283911,74.42130868,-0.122898578,-0.006657643,2.55199205,0.093424424,-37003018808,13372154676,-3.42E+11,8.50E+11,497529180,0.168335315
2025-03-25,0,0.09,0.09,0.011,0.007,0,0.00399972,19.28000069,0.000824314,-0.001821607,-0.004624053,-0.000709696,0.001631926,-0.004193142,72.12296195,-0.034131399,0.003264642,0.92382331,-0.25143761,-53815461430,4992047134,7830685905,6151772366,372431632,-0.718826195
2025-03-26,1,-0.03,-0.03,0.005,0.008,0,-0.00299979,17.47999954,0.017492117,0.004564353,0.007505644,0.001016694,-0.000767624,-0.006196811,63.09846161,0.020028217,0.005131759,-0.77716576,0.1794901,-9151729684,-19561119151,1.30E+11,-75211633491,439279423,0.183043839
2025-03-27,0,0.04,0.03,0.018,0.006,0.01,0.01199985,17.14999962,0.001573095,0.006509905,-0.000579357,-0.002854879,0.00354528,0.010696383,64.71693332,0.016465597,0.018640674,1.44008113,0.156248286,-7157583100,15570782366,2.40E+11,3.51E+11,507916080,-0.081447625
2025-03-28,0,0.03,-0.01,-0.001,0.004,0.04,-0.00499988,18.32999992,-0.01121964,-0.005995759,-0.013957023,0.00245244,-0.004601709,-0.014012573,58.58329063,0.012163862,0.034994826,-2.01796799,-0.20594449,-88333381166,-25460178838,-1.17E+11,88668299283,403313562,0.002607563
2025-03-31,0,-0.11,-0.09,0.004,0.007,-0.02,-0.00300002,18.69000053,-0.003312461,-0.018143528,-0.016020177,-0.002589206,-0.000288298,-0.019039756,47.90831842,0.056394549,0.053197587,-5.69183795,0.273355333,609806807,40065883283,21673555398,-6.42E+11,513561475,-0.07150719
2025-04-01,1,-0.04,-0.02,-0.071,-0.06,-0.02,-0.01100016,21.64999962,-0.019934601,-0.041326013,-0.042891499,0.005130853,0.001632636,-0.030507759,41.71165374,0.027010048,-0.046502556,-10.71424605,-0.237495799,-10678439502,60722289266,5.56E+11,-1.58E+12,391592782,0.141887987
2025-04-02,0,-0.06,-0.04,0.016,0.012,-0.02,0.00399995,22.28000069,0.00552324,0.00019432,0.027840018,0.001733837,0.000479714,0.016100176,42.22876858,0.013948037,0.050981226,-5.183406632,0.157819199,28527835113,77428143593,-7425171231,-3.91E+11,453393641,-0.171698569
2025-04-03,0,0.03,0.04,-0.02,0.003,-0.01,-0.023,21.77000046,0.003774104,0.002842052,0.000847885,-0.001352847,-0.004325517,-0.006178262,40.536686,-0.012677307,-0.020410847,-5.242304716,0.137201084,14073759070,1.74E+11,-22090030228,-7.27E+11,515599740,0.053308553
2025-04-04,0,-0.14,-0.21,-0.029,-0.055,0.07,0.02600002,21.51000023,0.006705661,-0.028100518,0,-0.002677058,-0.016903433,-0.007675521,39.23508561,0.092164045,-0.00577197,-5.51831083,-0.068934443,92068244282,2.72E+11,68855170698,-1.38E+12,480057159,0.122024181
2025-04-07,0,-0.05,-0.02,-0.046,-0.068,-0.03,0.02200008,30.02000046,-0.049605912,-0.027888563,0,-0.010532466,0.009264262,-0.008594364,29.06465677,0.041249443,0.006561978,-5.84077488,0.447900251,63608384142,2.07E+11,3.50E+11,-1.79E+12,695074881,0.257609232
2025-04-08,1,0.14,0.06,-0.044,-0.056,0.08,0.01200008,45.31000137,-0.061609062,-0.081502689,-0.102029797,0.005389787,0.002326989,-0.057266731,20.5565883,0.163054315,0.355953857,-15.27562637,-0.108728094,-10723490389,4.31E+11,-95673110432,-2.10E+12,619500714,-0.018868484
2025-04-09,0,0.11,-0.01,0.038,0.008,0.12,0.02999997,46.97999954,-0.002334195,0.058505308,-0.040990258,0.007806117,-0.002909545,0.002586648,18.83236991,0.031380633,-0.001551323,-11.0661724,-0.100859558,86889851666,1.13E+11,-3.67E+11,-6.47E+11,557018146,-0.140905453
2025-04-10,1,0.08,0.2,0.046,0.021,-0.12,0.0250001,52.33000183,-0.015825083,-0.040129497,-0.059606961,0.010947076,-0.000582897,-0.017515851,15.95408026,0.041152254,-0.020485122,-11.35624963,0.256048097,-44322370066,57856324113,40051769712,-1.00E+12,699641582,0.047117923
2025-04-11,0,0.06,-0.06,-0.03,0.003,0.12,-0.03300023,33.61999893,0.09089488,0.087354616,0.088444004,-0.028793049,-0.019925072,0.063903474,34.75563743,0.149827407,0.310360501,3.85337312,-0.041812166,3.08E+11,53966282574,1.79E+11,3.29E+11,670388052,0.149357381
2025-04-14,1,0.08,0.13,-0.006,-0.026,-0.05,0.02000023,40.72000122,-0.035220607,-0.030017011,0.027448218,0.005587111,-0.010864836,-0.005059726,34.68727871,0.034782987,0.000295923,2.66712611,-0.448524154,21739159945,1.75E+11,-1.35E+11,-6.90E+11,369702818,-0.367024325
2025-04-15,1,-0.1,-0.11,-0.005,-0.003,0.01,-0.0020001,37.56000137,0.017930381,0.011744796,-0.000803225,-0.022981823,-0.001404066,0.009479216,37.84504869,-0.009910887,-0.012521861,4.54004303,0.321651716,-334596020,1.12E+11,-64143907086,-2.44E+11,488618364,-0.139306909
2025-04-16,0,-0.03,-0.02,-0.027,-0.009,-0.01,-0.0179999,30.88999939,0.007913319,0.008356975,0.017504812,0.0002607,0.005804097,0.008724447,37.21418725,-0.007367684,0.006212949,5.82407356,0.14678355,-5848280889,94464244602,64528321115,-1.18E+11,560339502,-0.027274418
2025-04-17,1,-0.06,-0.08,-0.035,-0.048,0.02,0.01299978,30.12000084,-0.001729275,-0.010181966,-0.019818234,0.005339999,-0.008416923,-0.012175158,37.60745705,-0.006496152,-0.000242328,2.65544707,0.094289983,-31898896574,86849302137,-47659695621,-4.59E+11,613173904,0.033235687
2025-04-18,1,0.05,0.05,0.016,0.034,0,-0.01799988,32.63999939,-0.022663254,0.013388678,-0.006662247,-0.009003169,0,0.009345627,42.91767581,-0.036421551,0.005985784,4.36736966,-0.018649266,-6456043288,56195835173,2.75E+11,-3.51E+11,601738661,-0.01799149
2025-04-21,1,0,0,-0.025,-0.023,0,-0.0020001,29.64999962,0.001325959,0.01020673,0.002906966,0,0,0.005252518,50.20742137,-0.070788922,0.002064434,4.86352368,-0.250529929,-16348640640,78362304973,-12839946026,-1.05E+11,450985117,-0.156928109
2025-04-22,0,0.08,-0.05,-0.018,-0.031,0.13,0.013,29.64999962,0,-0.01305215,-0.015003963,0,-0.011130323,0.002011329,46.82437596,-0.037824714,0.001155915,4.55784841,-0.048799879,-8928783020,56296074372,-17446035020,-2.88E+11,428977098,-0.075334047
2025-04-23,1,-0.01,0.05,0.019,-0.001,-0.06,0.02000023,33.81999969,-0.023849648,-0.001731967,-0.016505525,0.005225946,0.006490889,-0.000715581,48.09836538,-0.018055765,-0.000429408,3.72556092,-0.028665747,4172620583,94348217496,-36492501044,-2.42E+11,416680149,0.164996773
2025-04-24,0,-0.01,0.05,-0.023,0.007,-0.06,-0.02999997,30.56999969,0.024806952,0.018759692,0.044017222,0.005317675,0.009257444,0.015530485,53.70011432,-0.037953132,0.007418195,6.27776652,0.291436934,9302100838,63707325336,5.47E+11,-1.97E+11,538116134,0.227664063
2025-04-25,1,-0.08,-0.07,0.025,0.004,-0.01,0.02099967,28.45000076,0.016523864,0.004878423,-0.00819731,-0.001940015,-0.005523998,-0.001279735,55.6116632,-0.063787951,-0.007139412,4.84341145,-0.390586287,-21164137684,-16024864196,-1.68E+11,-7382931153,327935351,-0.065226043
2025-04-28,1,-0.03,-0.04,-0.047,-0.036,0.01,-0.01099993,26.46999931,0.020056628,0.018845449,0.020021228,0.002527637,0.001811233,0.009458236,77.6903058,-0.169851131,-0.011039428,5.834230092,0.230510025,1231577048,84366161670,4.41E+11,6.15E+11,403527737,0.186439613
2025-04-29,1,-0.06,-0.09,0.012,0.011,0.03,0.00100017,24.84000015,0.007346085,0.003752849,0.008102839,0.005091645,-0.004635227,0.001004898,77.49198655,-0.064774193,-0.05167163,4.836112334,0.125330765,-69430310652,30563085304,1.39E+11,-85933648957,454102177,-0.116072171
2025-04-30,0,-0.04,-0.02,0.015,-0.006,-0.02,0.02099991,25.14999962,0.000640502,0,0.009845387,-0.001030182,0.002320261,0.006475935,87.08170159,-0.0445607,-0.011180311,5.115788493,0.204754119,-1698955739,57434984612,3.91E+11,6.93E+11,547081468,0.167251304
2025-05-02,1,-0.02,-0.07,-0.04,-0.043,0.05,0.00300002,24.17000008,0.005785642,0.005714409,0.000118536,-0.003292577,0.002314966,-0.003439973,74.9184943,-0.274856216,-0.001817785,3.252820346,-0.108928265,22066889243,-8979589058,-1.27E+11,-1.69E+11,487488833,-0.088392729
2025-05-07,1,0.16,0.24,0.03,0.015,-0.08,0.01499987,24.70000076,0.001478897,0.021552833,0.026943383,0.002749188,0.005314083,0.001243035,79.59665047,-0.06358234,-0.004608379,2.712607715,0.201037325,28242651524,45241556483,2.01E+11,-1.67E+11,585492284,-0.013118852
2025-05-08,1,-0.07,-0.1,0.01,-0.029,0.03,0.03900003,22.68000031,0.020898537,-0.001386524,-0.011668475,-0.042948058,-0.003907619,0.005458186,78.68723924,-0.027784563,-0.005561969,3.12238916,-0.066161678,-19393639714,-8190873040,1.27E+11,3.50E+11,546755132,0.070672133
2025-05-09,0,0.11,0.13,0.019,0.028,-0.02,-0.00899982,23.54999924,-0.009788094,0.004042122,-0.000150394,0.016248215,0.01028722,0.002204396,76.90732372,-0.026897673,-0.28823689,2.74335256,-0.137391153,34951277324,-8169018241,-2.37E+11,1.30E+11,471635814,0.141608306
2025-05-12,1,0,0,0.048,0.05,0,-0.00200008,22.47999954,0.005783021,0.015442578,0.017928732,0.004683771,-0.002985405,-0.000857114,90.09893823,-0.047575279,0.003014006,1.78573013,0.029502617,2239074552,91176153599,-2.18E+11,68061412101,485550305,-0.248959367
2025-05-13,1,0.08,0.12,0.015,-0.001,-0.04,0.01600002,21.89999962,-0.000711734,0.003750852,0.010203544,-0.006202142,0.014347494,0.011596032,90.5137826,0.012528245,-0.055561888,3.58935253,-0.15611332,20451042742,26107972247,3.10E+11,152136203,409749435,0.060404834
2025-05-14,1,0.04,0.03,0.037,0.04,0.01,-0.00300002,18.38999939,0.032039977,0.014216713,0.009449109,0.014840899,-0.007791359,0.000417905,89.79381828,-0.001211529,-0.833098626,2.65052841,0.031019855,20350965676,-59954992500,-41868800245,1.71E+11,422459803,0.025464339
2025-05-15,0,0.04,0.05,-0.004,-0.019,-0.01,0.01499986,18.21999931,0.007222059,-0.001444943,0.021002716,-2.12E-05,0.00039597,0.012250185,91.29807839,0.051747952,-0.001527581,4.36252194,-0.075642671,15426535940,14148013174,4.40E+11,4.76E+11,390503815,0.015873349
2025-05-16,1,-0.08,-0.1,0.009,0.011,0.02,-0.00199986,18.62000084,0.001023891,-0.00982083,-0.002418543,-0.006141734,-0.001584822,-0.007301521,83.40618174,0.020268335,0.05120544,1.55700947,-0.130408513,-94146720606,4682821428,-1.65E+11,2.74E+11,339578793,-0.203925581
2025-05-19,0,-0.02,0,-0.051,-0.043,-0.02,-0.0079999,17.82999992,0.004123817,-4.75E-05,0.005206768,-0.00735285,0.002079508,0.00209976,80.11067123,-0.071781218,-0.017489282,1.31317818,0.059272691,-42173233757,15607601432,1.49E+11,1.70E+11,359706542,0.102183059
2025-05-20,0,0.03,0,0.071,0.047,0.03,0.02399994,17.23999977,0.006980849,-0.006779611,-0.01475137,0.000794222,-0.006550202,-0.008967133,71.5149827,0.029190093,-0.053243578,-1.20303852,-0.129023289,-18296727890,-24334665267,-91684923295,-1.14E+11,313296021,-0.173642023
2025-05-21,1,0.02,0,-0.034,-0.036,0.02,0.0020001,18.13999939,0.00087573,0.000822608,0.000102171,-0.006875561,-0.003091477,-0.000622403,66.70684242,-0.017914225,-0.0199502,-1.41927332,0.458650364,-28432106948,-20734981520,1.39E+11,-1.14E+11,456989355,0.126469479
2025-05-22,0,0.1,0.05,0.047,0.015,0.05,0.03199982,18.09000015,-0.003887777,-0.006160985,0.012826451,0.003005763,-0.005609041,0.009098322,70.47836395,0.042560535,0.022645163,0.45368903,-0.187010781,-2278591515,-5217059205,84013804591,1.95E+11,371527419,-0.029141135
2025-05-23,0,-0.04,-0.01,-0.005,-0.009,-0.03,0.00400019,20.87000084,-0.016266719,-0.008430016,-0.00611616,-0.01364155,0.004009644,-0.012228023,56.96946043,0.023043163,0.121575895,-2.52658247,-0.036237325,-61466479207,8343597962,-2.62E+11,-2.26E+11,358064259,0.187014827
2025-05-26,1,-0.03,-0.03,0.011,0.002,0,0.00899982,20.28000069,-0.00044497,0.004709551,-0.000864235,0.005429733,-0.008539746,-0.000609297,59.07695229,-0.032631895,-0.000292557,-2.41324719,0.212140349,7324322914,-10737535317,-1.14E+11,-58284123298,434024136,-0.035170953
2025-05-27,0,0,0,0,0.01,0,-0.00999999,22.29000092,-0.0067309,0.009935885,-0.005356489,-0.012097426,-0.001817818,0.019979626,67.29769066,0.070464377,0.065253162,2.00193899,-0.12407374,-10817713212,47458975378,3.73E+11,1.02E+11,380173138,-0.037651506
2025-05-28,1,-0.08,-0.03,-0.057,-0.008,-0.05,-0.04899978,22.29000092,0,0.005117983,-0.009331383,0.002466306,0.005946063,-0.002718839,63.33809826,-0.010429123,0.005388752,0.69269555,-0.162787638,4541113887,-20636821703,13003300666,-75636719405,318285651,-0.052935435
2025-05-29,1,0.04,0.02,-0.003,-0.026,0.02,0.023,18.95999908,0.020252581,-4.54E-05,0.000992248,0.004885403,0.003610843,0.012409293,67.10819441,0.09667881,0.021779197,2.85868827,0.273930684,-33790635792,44791867826,7.57E+11,3.03E+11,405473857,0.347785997
2025-05-30,0,-0.04,-0.04,0.054,0.027,0,0.0269997,19.30999947,-0.005586803,0.018661916,-0.000487995,-0.000873289,-0.006025309,0.018732493,72.88281288,0.074701103,0.094948688,5.92391587,0.105720826,-3392052032,68016030745,5.62E+11,2.95E+11,448340888,-0.027150989
2025-06-02,1,-0.02,-0.04,0.026,0.006,0.02,0.02000023,19.18000031,0.004003171,-0.0122486,0,-0.002325023,0.00050353,-0.008478699,64.75274936,0.001589675,0.038695943,2.39788458,0.172458368,-50512785457,14445323313,1.58E+11,-6.12E+11,525661026,0.305864392
2025-06-04,1,0.05,0.04,0.007,-0.007,0.01,0.01399994,18.56999969,-8.12E-05,-0.013108814,-0.016273783,0.008414492,-0.006362743,0.000481799,64.77693146,0.034470821,-0.010379044,1.54406806,-0.384386909,-29530823675,-8952510266,-1.91E+11,1.28E+11,323603809,-0.607713624
2025-06-05,1,-0.09,-0.07,0.101,0.074,-0.02,0.02699995,18.36000061,0.004093651,0.007359359,0.028878935,-0.003094544,0.000911479,0.026280347,68.81917179,0.071886122,0.146829295,6.48704842,0.514004039,35258802197,2869575028,1.22E+11,1.05E+12,489937474,0.406291896
2025-06-09,1,0.03,0.06,-0.003,-0.002,-0.03,-0.00099992,17.61000061,0.005857218,-0.005125004,0.002602754,-0.012144114,-0.000506283,0.014763217,75.90122684,0.067157442,0.026138976,7.8400029,0.134866132,-51910439428,61586656480,3.37E+11,9.84E+11,556013446,0.094558583
2025-06-10,1,0.09,0.09,-0.024,-0.007,0,-0.01699997,18.47999954,-0.005291358,0.014121346,0.005331204,-0.001396934,0.002023519,0.015427744,78.16745439,0.073160239,0.024230961,9.01089392,-0.033086009,-59587537114,-1.11E+11,-4.54E+11,9.80E+11,537617180,0.051293294
2025-06-11,1,-0.02,-0.04,-0.036,-0.02,0.02,-0.01600003,17.15999985,0.011147721,0.003222579,0.020524302,-0.003936523,0.001111173,0.00561494,83.64210714,0.004484127,-0.008255133,7.62067871,-0.054746236,-52322298027,-9048493815,1.82E+11,6.33E+11,508184663,0.021202208
2025-06-12,1,-0.06,-0.06,0.006,0.034,0,-0.02800012,16.95000076,0.005468013,0.005472343,0.010196803,0.007381215,-0.004249357,0.012178939,85.28624673,0.019823813,0.001684691,7.96906696,-0.224829932,-68338670804,-27624097410,3.84E+11,1.66E+11,393929540,-0.134530893
2025-06-13,0,-0.05,-0.04,-0.01,0.01,-0.01,-0.01999998,17.26000023,-0.00274766,-0.006478354,-0.008145164,0.00132617,-0.007224647,0.004458505,84.90979243,-0.007434972,-0.005630539,6.38026886,0.811759814,1.51E+11,1.24E+11,-4.22E+11,4.08E+11,713705710,0.324977857
2025-06-16,1,0.05,0.05,-0.008,0.033,0,-0.0409999,18.02000046,0.003815133,-0.008916036,-0.009687513,-0.011710699,0.002651732,-0.008740018,86.23901974,0.030182392,0.030898582,1.99953433,0.30538062,-75196282184,29296004837,-3.41E+11,1.22E+11,931657602,0.011494379
2025-06-17,1,0.05,0.03,0.045,0.021,0.02,0.02399994,20.81999969,-0.011360669,0.012530849,-0.001044757,0.011307945,-0.001835053,0.017818414,88.06934233,0.074426662,0.000399663,4.72287241,-0.220366207,-23042788392,-28386582974,3.47E+11,-3.22E+11,726351750,-0.194972674
2025-06-18,1,-0.07,-0.03,0.004,-0.035,-0.04,0.03900004,19.11000061,0.009348823,0.005866401,0.007306133,-0.005405964,0.008332532,0.001234581,86.67693531,0.031286789,0.001524454,2.94177855,0.293580013,-45962319151,-1.11E+11,2.28E+11,-96735251099,939594106,0.217572506
2025-06-19,1,-0.01,-0.01,0.008,0.024,0,-0.01600004,21.60000038,-0.00838726,0.009000362,0.006513198,0.016594718,0.000910372,0.007392158,88.79394243,0.039657369,-0.050951713,2.96863106,-0.386386068,-21805385275,-47541758021,1.74E+11,2.86E+11,576548034,-0.196953219
2025-06-20,1,0,0,-0.002,0.003,0,-0.00499987,20.13999939,-0.000309288,-0.010257055,-0.015925884,-0.007087717,0,0.001865585,88.03514274,-0.019933529,-0.007115296,1.6523755,-0.248439836,17086576619,-1.36E+11,-91952282609,-87418957620,433310535,-0.063178902
2025-06-23,0,0,-0.03,-0.007,-0.012,0.03,0.00499987,20.13999939,0,-0.002213751,0.001917865,0.003015704,-0.002024134,0.014701326,87.84302755,-0.001178171,0.01316239,3.67750816,0.118977366,-3765140423,11318992895,90759898596,5.63E+11,484864681,0.265703166
2025-06-24,1,-0.04,-0.06,0.006,0.035,0.02,-0.02900004,20.62000084,-0.002181035,-0.001280416,-0.014332669,-0.003949956,-0.002942232,-0.002441929,91.42692225,0.02862907,-0.07093545,1.1163557,0.290361908,-6467508020,-16774804868,-8.57E+11,-3.69E+11,625650915,-0.005571045
2025-06-25,1,-0.04,-0.05,-0.05,-0.037,0.01,-0.013,19.82999992,0.009560655,0.011315714,0.020799117,-0.005513672,-0.005706125,0.029151564,93.02893676,0.07692155,0.087272528,6.7982323,-0.074243235,-19710321056,-98400735170,4.79E+11,4.44E+11,579200567,0.064887622
2025-06-26,0,-0.01,-0.01,-0.003,-0.001,0,-0.0020001,17.47999954,0.011060329,0.003898283,0.010840672,-0.006009409,-0.001841059,0.001484285,91.86539155,-0.037597647,-0.018462674,4.4268601,0.113191933,-1.53E+11,-51986541705,-2.13E+11,-1.11E+11,644761399,0.030930301
2025-06-27,0,-0.03,-0.06,-0.032,-0.006,0.03,-0.0259998,16.76000023,-3.29E-06,0.016364436,0.002748283,0.002397808,-0.005440641,-0.009273118,84.2566325,0.022070725,0.040666211,-0.1379153,-0.285608911,-1.01E+11,-46682955704,-1.55E+11,-5.81E+11,460611798,-0.147405292
2025-06-30,1,0.03,0.04,-0.003,-0.001,-0.01,-0.00200008,16.59000015,0.007988131,0.014202492,0.003893306,-0.003151552,0.002570035,-0.00769953,77.02441867,-0.004737919,0.040479212,-3.3083041,-0.171462953,16764935778,-12772689265,2.67E+11,-8.58E+11,381633939,-0.194156014
2025-07-01,1,-0.05,-0.04,0.02,-0.001,-0.01,0.02100014,16.31999969,0.005205399,0.00834849,-0.014455593,0.007973946,-0.005353155,0.00514392,77.00454527,-0.008069409,-0.030600805,-2.613091,0.216251679,-7359262542,-30096619860,5.22E+11,-6.51E+11,464162919,-0.051293294
2025-07-02,0,0.02,0.07,-0.021,0.002,-0.05,-0.02300024,16.72999954,0.005151137,-0.012452984,0.013287537,-0.011128039,-0.00061949,0.005826646,75.88081338,0.034204187,-0.048879835,-1.8639333,0.240979881,66074808160,-68827619645,5.21E+11,1.76E+11,576016844,0.133531393
2025-07-03,1,0.04,0.02,0.048,0.029,0.02,0.01900006,16.82999992,-0.001119157,-0.005613833,0.001064425,0.005243895,-0.000413233,-0.004733352,71.87280627,0.039884756,0.020762662,-3.8515121,0.209684167,-89442871071,-1877611701,3.10E+11,-3.27E+11,696798456,-0.026668247
2025-07-04,0,0.05,0.07,-0.018,-0.034,-0.02,0.01600002,16.63999939,0.004733874,0.000588773,0.005971682,-0.000619823,0.004124583,0.013312348,79.93732103,-0.018020147,-0.085193791,-0.9135736,-0.226289615,71712261182,-6743727442,3.26E+11,6.46E+11,539120202,0.006734032
2025-07-07,1,0,0,0.014,0.018,0,-0.00399994,16.37999916,0.008304378,0.000627675,-0.007311963,0.001733117,0,-0.020092885,64.15532152,0.012801033,0.124037859,-6.83383357,-0.034049479,-1.08E+11,-79484086820,-1.60E+11,1.62E+11,520763440,-0.09129142
2025-07-08,1,0.05,0.01,0.012,0.015,0.04,-0.00300026,16.37999916,0,-0.005622263,-0.005281883,0.003750951,0.003082331,0.001697794,64.3008644,-0.048776301,-0.027696394,-6.0352526,-0.309850576,64972410071,-59254783951,-93888968626,-91190609722,359404588,-0.287682072
2025-07-09,1,0.02,0.01,0.007,-0.005,0.01,0.0120001,17.79000092,-0.007893368,0.002551298,-0.002967169,0.009090886,0.000307696,0.017971396,67.18840297,0.014203013,0.041392164,-1.32906492,1.075079428,4736677378,-2578060207,5061412717,2.44E+11,745793067,0.280301965
2025-07-10,1,-0.08,-0.06,0.007,0.001,-0.02,0.00600027,16.80999947,-0.000716143,0.003332226,0.007339881,-0.00316216,-0.000410308,0.006014091,68.20218343,-0.020533282,-0.012956213,-0.55356774,-0.137882998,55748789432,3099022551,-1.40E+11,-4.13E+11,642960883,-0.061087692
2025-07-11,0,0.01,0.02,-0.04,-0.045,-0.01,0.00499963,15.93999958,0.006043803,-0.004402349,0.0073525,0.001968397,0.001845022,0.015669222,68.59716592,-0.000269041,0.026996803,2.50932295,-0.072149504,1.64E+11,44951482986,-1.32E+11,4.72E+11,596571574,0.104572804
2025-07-14,1,0.08,0.04,0.009,0.015,0.04,-0.0059998,15.77999973,0.002742441,-0.001935964,0.002542865,-0.000262223,0.002046005,-0.00234627,68.58296539,-0.005735699,-0.025547633,0.3374113,-0.220056608,-50660170349,4610589498,62412074481,3.26E+11,465292057,-0.058410762
2025-07-15,1,0,0,0.063,0.026,0,0.03699994,16.39999962,-0.003302972,-0.002785262,-0.005998281,0.00402066,0.002347813,0.008234864,63.25691586,-0.083561036,-0.035050344,1.32183817,-0.045683688,-44884692933,-20497421543,40976705347,3.71E+11,444035800,-0.136758937
2025-07-16,0,0.07,0.07,-0.009,-0.011,0,0.00200009,17.20000076,0.001406424,0.005519472,0.009723479,0.002782404,0.005490618,0.004129462,64.09292176,-0.017889628,-0.001968277,1.04021357,-0.054914689,-3029988153,28938628440,-46441404870,2.14E+11,419651712,0.050430854
2025-07-17,1,-0.04,-0.07,0,-0.004,0.03,0.00399995,17.37999916,-0.003964145,-0.000368561,0.009022126,0.00320752,-0.002334942,-0.009029015,64.0574618,-0.061183476,0.032959305,-2.55469163,0.266523414,-1.03E+11,-74792499649,-1.78E+11,53420699064,531498719,-0.076633226
2025-07-18,0,0.01,0.03,0.028,0.02,-0.02,0.0079999,17.15999985,0.003188568,0.005977375,0.003049601,-0.00110408,0.003449719,0.0018531,68.82092938,-0.004324904,8.32E-06,-2.56520924,-0.200773955,-21471232748,-13621028919,2.45E+11,47171940790,424787619,0.309564784
2025-07-21,1,-0.03,-0.05,-0.032,-0.005,0.02,-0.02699995,16.52000046,0.00535938,-0.002059251,0.011607545,0.004797353,-0.00253537,-0.0013228,66.59159609,0.007965117,-0.024460854,-3.35231769,-0.073774179,-23131310118,-94179492988,2.14E+11,1.90E+11,393449261,-0.257829109
2025-07-22,0,-0.06,-0.03,-0.018,-0.018,-0.03,0,16.40999985,-9.05E-05,0,-0.001822216,-0.000726064,-0.006417838,0.007107521,67.04176928,-0.063456285,-0.002419519,-1.78014288,-0.125908179,24425218883,-9315945629,66864532439,8.96E+11,343910781,-0.106294659
2025-07-23,1,-0.03,-0.04,-0.016,0.007,0.01,-0.023,16.64999962,0.001398157,-0.001110322,-0.015223786,-0.006312264,-0.004712148,-0.012810618,62.42663188,0.011564314,-0.125236279,-5.60240604,0.100535173,-92985182958,-76046275704,13953518426,-1.29E+11,378485911,0.080761357
2025-07-24,1,0.05,0.07,-0.009,-0.005,-0.02,-0.00399995,16.5,0.000637328,0.034505295,0.014285467,-0.001477345,-0.001849952,0.004353394,59.52366518,0.027559651,0.002864305,-4.16966322,0.756541331,-61854811359,-1.03E+11,3.80E+11,4.22E+11,664826146,0.050430854
2025-07-25,1,0.03,0.03,0.019,0.009,0,0.00999999,15.36999989,0.007781532,0.015784376,0.002358438,-0.00440172,0.001747245,0.002095922,72.76553643,-0.026373863,-0.033145458,-3.57000845,-0.359983235,43247309316,-15722061203,60911740850,7.43E+11,425499879,0.063513406
2025-07-28,1,-0.03,-0.01,0.006,0.018,-0.02,-0.01199985,15.39000034,0.00069798,-0.008888098,-0.000400085,-0.001252838,0.00276885,0.00175373,72.80283564,-0.023629444,-0.028772049,-3.14565021,-0.085097935,44694186757,46425945691,3963133357,2.69E+11,389290718,-0.280528235
2025-07-29,1,0.02,0.01,-0.026,-0.021,0.01,-0.00500012,14.93000031,0.003966451,-0.011108324,0.002077912,0.007826457,0.01028996,0.004205712,68.36522697,-0.013698067,-0.001452685,-2.1495318,0.291373145,33332993907,-66818993971,5.22E+11,4.80E+11,502719579,0.347467718
2025-07-30,1,-0.08,-0.05,-0.006,-0.004,-0.03,-0.00200008,15.02999973,0.000176843,-0.00792725,-0.009072816,0.003976816,0.00253075,0.006537214,68.6404927,0.06235094,0.001777185,-0.73992245,-0.257631515,-53437379060,-11909538891,1.36E+11,6.05E+11,373203172,-0.082443669
2025-07-31,0,0.04,0.07,-0.026,-0.006,-0.03,-0.01999998,15.97999954,-0.00296383,-0.000488178,0.011152413,0.000410454,0.010359648,0.007370814,65.21309352,-0.012070924,-0.009327728,0.60024324,-0.09412965,-10192121085,-15700722147,3.20E+11,5.80E+11,338073688,0.015504187
2025-08-01,0,-0.01,0,-0.012,0.006,-0.01,-0.01799989,15.47999954,-0.001250214,0.010159121,0.003437941,0.002631814,0.000900099,-0.002778511,64.77870882,0.023724098,-0.030108596,-0.98349891,0.598242762,-1.02E+11,-1.43E+11,-3.68E+11,3.44E+11,540323825,0.238411023
2025-08-04,1,-0.14,-0.22,0.047,0.018,0.08,0.02900005,16.71999931,-0.003701662,-0.006601237,-0.004603916,-0.000725574,-0.01348648,-0.039607063,37.68629997,0.143896363,0.303200574,-11.5464479,-0.060237174,-2.56E+11,-19635300337,-4.62E+11,-6.56E+11,507776245,-0.075507553
2025-08-05,1,-0.01,-0.01,-0.054,-0.057,0,0.003,20.37999916,-0.016121387,-0.012551662,-0.002368618,-0.000956222,0.000911494,0.009044059,40.36855377,0.026999868,0.0111407,-7.37625389,-0.422080619,47615279959,10392347608,1.18E+11,82772693376,293453733,-0.45366721
2025-08-06,1,0,-0.03,-0.012,0.004,0.03,-0.01600002,17.52000046,0.014629564,0.00640376,0.011975194,-0.004751728,0,0.015837703,51.56217794,0.036881874,-0.012177691,-2.27714872,-0.068201985,42003566392,18927699525,-44602528461,2.95E+11,273439606,0.123709654
2025-08-07,1,0,0,0.013,0.005,0,0.0079999,17.85000038,-0.004869704,0.006031665,-0.009052906,0.002158706,-0.006092611,4.37E-05,50.79883261,-0.03384863,-0.004152591,-2.2535604,0.197187086,-96530391390,-3897955063,48345638704,2.81E+11,327358365,0.009049836
2025-08-08,0,0.01,0.03,-0.007,-0.022,-0.02,0.0150001,16.77000046,0.007255522,0.006457594,0.023453,-0.001580632,0.002238288,0.009194234,55.05911584,-0.007492325,-0.028928853,0.13591293,-0.000949482,-59278867324,40978001835,1.16E+11,-17604897762,327047544,0.00896867
2025-08-11,0,0.04,0.04,0.004,0.001,0,0.00300002,16.56999969,-0.000797798,0.018372511,0.00072838,0.000418838,-0.002238288,-0.005489536,49.89647405,0.008546547,0.005628983,-1.75957823,0.044017102,-1.06E+11,-80220164964,1.96E+11,-1.60E+11,341443229,0.017699577
2025-08-12,0,0,0.01,0.005,0.011,-0.01,-0.00600028,15.14999962,0.007769455,0,0.004744524,0.00204855,0.003457007,-0.001009849,55.27999485,-0.057962775,-0.01215919,-2.07349181,-0.106825378,-72443713350,-90656602643,41736260722,2.20E+11,304968427,-0.10146946
2025-08-13,1,0.02,-0.02,0.02,0.011,0.04,0.0090003,16.25,-0.002507268,0.021238218,0.000946679,0.001425677,-0.004272188,-0.00527153,50.87263953,-0.007673591,0.00154902,-3.38231105,0.223789563,-37712374821,21397450605,3495077882,-59372183527,373217178,-0.009756175
2025-08-14,1,-0.05,-0.05,0.008,-0.014,0,0.02199984,14.72999954,0.011281559,0.012943118,0.008723205,-0.004832583,-0.002653897,0.010744943,54.46811439,-0.026987953,0.005992368,-0.2752663,-0.142403392,-48483121091,-17067257225,46540066807,6.37E+11,320069786,0.019418086
2025-08-18,0,0.05,0.06,-0.022,-0.013,-0.01,-0.00900006,14.48999977,0.003224873,-0.014557555,-0.00542791,-0.003121031,0.004181797,0.000399935,53.94514106,0.010715811,-0.00032867,-0.48390765,0.379286379,-3734437885,-78836194555,1.52E+11,-79961068780,441467896,-0.039220713
2025-08-19,0,0.05,0.03,0.05,0.022,0.02,0.02799987,14.82999992,0.000303045,0.024665513,0.010033615,0.006650367,-0.0008146,-0.015112059,46.07001858,-7.37E-05,0.043930772,-4.60411197,-0.261253745,-13107388329,34778984795,1.39E+11,-4.90E+11,326132755,-0.112049504
2025-08-20,0,-0.04,-0.03,0.021,0.018,-0.01,0.00300026,14.98999977,-0.003002108,-0.003850988,-0.005283798,-0.000771163,0.001018107,-0.008127907,40.47727641,-0.030185858,-0.000222634,-5.97209546,-0.125231524,-3164080845,-22153850933,3.13E+11,-4.55E+11,285290653,-0.036450505
2025-08-21,1,-0.01,-0.01,-0.005,-0.003,0,-0.00200009,15.56999969,-0.005875329,-0.01521958,-0.030351502,0.003189012,-0.000508885,-0.006835801,34.92072325,0.044582757,-0.020036009,-6.63678798,0.175240715,-44492370378,-72039799210,6.20E+11,-2.14E+11,335285191,0.314014447
2025-08-22,1,0.04,0.06,-0.008,-0.003,-0.02,-0.00499988,15.68999958,-0.002434631,-0.006511907,0.014150629,0.003995392,0.004064236,0.003714997,37.50722793,-0.035826239,-0.001132568,-4.43988441,-0.174089735,53614094444,25171829060,-64360593619,-17115416031,276915481,-0.079336742
2025-08-25,1,-0.07,-0.11,0.015,0.018,0.04,-0.00300026,16.60000038,-0.00401222,0.00054238,-0.008283066,0.001930937,-0.00916785,0.008554087,57.80381431,-0.140168115,0.014075733,-1.44435597,-0.144875913,81168550096,10958318950,33597315183,1.82E+11,236797098,-0.267699573
2025-08-26,0,0.02,0.04,-0.008,-0.022,-0.02,0.01400018,14.22000027,0.015072285,0.004085422,0.02135345,-0.012018093,0.00723938,0.012896485,59.44526083,-0.018594494,0.029471765,2.04701603,-0.070237748,43580166224,27972826651,67474555655,1.19E+11,220165003,-0.030434485
2025-08-27,1,-0.02,-0.05,0.008,-0.012,0.03,0.01999998,14.78999996,-0.004275513,-0.009704562,0.001141101,0.004444572,-0.002033937,-0.009547403,46.98422454,-0.054127733,0.012011481,-0.95499059,0.477769839,-4860816787,-16108522489,-2.00E+11,-6.86E+11,325353201,0.474320626
2025-08-28,1,-0.02,-0.04,-0.035,-0.02,0.02,-0.01499986,14.61999989,0.004125474,0.002964651,0.00879886,0.003521313,0,0.002450258,48.26649974,4.53E-07,-0.007079713,-0.240851898,-0.134107075,33556798120,17119095887,-87202490780,-2.04E+11,281721035,-0.384531898
2025-08-29,0,-0.02,0.01,-0.01,0.014,-0.03,-0.02399993,14.85000038,0.00238813,0.007229626,-0.011627383,-0.000861199,-0.004284906,0.002869959,44.70844326,0.032313758,-0.00924065,0.429921288,0.108146426,30739552714,74751901807,1.37E+11,-24298916158,312188158,0.110095053
2025-09-01,0,0.01,-0.02,0,0.01,0.03,-0.01000023,14.43000031,0.003151747,-0.002579168,-0.000138215,-0.006006129,-0.000409049,-0.003230816,45.84717552,-0.00208355,0.000331667,-0.602623092,-0.2147926,-57929755210,-26994167382,1.56E+11,-3.72E+11,245132452,-0.096626836
2025-09-02,1,0,0,0.032,0.009,0,0.023,15.35999966,-0.00641874,-0.012476826,-0.006681309,0.003194761,0,-0.013613889,40.29195888,0.048539941,-0.326751369,-4.018861711,0.061215897,-70714559789,14645842505,-26371879503,-2.67E+11,260138455,-0.114444134
2025-09-03,1,0.05,0.05,0.023,0.015,0,0.0079999,15.35999966,0,0.002880482,-0.002285419,0.002947737,0.006423072,0.009317205,47.4279633,-0.037275053,0.001616244,-0.866107691,0.194279911,12643551131,17380132401,-1.48E+11,4.02E+11,310678131,0.081579987
2025-09-04,1,-0.06,-0.05,0.043,0.025,-0.01,0.01800036,17.17000008,-0.00694635,-0.008821431,0.003471597,0.001169506,-0.002645795,0.003797475,43.73761959,-0.029245751,-0.085578163,0.22979606,0.080914347,-30688242888,-64880315447,-2.62E+11,4.36E+11,335816449,0.014865911
2025-09-05,1,-0.05,-0.03,-0.03,-0.003,-0.02,-0.0270002,16.35000038,0.005087112,0.015177416,0.003295305,-0.003548557,0.002137505,0.005140031,46.28396129,-0.013881417,0.010754849,1.432028662,-0.147582312,8947485987,-21218993136,4507024653,2.03E+11,286255881,-0.098949028
2025-09-08,1,-0.07,-0.07,-0.028,-0.012,0,-0.01600002,15.30000019,0.008311847,0.010245078,0.012932246,0.001747179,-0.005914782,0.001339392,54.80001111,-0.057164812,-0.034360808,1.390782424,0.131311905,-29780160854,-13789367320,1.65E+11,-1.38E+11,323844686,0.311824378
2025-09-09,1,-0.05,-0.01,-0.007,-0.012,-0.04,0.00500012,15.18000031,-0.003170173,0.014425363,0.002153291,-0.004716397,-0.003278352,0.004504482,62.20268515,-0.054490354,-0.003280582,2.154691941,0.149624799,-6396260566,-12974057207,1.13E+11,2.32E+11,372299882,-0.28219258
2025-09-10,1,0.03,0.01,-0.03,-0.023,0.02,-0.00699997,15.10999966,0.002103764,-0.004236814,0.012461006,0.000151529,0.003482937,0.012488498,71.82438682,-0.068352752,0.056322311,4.801917227,0.18169659,6693625489,26981626354,2.06E+11,6.84E+11,439945501,0.254283792
2025-09-11,1,-0.04,-0.01,0.015,0.005,-0.03,0.00999975,15.03999996,0.002684547,0.00866892,0.013483728,0.001103531,-0.000102287,0.016573295,75.36774826,0.046189661,0.065734033,7.93963755,0.283583641,-6550243633,37276629176,9.08E+11,1.38E+12,564706848,0.256541832
2025-09-12,1,-0.03,0,-0.02,-0.01,-0.03,-0.00999998,15.35000038,0.002979028,0.012126372,0.000917353,-3.61E-05,-0.002457485,0.008911645,75.56006495,-0.015764443,-0.009703353,8.32833526,-0.228646101,-80618937466,-1.49E+11,1.08E+12,3.02E+11,435588829,0.08396538
2025-09-15,1,0.05,0.05,0,0.011,0,-0.01099993,14.71000004,0.008450088,0.008876395,0.010216222,0.001656678,0.000102539,0.01523533,76.26603066,0.021773061,0.053094718,10.26663491,0.03046144,-2.05E+11,1.86E+11,7.12E+11,1.42E+12,448857492,-0.069472373
2025-09-16,1,-0.01,-0.02,0.008,0.012,0.01,-0.00399995,14.76000023,-0.000482878,0,-0.00462233,0.003018076,-0.002566078,0.003460324,84.04980107,-0.011990487,-0.110744587,8.51166042,-0.155958736,-48987386118,-56689780119,60345432689,2.67E+11,378854245,-0.082443669
2025-09-17,0,-0.01,-0.03,-0.017,-0.026,0.02,0.00899983,15.68999958,0.004695578,0.002992036,0.010688377,-0.006254679,-0.006909797,0.012340973,85.54055153,0.045184628,-0.030206044,9.47592384,0.072217834,-43433949486,13813197883,2.29E+11,1.80E+12,406214278,0.096729626
2025-09-18,1,0.02,0.04,-0.017,0.001,-0.02,-0.01799989,16.36000061,-0.00128876,-0.00249498,-0.007495572,-0.005335466,0.002480678,-0.010555281,77.3882841,-0.008998423,0.037620083,3.85888993,-0.195966455,-64053755185,43546933022,-1.82E+11,-36144722867,326609906,-0.195169699
2025-09-19,0,0.05,0.04,-0.031,-0.015,0.01,-0.01600003,15.72000027,-0.000970639,0.01138938,0.012932218,0.000761829,0.004942814,0.013935422,81.72343711,0.039742862,0.031167045,6.12456008,0.197688881,-22387590211,46741024261,3.13E+11,2.88E+11,391177053,0.066691374
2025-09-22,1,0.03,0.01,0.059,0.038,0.02,0.02100014,15.69999981,0.004777688,-0.0057028,-0.007439126,0.00582915,0.002974523,-0.00465069,87.15063887,-0.035674261,0.023059524,2.72762366,-0.108217879,-67514766529,-59981201920,-89468626914,-3.06E+11,348844702,0.196998271
2025-09-23,1,0.01,0.03,0.018,0.018,-0.02,-2.40E-07,15.44999981,0.004873524,0.009893038,0.011746599,0.006812853,-0.003179954,0.006771876,86.95798344,0.011783378,-0.024263418,3.18372385,-0.174798318,-44861807877,-13659648631,4.20E+11,5.68E+11,287867235,-0.229788094
2025-09-24,0,-0.03,-0.02,-0.02,0.001,-0.01,-0.0209999,16.10000038,0.004400351,0,0.014072123,-0.00491092,-0.000719458,0.005043991,87.13356125,0.012907135,-0.07108676,3.03653357,0.244794042,-34848083944,-29487174255,-33675933112,3.37E+11,358335419,0.016529302
2025-09-25,0,0.04,0.03,0.035,0.029,0.01,0.00600004,16.63999939,-0.005517352,0.002999179,-0.001931149,0.001768968,0.006252269,-0.004038345,83.58040278,0.066464599,0.026678539,0.36660216,-0.198668622,-28677446668,-95845033859,3.87E+11,-2.47E+11,287145415,-0.03333642
2025-09-26,0,0.02,0.06,0.037,0.039,-0.04,-0.0020001,16.18000031,-0.002850677,0.002727381,-0.006621202,0.008442224,0.006923969,-0.000296629,83.18981983,0.012815614,0.007008893,-0.69074872,0.020650053,55903894523,-96224087517,2.12E+11,2.16E+11,293074983,0.065597282
2025-09-29,1,0.02,0,0.058,0.034,0.02,0.02400017,16.73999977,-0.005021649,-0.008779373,-0.017190092,0.003747481,-0.004067128,-0.024810394,67.65964964,0.152854197,0.226386754,-8.21455543,0.361937488,-38953231022,-68660208836,-2.72E+11,-5.70E+11,399149806,0
2025-09-30,0,-0.05,-0.03,-0.004,0.001,-0.02,-0.00500011,15.28999996,0.005884489,-0.006885926,0,-0.00014912,-0.00244821,0.013248893,67.97897314,0.019804981,-0.052894831,-3.62774473,0.043417884,1.06E+11,12595246939,1.13E+11,4.48E+11,416480046,-0.231111721
2025-10-01,1,0.01,-0.02,0.012,0.019,0.03,-0.00699997,16.12000084,0.002632077,-0.002470007,0.009346945,-0.006680845,-0.00143098,-0.001928252,62.85474455,-0.05799119,0.002463752,-4.12253046,0.263929749,46191261910,-1657623813,-2.09E+11,25972753484,526401520,0.113328685
2025-10-02,1,-0.04,-0.05,0.009,0.014,0.01,-0.00499988,16.28000069,0.004082504,-0.008532964,0.006268758,0.002726207,-0.000613849,0.009077977,62.98960631,0.003783229,0.006894672,-1.44463965,-0.062234556,36645078234,-34906264253,1.49E+11,8.33E+11,493641155,0.093685484
2025-10-10,1,-0.02,0,-0.001,-0.015,-0.02,0.01399994,16.29000092,0.003394154,0.008624242,0.015106118,-0.000948372,0.00143178,0.02666235,66.28791133,0.092139299,0.113057425,5.62771304,-0.185426039,-26153987489,45041145467,-6638937582,3.14E+12,402107231,0.460815203
2025-10-13,0,-0.05,-0.04,0.005,0.01,-0.01,-0.00500012,16.62999916,0.000618164,0.067793807,0.034411888,0.01394834,0.011482165,0.017148958,69.49649957,0.057811533,0.023712743,8.55270805,0.013189554,-54935274671,83401703361,-4.92E+11,1.06E+12,407410846,0.005115101
2025-10-14,0,0,0,-0.06,-0.037,0,-0.02299976,21.65999985,-0.024547819,0,-0.01396049,0.005276219,0.002925533,-0.007241034,63.35701639,0.058816842,0.031810533,3.77161859,0.001527414,-12394052870,25232290956,-3.81E+11,-8.23E+11,408033131,-0.315270029
2025-10-15,1,-0.02,-0.05,-0.033,-0.021,0.03,-0.01200008,19.03000069,0.015478263,-0.026155508,-0.004850264,-0.002073541,-0.002218573,-0.006364098,65.09430214,0.087195531,0.01275001,0.24681964,0.799081617,-51672435581,-35107716624,-4.22E+11,5.55E+11,734084905,0.278902385
2025-10-16,1,0.02,0.04,-0.015,-0.013,-0.02,-0.00200009,20.80999947,-0.001565551,0.017464507,0.017850325,0.00235343,-0.00262841,0.026450851,68.17390241,0.059495887,0.057120543,6.91226668,-0.259477055,70549152613,82202888456,5.16E+11,1.63E+11,543606716,-0.307273082
2025-10-17,1,-0.06,-0.09,0.052,0.049,0.03,0.00300003,20.63999939,0.004017919,0.012612232,0.013552063,-0.006555575,-0.004057228,0.0246014,74.67643532,0.064398635,0.055118756,11.70631839,-0.087960514,1.00E+11,98166933672,6.76E+11,6.59E+11,495790790,0.241675799
2025-10-20,1,0.03,0.05,-0.023,-0.014,-0.02,-0.00900008,25.30999947,-0.00631428,-0.014512891,-0.012575179,-0.003082011,0.000406472,0.000138657,73.69615346,0.037885408,-0.010463154,8.10395425,-0.151315836,10539821316,-8032557205,-23794686090,4.43E+11,420769792,-0.022858138
2025-10-21,1,-0.02,0,0.007,0.014,-0.02,-0.00699997,20.78000069,0.005256874,0.033141206,0.014048411,0.002835534,0.001624161,0.01739962,75.68093207,0.060117487,0.020792588,10.3967797,-0.025246682,-1.14E+11,3168542569,8.70E+11,-2.48E+11,410146751,-0.197464537
2025-10-22,1,-0.02,-0.01,0.012,0.031,-0.01,-0.01899981,18.22999954,0.010615724,0.002650895,0.002300798,0,0.003442733,0.002395788,77.70690493,0.022085293,-0.005610073,7.5555905,0.284550661,-99873962571,49618162027,4.97E+11,-18821013815,526854280,0.312031101
2025-10-23,0,-0.01,-0.02,-0.035,-0.028,0.01,-0.00700021,17.87000084,3.27E-05,-0.000167698,-0.003736377,0.007718037,-0.000303278,0.015527964,79.74592101,0.059269641,-0.025539576,9.2871066,0.133550605,1.58E+11,31725550553,5.40E+11,-7.01E+11,597215988,-0.224433042
2025-10-24,1,0.04,0.05,0.043,0.033,-0.01,0.00999999,18.60000038,-0.005351835,-0.013602737,-0.004227912,-0.000237644,0.000404376,-0.009863889,85.53555967,-0.023262387,0.026836505,2.7234211,-0.29072818,13488058741,-1.01E+11,-1.80E+11,-4.09E+11,423588471,0.050325084
2025-10-27,1,0.01,0,0.001,-0.014,0.01,0.01500011,17.29999924,0.00581048,0.013437625,0,0.003795878,0.000101011,0.024664966,86.59060271,0.047263908,0.032673119,8.2513131,0.007809677,49696911063,73033574655,1.08E+12,5.85E+11,426896560,0.088033349
2025-10-28,0,-0.01,0.01,0.046,0.029,-0.02,0.0170002,16.37000084,0.007871362,0.024300323,0.016618615,0.00078669,-0.001719498,0.025360744,89.02721627,0.067851318,0.042507411,12.90386,0.211062809,-1.05E+11,-88648147441,6.91E+11,6.49E+11,516998547,0.121521358
2025-10-29,1,-0.02,0,-0.024,0.013,-0.02,-0.03700018,15.78999996,0.012215141,-0.005820254,-0.001591681,-0.004184194,-0.000911494,-0.008051503,84.95662352,0.028487622,0.027801861,5.7396166,-0.210394818,-1.02E+11,-66622546139,3.11E+11,-1.64E+12,408224732,-0.020101179
2025-10-30,1,0.09,0.1,0.049,0.044,-0.01,0.00499987,16.42000008,0.002285331,0.021442814,0.012290595,-0.003500252,0.00535597,0.017485329,84.51465572,-0.02957367,-0.004136192,8.290497,0.143728893,-1.34E+11,-3.12E+11,1.07E+12,-1.02E+11,466898421,0.110423818
2025-10-31,1,0.03,0.01,0.066,0.055,0.02,0.01099992,16.92000008,-4.36E-05,0.000350002,-0.000254883,-0.001375421,0.003119475,0.001405476,83.30931026,0.005977003,-0.003045281,5.009386,0.213407976,-2.30E+11,-1.73E+11,-1.93E+11,-1.18E+11,566538268,0.09531018
2025-11-03,1,0,-0.01,0.011,-0.016,0.01,0.02700019,16.90999985,-0.009954191,0.020933141,-0.001917157,7.03E-06,0.00270912,0.005030308,86.85289453,-0.021270082,-0.154664155,3.5678484,-0.279351008,-62375553323,-1.57E+11,1.17E+12,1.32E+12,408275232,-0.050858417
2025-11-04,0,0.02,0.01,0.025,0.025,0.01,0,17.44000053,0.002614501,0,0.003579425,0.002209621,0.000701154,0.027463615,91.19504368,0.002647062,0.045376516,9.8772101,0.157739402,-56410667374,-33198223741,4.28E+11,-7.96E+11,472676323,-0.013129291
2025-11-05,0,-0.03,-0.02,-0.004,-0.012,-0.01,0.0079999,17.17000008,0.001719234,-0.017595555,-0.007724568,0.001260391,0.003498414,-0.024002724,78.81981738,0.008916761,0.129928661,-2.4032295,-0.10394801,-1.17E+11,-1.20E+11,-51385373466,-2.23E+12,423542560,-0.087411938
2025-11-06,1,0.07,0.06,0.043,0.038,0.01,0.00500011,19,-0.01180625,-0.025268012,-0.014310618,0.007557317,-0.000199624,-0.02887673,65.38704858,0.126275988,0.136762336,-13.3685858,0.402840933,-57809224195,58251975721,87405093093,-2.07E+12,594162840,0.339215723
2025-11-07,0,-0.06,-0.07,0.078,0.067,0.01,0.01099992,18.01000023,0.003646898,0.013282828,0.006558819,-4.87E-05,-0.00470159,0.005486351,66.25933683,0.038493539,-0.035053823,-10.6910617,-0.287365679,1.89E+11,-36805466458,5.88E+11,-1.70E+12,423420832,-0.306115774
2025-11-10,1,0,-0.01,0.023,0.06,0.01,-0.03699994,19.5,-0.011241135,-0.01200703,-0.00893022,0.005651713,-0.001304419,-0.018218055,58.08142443,0.043872504,0.037665315,-16.02746,-0.109515547,-1.37E+11,-68751991674,1.64E+11,-4.63E+11,377049668,-0.134196065
2025-11-11,1,0.02,-0.01,0.004,-0.029,0.03,0.03299998,19.07999992,0.001261046,0.012558765,0.007856524,0.004204132,0.000200826,0.029771722,62.84559712,0.039967572,0.035660564,-4.6959554,-0.099550972,1.33E+11,64813593813,9.22E+11,-1.45E+11,339514007,-0.11844815
2025-11-12,1,0,0,-0.029,-0.034,0,0.0049999,17.60000038,0.015283627,-0.001352902,-0.003038772,0.001436359,-0.001607431,0.008105581,61.79520977,0.020240851,-0.013832816,-2.6511912,0.112042408,22061694723,-89869861481,3.67E+11,74380943249,377553974,0.185311096
2025-11-13,1,-0.05,-0.01,0.081,0.092,-0.04,-0.01099993,17.28000069,0.0020732,0.004325137,0.005818595,0.00257208,0.000201109,0.010658008,66.04452123,-0.008959485,-0.031796805,-0.1534396,-0.113810273,13870437898,-45197406554,8.69E+11,-4.26E+11,334584453,-0.247059103
2025-11-14,0,0.03,0.02,-0.015,0.009,0.01,-0.02399993,17.51000023,0.000629319,0.004270254,-0.001558775,0.00558775,-0.003020269,0.004864737,63.10055882,-0.026355686,-0.03185353,-0.090168,0.267807288,1421739128,27502984530,-7.43E+11,1.00E+12,424188608,0.108540169
2025-11-17,1,0.03,0.04,0.05,0.012,-0.01,0.03799986,20,-0.016695452,-0.017811045,-0.018302531,0.00046987,0.000906993,-0.038884373,48.32292526,0.037246486,0.148847974,-14.3426674,-0.057041202,-44878847933,-6664717015,-6.55E+11,-2.37E+12,399992380,0.028170877
2025-11-18,0,-0.01,-0.01,-0.016,-0.03,0,0.01400018,19.82999992,-0.000501851,-0.001045102,0.001816418,-0.015216833,0.003218344,0.019178876,54.03381404,0.005056104,0.003661232,-6.4604846,-0.139742115,30020117961,-46707925574,5964690486,5.18E+11,344096599,-0.223143551
2025-11-19,0,-0.01,-0.02,-0.033,-0.042,0.01,0.00899982,22.37999916,-0.009204498,-0.032740086,-0.025504987,0.010425655,-0.00040166,-0.033729935,43.88129123,0.038342243,0.0835324,-17.2275289,-0.071017764,-43108537347,-59361695503,-4.29E+11,-5.52E+11,319659628,-0.021053409
2025-11-20,1,0.01,0.01,0.013,-0.003,0,0.01600004,24.69000053,-0.00829071,-0.003399429,-0.006599664,-0.003522601,0.006807518,-0.006116906,42.57992066,0.021358474,-0.009124195,-16.57075786,0.058130297,88744183243,5891802893,4.61E+11,-1.05E+12,338241537,0.034846731
2025-11-21,0,-0.03,-0.03,0.044,0.039,0,0.00500012,23.65999985,0.003746808,0.02615482,0.031341037,0.00655562,-0.000698635,0.018991412,45.39781461,0.039119495,0.011047502,-7.93400422,0.065161116,17378732171,-31443822134,7.48E+11,7.45E+11,360281733,0.033673215
2025-11-24,0,-0.04,-0.06,-0.054,-0.036,0.02,-0.01800013,26.42000008,-0.015689726,-0.024339743,-0.036817973,0.004844565,0.000199627,-0.038586605,34.0075438,0.029105529,0.051731641,-19.17959297,-0.113682178,-59779950043,85078446938,4.12E+11,-2.83E+12,319324121,-0.061452779
2025-11-25,1,-0.02,-0.01,0.018,0.032,-0.01,-0.01399993,23.43000031,0.009775103,0,0.00261813,-0.003753869,-0.00039937,-0.001870283,36.99032719,-0.016630345,-0.040303692,-16.25336707,0.168468285,63408149900,-22807985903,1.11E+12,-7.96E+11,373120108,0.410148957
2025-11-26,1,-0.03,-0.03,-0.025,-0.002,0,-0.023,20.52000046,0.015348819,0.000691586,0.015273869,0.004846084,-0.004804771,0.003042633,42.3138239,-0.082238678,-0.000362098,-12.26623485,-0.251463585,7340226117,-61109799874,19658363074,-1710358096,279293988,-0.475626887
2025-11-27,1,-0.01,0.01,-0.013,-0.007,-0.02,-0.00600005,18.55999947,0.009020886,0.018317834,0.018312496,-0.006762396,-0.00060228,0.026371832,46.83183005,-0.014472179,0.023350636,-1.71384289,0.057405328,1.05E+11,36174018808,1.04E+12,5.24E+11,295326951,0.172245905
2025-11-28,0,0,0,0.1,0.118,0,-0.01799989,17.19000053,0.006882969,0.012194167,0.005275831,0.003862994,0,0.006552745,51.67706718,-0.055768911,0.002978694,0.42676952,-0.12688313,72932154287,-562761869,3.26E+11,1.58E+11,257854943,-0.195060583
2025-12-01,0,0.02,0.02,-0.007,-0.022,0,0.0150001,17.19000053,0,0.001728894,0.002607825,-0.006268761,-0.001406605,-0.015245086,42.10854893,-0.043922855,0.007303276,-4.79006238,-0.061787204,-70695237508,-1.37E+11,8.39E+11,-2.04E+12,241922807,-0.088410957
2025-12-02,1,0.07,0.06,0.043,0.054,0.01,-0.01100016,16.35000038,0.005340487,-0.019097722,-0.01033141,0.002883461,-0.000502795,-0.00158532,39.69120342,-0.02465105,-0.051768175,-4.50707842,0.227311648,29097125833,-96241820989,-68894937864,2.24E+11,296914679,-0.008438869
2025-12-03,1,0,-0.01,-0.041,-0.023,0.01,-0.01800012,17.23999977,-0.005337549,3.41E-06,0.008077012,0.003099713,-0.000503125,0.018839973,41.66700473,0.006141574,0.000263516,2.20996686,0.074500288,33839413485,70784814352,2.48E+11,1.22E+12,319034908,0.049596941
2025-12-04,0,-0.03,-0.04,0.022,0.019,0.01,0.00300026,16.59000015,0.002454221,0.011318888,0.008265244,-0.001913213,-0.00514609,0.010302403,42.95913157,0.000257318,-0.041914365,4.79981317,-0.088198568,38087894573,62672496011,4.87E+11,2.83E+11,290896486,0.077558234
2025-12-05,1,0.05,0.05,0.008,-0.016,0,0.02399969,16.07999992,0.002975361,0.023069839,9.61E-05,-0.001589118,0.001415279,-0.00193186,51.05523811,-0.076195877,-0.001491786,2.85258842,0.210201188,-27535762591,52221708705,1.07E+11,-6.98E+11,352043273,0.022141126
2025-12-08,1,0.03,0.04,-0.018,-0.031,-0.01,0.01300025,15.77999973,0.001079739,-0.010570414,0.006640074,0.005004403,0,0.017602538,50.67793722,0.01375493,-0.005692579,7.62278269,0.359243621,85404353976,5782407832,8.49E+11,1.00E+12,478512573,0.173769275
2025-12-09,0,0.03,0,0.043,0.04,0.03,0.00300002,15.40999985,0.001934769,0.001782269,0.01147354,-0.000387167,0.001009678,0.013277229,64.05846085,-0.04730369,-0.045142046,9.93790018,-0.173307122,40683727865,-15317346495,-1.41E+11,3.23E+11,395582936,-0.06986968
2025-12-10,0,0.01,0.03,0.052,0.05,-0.02,0.00199986,16.65999985,-0.003483315,0.001445324,-0.004290588,-0.002244688,0.001311128,-0.002723489,65.22591027,-0.06250242,-0.003045869,6.36550503,0.012792422,12330272182,99608405445,-98306205656,-90993089901,400643400,-0.133531393
2025-12-11,0,-0.05,-0.06,-0.082,0.011,0.01,-0.09299994,16.93000031,-0.000876743,-0.001033021,0.007710113,-0.000395006,-0.004343225,-0.002065533,60.23046537,-0.069121018,-0.007645996,3.71349075,-0.206522436,-95850854610,15652810287,-1.02E+11,3.74E+11,317901549,-0.054067221
2025-12-12,1,0.01,-0.01,0.007,0.006,0.02,0.00099993,15.77000046,0.006726881,-0.009011935,-0.013326817,0.000755871,-0.004463865,-0.005913431,75.28693308,-0.091572708,0.000108384,0.33058454,0.698146403,-20114981877,-17402709778,-6.88E+11,3.65E+11,539843372,0.476924072
2025-12-15,0,0.05,0.03,0.031,-0.008,0.02,0.03900003,14.85000038,0.002077192,0.013620609,0.006163698,0.001231296,0.00050829,0.013660889,78.76108478,-0.020995553,-0.11263808,4.13154257,-0.209740534,-83159725562,89195037509,1.44E+12,46940837270,426616335,-0.207260505
2025-12-16,0,-0.01,-0.02,-0.084,-0.093,0.01,0.00900007,15.73999977,-0.010720913,-0.013236046,-0.011810726,0.00139961,-0.002543883,-0.018545551,68.68250151,0.001238228,0.004397411,-3.55605208,-0.18698712,-52542669797,1.17E+11,-3.92E+11,-9.60E+11,346844575,-0.068992871
2025-12-17,1,-0.03,-0.04,-0.012,-0.001,0.01,-0.01100015,16.5,-0.001597839,-0.015767465,-0.011922807,-0.003693429,0,-0.022612427,53.12866097,-0.000307177,-0.060670745,-10.72638868,0.078262565,-2.46E+11,13731755436,1.48E+11,-1.04E+12,373989521,0.068992871
2025-12-18,0,0.01,0.01,0.011,-0.003,0,0.01399993,16.47999954,-0.002386764,0.002608656,-0.000417358,0.002898737,0.002238971,0.014221516,55.40704402,0.003005602,0.012169659,-4.35661787,-0.034851287,-19550443221,-28662042049,3.79E+11,-27789783436,360955505,-0.238411023
2025-12-19,1,-0.04,-0.03,-0.012,-0.029,-0.01,0.0170002,17.62000084,-0.011659857,-0.010369835,-0.002059896,0.001534426,0.000609731,-0.015377404,55.27115568,0.007375805,-0.007418501,-8.82363966,0.610850659,-70579014311,-84632417818,1.56E+11,-3.47E+11,581445413,0.007662873
2025-12-22,1,0.04,0.03,0.03,0.043,0.01,-0.01300001,16.87000084,0.007902952,0.010267425,0.008259661,0.000244193,0.001725607,0.006497801,57.54275712,-0.02375726,-0.185719967,-5.20773672,-0.238682664,-25140822642,-41242101262,9.64E+11,-7.47E+11,442664473,0.230748151
2025-12-23,1,0.01,0.03,0.017,-0.011,-0.02,0.02799988,14.90999985,0.008779407,0.017920273,0.016233967,-0.00043419,-0.003148944,0.021013592,58.22345086,0.010798715,0.044051554,2.41826531,-0.286983534,-34261909288,22809936437,1.62E+12,1.11E+12,315627058,-0.238411023
2025-12-24,0,0.01,0.02,0.02,-0.036,-0.01,0.056,14.07999992,0.006415871,0.000207914,0.005697137,0.00211485,-0.003567231,0.002770111,56.28138021,-0.030395561,2.60E-05,2.4631203,0.222481791,-1.21E+11,-37383279005,5.33E+11,9.54E+11,385848331,0.037740328
2025-12-26,1,-0.03,-0.02,-0.034,-0.024,-0.01,-0.00999976,14,0.004540067,-0.001365058,0.002170329,0.001238418,0.000408339,-0.002115189,56.20210644,-0.024005152,-0.079126065,0.86762368,-0.057625023,-26143810406,32658143047,2.52E+11,5.22E+11,363613812,-0.109484233
2025-12-29,1,-0.01,-0.02,0.029,0.019,0.01,0.00999999,13.47000027,0.003216304,0.008037851,0.006465701,-0.021982379,0.000408095,0.00511273,52.48848293,-0.067460526,-0.001828871,1.98170166,0.403031552,-23628157217,-97501817252,5.29E+11,1.78E+12,510161651,0.297959655
2025-12-30,0,-0.02,-0.03,-0.02,-0.019,0.01,-0.00099993,13.60000038,-0.00030441,-0.004413014,0.008885707,-0.003594418,0.000204063,0.02176787,55.20326825,0.019201132,0.006683934,8.40164387,-0.015225901,23932814520,37891796466,-3.64E+11,3.36E+11,502393980,-0.117016458
2026-01-02,1,0.02,-0.01,0.031,0.013,0.03,0.0179999,14.19999981,-0.003498163,-0.003716632,-0.003607909,-0.004603557,0.002037875,-0.001515197,55.63590708,0.006326162,-0.000112534,5.57633615,-0.187493996,-24765470947,-1.08E+11,-2.29E+11,-4.89E+11,408198125,-0.09393182
2026-01-05,1,0.05,0.05,0.001,-0.017,0,0.01799988,14.32999992,-0.001376614,0,0.022140537,0.006205001,0.001830574,0.022399389,62.23875918,0.053561891,0.018385776,11.42402208,-0.004553865,-72899009835,-19584573734,-1.14E+11,6.45E+11,406339246,0.281984051
2026-01-06,1,-0.02,-0.02,0.01,-0.002,0,0.01199984,14.51000023,-0.005491953,0.029233499,0.025406477,-0.002191335,-0.001525259,0.033740536,70.72430082,0.079931508,0.110751356,20.05781829,0.264632203,-2.59E+11,-1.56E+11,-50824024231,2.18E+12,513869696,0.264559655
2026-01-07,1,0.01,0.01,0.002,0.015,0,-0.01299977,14.89999962,0.006334025,0.013134287,0.015532656,0.003520453,0.003149662,0.015131083,71.11838618,0.067427133,0.004934541,20.217413,-0.030121305,-1.03E+11,-72388513137,1.70E+11,-6.30E+11,498391270,0.111917916
2026-01-08,1,-0.03,-0.01,-0.044,-0.038,-0.02,-0.00600005,14.75,0.006177592,-0.010645149,-0.004616497,-0.000415218,0.001013875,0.005636541,78.87430202,0.008023027,-0.017677701,16.7313224,0.110882181,-2.09E+11,-94664134975,-3.59E+11,1.25E+12,553653981,0.132059722
2026-01-09,1,0.04,0.03,-0.013,-0.008,0.01,-0.00499987,15.38000011,-0.003445854,-0.016390063,-0.002464634,0.000816336,0.002530238,0.000287816,89.11374454,-0.007084875,-0.00608404,11.8733146,-0.205124401,-1.85E+11,-1.51E+11,-8.55E+11,-1.07E+11,440086040,-0.05655217
2026-01-12,1,-0.01,0.03,0.045,0.04,-0.04,0.00499987,15.44999981,7.65E-05,0.015964858,-0.002360773,0.002720749,0.00201956,0.007429919,88.74236893,0.021175613,-0.006293076,10.5356072,-0.09285924,30207520740,52729192651,1.17E+12,-1.61E+12,399219985,-0.157185584
2026-01-13,1,0.01,0,0.006,0.038,0.01,-0.03200006,14.48999977,0.006454611,0,0.009147131,0.003552132,-0.002727378,0.008353052,97.71525146,0.003561927,-0.005804818,9.7280924,-0.011189583,68006389349,-50105642889,5.68E+11,-3.52E+11,394752880,-0.017167804
2026-01-14,1,-0.01,-0.02,0.02,0.023,0.01,-0.00300002,15.11999989,0.00157639,0.030513013,0.004567377,0.006636668,0.002727378,0.01456438,97.85127535,0.006089726,-0.009422253,11.3282569,0.087138592,1.16E+11,2228284302,7.77E+11,-2.79E+11,429151090,0.087011377
2026-01-15,1,-0.03,-0.01,0.006,-0.007,-0.02,0.01300001,15.97999954,-0.001941006,0.014683134,0.007609523,0.005500436,0,0.006470031,97.66898079,-0.027750423,-0.00683296,9.4701612,0.282570404,-9543628245,14937573779,6.05E+11,-3.78E+11,550416487,-0.040491361
2026-01-16,1,0.02,0.06,0.075,0.094,-0.04,-0.01899981,16.75,-0.005347633,-0.004254996,-0.004249211,-0.00688715,0.001914865,0.015639946,97.8758955,0.049680869,-0.08401141,11.4156196,-0.009522389,5505542209,-31187586300,1.46E+12,3.53E+11,545175207,-0.016667052
2026-01-19,1,0.07,0.05,-0.005,-0.01,0.02,0.00499988,15.84000015,0.002576604,-0.003226907,0.01922676,0.004052167,0.000704541,0.00896232,99.14214883,0.023017435,-0.18362242,10.3161292,0.322337879,20716797370,-90074934450,5.11E+11,4.37E+11,720905827,0.122440706
2026-01-20,0,0,0,0.077,0.05,0,0.02699994,15.85999966,-0.000642509,-0.006558848,0.007314773,0.001863673,0,0.013118155,99.18882215,0.044456386,-0.002067711,10.9907769,-0.208161443,-40148109337,-1.19E+11,2.05E+11,5.49E+11,570841030,-0.065282292
2026-01-21,1,0.06,0.01,0.088,0.061,0.05,0.02700019,15.85999966,0,-0.011118493,0.003807656,-4.07E-05,-0.007574646,-0.003863001,96.46540545,0.016277942,-0.113006847,4.7865685,0.169693788,-87352942950,-1.73E+11,-2.09E+11,1.16E+11,667709207,0.072689733
2026-01-22,1,-0.04,-0.02,-0.051,-0.053,-0.02,0.00199987,20.09000015,-0.020842461,-0.00409322,-0.016304147,0.004245088,0.001215833,0.004936916,97.42221139,0.048668454,0.003806934,3.3085791,-0.101253269,-911081273,-56424073332,2.95E+11,4.46E+11,600101467,0.104991444
2026-01-23,1,0,0.02,-0.044,-0.029,-0.02,-0.01499988,16.89999962,0.011521118,0.017175317,0.015866074,-0.008801817,-0.004058463,0.008638793,97.22203692,0.007564324,-0.037201104,3.5822621,-0.052453446,-19319038527,-2.05E+11,3.16E+11,-2.48E+11,568624077,0.088947486
2026-01-26,0,-0.02,-0.01,0.032,0.028,-0.01,0.00399971,15.64000034,0.005472501,0.002938196,0.006763103,-0.001072335,-0.007756746,0.007551389,96.68458152,-0.039809376,-0.012728351,3.3522501,0.077340508,-85111772219,-2.72E+11,9.29E+11,1.45E+11,612601752,-0.092275276
2026-01-27,1,-0.02,-0.01,-0.046,-0.041,-0.01,-0.00499988,16.09000015,0.000326816,-0.018019826,0.003217749,-0.012688964,-0.005754204,-0.008145189,89.06037655,-0.03709075,0.051967503,-3.0899801,-0.270483551,-1.95E+11,-1.73E+11,-9.53E+11,-1.66E+11,446903055,-0.274436846
2026-01-28,1,0.02,-0.01,-0.014,-0.002,0.03,-0.01200008,16.14999962,0.004993594,0.008440912,0.007871764,-0.002654442,-0.008486025,0.026960836,90.89904404,0.054650627,0.070522395,5.9170658,0.065456091,-2.11E+11,-57240611682,5.70E+11,8.45E+11,476155582,0.223143551
2026-01-29,1,0.02,0.01,-0.012,-0.027,0.01,0.01500011,16.35000038,0.004073588,0.00047186,0.014923109,-0.005895266,0.002387459,0.016763811,91.94404392,0.002835596,-0.022404793,8.9736505,0.24561971,-1.45E+11,-90013754751,-5.71E+11,3.93E+11,593108778,0.080852097
2026-01-30,1,-0.02,-0.03,0.039,0.039,0.01,0,16.35000038,-8.17E-05,0.000316498,-0.008189529,-0.002264319,-0.001764107,0.009707476,92.12029808,0.065368103,-0.037617274,8.4326408,0.179647673,-1.18E+11,-1.20E+11,1.57E+11,-1.49E+12,699659390,0.149981112
2026-02-02,0,0.02,-0.03,0.05,0.032,0.05,0.01800012,16.87999916,-0.001293467,-0.000988768,-0.014629344,-0.000356896,0.007347258,0.000595439,91.73242449,0.025636761,-0.01616765,4.1370555,0.232800726,-1.28E+11,-30656185831,-30925756867,-1.98E+12,862540604,-0.011204599
2026-02-03,1,0.03,0.04,-0.004,0.014,-0.01,-0.01800012,17.44000053,-0.004311179,-0.012600361,-0.013808856,0.013928719,0.006372095,-0.054011384,63.89064957,0.142001262,0.50563003,-21.4362455,-0.336211653,25161573975,-39924652613,-2.18E+12,-2.53E+12,572544402,-0.100676666
2026-02-04,1,-0.01,0,0.058,0.037,-0.01,0.02100014,16.34000015,0.005376785,0.038476724,0.017905071,0.002578114,-0.001743124,0.066134354,72.90818228,0.156443746,0.270675858,7.68025,0.174773779,3.45E+11,95780604221,1.45E+12,7.17E+11,672610151,-0.067658648
2026-02-05,0,0.01,0,0.051,0.023,0.01,0.02799988,18,-0.008439495,-0.007839413,0.002929394,-0.004042462,0.00184559,0.015577502,73.09517059,0.020995211,0.003061404,10.0317925,0.174410358,97387857906,29002873357,1.49E+12,-9.38E+11,789920328,0.013245227
2026-02-06,0,-0.08,-0.09,-0.025,-0.008,0.01,-0.01699996,18.63999939,-0.0050853,-0.008793215,-0.015245506,0.009240452,0.002046633,-0.039404581,61.48001574,0.081688525,0.11334378,-11.4179544,0.154432991,-37381490389,-98472024855,-1.88E+12,-5.04E+12,911910087,0.063715814
2026-02-09,1,0.01,0.02,0.023,0.029,-0.01,-0.00600004,21.77000046,-0.012326678,0.008062109,-0.000577175,0.007213151,-0.001944257,-0.014519282,56.51154815,0.077222442,0.019046864,-17.475482,-0.182195753,1.56E+11,1.32E+11,5.78E+11,-3.33E+12,745763942,-0.080299942
2026-02-10,1,0,-0.01,0.044,0.034,0.01,0.01,20.37000084,0.019504344,0.038158799,0.019371943,-0.005645977,-0.008331214,0.040228064,62.83153619,0.050396038,0.050745989,0.5795333,-0.171778429,1.95E+11,-86295633100,2.42E+12,4.39E+11,617657784,-0.120713747
2026-02-11,1,-0.06,-0.06,-0.073,-0.043,0,-0.02999998,17.36000061,0.004680118,0.02256998,0.020415316,-0.002642976,-0.000206556,0.000688678,62.35040798,-0.010751074,-0.001354767,-1.6546233,0.153175576,-42186713608,-97722886851,7.44E+11,1.47E+11,712267871,-0.128691372
2026-02-12,1,0.02,0.05,-0.042,-0.024,-0.03,-0.01800012,17.79000092,-0.003309182,0,0.015979726,-0.002203313,0.000309857,0.009909878,62.59100861,0.002892263,0.00057128,0.5346542,0.058263903,98025004975,-26289554822,5.22E+11,8.57E+11,753767377,0.094138991
2026-02-13,0,-0.09,-0.06,-0.021,-0.046,-0.03,0.0250001,17.64999962,-4.90E-05,-0.000185605,0,-0.007684079,0.001032189,0.030853506,65.41304772,0.029249986,0.020499082,11.4159604,-0.004182743,1.49E+11,72185511544,1.08E+12,3.01E+12,750614562,0.232474879
2026-02-19,1,-0.05,-0.06,-0.047,-0.012,0.01,-0.03499986,20.81999969,-0.015784941,-0.012181335,0,-0.002280635,-0.000516001,-0.002767228,66.38275155,0.007817904,0.003388674,5.2096192,0.719469117,-93212124766,56325913582,1.81E+11,-9.27E+11,1290658558,-0.04755254
2026-02-20,1,0.04,0.07,0.017,0.036,-0.03,-0.01900004,20.60000038,0.000498965,0.009192623,0,-0.000513693,0.01077987,0.030445177,67.06004507,-0.007679227,0.019997952,15.0854921,-0.081214633,59738858025,15370491816,1.67E+12,-9.35E+11,1185838197,-0.063673095
2026-02-23,1,0,0,-0.048,-0.035,0,-0.01300003,20.22999954,0.003755312,-0.011236606,0,0.005256385,-0.001328333,0.022860529,67.89799029,0.013385853,0.003067823,19.5431289,0.475161353,-52697642592,-1.42E+11,1.94E+12,-7.44E+11,1749302679,0.135691687
2026-02-24,1,-0.05,-0.05,0.038,0.011,0,0.02699995,19.09000015,0.006915756,0,0.004973395,-0.002981514,-0.00102308,0.006445545,67.66421439,-0.015813159,-0.000341263,15.3366481,-0.155212554,-1.69E+11,-2.69E+11,5.33E+11,-1.11E+12,1477788942,-0.03379738
2026-02-25,1,0.01,0.02,0.015,0.004,-0.01,0.01099992,21.01000023,-0.01043996,0.008679942,0.027093911,-0.000859421,0.001840683,0.020913612,69.72579647,0.028197583,0.005295776,18.7258155,0.084055233,-1.45E+11,-71765712033,2.67E+12,-1.90E+11,1602004836,-0.01892801
2026-02-26,1,0.01,0.02,-0.037,-0.034,-0.01,-0.00300002,19.54999924,0.007622489,0.021778003,0.020317643,-0.001533529,-0.001840683,0.018952694,82.80602841,-0.045627747,0.003080798,20.4234277,-0.116572664,-3.07E+11,74951696394,1.99E+12,-1.31E+12,1415254864,0.117075071
2026-02-27,0,-0.03,-0.03,-0.086,-0.062,0,-0.02399992,17.93000031,0.008103434,0.002902245,4.00E-05,-0.009110841,0.000920804,0.036063599,81.58065068,-0.044973815,0.009574381,30.231068,-0.003979237,53949815743,-98071995959,1.64E+12,-2.11E+12,1409623229,0.097111287
2026-03-03,0,-0.05,-0.07,-0.024,-0.021,0.02,-0.0029998,18.62999916,-0.005380027,0.001647549,0,0.003770148,-0.001842378,-0.010061136,77.38916134,0.024894939,0.007347939,14.71189,-0.172787486,-2.26E+11,-2.28E+11,1.10E+12,-7.08E+12,1166057975,0.344519098
2026-03-04,0,0.09,0.11,0.148,0.139,-0.02,0.00899983,19.86000061,-0.004348795,-0.044674048,-0.031286434,0.013832394,0.014644851,-0.07517966,67.08895455,0.088043728,0.199651889,-28.6523549,0.05242893,-49526905291,41182772768,-7.28E+11,-5.17E+12,1227193147,-0.039002158
2026-03-05,1,0.03,0.05,0.038,0.043,-0.02,-0.00500011,23.56999969,-0.009090633,-0.036801606,-0.044525993,0.020986364,-0.002830923,-0.128489065,50.08934246,0.162531666,0.2994107,-81.9365967,0.334432119,-1.29E+11,-72745993641,-5.83E+11,2.37E+11,1637605952,0.175034973
2026-03-06,1,0.04,0.04,-0.043,-0.034,0,-0.00899982,21.14999962,0.007726126,0.0188553,0.025386007,-0.015164225,0.005553077,0.091914362,55.20911986,0.11733285,0.098799671,-27.9222967,0.014108702,-1.09E+11,-87153061190,-1.22E+12,-1.57E+11,1660710447,-0.328239131
2026-03-09,0,0.02,0,0.027,0.038,0.02,-0.01100016,23.75,-0.005662708,0.006181889,-0.002182241,0.012760956,-0.003328144,0.000173737,55.16533346,0.042332637,-0.038637871,-24.3248278,-0.263556306,-1.78E+11,-1.75E+11,-5.98E+11,-1.95E+12,1223019737,-0.36649914
2026-03-10,1,-0.03,-0.01,0.123,0.193,-0.02,-0.06999994,29.48999977,-0.01336572,-0.053397693,-0.045331763,0.002956069,0.001917571,-0.061476951,48.30175641,0.096767771,0.001548423,-47.8705908,-0.160898472,-1.99E+11,-1.02E+11,-1.17E+12,-3.20E+12,1026237730,0.055741983
2026-03-11,1,0.03,0,-0.11,-0.137,0.03,0.02699996,25.5,0.008269872,0.028413071,0.020389973,-0.013173646,-0.003535163,0.052071806,50.16462724,0.042765472,0.027607109,-16.814893,-0.10039376,68223391071,-9321369642,7.45E+11,1.03E+12,923209866,-0.145652753
2026-03-12,0,0.06,0.06,-0.021,-0.03,0,0.00900006,24.93000031,-0.002137403,0.014221045,0.040142909,0.005658408,0.004039201,0.01388581,51.61025555,0.026015069,-0.018711576,-8.5142834,0.138361225,34574324791,-89339267070,7.25E+11,-2.55E+11,1050946314,-0.075985907
2026-03-13,0,0.06,0.11,0.041,0.018,-0.05,0.023,24.22999954,-0.000837952,-0.010457144,-0.015727446,0.001736658,0.005126357,-0.004770798,48.4604602,-0.017049944,-0.003153158,-10.2150542,-0.2375384,75972781322,-37404675330,-74636557600,-2.39E+12,801306208,-0.115436168
2026-03-16,1,0.01,-0.01,0.052,0.067,0.02,-0.0150001,27.29000092,-0.015344808,-0.01169934,-0.005420532,-0.003231598,0.006196949,-0.017345605,44.67638885,0.013578919,-0.011100477,-16.96012473,0.13271996,-1.17E+11,28454594636,-9.50E+11,-1.46E+12,907655536,0
2026-03-17,1,-0.05,-0.05,-0.021,-0.038,0,0.01700018,27.19000053,-0.006077546,-0.001272854,-0.001732279,0.020974244,-0.006497764,0.011345478,45.13186357,-0.006201909,0.001005711,-9.39802856,0.183113813,61546304743,41194926054,-1.04E+11,-8.52E+11,1073859802,-0.083565078
2026-03-18,1,-0.03,-0.01,0.012,0.024,-0.02,-0.01200007,23.51000023,0.01007991,-0.000944757,0.014708968,-0.008586763,-0.001304604,0.016198247,44.53171414,-0.006271272,0.001571475,-1.13099411,0.05700113,2.35E+11,84333393783,4.27E+11,-1.73E+11,1135071024,0.022676709
2026-03-19,0,0.06,0.08,-0.086,-0.063,-0.02,-0.023,22.37000084,0.002491149,0.028256163,0.015018445,-0.002717108,0.005108385,0.049216549,47.50271084,0.027555395,0.015717683,20.8283115,0.00766529,5529959875,95952881532,3.10E+12,8.89E+11,1143771673,0.187539608
2026-03-20,1,-0.01,0.03,0.087,0.068,-0.04,0.01900005,25.09000015,-0.013700999,-0.034380221,-0.019369074,0.013631774,-0.008629322,-0.02768933,41.27691736,-0.009962658,0.010189842,2.1885203,0.03532034,22655097073,-64937808613,-6.65E+11,-1.88E+12,1184170077,-0.156632071
2026-03-23,0,0.14,0.11,0.043,0.081,0.03,-0.0380001,24.05999947,-0.002752583,0,-0.00433715,-0.010290289,0.00422364,0.003114924,42.46849746,-0.028852534,-0.009356905,1.9019413,0.258945195,-79235923848,60613196498,4.57E+11,-1.25E+12,1490805229,0.390866309
2026-03-24,1,-0.05,-0.05,0.143,0.207,0,-0.06400013,26.78000069,-0.015253934,-0.035413712,-0.024791485,0.009599109,-0.007049421,-0.067148106,43.55652195,-0.016599922,0.040879162,-29.72900437,-0.244958612,-3.01E+11,-1.62E+11,-3.02E+12,-3.70E+12,1125619649,-0.223143551
2026-03-25,1,0.05,0.08,-0.044,-0.094,-0.03,0.05000019,26.14999962,0.011388109,0.014201044,-0.00337523,-0.01261066,0.004839241,0.027040769,59.40964403,-0.124646929,0.00848628,-12.40202643,0.039887642,9836232482,43456766681,1.02E+12,-1.98E+12,1170517963,-0.08834917
2026-03-26,0,-0.06,-0.05,0.024,0.035,-0.01,-0.01100016,26.95000076,-0.003749595,0.028253067,0.025038469,0.008013047,0.001708267,0.015771855,51.4261972,-0.126782089,-0.002234361,-3.46216798,-0.347960798,36931488486,14664870051,2.34E+12,-1.29E+12,763223598,-0.012121361
2026-03-27,0,0.09,0.12,0.006,-0.006,-0.03,0.01200008,25.32999992,0.005404494,-0.002719484,-0.003039633,0.002441342,0.003007552,-0.032742798,47.20430296,-0.010823224,0.00296903,-17.96020602,0.212085915,-2.50E+11,-2.42E+11,3.18E+11,-2.95E+12,925092573,0.039845909
2026-03-30,0,0.02,-0.06,0.05,0.03,0.08,0.01999998,27.44000053,-0.017559441,-0.004310816,-0.006772954,0.004911411,0.002499376,-0.003961688,54.88602972,-0.080579685,-0.018851318,-16.33808425,-0.027036901,1.85E+11,-22801624440,4.18E+11,-3.44E+12,900080937,-0.077117303
2026-03-31,0,-0.09,-0.09,-0.024,-0.04,0,0.01600004,31.04999924,-0.016863232,-0.028260174,-0.01811486,-0.000888754,0.003588169,-0.030156774,42.88675548,-0.019388719,0.005212736,-26.04753525,-0.191860368,73020339258,-81150069311,7.44E+11,-2.10E+12,727391077,-0.130522061
2026-04-01,1,-0.05,-0.04,-0.012,0.01,-0.01,-0.02200008,30.61000061,-0.003953554,-0.015971903,-0.024757046,0.006026835,-0.005487149,-0.043539321,35.64611708,0.007109555,-0.035883404,-38.40495907,0.599294306,35211304974,-29135483347,9.48E+11,-3.85E+12,1163312408,0.359555407
2026-04-02,0,0.03,0.03,-0.19,-0.182,0,-0.0079999,25.25,0.028714893,0.051077403,0.044749502,-0.008478421,-0.003106035,0.080992637,47.76745069,0.11651278,-0.118461743,4.2889739,-0.175670036,3.55E+11,-19186659596,3.43E+12,-6.28E+11,958953275,-0.030666798
2026-04-03,1,-0.02,-0.02,0.115,0.107,0,0.0079999,24.54000092,0.007142945,-0.024038346,-0.018324948,0.005810159,0.003806067,-0.045682563,44.91612001,0.063516196,-0.100195257,-15.82858116,0.489290102,-21279690102,9098014731,-1.69E+12,-1.41E+11,1428159621,0.141715802
2026-04-06,1,0.04,0.06,-0.057,-0.029,-0.02,-0.02799988,23.87000084,0.001120248,0.012505874,0,-0.001899835,0,0.027001033,46.64399593,0.020736181,0.015020769,-0.46619478,-0.170135905,2.27E+11,-55740810705,2.84E+11,7.99E+11,1185178392,-0.405465108
2026-04-07,1,-0.01,0,-0.022,-0.016,-0.01,-0.00600004,23.87000084,0,0.005447716,0,2.65E-05,-0.000499929,0.013489818,46.27620034,-0.011057158,-0.065482334,5.97360206,-0.06300397,88929822132,-85005052024,7.60E+11,-1.56E+11,1110507448,-0.018182319
2026-04-08,1,-0.01,-0.06,0.029,0.019,0.05,0.00999999,24.17000008,0.004417013,0.000297237,0.019981459,-0.000934692,-0.003406515,0.00812234,40.69959098,-0.0358511,-0.052901452,8.67102047,-0.108111258,73901897443,-81802493190,-3.92E+11,3.95E+11,990449091,0.083565078
2026-04-09,0,-0.04,-0.04,-0.126,-0.136,0,0.00999999,25.78000069,0.00075896,0.052479989,0.045059294,-0.005799836,-0.005131592,0.066454653,52.15752,0.068220933,0.08205278,37.25847297,-0.058396358,-85300447664,-2.08E+11,3.00E+12,1.95E+12,932610471,0.426342693
2026-04-10,1,0,-0.01,0.032,0.023,0.01,0.00900007,21.04000092,0.024772038,-0.007363452,0.002866351,-0.01446581,-0.003132082,-0.016193873,49.93876736,0.012186922,0.005209025,21.5877941,0.100923687,-4949986854,4883453765,5.04E+11,1.72E+12,1026732958,-0.080272302
2026-04-13,0,0.02,0.03,0.026,0.022,-0.01,0.00400017,19.48999977,0.006151067,0.018238305,0.015841993,-0.002927906,-0.001721762,0.01389748,59.80532832,-0.068516667,-0.004814254,23.03948686,-0.02374461,-2.06E+11,-41563952931,86835035681,1.06E+12,1002353584,-0.346070391
2026-04-14,1,-0.01,-0.01,0.029,0.022,0,0.00699974,19.22999954,-0.00113917,-0.007429311,0.001113534,0.006022786,-0.00284234,-0.008613731,55.75551745,-0.035451959,0.001032883,13.45534933,0.080667922,62410818785,-1.73E+11,-4.81E+11,-4.61E+11,1083211365,-0.097422113
2026-04-15,1,-0.04,-0.03,-0.057,-0.043,-0.01,-0.01399994,19.12000084,0.010121875,0.024037163,0.023382031,-0.003609366,-0.00254466,0.027026931,57.12809065,0.009297173,0.007502629,22.49574106,-0.178839283,-35274451186,-25564504203,1.35E+12,8.37E+11,889490621,0.231480793
2026-04-16,1,0.03,0.03,-0.003,-0.011,0,0.0079999,18.36000061,0.011713989,0.004427971,0.011668982,-0.005036852,-0.000611736,0.020506349,64.17571437,0.006390025,-0.035133757,26.49121647,0.038623827,-2.88E+11,-1.12E+11,8.21E+11,4.89E+11,923846153,0.153623393
2026-04-17,0,0.03,0.01,0.02,0.012,0.02,0.00800014,18.17000008,0.007944145,0.023529708,0.011099797,0.003152743,0.001630362,0.02186575,66.83114896,-0.031110958,-0.010729415,30.1987314,0.002000856,-58335460213,-29881550978,1.25E+12,4.75E+11,925694636,-0.157320255
2026-04-20,1,-0.06,-0.08,0.042,0.031,0.02,0.01099992,17.94000053,0.002606556,-0.017669821,-0.008863889,0.002615185,-0.001222522,-0.005496868,70.68321198,-0.069123114,0.001644593,19.294641,-0.254894965,-36835894694,-75665160462,4.34E+11,-2.00E+12,689739734,-0.093090423
2026-04-21,1,0,0.01,-0.029,-0.023,-0.01,-0.00600006,17.47999954,0.011968554,0.005950399,0.004188031,-0.008678081,-0.000509767,0.004378365,78.97234816,-0.04470765,-0.115563456,15.4216812,0.004550587,-42265612859,8038782666,5.18E+11,-2.37E+11,692878455,-0.041499731
2026-04-22,1,0.04,0.07,-0.033,-0.018,-0.03,-0.01499985,18.87000084,-0.002377196,0.008873092,0.017336129,0.002801237,0.003664878,0.026871268,75.89737617,-0.105459575,-0.000167968,23.5559886,0.143088995,-17252123240,62175597531,9.75E+11,1.15E+12,792021737,0.275961107
2026-04-23,1,0,0.01,0.042,0.035,-0.01,0.00699997,19.5,-0.006368454,0.003980119,0.007242915,0.011194501,0.001827337,0.004600826,88.40524707,-0.121826128,-0.001927018,18.4988351,0.136509635,28171950706,99531346289,-4.10E+11,-6.82E+11,900140335,-0.003220615
2026-04-24,0,0.04,0.03,0.094,0.093,0.01,0.00099992,18.92000008,0.010405756,-0.007506876,-0.00434753,-0.005290649,0.002127836,0.008978042,87.72537558,0.026990765,-0.042005686,16.592981,0.158032874,-2.32E+11,19704265462,17672946443,-85974429987,1042392099,0.269780862
2026-04-27,1,-0.03,-0.04,0.026,0.038,0.01,-0.01200008,19.30999947,-0.004141432,0.009691589,0.031791455,0.001345538,-0.002939548,-2.78E-05,87.06581495,-0.006550641,-0.002270976,10.2791252,-0.157514076,44552649569,-20150505393,1.04E+12,-1.95E+12,878200671,-0.295926142
2026-04-28,1,0.04,0.03,0.003,-0.004,0.01,0.00699997,18.70999908,0.007942068,0.013657685,0.017422183,-0.003560512,-0.000304572,0.021298418,87.89672039,0.004713616,-0.042211151,16.349824,-0.040465103,-57967572105,-1.77E+11,1.55E+12,8.67E+11,842664190,0.100713976
2026-04-29,1,0.01,0.03,0.041,0.037,-0.02,0.00400019,18.02000046,0.001231618,-0.010292721,-0.002398293,-0.001146621,0.001420593,0.003921269,84.11927051,-0.148451784,-0.100267508,11.8728218,0.352225728,-75276024272,-27744712124,6.84E+11,-1.94E+11,1139472198,0.11844815
2026-04-30,0,0.06,0.08,-0.018,-0.004,-0.02,-0.01400018,17.82999992,-0.004906188,0,-0.005537086,-0.000685917,0.003037315,0.007482811,92.18491153,-0.004166883,-0.211672735,10.1356231,-0.370007043,1.08E+11,-2117024417,1.65E+11,-6.14E+11,717859460,-0.177016505
2026-05-04,1,-0.02,-0.03,0.08,0.07,0.01,0.01000023,18.80999947,-0.000399252,-0.010612959,-0.009635009,0.010400966,-0.008527933,-0.01384994,83.84621981,0.005809517,-0.168184514,-2.6613652,-0.045134413,-51584852115,35038595393,5.09E+11,-1.46E+12,685459295,0.127960348
2026-05-06,1,0.05,0.07,0.009,0.02,-0.02,-0.01100017,16.88999939,0.010186184,0.003841806,0.044675826,-0.01057762,0.003968455,0.049969557,90.85189808,0.097417399,0.085830989,21.6567858,0.273611278,-48525429500,-50745653363,1.92E+12,2.95E+12,873008689,0.176251027
2026-05-07,1,-0.09,-0.09,0,-0.02,0,0.02,18.29000092,-0.001146413,0,0.010598579,0.001514064,-0.00458044,0.062523345,92.43242769,0.113678497,0.134092447,49.193698,0.140528929,-4.57E+11,-1.59E+11,-8.28E+11,3.11E+12,995691665,0.340145642
2026-05-08,1,0.05,0.05,-0.044,-0.049,0,0.0050001,17.38999939,0.022570172,0.054296969,0.019138769,-0.020224038,0.002343746,0.014184105,92.34925012,0.022883371,-0.002536423,42.9191505,-0.22921695,-2.84E+11,49415739537,1.76E+12,-6.72E+12,767462258,-0.160560065
2026-05-11,1,-0.03,-0.02,0.021,0.023,-0.01,-0.0020001,17.07999992,-0.003810345,-0.001914677,-0.007896829,0.007132995,-0.004181797,0.001060871,91.71340893,0.020055645,-0.151222861,29.7331547,-0.318414889,-88730575062,-50195956799,1.52E+12,-5.31E+12,523090848,-0.225102416
2026-05-12,0,0.04,0.04,0.041,0.029,0,0.0120001,17.19000053,0.008390405,-0.004727347,0.00446357,0.003951524,0.001021617,0.04233467,94.91883416,0.118099089,-0.00488306,44.294521,0.397995763,-2.68E+11,-2.95E+11,1.00E+12,-2.84E+12,731278789,0.238708068
2026-05-13,1,0.04,0.05,0.106,0.076,-0.01,0.0300002,18.37999916,0.001878192,0.005188414,0.00258726,0.009471895,0.003567231,-0.023161179,86.20502761,0.148734713,0.087569692,15.046492,0.39637049,-35814357535,-1.86E+11,-6.20E+11,-5.63E+12,1021136121,0.258793895
2026-05-14,1,0,-0.01,-0.012,-0.039,0.01,0.02699996,17.98999977,-0.001603894,0.008404452,-0.012580989,0.012495808,0.001931214,0.025940344,86.42235907,0.079104933,-0.022316951,22.2693169,-0.276551562,-11519487397,-2.36E+11,1.89E+12,-3.76E+12,738739332,-0.284210708
