Date,y,Log_Return,RSI_14,ATR_14__logdiff1,Volatility_20__logdiff1,MACD__diff1,Volume_ROC,Net_Purchase_Investment_Trust,Net_Purchase_Pension_Fund,Net_Purchase_Financial_Investment,Net_Purchase_Foreigner,Volume,Transaction_Value__logdiff1,US_Interest_Rate_10Y__diff1,US_Interest_Rate_3Y__diff1,KR_Interest_Rate_10Y__diff1,KR_Interest_Rate_3Y__diff1,US_Spread_10Y_3Y__diff1,KR_Spread_10Y_3Y__diff1,VIX,S&P500__logdiff1,Nikkei225__logdiff1,TaiwanWeighted__logdiff1,USD_KRW__logdiff1,Dollar_Index__logdiff1
2023-05-02,1,,,,,,,,,,,,,,,,,,,,,,,,
2023-05-03,0,0.00909685,42.95905244,,,,-0.097920415,1195030937.0,20220427019.0,192000000000.0,345000000000.0,701398536.0,,,,,,,,15.77999973,,,,,
2023-05-04,0,-0.009148871,36.82574769,0.0038206566411904,0.0379164670317466,-2.32841092,0.268336491,-24640022215.0,-19957725851.0,-192000000000.0,-91428316585.0,889609358.0,-0.0070671672230915,-0.06,-0.0899999999999998,-0.048,-0.0539999999999998,0.03,0.0060000429999999,17.78000069,-0.0120400876470014,0.0,-0.0053267584300034,-0.0003649709986479,-0.0060994071439166
2023-05-08,1,-0.000183898,32.78127401,-0.0398388336470612,-0.0128530443860492,-1.9904637050000016,-0.089287632,7450229244.0,-63699621016.0,-261000000000.0,39620053616.0,810178245.0,0.0130852395486549,-0.0099999999999997,-0.1099999999999998,-0.0459999999999998,-0.0710000000000001,0.1,0.025000097,18.34000015,-0.0070229080245507,0.0,0.0035696927644348,-0.0052810503375404,0.0005919424129752
2023-05-09,0,0.004894167,33.69876222,0.0102621545306234,-0.0950786531505212,-0.6875098739999999,-0.190874254,35558512859.0,-112000000000.0,446000000000.0,253000000000.0,655536077.0,-0.082295242726829,0.1499999999999999,0.2299999999999999,0.032,0.0510000000000001,-0.0799999999999999,-0.019000055,20.09000015,-0.007244913381962,-0.0071614874958463,0.0057837329497179,-0.0137775260498784,-0.0002958899205749
2023-05-10,0,-0.001254124,31.44964835,0.0089241788941145,-0.0731536375900505,-0.8889214679999995,0.146614126,7424806742.0,28258174569.0,14371563962.0,115000000000.0,751646926.0,0.0150864930333796,0.0099999999999997,-0.0300000000000002,0.008,-0.0050000000000003,0.0399999999999999,0.0130000109999999,16.97999954,0.0187581927483506,0.0100679954213678,0.0017901584869282,0.0041298345866476,0.0026599365193682
2023-05-11,0,-0.00541292,29.97524765,-0.0091734571797439,-0.0263935485609394,-1.8662337319999995,-0.154343594,-4684242130.0,-61461501851.0,-111000000000.0,116000000000.0,635635038.0,-0.0482021018178784,-0.0999999999999996,-0.1200000000000001,0.0230000000000001,0.0170000000000003,0.02,0.006000044,17.70999908,-0.0045899388734031,-0.0041340115416019,-0.0054792556258504,0.0027487801800738,-0.0015753843135559
2023-05-12,0,-0.002209524,27.60727819,0.027539916525415,-0.1544372470720301,-1.969295965,0.019664347,26152016461.0,17623274813.0,13706685978.0,1829048943.0,648134386.0,0.0100503358535029,-0.04,0.0100000000000002,-0.0490000000000003,-0.0529999999999999,-0.05,0.00399995,16.94000053,0.0044739422795423,0.0001559174500727,-0.0081601743307899,-0.0060512265913068,0.0056990838850268
2023-05-15,1,-0.006274189,27.0864247,-0.0121071728965285,0.0153538634224279,-2.830910905,0.231580992,-13548821653.0,-34266627.0,-61425594326.0,-247000000000.0,798229990.0,-0.0466258413400559,0.0699999999999998,0.0899999999999998,-0.0179999999999997,0.0049999999999998,-0.0199999999999999,-0.023000005,16.93000031,-0.0016980650030724,0.0089406725263199,-0.0007917787433679,0.0089353075549638,0.0060565068043914
2023-05-16,1,0.001586421,31.57958049,-0.0204544897669936,-0.0201381771284552,-1.917330723,-0.392950908,4991779430.0,48066738562.0,91931794877.0,-49794741705.0,484564791.0,-0.2161829663665884,0.04,0.02,0.0579999999999998,0.0539999999999998,0.0199999999999999,0.0039999479999999,17.03000069,-0.0015845615743561,0.0080671626039006,-0.001763256317659,0.008714598006259,-0.0024377175473651
2023-05-17,1,0.000358857,36.18419103,-0.0056615049846464,-0.0226263295384185,-1.4222425639999998,0.297543248,-1689197625.0,902871183.0,-12011852011.0,228000000000.0,628743773.0,0.1562129614408256,0.04,0.0700000000000002,-0.0289999999999999,-0.0369999999999999,-0.03,0.0079998969999999,17.12000084,0.0029537976728502,0.0072861539958903,0.0127678968409234,-0.0045724239514042,0.0012683283941505
2023-05-18,1,0.005797086,52.06589841,-0.1051085602438446,0.037511682201714,0.0611734879999996,-0.102318618,36099119311.0,57824376465.0,39718012319.0,164000000000.0,564411579.0,-0.1137737781656689,0.0299999999999998,0.0599999999999996,0.016,0.032,-0.03,-0.0159997939999999,17.98999977,-0.0063981077277812,0.0083622078537732,0.0159114806651103,0.0052505543262499,0.0031152644737177
2023-05-19,1,0.008279386,59.98688769,0.0110000939020347,0.0698381872439632,1.7268619050000005,0.014799487,17219251298.0,10270990698.0,-84102266428.0,538000000000.0,572764581.0,0.074701385285568,0.08,0.1400000000000001,0.048,0.0419999999999998,-0.0599999999999999,0.006000044,16.87000084,0.0118206888184246,0.015835487960885,0.0110276137418825,-0.0061870418008274,0.0067810441284761
2023-05-22,1,0.008861841,62.76297897,-0.03206923992879,0.0594178545938168,3.14384472,-0.004656601,16815142051.0,-116000000000.0,657000000000.0,558000000000.0,570097445.0,0.1676471458646951,0.0500000000000002,0.04,0.052,0.024,0.0099999999999999,0.027999876,16.04999924,0.009400723025454,0.0076380695648907,0.0045258616175338,0.0004421058990926,-0.0036754553649149
2023-05-23,1,0.007572374,65.6013143,0.0096014654602725,0.0280025841057307,3.970887916000001,0.041260532,-8779370836.0,17149190029.0,517000000000.0,299000000000.0,593619969.0,-0.1138505605906594,0.02,0.0,-0.0209999999999999,-0.0189999999999996,0.02,-0.002000096,16.80999947,-0.0014469140669355,0.0089982006441893,0.0003690051429448,-0.0079204830803716,0.0
2023-05-24,0,0.004086143,63.02829046,-0.0083634394333182,-0.0247647045257108,3.870008747,-0.029605827,-16820874351.0,45130308340.0,354000000000.0,-53533549246.0,576045359.0,-0.0984820746193371,-0.02,0.0100000000000002,0.0749999999999997,0.052,-0.0299999999999999,0.02300024,17.20999908,0.0001550228363438,-0.0041599425972851,0.0004412022479254,-0.0078695235064571,0.0028061463795632
2023-05-25,0,-3.9e-05,73.13482867,-0.0302118226838161,-0.0516217789877133,2.90367337,0.861728423,-32629028741.0,39268859617.0,-139000000000.0,93525128152.0,1072440018.0,0.0599919106279749,0.0299999999999998,0.0499999999999998,0.0289999999999999,0.0049999999999998,-0.02,0.02399993,18.53000069,-0.0112854688431589,-0.0089256866164131,-0.0017751047318537,0.0045639891181252,0.0038576719188352
2023-05-26,1,-0.004982307,67.3330856,0.0242367441072253,-0.1459145056108575,1.10357518,-0.144424424,-12419225686.0,-83975340772.0,-485000000000.0,224000000000.0,917553486.0,0.1759723291152966,0.1,0.1699999999999999,0.0950000000000002,0.1019999999999998,-0.07,-0.007000205,20.03000069,-0.0073455127392758,0.0038530896340738,0.0081771976025173,-0.0010005807525335,0.003075444060828
2023-05-30,1,0.001611467,65.52075439,-0.0363303674155446,-0.0087288929409474,1.027228319999999,-0.308204793,-35711185502.0,-103000000000.0,-316000000000.0,911000000000.0,634759104.0,-0.0021253993123124,-0.0300000000000002,0.0200000000000004,0.0419999999999998,0.044,-0.0499999999999999,-0.0019998549999999,19.13999939,0.0087194561324963,0.0037324886154426,0.0129922521576979,0.0093379920232203,0.0
2023-05-31,0,0.010384326,72.13415525,0.026846560468547,0.0610416421119808,2.757744920000002,0.010850512,-70407557933.0,-23858403022.0,52958933936.0,675000000000.0,641646565.0,0.16623541904233,-0.1099999999999998,-0.1300000000000007,0.012,0.036,0.02,-0.02399993,17.95000076,0.0129646808949726,0.0132334845398691,0.0071052093442371,-0.0047449507172387,-0.0003839226510189
2023-06-01,0,-0.003254114,74.38145297,-0.0044513790388496,0.0190859733800401,1.281348659999999,0.069415523,-37316050290.0,-74439754507.0,-34180566216.0,216000000000.0,686186797.0,0.3077496355025886,-0.0499999999999998,-0.0599999999999996,-0.1189999999999997,-0.1009999999999999,0.0099999999999999,-0.0180001259999999,17.45999908,1.6603316433716486e-05,-0.014153476901443,-0.0026371730260699,-0.0036302893399913,0.0014389325856658
2023-06-02,1,-0.003089683,73.2994618,-0.0281655773455846,-0.036837070213747,0.1458997499999981,-0.01596265,-64976192345.0,-89826988954.0,-152000000000.0,-8205036565.0,675233437.0,-0.4987574575525038,-0.0300000000000002,-0.06,0.0169999999999999,0.0190000000000001,0.03,-0.001999854,17.94000053,-0.0061273583275802,0.00838644958535,-0.004007700809339,0.0014763802287198,-0.0073119635942102
2023-06-05,1,0.012451567,84.15593909,0.0444239465891964,0.0085707550856772,2.45672201,-0.156410938,50570760983.0,-41529220660.0,186000000000.0,373000000000.0,569619542.0,0.022642476749759,0.08,0.1499999999999999,-0.0539999999999998,-0.0420000000000002,-0.07,-0.0120003229999999,15.64999962,0.0098062152268116,0.0120058101035063,0.0116956384217665,-0.0067487144915299,0.0044320239505388
2023-06-07,1,0.005386413,84.98037261,-0.0195949078053145,0.0047236697816535,2.792102540000002,-0.041676651,39623511662.0,32891565367.0,299000000000.0,-19511906838.0,545879707.0,-0.0903120304084446,0.0,-0.0300000000000002,0.0659999999999998,0.0659999999999998,0.03,2.379999999996274e-07,14.60000038,0.0144298122352708,0.0217514393417221,0.0004499837625075,-0.0058900021131247,-0.0001922565175318
2023-06-08,0,7.27e-05,84.92613941,-0.0242982103208078,-0.0029732315011514,1.917435600000001,-0.015137005,-5509195087.0,-27170606428.0,403000000000.0,-40297072056.0,537616723.0,0.1741199876805375,0.1,0.1100000000000003,-0.0390000000000001,-0.0309999999999996,-0.01,-0.007999895,14.72999954,-0.0020055914614971,-0.0094709555565213,0.0123705436781946,-0.0045616734973492,0.0009610620703286
2023-06-09,1,-0.001817678,81.55445375,-0.0102899959678852,0.0033371238173263,0.8162152399999982,0.081300399,31205733976.0,22177453652.0,229000000000.0,-384000000000.0,581325177.0,0.1199593150789795,-0.06,-0.04,0.1100000000000003,0.072,-0.02,0.03799987,13.93999958,-0.0014681635681057,-0.0085743789628374,-0.0112189236395323,0.0070104793977936,-0.0073274741568045
2023-06-12,0,0.011542305,82.4658553,0.0430823314098107,0.0187651719450201,2.74092847,0.003257829,94071048993.0,-2906622654.0,272000000000.0,481000000000.0,583219035.0,-0.0354019270509162,0.02,0.0600000000000005,-0.0190000000000001,-0.0370000000000003,-0.0399999999999999,0.0179998839999999,13.64999962,0.0061695715486269,0.0195260514573032,0.0090845676490918,-0.0092219709024368,0.0021266446534689
2023-06-13,1,-0.004481477,75.00273341,0.0131326372428324,0.021920558804843,0.857688630000002,-0.044859037,-24320651857.0,-154000000000.0,241000000000.0,-342000000000.0,557056391.0,-0.1694320120679577,-0.02,-0.0700000000000002,-0.0369999999999999,-0.0129999999999999,0.0499999999999999,-0.0239999289999999,13.82999992,0.0011474009066816,0.0052189375355204,0.0040759597646271,-0.0074641776999833,0.0006757054335286
2023-06-14,0,0.003265377,73.4527911,-0.0465248131696269,-0.0702923920880662,1.0005632399999982,0.246409784,-10779867124.0,-231000000000.0,429000000000.0,137000000000.0,694320536.0,0.178400682050718,0.1099999999999998,0.1399999999999996,0.0019999999999997,-0.0089999999999998,-0.03,0.0110001549999999,15.01000023,0.0092779750975946,0.0178652508004475,0.0152894649312926,-0.0016412010859481,-0.0028023500869975
2023-06-15,0,-0.007178941,64.24978767,0.0274560053862007,0.0825895869944117,-1.0902175899999982,-0.057489419,27831824145.0,-168000000000.0,-6524523412.0,113000000000.0,654404452.0,0.1566984519060561,-0.0099999999999997,0.0700000000000002,0.0569999999999999,0.0609999999999999,-0.08,-0.004000186,14.60999966,0.0069085707613254,0.0145452250456106,0.0012503953102847,-0.0132906598055226,-0.0031983957729249
2023-06-16,1,-0.004032448,60.74252035,0.0459419672473062,0.0287604244656449,-2.051381450000001,-0.109973442,-16651753314.0,-210000000000.0,78906405394.0,-64115208893.0,582437342.0,-0.1302651948379001,-0.1099999999999998,-0.1399999999999996,0.0500000000000002,0.0809999999999999,0.03,-0.0309998989999999,13.88000011,0.0008190899514683,-0.0005055718358804,0.0056020451829859,0.005012577362585,-0.0086774724692055
2023-06-19,0,0.006591125,68.16189585,-0.0196928118200276,0.0041141147010597,-0.5641832600000001,0.156644673,6384164616.0,-108000000000.0,-122000000000.0,428000000000.0,673673049.0,0.0913497785882277,0.0499999999999998,0.0899999999999998,-0.028,-0.0409999999999999,-0.04,0.013000015,14.5,0.0121045804929025,0.0065660217287089,-0.0026611877724054,-0.0030973916208303,0.0017610844478443
2023-06-20,0,-0.006223186,62.19037621,0.0358781622057859,0.0234295633632379,-2.068128730000001,0.068098308,-23908851758.0,-197000000000.0,230000000000.0,-360000000000.0,719549044.0,-0.126751705639144,0.0,0.0,-0.024,-0.0019999999999997,0.0,-0.022000078,13.53999996,-0.0036783764675423,-0.0100082458594457,-0.0008303339062702,0.0049168399958858,0.0
2023-06-21,0,-0.00176054,55.21823402,-0.0441379276545532,-0.0291858359457712,-2.289535739999998,0.004157817,-12371268810.0,-92494181083.0,54014798597.0,-281000000000.0,722540797.0,-0.0181823190831913,-0.0299999999999998,-0.0300000000000002,0.0089999999999998,-0.016,0.0,0.025000098,13.53999996,0.0,0.000553878533763,-0.0052032483620578,0.0054149735700228,0.0023432718720064
2023-06-22,1,-0.008589878,51.37971848,0.0159518426848133,0.0315481059605842,-3.8480746,-0.086835688,-21982924145.0,-96729857377.0,49997720039.0,-200000000000.0,659798470.0,-0.0185190477672385,-0.02,0.0,-0.0209999999999999,0.004,-0.0199999999999999,-0.025000098,13.88000011,-0.0047463538776906,0.0055621172232775,0.0010172491671198,0.0033453294033156,-0.0045941256563697
2023-06-23,0,0.004277195,56.04814195,0.0215354644556544,0.0009423587576256,-2.364892700000002,-0.070592905,13416725259.0,140000000000.0,79027112090.0,-107000000000.0,613221379.0,-0.179708152282437,0.0799999999999996,0.08,0.0259999999999998,0.0209999999999999,0.0,0.0050001149999999,13.19999981,-0.0052590864742203,-0.0092837779087719,0.0,0.000652167781161,0.003130196250531
2023-06-26,1,-0.009140562,41.95157152,0.0016211085543038,0.0560783993981441,-3.9415970399999978,-0.138472062,-26957872725.0,-14954388654.0,-391000000000.0,-188000000000.0,528307350.0,-0.0446043062367529,-0.0599999999999996,-0.0499999999999998,0.016,0.0169999999999999,-0.01,-0.0009999269999999,12.90999985,0.0037039305445745,-0.0146366296216307,0.0,0.0076007434137439,0.0049686116904847
2023-06-27,0,0.004696883,41.36279706,0.0182302839858352,-0.0050807871678637,-2.2841483400000016,-0.088124536,-16122451726.0,-20915421468.0,276000000000.0,15003253159.0,481750510.0,-0.0129489743408015,-0.02,-0.0200000000000004,-0.0519999999999996,-0.0409999999999999,0.0,-0.011000157,13.43999958,-0.0076882881494348,-0.002526820779364,-0.0083569257384734,0.0072605987537333,-0.0020428928357478
2023-06-28,0,-0.000313758,41.13125053,-0.0077119882186766,-0.0003759906944145,-1.9893977729999983,0.117817694,10904615920.0,118000000000.0,-162000000000.0,-108000000000.0,538509244.0,0.0176164273882974,0.0499999999999998,0.08,-0.008,-0.0300000000000002,-0.03,0.021999837,14.25,-0.0044969343849174,-0.0049199211418802,-0.0100945936441601,-0.003838607380775,-0.0019495522278472
2023-06-29,0,-0.006685356,38.63717437,0.0321088077188931,-0.0394646975766139,-3.0432524690000005,-0.092368485,-8638474844.0,10069135500.0,87539481672.0,-392000000000.0,488767961.0,0.0252887039519222,-0.06,-0.0599999999999996,0.008,0.0190000000000001,0.0,-0.0109996799999999,13.73999977,0.0113907335176151,0.0199500021405896,0.0028223251635299,-0.004662918643695,0.0040896434480774
2023-06-30,1,-0.005541406,25.91178752,-0.0182637961923002,0.0116250810187654,-3.5925294210000005,0.236800851,16699257815.0,24163096986.0,-229000000000.0,55313840334.0,604508630.0,0.0011344300706142,0.1400000000000001,0.1699999999999999,0.0149999999999996,0.0270000000000001,-0.03,-0.012000323,13.43000031,-0.0003541393955508,0.0012088961573617,0.000393761942556,0.009525698708539,0.0041696312531511
2023-07-03,1,0.005576539,33.02191957,0.0068068052476042,0.0169554897504804,-1.7140193299999995,-0.154794885,10497416523.0,48310428301.0,190000000000.0,-178000000000.0,510933786.0,-0.0716689465543645,-0.04,0.0,0.0489999999999999,0.0779999999999998,-0.04,-0.028999806,13.53999996,0.0044635680863454,-0.0013580071638177,-0.0015808288833341,0.0106836190145251,-0.0041696312531511
2023-07-04,0,0.014783234,41.98082806,0.0689015501908696,0.0379042629697181,1.686221234,0.209562174,64401304737.0,-218000000000.0,876000000000.0,-13324597690.0,618006181.0,0.088532752606369,0.0499999999999998,0.0699999999999994,-0.0679999999999996,-0.0489999999999999,-0.0199999999999999,-0.018999815,13.59000015,0.0121943503964203,0.0168593510998764,0.0099213436342786,-0.0058899392254199,0.0007770199456356
2023-07-05,0,-0.003525908,43.90807808,-0.0360633901539366,-0.0117003113523583,0.5538148860000001,0.091268348,-1532098821.0,-270000000000.0,-3805616772.0,-59437290111.0,674410584.0,0.0209605026153347,0.0,0.0,0.016,0.0060000000000002,0.0,0.009999753,13.56999969,0.001169993106652,-0.0098491135041598,0.0033057947798997,-0.0070192345204302,0.0
2023-07-06,0,-0.005533348,43.13915168,-0.0242852981379546,0.0140516888607473,-0.750547241,-0.108719971,3462530865.0,-56753342379.0,-579000000000.0,256000000000.0,601088685.0,0.117297716549551,0.0900000000000003,0.0300000000000002,0.0209999999999999,-0.0010000000000003,0.0599999999999999,0.022000074,13.56999969,0.0,-0.0025110492472286,-0.0049325683344996,-0.0081488582059954,0.003682934952776
2023-07-07,0,-0.008844723,34.2574794,0.0320242535381627,0.0344756514844233,-2.4340078160000003,-0.115105098,-54386264848.0,243000000000.0,-560000000000.0,-168000000000.0,531900313.0,0.0,0.0999999999999996,0.0899999999999998,0.0689999999999999,0.0580000000000002,0.01,0.010999917,14.18000031,-0.0019702582029133,-0.0171132593801264,-0.0174026837196326,0.0057495308095338,-0.0019367150348053
2023-07-10,0,-0.011638958,32.31207216,0.0442883117128665,-0.0408093928568833,-4.273263964,0.152969889,-190000000000.0,16867127198.0,-351000000000.0,-45069398717.0,613265045.0,0.0096619109117348,0.0099999999999997,-0.04,0.048,0.0589999999999997,0.05,-0.010999917,15.43999958,-0.0079540610700341,-0.0118046525489052,-0.0058611945365605,0.0047852660527842,-0.0087617540927622
2023-07-11,1,-0.002381424,32.11720838,0.0235317797923739,-0.0030893694010805,-3.785345078,-0.083885241,29933482880.0,15771050352.0,-172000000000.0,-156000000000.0,561821159.0,-0.0696799206379878,-0.0499999999999998,-0.0999999999999996,0.1019999999999998,0.06,0.0499999999999999,0.041999817,14.82999992,-0.0028692129234428,-0.0061534768571807,-0.0006849450089934,-0.009092383376239,-0.0029376774282878
2023-07-12,1,0.016442817,46.05037752,0.0426674366301331,0.1524808783623772,0.4531746980000006,0.057516052,18476209359.0,69080511617.0,82297714481.0,269000000000.0,594134894.0,0.0887281156086814,-0.0199999999999995,-0.0200000000000004,-0.1049999999999999,-0.092,0.0,-0.01300001,15.06999969,0.0024021386462322,0.0004298534178399,0.0146707149807419,0.0016712511998351,-0.0023563859168422
2023-07-13,1,0.004761341,46.29470405,-0.004186059190983,-0.0005753531121861,1.410720563,0.173006656,40968801970.0,29429726291.0,-74975559341.0,219000000000.0,696924185.0,0.2193628284743063,-0.1300000000000003,-0.1599999999999992,-0.0020000000000002,0.0010000000000003,0.03,-0.0029997839999999,14.84000015,0.0067195841181622,-0.0080951568770881,0.0037281430530047,-0.0061983015047131,-0.0119655993761833
2023-07-14,1,0.00639188,54.24244088,-0.0135184256658575,0.0156171543370886,2.486284812,-0.159649228,131000000000.0,-52237443665.0,349000000000.0,217000000000.0,585660777.0,0.0075472056353831,-0.1,-0.1500000000000003,-0.0989999999999997,-0.1020000000000003,0.0499999999999999,0.0030000209999999,13.53999996,0.0073839050950148,0.0147726835870667,0.0058413495324654,-0.0131012658349076,-0.007489175603319
2023-07-17,0,0.014204609,58.41242658,0.0351254093526463,0.0626572405459633,4.940748259,-0.027056051,14593734525.0,50471717790.0,789000000000.0,615000000000.0,569815109.0,0.0724955020381514,0.0700000000000002,0.1399999999999996,0.028,0.012,-0.07,0.015999793,13.60999966,0.0084344830316709,-0.0008662260849696,0.0129458689307853,-0.0061931359790303,0.0014023141299395
2023-07-18,0,-0.003544702,56.65689205,0.0076548305991228,-0.009923070009238,3.108415419,-0.033774371,-58337179548.0,-132000000000.0,5687841480.0,-165000000000.0,550569962.0,-0.2006706954621506,-0.02,-0.0099999999999997,-0.0249999999999999,-0.0029999999999996,-0.01,-0.0219998349999999,13.34000015,-0.001024932155305,0.0,0.0029220726782881,0.0011912496795298,-0.0007009494154335
2023-07-19,1,-0.004354593,57.8487346,-0.0120949301491477,0.0061263180776265,1.471490792,-0.104197068,-27827559934.0,-2606983094.0,-253000000000.0,-155000000000.0,493202186.0,0.0253178079842903,-0.0100000000000002,0.0099999999999997,-0.0090000000000003,-0.0150000000000001,-0.02,0.0060000419999999,13.47999954,0.0038479695328579,0.0031634648284608,-0.0061558140585855,-0.0022811806407956,0.0010011623682446
2023-07-20,0,0.000237688,61.0633929,-0.009218507831131,-0.0299163856516484,1.1294763440000004,-0.107721209,-31643799987.0,48754019427.0,-212000000000.0,-40280153577.0,440073850.0,-0.0689928714869516,-0.0499999999999998,-0.0099999999999997,-0.0759999999999996,-0.0529999999999999,-0.0399999999999999,-0.023000002,13.30000019,0.007092066852337,0.0122999287460334,-0.0064913793794314,-0.0004031078439874,0.0033962309928909
2023-07-21,1,-0.003075765,56.99769707,-0.0185930690490043,-0.0016835003320023,0.1602210799999994,-0.153858585,-19656863803.0,44302897232.0,-271000000000.0,163000000000.0,372364710.0,-0.1677848711030627,0.1,0.0899999999999998,0.0309999999999996,0.0379999999999998,0.01,-0.007000208,13.76000023,0.0023551349643646,-0.0124036797840041,0.0028266821706086,0.0001185954361728,0.0059654035685925
2023-07-24,1,0.003658372,51.59722193,-0.0030288091847023,-0.0332059866236011,0.7982125680000003,0.347796807,-7849825643.0,-7713771300.0,17545949523.0,-290000000000.0,501871967.0,0.2614703551803856,-0.0100000000000002,0.0100000000000006,0.0300000000000002,0.0209999999999999,-0.02,0.009000063,13.98999977,-0.006779827471826,-0.0057495394915374,-0.0078485032383426,0.0104660757851293,0.0018816782261401
2023-07-25,1,0.007166499,57.40475161,0.062928778283422,0.010499858227388,2.026060247,0.054777519,1892885189.0,-37238109281.0,-223000000000.0,-171000000000.0,529363268.0,0.4400890726742119,0.02,0.04,0.004,0.0150000000000001,-0.02,-0.010999918,13.60000038,0.000324042111071,0.0122050063280969,0.0001708627080176,0.0056551308951249,0.0027665149794806
2023-07-26,0,0.003012328,62.41357922,0.0043238603711772,0.0010325337836967,2.1002238099999992,0.366682565,-99706387904.0,-39124282022.0,43905183219.0,-1350000000000.0,723471549.0,0.0052219439811516,0.0500000000000002,0.0499999999999998,0.044,0.028,0.0,0.016000032,13.90999985,0.0040260385035129,-0.0005637414577517,0.0096564688110305,-0.003990368320287,0.0
2023-07-27,1,-0.016868394,57.13326979,0.06997638367474,0.0956029681175927,-2.016129189999999,0.15292233,-132000000000.0,-18026845243.0,248000000000.0,-947000000000.0,834106504.0,0.636907462237069,-0.0500000000000002,-0.0600000000000005,-0.0260000000000002,-0.0180000000000002,0.01,-0.008000135,13.85999966,0.0028107195277726,-0.000433657107953,-0.0021151536173764,-0.0050183370654632,-0.004549049624595
2023-07-28,1,0.00440708,66.425265,-0.0227934025149405,-0.0092929433862796,-0.7868927919999997,-0.287665707,-38620439415.0,-68439674010.0,493000000000.0,82278490784.0,594162667.0,-0.4096059007741957,0.1499999999999999,0.1100000000000003,-0.0209999999999999,-0.0399999999999995,0.04,0.019000291,13.18999958,-0.0001554509923593,0.0067975252396816,0.0046081162224922,0.0008237972481124,0.0086845233219561
2023-07-31,1,0.001730583,68.78649813,0.0028864053132688,-0.0072556565915169,-0.3684619620000013,-0.152980613,-31609777270.0,-84250387368.0,-283000000000.0,60211856009.0,503267298.0,-0.360832954087396,-0.0499999999999998,-0.0600000000000005,0.0910000000000001,0.0479999999999996,0.0099999999999998,0.042999745,14.40999985,-0.0064453931102939,-0.0040191647400664,0.0029598834399386,0.0068072092899971,-0.0014749390600146
2023-08-01,1,0.009258021,66.24940711,-0.0248872673362123,-0.0459205463871015,1.539066034000001,-0.097412767,-5869470172.0,-37728782982.0,-83756810865.0,-292000000000.0,454242638.0,-0.0677181740549492,0.0100000000000002,-0.0099999999999997,0.0329999999999999,0.0460000000000002,0.02,-0.013000015,13.32999992,0.0098293757632337,0.0125279722019566,-0.0085660818104749,-0.0089897133638015,0.0023589346117383
2023-08-02,0,0.013016134,69.40701445,0.035209324584378,0.0456837170980906,3.832095620000001,0.086739127,67499779327.0,-40045355102.0,266000000000.0,198000000000.0,493643248.0,0.0126583968719238,0.0799999999999996,0.0600000000000005,-0.0340000000000002,-0.0340000000000002,0.02,0.0,13.63000011,0.0014676355524851,0.0091332930217777,0.0039256621488608,0.0043445901411134,0.0043103759137137
2023-08-03,0,-0.019154447,54.63936679,0.0615331949223971,0.1142014702204194,-1.2028551000000007,0.427496162,-98655960387.0,-56359337376.0,-435000000000.0,-70146532016.0,704673842.0,0.0062696130135933,0.0300000000000002,-0.0300000000000002,0.0660000000000002,0.0300000000000002,0.06,0.0360000199999999,13.93000031,-0.0026686454237232,-0.023235832370366,-0.0187147348738125,0.0086639273486044,0.0028307227731172
2023-08-04,0,-0.004243735,45.34402791,-0.0062861706903203,-0.0193568050336505,-1.98131517,0.120257665,-2610524450.0,-157000000000.0,-491000000000.0,-151000000000.0,789416273.0,-0.0712275092883665,0.1200000000000001,0.04,0.068,0.0369999999999999,0.08,0.03100013,16.09000015,-0.0139362004735996,-0.0169091674018133,0.0,0.0048908137920209,-0.0004874509011107
2023-08-07,0,-0.000994527,46.61541459,-0.006129649996696,-0.048928529205054,-1.8913570360000005,-0.181990312,29789231937.0,-99918483580.0,-148000000000.0,-245000000000.0,645750159.0,-0.3034659401530426,-0.1500000000000003,-0.1299999999999999,0.0149999999999996,0.024,-0.02,-0.00900006,15.92000008,-0.0025512254501336,0.0010402376858138,-0.0029670811411683,0.000794846029299,-0.005084135964636
2023-08-08,0,-0.008523268,44.61860989,0.0009342207057798,0.0260111898395214,-3.3548981179999995,-0.219402809,-27169783821.0,-111000000000.0,-169000000000.0,281000000000.0,504070760.0,0.0786431273191112,0.04,-0.0099999999999997,-0.0619999999999998,-0.0489999999999999,0.05,-0.01300001,17.10000038,-0.0053141694713048,0.0019181737274855,0.0090025284006145,0.0051164971979238,0.0002940804651387
2023-08-09,1,-0.002611208,43.3122464,0.0198587910123855,-0.0778171970015808,-3.238006945,0.266525977,-25243400368.0,-127000000000.0,-273000000000.0,-142000000000.0,638418712.0,0.0411580724935092,-0.0700000000000002,-0.08,-0.0739999999999998,-0.0420000000000002,0.0099999999999999,-0.0320000649999999,15.77000046,0.0089836189098413,0.0037977764291472,-0.0070221079821273,0.0036003952725991,0.0046925073449886
2023-08-10,0,0.012025453,50.87552125,0.0271849021041661,0.0396392641417717,-0.0885471679999998,-0.267680093,-64682010361.0,-26623506531.0,-159000000000.0,366000000000.0,467526732.0,-0.1855525773754003,-0.0199999999999995,0.0499999999999998,0.0339999999999998,0.0250000000000003,-0.0699999999999999,0.0090000649999999,15.98999977,-0.0042272049684779,-0.0053563040326025,-0.0003633316519131,0.0067977520363395,-0.0003902146244403
2023-08-11,0,-0.001367497,48.49982625,-0.0511545291451738,-0.0109180853684884,-0.3881193650000001,0.215235558,-47709033284.0,-57959444574.0,8214190140.0,-233000000000.0,568155109.0,0.0926588304827049,0.0899999999999998,0.0599999999999996,0.012,0.0149999999999996,0.0299999999999999,-0.0030000199999999,15.96000004,-0.0070636191297275,0.0083280852198921,-0.0141017544657433,-0.0023039339639403,0.0002926559779412
2023-08-14,0,-0.00396704,42.96340888,-0.0308778098360691,-0.0702657243799,-1.156066954,0.188742198,52357085949.0,-61792240669.0,9618551605.0,-191000000000.0,675389953.0,-0.0734274685548186,0.0700000000000002,0.0899999999999998,0.0379999999999998,0.0110000000000001,-0.02,0.02699995,15.85000038,0.0002506824791197,0.0,-0.0020128344204568,0.0035638293867634,0.0031164780878603
2023-08-16,0,-0.007899839,38.17306168,0.0132207458063327,0.0162320182905268,-2.549448559,-0.075530152,-2502191745.0,-34198056616.0,-265000000000.0,-120000000000.0,624377647.0,-0.0487901641694321,0.0300000000000002,0.08,0.0649999999999999,0.0489999999999999,-0.0499999999999999,0.01600003,14.84000015,-0.001070264801255,-0.0128226583318351,-0.012583309251541,0.0085199041404795,0.0033976259662207
2023-08-17,0,-0.017749955,38.01808122,-0.0184267334690995,0.089552623969177,-5.59364071,0.09730965,-102000000000.0,18237382266.0,-176000000000.0,-1898044111.0,685135617.0,0.1823215567939549,0.0899999999999998,0.04,-0.0219999999999997,-0.0349999999999997,0.0499999999999999,0.0130002499999999,14.81999969,0.0057340048442178,-0.0091839863301448,0.0032349863277332,0.0068432107594595,0.002226377177628
2023-08-18,0,-0.002295039,34.60920172,0.0274810385718056,-0.0010014773280655,-4.768701245,0.072974059,34867160839.0,-21794190917.0,-135000000000.0,-1229151556.0,735132744.0,-0.1146629083201418,0.0199999999999995,-0.0099999999999997,0.1089999999999999,0.0759999999999996,0.03,0.0329997499999999,16.78000069,-0.0192022212519038,-0.0044427915004217,0.0042399073537833,0.0034227075157158,0.0001934081021399
2023-08-21,1,-0.006110301,31.69606078,0.0152943330030468,0.00528230769208,-4.830682200000002,-0.241246377,-6884108879.0,-29293162299.0,-186000000000.0,-108000000000.0,557784633.0,0.0093023926623168,-0.04,-0.04,-0.0619999999999998,-0.0589999999999997,0.0,-0.0030000199999999,17.88999939,-0.007742811413502,-0.0055564262178595,-0.0082285536047042,-0.0031687949983085,-0.0005802640148022
2023-08-22,1,0.001715457,26.52483491,-0.024592396444329,-0.0055845617457856,-3.256659229999997,-0.283847766,13796593680.0,-23363288732.0,36200932204.0,-34008655799.0,399458711.0,-0.2371297932889504,0.08,0.0700000000000002,0.0589999999999997,0.0659999999999998,0.01,-0.0069999699999999,17.29999924,-0.0001487178053007,0.0036460663109192,1.1028361502241069e-05,6.727377954529601e-05,-0.0004837260044761
2023-08-23,0,0.00276242,17.95081001,-0.0247120076235063,-0.0198438762366608,-1.7757476900000029,0.181119745,33334206.0,-28011446799.0,-13252495253.0,-14806143234.0,471808571.0,0.0843670387365378,0.0,0.0499999999999998,0.0130000000000003,0.0070000000000001,-0.0499999999999999,0.0060000499999999,17.12999916,0.0068556349520374,0.0091788571814905,0.0034199112933244,0.0004255058970743,0.0022233640621855
2023-08-24,1,-0.004078676,21.65231611,-0.0896012435593647,-0.0085688978373283,-1.9657318099999976,0.159728198,-63778763073.0,-51835317928.0,40541331832.0,20622541049.0,547169704.0,-0.0773494660778908,-0.1499999999999994,-0.1100000000000003,-0.0660000000000002,-0.0310000000000001,-0.04,-0.03499985,16.96999931,-0.0027813310818611,0.0048084048496441,0.0084382192842209,-3.735794649895041e-05,-0.0019330858691199
2023-08-25,0,0.012761935,34.38640028,-0.0005224657404387,-0.004870817736573,1.2917471399999982,-0.193778156,28619640312.0,47429944502.0,122000000000.0,111000000000.0,441140168.0,0.1631015103473423,0.04,0.0500000000000007,-0.0419999999999998,-0.012,-0.01,-0.0300002099999999,15.97999954,0.0109843307241028,0.0086147364658941,0.0116332180676508,-0.008929803354178,0.0059805598149198
2023-08-28,1,-0.00733272,32.03023069,0.0526270457053987,0.0008127007316689,-0.2168553099999997,0.308844431,-19674114025.0,28197277830.0,-180000000000.0,-192000000000.0,577383852.0,-0.1962799090446623,0.0199999999999995,0.0299999999999993,0.0569999999999999,0.0300000000000002,-0.0099999999999999,0.02699995,17.20000076,-0.0135493539757156,-0.0207460478360079,-0.0174000030382543,-0.0008740461598577,0.0009612458444729
2023-08-29,1,0.009588135,42.06247526,-0.0056363844557432,0.0360678924517881,2.018709900000001,-0.16245048,80218616141.0,25465344457.0,167000000000.0,-13515475702.0,483587568.0,-0.0096853057344645,-0.0499999999999998,-0.0299999999999993,-0.0630000000000001,-0.0300000000000002,-0.02,-0.032999994,15.68000031,0.0066955009816531,0.0171088796965843,0.0016780231495054,-0.0022715095044265,-0.0001922187000982
2023-08-30,1,0.003434359,45.39622591,-0.0478879951184758,-0.0289157859623845,2.509151620000001,-0.08730935,8275556226.0,21964499226.0,-5316486785.0,-161000000000.0,441365852.0,0.00727275932908,-0.08,-0.1300000000000007,-0.028,-0.0189999999999996,0.0499999999999999,-0.008999826,15.07999992,0.006245078671645,0.0017696637868507,0.006904982022263,-0.0005970602238241,-0.0049130150197189
2023-08-31,0,0.003543671,39.78591983,-0.0215045920580605,-0.0672075136549743,2.8895405399999987,-0.175280554,-11821751819.0,1330609779.0,223000000000.0,-16495437008.0,364003001.0,-0.0635728040176104,0.0,0.0100000000000006,0.0060000000000002,-0.008,-0.01,0.0139996999999999,14.44999981,0.0144040686621096,0.0032989350867822,0.0057684568914293,-0.0013238072136534,-0.003773400899063
2023-09-01,1,-0.001934524,39.53025316,0.0132498795067452,-0.132307767323268,2.037029199999999,0.299903582,-51354930376.0,-29397802841.0,301000000000.0,-216000000000.0,473168805.0,0.3745325613387393,-0.0300000000000002,-0.0300000000000002,-0.0289999999999999,-0.0210000000000003,0.0,-0.0079996599999999,13.88000011,0.0038258540979754,0.0088027226717919,-0.0051154213456463,0.0014826091127986,0.00444917056363
2023-09-04,1,0.002906241,43.54587976,-0.0242048185751118,0.0022180627300958,2.33426068,0.042687751,-32221966497.0,-90160555822.0,-119000000000.0,369000000000.0,493367317.0,-0.1222176327242507,0.0899999999999998,0.0300000000000002,-0.0430000000000001,-0.0219999999999997,0.06,-0.020999905,13.56999969,-0.0015982129882718,0.0027944104304697,0.0006267940477329,0.0012161532001186,0.005965525227384
2023-09-05,0,0.008096018,53.19803711,-0.0176546668952877,0.0354455422408923,3.609490655000001,-0.306657526,2769282705.0,-102000000000.0,25012921633.0,413000000000.0,342072516.0,-0.1392620673335081,0.0,0.0,0.0779999999999998,0.0489999999999999,0.0,0.028999805,13.09000015,0.0017975129247833,0.0069630517544645,0.0086587414984222,-0.0054351248934265,0.0
2023-09-06,0,-0.000917454,66.53023992,-0.1064147206097447,-0.032645533031995,2.715942327,0.124261684,12306602839.0,-67695462635.0,-111000000000.0,162000000000.0,384579023.0,-0.1364914342529992,0.0899999999999998,0.08,0.0300000000000002,0.0270000000000001,0.01,0.0029997799999999,13.09000015,0.0,0.0029581116713615,0.0001143451902692,0.0003718510759291,0.0054532516127352
2023-09-07,0,-0.007322847,61.8134335,-0.0529136726752388,0.0218748418062251,0.6710935990000002,0.097631745,923068801.0,-56426406209.0,-198000000000.0,-69319515554.0,422126144.0,0.0052562538888274,0.0300000000000002,0.08,0.0069999999999996,0.0,-0.0499999999999999,0.00699997,14.01000023,-0.0042029979529818,0.0061637083443528,-0.0031881677689185,0.0104013719357727,0.0004769685827943
2023-09-08,0,-0.005900353,61.90424324,-0.0189782662907864,-0.066270527116397,-0.6387193259999999,-0.106261154,-31645708178.0,-57030681436.0,-63791459498.0,-5894909225.0,377270533.0,0.0877756108823852,-0.0300000000000002,-0.0700000000000002,0.076,0.0819999999999998,0.0399999999999999,-0.00599956,14.44999981,-0.0069960145686067,-0.0075474760821254,-0.0071360711001897,0.0012982048418788,0.0019054598154246
2023-09-11,1,-0.000227663,60.79516491,0.0031256868933842,0.0003360948327815,-0.5009520250000001,0.050410947,-33738752044.0,-23745563866.0,229000000000.0,-355000000000.0,396289098.0,-0.0760490921420675,-0.0099999999999997,0.0199999999999995,-0.0739999999999998,-0.052,-0.0299999999999999,-0.022000315,14.39999962,-0.0032164329475747,-0.0117150878073903,-0.0025980368250682,0.000419916184728,0.0002854979878614
2023-09-12,0,0.003604605,61.28108828,-0.0258594813616257,0.0054085659474409,0.3928674519999999,0.037299242,6427668743.0,-27693064065.0,56398227660.0,23838762297.0,411070381.0,0.0772488523339731,0.0300000000000002,-0.04,0.0659999999999998,0.0700000000000002,0.07,-0.003999949,13.84000015,0.0014256059149424,-0.0042744875142464,-0.0086686262149928,0.0009739681863818,-0.0049603899279819
2023-09-13,0,-0.007970972,58.07694748,0.0493010079285811,0.00054295180189,-1.2645806329999996,-0.125673217,-43959317160.0,-20577765339.0,123000000000.0,-298000000000.0,359409844.0,0.06835317851775,-0.0200000000000004,0.0200000000000004,0.004,-0.0020000000000002,-0.04,0.0060000439999999,13.80000019,0.0067009515961906,0.0094602722902799,0.0084690052965381,-0.0112059533571313,0.0013379149625976
2023-09-14,1,-0.00074148,49.08082089,-0.0396121827002198,-0.1938957338321376,-1.079363893,0.161838058,16126457450.0,-45074081410.0,81462358506.0,113000000000.0,417576035.0,0.0373669846893562,-0.0199999999999995,-0.0200000000000004,-0.016,-0.0099999999999997,0.0,-0.0060000439999999,14.22999954,-0.0057121691139716,-0.0021334301474134,0.0005307819045761,0.0027679955317321,0.0005728232086319
2023-09-15,1,0.014954471,64.78679505,0.0080869061473509,0.1332275281640393,2.274522071,-0.012134106,94019052355.0,40530016080.0,994000000000.0,-517000000000.0,412509123.0,0.0328942124050044,0.04,0.04,-0.032,-0.0170000000000003,0.0,-0.014999866,13.47999954,0.0012408621036392,0.0140141856392261,0.0135406126409876,0.0042730447504553,0.0060901044552963
2023-09-18,0,0.010973904,65.56735372,0.0441873008718127,0.0191360441503398,4.094539222,0.07083646,38932624094.0,-2066687615.0,943000000000.0,47799868129.0,441729809.0,0.2252290578052331,0.04,0.04,0.0110000000000001,0.0140000000000002,0.0,-0.0030000199999999,12.81999969,0.0083945857009037,0.0109440900623667,0.0067219035815266,-0.0020399964312591,-0.0008542115884848
2023-09-19,0,-0.010262864,55.53810858,0.0425770375179133,0.0744022720501718,1.090325807,-0.05759245,25277139127.0,-10653468979.0,-60941190277.0,-375000000000.0,416289507.0,-0.3135698434039078,-0.0099999999999997,0.0200000000000004,0.0540000000000002,0.0409999999999999,-0.0299999999999999,0.0130000099999999,13.78999996,-0.01223414596795,0.0,-0.0132473830732493,0.0010242856780342,-0.0011400609437179
2023-09-20,1,-0.006042177,49.52172261,0.0038287954477227,0.0229802023528922,-0.394342641,0.110626303,-458974483.0,-29168014311.0,-292000000000.0,-1648570533.0,462342076.0,-0.1133742963813801,0.0499999999999998,0.0499999999999998,-0.0300000000000002,-0.004,0.0,-0.0260002599999999,14.0,0.000721027708245,-0.008700827429001,-0.0037150626985056,0.0009329967898352,0.0
2023-09-21,0,0.000207085,50.84341239,-0.0140063410528958,-0.0118073968319247,-0.273503208,-0.103114818,991289389.0,-37567212618.0,137000000000.0,-168000000000.0,414667757.0,-0.033769442553357,-0.0200000000000004,0.0300000000000002,0.0110000000000001,0.0030000000000001,-0.0499999999999999,0.008000134,14.10999966,-0.0021533273967691,-0.0066039344428467,-0.0061240488468676,-0.000850206374479,-0.0003802357897679
2023-09-22,0,-0.017644824,39.97285767,0.076821188004899,0.0746061411608343,-3.789390701,-0.048211045,-49558658730.0,-16541773482.0,-612000000000.0,-68589734691.0,394676191.0,0.0299306662461908,0.1400000000000005,0.0299999999999993,0.0679999999999996,0.04,0.1099999999999999,0.0280001159999999,15.14000034,-0.0094392042069575,-0.0138047243760528,-0.0132769471803317,0.0028636796317194,0.0019000280836252
2023-09-25,0,-0.002723455,33.31730887,0.0123378245941996,-0.0182472428135742,-3.475069937,0.097569225,3799839379.0,-79461316737.0,-564065051.0,-128000000000.0,433184441.0,-0.0996786821903974,-0.0499999999999998,-0.0499999999999998,-0.0299999999999993,-0.0540000000000002,0.0,0.02399993,17.54000092,-0.0165369182475014,-0.0051904138046801,0.0017029747200627,0.0066056308559518,0.0020859133143673
2023-09-26,0,-0.004944113,31.92354674,0.0301421743883318,-0.0376361022022067,-3.630327759,0.012535441,-23986723292.0,-160000000000.0,329000000000.0,-132000000000.0,438614599.0,0.055110362710522,0.1099999999999994,0.0300000000000002,0.0109999999999992,0.0,0.0799999999999999,0.01100016,17.20000076,-0.0022982373087216,0.0084882074351284,0.0065708044856442,-0.0048657968962659,0.0039701176679134
2023-09-27,1,-0.013225369,30.16324278,0.0211898078867811,0.0517449789546375,-5.3395563500000005,-0.025394561,-15192809548.0,-38308362599.0,-316000000000.0,-42589254898.0,427476174.0,-0.055110362710522,0.0099999999999997,0.0099999999999997,0.0420000000000007,0.0150000000000001,0.0,0.0269997099999999,16.89999962,0.0040149940161064,-0.0111879250010176,-0.010765108913656,0.0028355881805746,0.0021674926858796
2023-10-04,0,0.000852305,32.66950265,0.0002781597462675,-0.0091722099537498,-3.834587159999998,-0.143248702,39597810867.0,-22779748824.0,-111000000000.0,-28216151255.0,366240767.0,-0.0434221614502767,0.0500000000000007,0.0499999999999998,-0.024,-0.0070000000000001,0.0,-0.0169997199999999,18.94000053,-0.0148441654251652,0.0017576844667424,0.0021045602087674,0.0113663279104416,0.0041333529649723
2023-10-05,0,-0.024383492,26.2407807,0.0994855701356072,0.171092234683897,-7.516186610000002,0.160052963,-31506596796.0,13924326296.0,-340000000000.0,-423000000000.0,424858687.0,0.4113648302353532,0.1200000000000001,-0.04,0.3209999999999997,0.2239999999999997,0.16,0.09699988,18.21999931,0.0002292878965857,-0.0586831394531,-0.0022698736005697,0.0040324651364613,0.0012180157893926
2023-10-06,1,-0.000869086,23.72648568,0.0174031643109993,-0.0095517557914748,-5.744811049999999,0.063229645,-1387675662.0,68030280875.0,127000000000.0,-272000000000.0,451722351.0,-0.1097273348241678,-0.0100000000000006,-0.0299999999999993,-0.0289999999999999,-0.0269999999999992,0.0199999999999999,-0.0019998499999999,18.57999992,-0.0025203664424839,0.0178075671197408,0.0110087709223822,-0.0059474765482665,-0.0044104729608864
2023-10-10,0,0.002131975,26.88316435,-0.0362816243054457,-0.0321813992778681,-3.71558065,-0.359359721,-11469949318.0,2768252958.0,209000000000.0,-326000000000.0,289391533.0,-0.3377860095274947,0.0600000000000005,0.0499999999999998,-0.0819999999999998,-0.0660000000000007,0.01,-0.01600028,18.48999977,-0.0013048812423992,-0.0025999506158882,0.0040668823758913,-0.0037816573375684,-0.0027310926832369
2023-10-11,1,-0.002556437,26.47438567,0.0558629439519955,-0.0019697211455005,-2.983196890000002,0.437513022,-11463561654.0,-15338673947.0,616000000000.0,-208000000000.0,416004097.0,0.3774695006187372,-0.1200000000000001,-0.1299999999999999,-0.0209999999999999,-0.0179999999999997,0.0099999999999999,-0.0030000199999999,17.45000076,0.0117456421893642,0.0239681543401442,0.0,0.000616391691989,-0.0019823397941456
2023-10-12,1,0.019577516,28.83393041,0.0491078330888563,0.1393143642055294,1.904368869999999,0.074385383,26281767162.0,61435564790.0,453000000000.0,-120000000000.0,446948721.0,-0.0396834910912424,-0.08,-0.0099999999999997,-0.0769999999999999,-0.044,-0.0699999999999999,-0.03299975,17.03000069,0.0114785441333289,0.0059664562609018,0.0091261331129892,-0.0037191631205351,-9.451547305960872e-05
2023-10-13,0,0.012065295,29.16352549,-0.0188700636012351,0.0420397518190993,4.295203170000001,0.153268117,39077522626.0,58458289216.0,113000000000.0,-57984808125.0,515451710.0,-0.0232439905776509,0.1200000000000001,0.0899999999999998,-0.0410000000000003,-0.0209999999999999,0.03,-0.0200002199999999,16.09000015,0.0042838195147432,0.0173259108286494,0.0091875467515762,-0.0027088089739608,0.0070625087768307
2023-10-16,0,-0.009590961,29.45558439,-0.0022095821919521,0.0140345029639341,1.8587765200000028,0.130821252,-44677591430.0,13460559607.0,-215000000000.0,-161000000000.0,582883748.0,-0.220906413915852,-0.0700000000000002,-0.0200000000000004,0.0679999999999996,0.0249999999999999,-0.05,0.04300022,16.69000053,-0.0062660249339199,-0.0055136117768856,-0.002579103453522,0.0075039108085199,0.0007504155642434
2023-10-17,1,-0.00813918,29.01321244,0.0124632852806545,0.0007551129444003,0.22867587,0.352509914,-3895866712.0,7677329.0,30844524784.0,-211000000000.0,788356048.0,0.158530539506561,0.08,0.0700000000000002,0.0220000000000002,0.016,0.01,0.0059998099999999,19.31999969,-0.0050314956316626,-0.0205387674465384,-0.0077961105811024,0.0027625304999503,-0.0038517930204999
2023-10-18,1,0.009774558,34.26366149,0.0315859156038067,0.022216925259018,2.446120999999998,-0.353876763,6290701834.0,-3265771520.0,-125000000000.0,428000000000.0,509375162.0,-0.0845223329038766,0.1200000000000001,0.1399999999999996,0.0330000000000003,0.0180000000000002,-0.0199999999999999,0.0150000999999999,17.20999908,0.0105386423815652,0.0119707501632948,-0.0005820400116416,-0.003192748974123,9.414184296918648e-05
2023-10-19,0,0.000987321,40.44450107,-0.0641357983933454,0.0011834927937277,2.440479320000001,0.789537367,12624213597.0,-33366749309.0,-16998260843.0,346000000000.0,911545886.0,0.1435330891628545,0.08,0.0200000000000004,0.0629999999999997,0.0399999999999995,0.06,0.0229999999999999,17.87999916,-9.824999377272547e-05,6.120044646706901e-05,-0.0121899650863426,0.0038729882717696,0.0030072356132873
2023-10-20,0,-0.019187227,35.29732844,0.045446741767892,-0.0026189953024005,-1.5189499600000005,-0.169601079,-18619309272.0,-25972480849.0,-166000000000.0,-138000000000.0,756946720.0,0.0167134809737419,0.0700000000000002,-0.0200000000000004,0.0750000000000001,0.0390000000000005,0.09,0.03599978,19.21999931,-0.0134904081000222,-0.0192727948244844,0.0007186988294645,0.0011597711197008,-0.0030072356132873
2023-10-23,0,-0.017033078,32.36669131,0.05865105672027,-0.009915170865149,-4.125124450000001,-0.311433622,-23356612466.0,-15807856229.0,-33484841601.0,210000000000.0,521208061.0,0.0272496424473729,-0.0500000000000007,-0.08,-0.0350000000000001,-0.0369999999999999,0.03,0.0020003299999999,21.39999962,-0.0085190324077295,-0.0054637181279435,-0.0007302225887819,0.0012320550003606,-0.0008473829275228
2023-10-24,1,-0.00759932,33.82987143,-0.0261653446807508,-0.0051886281028945,-4.299584779999996,-0.240360638,-12535026557.0,-29639933856.0,138000000000.0,-258000000000.0,395930159.0,-0.2671066747353237,-0.0699999999999994,-0.04,0.0469999999999997,0.0219999999999993,-0.03,0.0250000899999999,21.70999908,-0.0126651492553389,-0.0083461180887827,-0.0115846077485901,-0.005093218088553,-0.0058573883719095
2023-10-25,0,0.011176078,38.4147644,0.0652375371538802,0.0473679274107174,-0.8398100500000041,0.121827264,24992630141.0,29204055296.0,-34645073508.0,-154000000000.0,444165247.0,0.1102642032423553,-0.0300000000000002,0.0200000000000004,-0.1049999999999995,-0.0510000000000001,-0.05,-0.0540003699999999,20.37000084,-0.0016869920210726,0.002023748903543,0.0035870684057446,-0.0111038748398542,0.0068929568855313
2023-10-26,0,-0.00857029,43.20679562,-0.0688111638680362,0.0014249763226299,-1.85532259,-0.0075614,59667258939.0,-40605774771.0,-59644597356.0,-346000000000.0,440806736.0,-0.0152094186635274,0.1200000000000001,0.0700000000000002,0.0119999999999995,0.0340000000000006,0.05,-0.02199984,18.96999931,0.0072395235859481,0.0066601482295087,0.0030077715431051,0.0068706762627197,0.002443630968048
2023-10-27,1,-0.027494828,36.06250928,0.0781847525074721,0.0673520815711041,-6.119817789999999,0.204774754,-42161800785.0,-1442681989.0,177000000000.0,-480000000000.0,531072827.0,0.1666610415216212,-0.0899999999999998,-0.0900000000000007,0.1110000000000006,0.0659999999999998,0.0,0.0450000699999999,20.19000053,-0.0144434345967781,-0.0215984562187774,-0.0175845602879292,0.0067054894384579,0.0006568733017759
2023-10-30,1,0.001621065,35.82290592,0.0208684073348024,0.0057709622079507,-3.98107658,-0.030498331,8392948190.0,55811842429.0,183000000000.0,-380000000000.0,514875992.0,-0.1439327904440652,-0.0200000000000004,-0.0499999999999998,-0.1120000000000001,-0.0309999999999996,0.03,-0.0809998399999999,20.68000031,-0.0119030814308445,0.0126609319599264,0.0037797770685781,-0.0017314622661395,-0.0003753133908928
2023-10-31,0,0.003355471,37.73424052,-0.0382877460173927,0.0092732354424844,-1.9401694199999968,-0.136020492,1395609395.0,11140504061.0,52459625770.0,-66328418195.0,444842306.0,-0.1419491015035667,0.04,0.0300000000000002,0.032,0.016,0.01,0.01599931,21.27000046,-0.004811838510859,-0.0095554287759185,0.0009335401878569,0.0036073939633265,-0.0041376295571229
2023-11-01,1,-0.014192142,26.11254686,-0.0242180152584925,0.003208091209327,-3.533876590000005,-0.112084715,-5614830315.0,-27733226134.0,-32180808742.0,-327000000000.0,394982283.0,0.1690443551122769,0.0,0.0300000000000002,0.0129999999999999,-0.0040000000000004,-0.03,0.0170001999999999,19.75,0.011938474293327,0.0052599110237245,-0.009232151318363,-0.0052898815093405,0.0050756851496904
2023-11-02,1,0.010293708,24.8248973,0.008630524254682,0.0285301008993696,-0.2646185199999991,-0.093231984,36155663302.0,27148167996.0,370000000000.0,-127000000000.0,358157301.0,-0.1997260897647628,-0.1100000000000003,-0.1400000000000005,-0.0369999999999999,-0.0140000000000002,0.03,-0.02299976,18.13999939,0.0064540849487002,0.0237857782262871,0.0023277313197329,0.0015492292603136,0.0020604446642353
2023-11-03,1,0.017896245,34.80497248,0.0444160172944081,-0.0118164423308781,3.73488055,0.053898667,43251095939.0,-26207914278.0,233000000000.0,140000000000.0,377461502.0,0.1305596222353635,-0.0999999999999996,0.0200000000000004,-0.1200000000000001,-0.0919999999999996,-0.12,-0.02799988,16.87000084,0.0104511948493115,0.0109594108957935,0.0220994983181483,-0.0017198432704734,-0.0071361298139258
2023-11-06,1,0.0107059,41.00044267,-0.0121056627127118,0.021914875773831,5.522345690000002,0.533035504,46721279590.0,46060022904.0,64326363211.0,134000000000.0,578661884.0,0.045809536031296,-0.0999999999999996,-0.1600000000000001,-0.0629999999999997,-0.0300000000000002,0.06,-0.0329999899999999,15.65999985,0.0186829389642646,0.0,0.0067286390944865,-0.0105612067107081,-0.0104197788775071
2023-11-07,0,0.055049005,54.32964322,0.1778470064018313,0.327021539973841,15.53985328,-0.0865394,-40670034237.0,-26369617725.0,318000000000.0,712000000000.0,528584832.0,0.6368663446613567,0.0999999999999996,0.0999999999999996,-0.0490000000000003,-0.072,0.0,0.0229999999999999,14.90999985,0.0093498836380998,0.0234656282137084,0.0085478065611166,-0.0195651837503989,0.0019026318724106
2023-11-08,0,-0.023618671,48.28460889,0.1033243543773569,0.047067542101487,7.8598817300000015,-0.134149302,22198230036.0,-91882947671.0,-274000000000.0,411000000000.0,457675546.0,-0.2280899752495351,-0.0899999999999998,-0.08,-0.0010000000000003,0.0100000000000002,-0.0099999999999999,-0.0110003999999999,14.89000034,0.0017514575593757,-0.0134399726584799,0.0021353287359353,-0.0082381941202882,0.0030366287977567
2023-11-09,1,-0.009182872,50.5608514,0.0003409777084821,-0.0219372703850764,4.630642529999999,0.020848695,-2639601913.0,-139000000000.0,233000000000.0,-13714797057.0,467217484.0,-0.455888837223533,-0.0899999999999998,0.0100000000000006,-0.0329999999999994,-0.0190000000000001,-0.1,-0.01399994,14.81000042,0.0028360935519007,-0.0032694820490561,0.0033435817043265,0.0057194900061681,0.0004735982721308
2023-11-10,0,0.002252135,55.38551415,-0.0390067924395554,-0.0122219639189347,4.265489220000001,-0.154502964,20197957420.0,-66663851463.0,45294106275.0,283000000000.0,395030998.0,-0.0508130693585968,0.1299999999999999,0.1199999999999992,-0.0770000000000004,-0.0209999999999999,0.01,-0.0559997499999999,14.44999981,0.0010044109539446,0.0148115248103053,0.0002878958890644,0.0027327968412604,0.0030260770136747
2023-11-13,0,-0.007203299,55.44971325,0.0180774764716651,-0.0027896696244917,2.1055955500000003,-0.209003958,5027214236.0,-75164072675.0,-74056490487.0,50419710381.0,312467956.0,-0.2234865456581651,-0.0099999999999997,0.0300000000000002,0.024,0.0150000000000001,-0.04,0.0090000599999999,15.28999996,-0.0081166905843463,-0.0024028862665144,-0.0037680950723899,0.0053977199392356,-0.0004722396931953
2023-11-14,1,-0.00245144,52.18980415,-0.0312204680285135,-0.0040625915317082,1.3083711699999991,-0.017105325,-27512021026.0,37279199726.0,16204094102.0,13789995380.0,307123090.0,0.0170072126472327,0.0199999999999995,0.0,0.036,0.0149999999999996,0.0199999999999999,0.0209999099999999,14.17000008,0.0154957591067681,0.0005218468314946,0.009344339315831,0.0033551045132913,-0.0018910453435525
2023-11-15,1,0.01219363,57.43129403,0.0169175852142537,0.0044680541870301,3.491980301,-0.000518968,24327135840.0,35544981079.0,568000000000.0,-91051423175.0,306963703.0,0.0731438843470648,-0.1899999999999995,-0.2400000000000002,-0.0249999999999999,-0.0199999999999995,0.05,-0.0050001099999999,14.76000023,-0.0008361882856,0.0033951793057571,0.0045280409168473,-0.0004169106793643,-0.0147783885043546
2023-11-16,1,0.021716622,70.35258804,-0.0147047263865349,0.0360892616857322,7.071930942,0.367729331,33571058162.0,-47933820931.0,1100000000000.0,554000000000.0,419843260.0,0.3800669175025533,0.0899999999999998,0.1200000000000001,-0.165,-0.1129999999999999,-0.03,-0.05199981,14.15999985,0.0188953703342296,0.0248827065795538,0.012517217350954,-0.0113064139150527,0.0026858414227328
2023-11-17,0,0.000607057,70.20908158,-0.0142878927212071,-0.0309353237109037,5.655182118000001,-0.029540598,186561962.0,60383627461.0,-161000000000.0,457000000000.0,407440839.0,-0.3148428946978328,-0.08,-0.0899999999999998,-0.016,-0.0430000000000001,0.0099999999999999,0.02699995,14.18000031,0.001595738318997,-0.0028468262626155,0.0024723301628295,-0.0018264883807104,-0.0001915759710673
2023-11-20,1,-0.007394032,66.97498602,-0.001242999010603,-0.021533532077675,2.898081607,-0.045324585,-37321048424.0,-19315939507.0,-81675366334.0,-75238474139.0,388973752.0,0.177168803398299,-0.0099999999999997,0.0499999999999998,-0.0030000000000001,-0.02,-0.06,0.0169999599999999,14.31999969,0.0011897192718937,0.004798994355383,0.0021971729828855,-0.0072543955811053,-0.0052836761919961
2023-11-21,1,0.008607043,73.27570032,-0.0195579020616514,-0.0049623268495961,3.870264751999999,-0.167536773,9466020611.0,39970751088.0,355000000000.0,99964854525.0,323806345.0,-0.2100075750453029,-0.0200000000000004,-0.0199999999999995,-0.0409999999999999,-0.0140000000000002,0.0,-0.0269999499999999,13.80000019,0.0012812281242009,-0.0058879805629636,8.840823026901035e-05,0.0015849161893095,-0.0033769002950432
2023-11-22,1,0.007685536,73.01944365,-0.0118550680412634,-0.0039146149016744,4.4179359300000005,0.065620549,6089359018.0,2598939340.0,115000000000.0,353000000000.0,345054695.0,0.1569648390608229,-0.0099999999999997,-0.0200000000000004,-0.0289999999999999,-0.0229999999999996,0.01,-0.0060000399999999,13.40999985,0.0073631037311852,-0.0010155684766672,0.0119115110388516,-0.0049174210494893,0.0011590371378531
2023-11-23,1,0.000509757,70.39043753,-0.0383825153743231,-0.010485786533068,3.36556976,0.273669008,-21130474454.0,-14890996375.0,-93440363943.0,143000000000.0,439485471.0,0.0064641466198871,0.0099999999999997,0.0200000000000004,0.036,0.0219999999999997,-0.01,0.0140001749999999,13.35000038,-0.0020229760625074,0.0029245162202808,-0.0061300952580491,0.0054502578230355,0.0031805906890509
2023-11-24,0,0.001297088,68.72924145,-0.0201399919015079,-0.0904254243410278,2.66065944,-0.178872031,-9415175381.0,-61286809145.0,-7730491623.0,119000000000.0,360873812.0,-0.164947588857899,0.0,0.0,-0.0499999999999998,-0.0219999999999997,0.0,-0.0280003549999999,12.85000038,0.0040529051426823,0.0,-0.0009079079370408,0.0027757348470158,0.0
2023-11-27,0,-0.007315108,48.9590454,-0.1997194190456674,0.012804698180564,0.3557721499999999,-0.004131943,-14552541225.0,-36743353134.0,104000000000.0,-215000000000.0,359382702.0,-0.0060975798681184,0.0499999999999998,0.0499999999999998,0.0669999999999997,0.0329999999999999,0.0,0.0340001599999999,12.85000038,0.0,0.0051791993570198,-0.000412403339471,0.0010696661237314,-0.0050163784602288
2023-11-28,1,-0.000388588,61.84260122,-0.1329495329205592,0.0018316417880352,-0.0692537299999997,0.014917326,-6079973448.0,-3053823423.0,227000000000.0,-106000000000.0,364743731.0,0.2479107490248822,-0.08,-0.0700000000000002,-0.012,0.012,-0.0099999999999999,-0.0239999299999999,12.46000004,0.0005966957056262,-0.0053034529016571,-0.0087146926474783,-0.008023313292206,-0.0019361535723962
2023-11-29,0,0.010403886,72.54998763,-0.0559216474516932,-0.0320232974320289,1.7579736500000005,0.214797342,38553770729.0,456656053.0,482000000000.0,-94681286706.0,443089715.0,0.0432057858755321,-0.0499999999999998,-0.1099999999999994,-0.0409999999999999,-0.0409999999999999,0.06,0.0,12.68999958,-0.0019560693236595,-0.0011750992518972,0.0118236843288634,0.0098291046125158,-0.004369969632358
2023-11-30,1,-0.000773549,71.21678297,-0.0056938077609722,0.0001085403275435,0.9319174299999986,0.307344947,6570736938.0,51627599035.0,-244000000000.0,79866148864.0,579271100.0,0.0748423962758444,-0.0700000000000002,-0.0899999999999998,-0.0849999999999999,-0.0940000000000003,0.0199999999999999,0.0090000599999999,12.68999958,0.0009796385417253,-0.0026126911395802,0.0016887944766814,-0.011582872495147,0.0001945951770521
2023-12-01,0,0.006124519,79.00188356,-0.014754205202363,-0.0197212810979428,1.664524150000002,0.146758461,-8125593408.0,1778071116.0,249000000000.0,125000000000.0,664284035.0,0.2410105531426332,0.1000000000000005,0.08,0.0579999999999998,0.0290000000000003,0.02,0.02899981,12.97999954,-0.0009466967043181,0.0049596440054369,0.0036368454151372,0.0006444033124157,0.007078164152027
2023-12-04,1,-0.012015314,71.00886311,-0.0126952653718057,0.019720330708373,-1.43083631,-0.222326278,-49335911087.0,-32095023693.0,-299000000000.0,-177000000000.0,516596238.0,-0.3056197731384493,-0.1500000000000003,-0.1700000000000008,0.0,0.004,0.02,-0.00399995,12.92000008,0.0037769313608784,-0.0016551178957477,0.0002580852441553,0.00642167369074,-0.0022247279455163
2023-12-05,0,0.003960173,68.44911708,-0.0465820477246698,-0.4631392470884172,-0.6312397499999989,-0.034331299,14744581721.0,9682279634.0,135000000000.0,257000000000.0,498860818.0,-0.0079500702654584,0.0600000000000005,0.0900000000000007,-0.0729999999999999,-0.056,-0.03,-0.0169999599999999,12.63000011,0.00585655892624,-0.0060076339000865,-0.0009678269388029,0.0019491941563396,0.0035764651447314
2023-12-06,1,-0.008252781,52.01678073,-0.0879660804180089,-0.158513143704547,-2.4393940300000025,-0.143915833,5375995538.0,95674873924.0,-229000000000.0,29410123845.0,427066848.0,-0.0550812915815406,-0.1000000000000005,-0.0700000000000002,-0.0469999999999997,-0.0470000000000001,-0.03,0.0,13.07999992,-0.0054231881388258,-0.013800228105774,-0.0053797005241609,0.0066054256741336,0.0039482327283728
2023-12-07,0,0.000440853,51.91224091,-0.0113522792710694,-0.0413586504891698,-2.091619509999997,-0.08447721,-2897283516.0,-30786894530.0,244000000000.0,-146000000000.0,390989432.0,-0.076334731284998,-0.0599999999999996,0.0,-0.0460000000000002,-0.0209999999999999,-0.06,-0.0250000999999999,12.85000038,-0.0005690315118478,0.0202381035534173,0.0018859692616324,0.0042499756141953,0.000960599476274
2023-12-08,1,-0.001327257,56.41307856,-0.0173024997455839,0.0026935500789955,-2.14707885,0.14293951,-19525997049.0,30629380367.0,-203000000000.0,36060258561.0,446877270.0,0.0556401400421648,0.0199999999999995,-0.0200000000000004,0.0430000000000001,0.048,0.0399999999999999,-0.00499987,12.97000027,-0.0039138519378862,-0.0177245233532037,-0.0047333659855901,0.0002664362519748,-0.0058741619432369
2023-12-11,1,0.010291684,57.49991412,-0.0186385999430491,-0.0029777436840188,0.15449555,-0.033746706,33774736433.0,83565047318.0,277000000000.0,204000000000.0,431796634.0,-0.026169717733385,0.0900000000000007,0.1400000000000005,-0.0420000000000002,-0.0500000000000002,-0.0499999999999999,0.007999894,13.06000042,0.0079366106843874,-0.0168941129763897,0.0060728235810767,-0.0007309867577065,0.0045290483893589
2023-12-12,1,0.002978268,54.50114818,-0.031127621168439,-0.00902205094585,0.4985252899999999,0.007427052,-23683207663.0,27083471747.0,157000000000.0,5342310158.0,435003610.0,0.0420333817065525,0.0,-0.0300000000000002,0.032,0.0190000000000001,0.03,0.0130000119999999,12.35000038,0.0040871340512627,0.0148679828331026,0.0019739839881314,0.0028525046984295,0.0008648926562937
2023-12-13,0,0.003916479,56.75013529,-0.0272584041041361,-0.0404754614982074,0.9538282499999972,-0.130964389,-16138043973.0,-55948709324.0,658000000000.0,74912663432.0,378033628.0,-0.0663157249335562,-0.0300000000000002,0.0,-0.0389999999999997,-0.0339999999999998,-0.03,-0.0050001159999999,12.63000011,0.0039168135006182,0.0015814140462389,0.0018521354994245,-0.0021976222906303,-0.0022118179779502
2023-12-14,1,-0.009754516,48.90271117,0.0331578157880958,-0.1511078765181244,-1.4540564899999993,-0.000262413,-26289983091.0,57100772435.0,64103027249.0,-131000000000.0,377934427.0,-0.0288733968232861,-0.1600000000000001,-0.2400000000000002,-0.0020000000000002,0.0189999999999996,0.0799999999999999,-0.0209996699999999,12.06999969,0.0045888128162836,0.0025133744775835,0.001048056240501,-0.0026526679477942,-0.0096740618440938
2023-12-15,1,0.013262739,61.26086539,0.042823532059764,0.0847716551950821,1.313155690000002,0.402686411,146000000000.0,160000000000.0,323000000000.0,625000000000.0,530123485.0,0.548713891685491,-0.1200000000000001,-0.0899999999999998,-0.193,-0.2069999999999998,-0.03,0.01399994,12.18999958,0.0135583452954257,-0.0073187962689882,0.0104880800309423,-0.0139348601725934,-0.0088855107087333
2023-12-18,1,0.00758857,64.79049559,0.0231639366640337,-0.0213549982105147,2.338266039999997,-0.122254406,56582565051.0,32437027401.0,228000000000.0,857000000000.0,465313553.0,-0.0077220460939102,-0.0099999999999997,0.04,0.0260000000000002,0.0230000000000001,-0.0499999999999999,0.0030000199999999,12.47999954,0.002643565198257,0.008660262257786,0.001175292270064,-6.963501190604404e-05,0.0057699440666221
2023-12-19,1,0.001286464,60.90745696,-0.0286960331877059,-0.0257083963881283,1.832027010000001,-0.172969752,17396007377.0,43159464303.0,-184000000000.0,59377574402.0,384828383.0,-0.2348395910773995,0.04,0.0200000000000004,-0.0220000000000002,-0.004,0.0199999999999999,-0.0180001249999999,12.27999973,-7.625255274668064e-05,-0.0064376251177193,-0.0012364776974962,-0.0120310850548159,-0.0003901394664298
2023-12-20,1,0.000658152,61.8026086,-0.0273532080887051,-0.0226021926010737,1.2860815599999995,0.019928338,-25045227011.0,20169403822.0,133000000000.0,-92128963587.0,392497373.0,-0.19177789203599,-0.02,0.0,-0.008,0.0189999999999996,-0.0199999999999999,-0.02699995,12.56000042,0.0045181224351811,0.0139566232328913,-0.0042850796326572,0.0205171830233901,-0.0033223002954798
2023-12-21,0,0.017654838,66.68639731,0.057881853069384,0.1300591228498646,4.35845282,0.453317694,33337206710.0,9714347547.0,1100000000000.0,480000000000.0,570423377.0,0.2853039500468135,-0.0700000000000002,-0.0900000000000007,-0.048,-0.0639999999999996,0.0199999999999999,0.0159997949999999,12.52999973,0.0058492673258019,0.0136499171100847,0.0033311888352187,-0.0039759069196012,0.0023463252309934
2023-12-22,0,-0.005477249,71.51984481,-0.0119641907237593,0.0230951253287274,1.92719206,0.013869368,-34617536391.0,-64993753419.0,179000000000.0,13090104788.0,578334789.0,-0.1677848711030627,0.0300000000000002,0.0,0.0170000000000003,0.004,0.03,0.01300001,13.67000008,-0.0147931478528207,-0.016028521222493,-0.0051996562426346,-0.0006012394509697,-0.0055814822989797
2023-12-26,1,-0.000196175,70.00760196,0.0036432551730771,-0.0350405343269084,1.0988589000000033,-0.194295052,-49297684267.0,13269625657.0,377000000000.0,-37303203376.0,465967201.0,-0.067711448178148,0.0099999999999997,-0.0199999999999995,0.004,-0.0020000000000002,0.03,0.0060002799999999,13.64999962,0.0102487692341082,0.0008620792903553,0.0030102510758371,-0.0040715778254858,-0.0013756453449449
2023-12-27,1,0.001184167,77.95387124,-0.0145015299579638,-0.0023850944489103,0.7237461200000013,-0.054808733,-798990823.0,-28109502226.0,959000000000.0,82263319958.0,440428129.0,0.0792601329629292,-0.0099999999999997,0.0099999999999997,-0.0300000000000002,-0.0129999999999999,-0.0199999999999999,-0.0170001979999999,13.02999973,0.0016586821921951,0.0041158683444653,0.0087755471268078,0.0022193924657836,-0.0022640724555582
2023-12-28,1,0.004183182,79.01643277,0.0236087688375072,-0.0314402883722246,1.046208649999997,-0.205924066,-474021395.0,-13529290475.0,-286000000000.0,225000000000.0,349733378.0,0.0821282141645589,-0.1,-0.0799999999999996,-0.0110000000000001,-0.0009999999999998,-0.0199999999999999,-0.009999992,12.98999977,0.0042227610075435,0.0112078506599981,0.0078427372925737,-0.0005098798642428,-0.0047417188728191
2024-01-02,1,0.015859802,83.71963756,0.0696631068485307,0.0798613543557893,3.7495010800000017,0.315535348,45360139712.0,29680611113.0,785000000000.0,702000000000.0,460086621.0,-0.0989707175590552,0.0499999999999998,0.0499999999999993,-0.0769999999999999,-0.0660000000000002,0.0,-0.010999916,12.43000031,0.0014294355902819,-0.0042134956572841,0.0010540869625188,0.0006489531436537,0.0023737079532137
2024-01-03,0,0.005457209,82.92593901,0.0118811064448336,-0.0017714152660319,3.650946699999999,-0.109142346,-45651530761.0,-48757352917.0,207000000000.0,228000000000.0,409871688.0,0.0220481372217626,0.1100000000000003,0.0700000000000002,0.1230000000000002,0.0860000000000003,0.0399999999999999,0.0369999409999999,12.47000027,0.0003701062083329,-0.002252088681697,-0.0031657092736345,-0.0009426813485671,0.0095364582393813
2024-01-04,0,-0.02368827,64.33943677,0.1163180354321964,0.1654265676649728,-2.61272013,0.12994291,-82922074334.0,-23322437270.0,-1030000000000.0,-97306133000.0,463131608.0,0.0476521980371806,-0.04,-0.0199999999999995,0.032,0.0379999999999998,-0.0199999999999999,-0.0060000419999999,13.19999981,-0.0085071379346768,0.0,-0.0166297925108196,0.0108260109588611,0.0025408222902179
2024-01-05,0,-0.007812419,58.73770559,0.0224421625560298,0.0249832748317615,-4.12320046,0.662974754,-102000000000.0,-51803099856.0,-574000000000.0,115000000000.0,770176172.0,-0.1164225753636856,0.08,0.0699999999999994,-0.0500000000000002,-0.0510000000000001,0.01,0.001000167,14.03999996,-0.0080486182144952,-0.0052697151398977,-0.0005502959919727,0.0014596292314905,-0.0003904812674289
2024-01-08,0,-0.003461676,62.01956014,-0.0133532056045848,-0.0205904561656096,-4.354216280000003,-0.321856595,-47365153570.0,-120000000000.0,-226000000000.0,-51007262023.0,522289892.0,-0.070264933989538,0.0599999999999996,0.0300000000000002,0.056,0.056,0.03,0.0,14.13000011,-0.0034342717030089,0.002674024527888,-0.0017399954096024,0.0013125643723634,-9.758824308203629e-05
2024-01-09,0,-0.00398765,54.5956685,-0.0327791525429943,0.0086406697734355,-4.590895479999997,-0.387037745,-60224900997.0,-69842222660.0,-253000000000.0,170000000000.0,320143990.0,-0.2148250244391185,-0.04,-0.0599999999999996,0.0,0.0140000000000002,0.0199999999999999,-0.01399994,13.35000038,0.0018240215129434,0.0,0.0030502607612614,0.0014327233998185,-0.0019548886810456
2024-01-10,0,-0.002565804,49.52535455,0.031999056456148,0.0024127950569052,-4.4304542,1.471432536,-30452817222.0,-124000000000.0,145000000000.0,65561520138.0,791214273.0,0.2750283866832212,0.0099999999999997,-0.0200000000000004,-0.0209999999999999,-0.0420000000000002,0.03,0.02099967,13.07999992,0.0140159455030683,0.0114911706424116,-0.0021174538376449,-0.0010133268974357,0.0035159778589042
2024-01-11,0,-0.007548215,45.2219779,0.0263428854983551,-0.004671844942214,-5.265767360000002,-0.2795617,-40309700084.0,-88601071428.0,17558623393.0,-23772970820.0,570021066.0,-0.0112995552539345,0.0200000000000004,0.0099999999999997,0.0230000000000001,0.0140000000000002,0.01,0.0090000599999999,12.76000023,-0.0014789938391981,0.0198977335243242,-0.0039918414376831,0.0060723853522901,-0.0020494722412349
2024-01-12,0,-0.000672915,44.5694724,0.0080046994904967,-0.0016444173088858,-4.46020236,0.383146419,92631377706.0,-56890552755.0,-424000000000.0,2300000000000.0,788422596.0,0.4426441113499209,-0.06,-0.08,-0.0390000000000001,-0.0420000000000002,0.0199999999999999,0.00300002,12.68999958,0.0056499805851668,0.0175030175423991,0.0045522663597967,-0.0017366611496623,-0.000684091885823
2024-01-15,1,-0.006009498,30.58517249,-0.0485863067709586,0.0063384259874359,-4.855954734999999,0.002225445,-44027256870.0,-65731730497.0,-53291793982.0,-212000000000.0,790177187.0,-0.4927419483326964,-0.02,-0.0999999999999996,-0.0009999999999998,-0.0229999999999996,0.08,0.0220000799999999,12.43999958,-0.0006712808500797,0.0149308346145886,-0.0018535056151112,-0.0041909405137596,0.001074801986415
2024-01-16,0,0.000372177,32.90378598,-0.016735164241513,-0.0286962131323837,-3.821568831,0.015091323,-38977120453.0,-75262965119.0,189000000000.0,-49758040039.0,802102006.0,-0.0229617338867278,0.0,0.0,-0.0129999999999999,-0.0130000000000003,0.0,0.0,12.69999981,0.0007506938053527,0.0090846926886651,0.0019389948428649,0.0006552674006119,0.0
2024-01-17,0,-0.011306759,29.14894382,0.0312105178246753,-0.0198490219420239,-5.308102239,-0.17768738,-31179346966.0,-83150626229.0,-288000000000.0,-184000000000.0,659578602.0,0.0764628640012112,0.1100000000000003,0.0999999999999996,0.0289999999999999,0.044,0.01,-0.0149998699999999,12.69999981,0.0,-0.0079028806744112,-0.0114607174962877,0.0052116576194878,0.0093313185854002
2024-01-18,1,-0.025010044,22.49427739,0.1139882587191567,0.1276557448941089,-9.067909095,0.463957979,-26931353592.0,-81359132204.0,89850072093.0,-906000000000.0,965595357.0,0.2466477111024296,0.0299999999999993,0.1000000000000005,0.0470000000000001,0.0420000000000002,-0.07,0.0049998799999999,13.84000015,-0.0037383191245812,-0.0039785086970329,-0.0107266908821941,0.0136070419281821,0.0008703283861386
2024-01-19,1,0.001698191,20.72309214,0.0030113049815367,0.0008231358972157,-6.658867010000002,-0.408129417,11780753905.0,-38692383388.0,-11955621903.0,-133000000000.0,571507487.0,-0.3085472109157443,0.04,0.0099999999999997,0.0109999999999996,0.008,0.03,0.00300002,14.78999996,-0.0056327311595669,-0.0003264020312379,0.0038383768944143,0.0046684523789926,0.0008696459406642
2024-01-22,0,0.013312395,18.21633589,-0.009719898028722,0.0545456270775321,-2.417280550000001,-0.092213261,-38034751727.0,-75358587043.0,-105000000000.0,703000000000.0,518806918.0,0.0996817714658213,0.0100000000000006,0.0499999999999998,0.0420000000000002,0.0219999999999997,-0.04,0.01999998,14.13000011,0.008766720628083,0.0139187893815329,0.025996276687751,-0.0047656360277663,-0.0024174454341752
2024-01-23,1,-0.003398723,13.44389249,-0.0162260705237091,-0.0983378883875634,-2.344375209999999,-0.252042412,20482718153.0,1845425801.0,-21916102074.0,300000000000.0,388045571.0,-0.0853274580141381,-0.04,-0.04,-0.0500000000000002,-0.0289999999999999,0.0,-0.0210001499999999,13.30000019,0.0122383084014607,0.0160995872672593,0.0075263906144709,-0.0033323052984428,0.0003871929143066
2024-01-24,0,0.005769842,22.35588646,-0.099529246154117,0.0168381952046452,-0.4537092999999998,0.217084282,9801457112.0,62362891350.0,138000000000.0,141000000000.0,472284165.0,-0.0474253002955649,0.0299999999999993,0.0200000000000004,0.0,0.008,0.0099999999999999,-0.007999894,13.18999958,0.0021919211483911,-0.0008041909198155,0.0033337519050533,0.0041393267069986,0.0028026197972081
2024-01-25,1,-0.00360535,23.50390784,-0.0070570832274654,-0.0010258160257645,-0.8163786999999978,-0.162657308,-30480446493.0,-6129803897.0,-35392768573.0,72596902146.0,395463694.0,-0.0749704955672037,0.04,0.0300000000000002,0.028,0.0139999999999997,0.01,0.014000174,12.55000019,0.0029171153663281,-0.008003167010516,6.93832409961459e-05,-0.001465106847772,-0.0036740329339286
2024-01-26,1,0.000263216,24.72320581,0.0046943062353856,-0.001597231273668,-0.3277742000000003,-0.096671807,2018862992.0,35308436380.0,122000000000.0,45736559913.0,357233504.0,0.0861161217821191,-0.04,-0.0700000000000002,0.0190000000000001,0.0130000000000003,0.03,0.0059998099999999,13.14000034,0.0008115989697419,0.0002756796451368,0.0070677295448948,-0.005167515454433,0.003191355194736
2024-01-29,1,0.003321941,28.85638775,0.0553574813363533,-0.0028942627768158,0.6626315299999987,-0.18075318,36249499311.0,37543912204.0,-108000000000.0,379000000000.0,292662412.0,-0.128617377822092,0.0100000000000006,0.0300000000000002,-0.0329999999999999,-0.0500000000000002,-0.02,0.01699996,13.44999981,0.0052465780197081,-0.0134858283207179,-0.0004216853289786,0.0046063083327823,-0.000965982489772
2024-01-30,0,0.008872889,36.63002242,-0.0113918614690953,-0.059454911537613,2.5374677100000014,0.460521138,70986827780.0,88985971442.0,-5753762947.0,547000000000.0,427439639.0,0.2270574506353462,-0.0700000000000002,-0.0500000000000007,0.0499999999999998,0.0409999999999999,-0.02,0.0090003,13.26000023,-0.0006519976723975,0.0076868236319231,0.006900358682909,0.0005462314716071,0.0013521288401836
2024-01-31,0,-0.000736017,39.68065736,0.0031053441414052,-0.0207417211116514,2.068518489999999,0.127197609,21539683447.0,59507512094.0,80957806616.0,-13424075615.0,481808939.0,-0.0260048571353301,-0.0200000000000004,0.04,-0.0859999999999998,-0.036,-0.06,-0.05000019,13.60000038,0.0075283655176896,0.0010796632494223,-0.004702082275541,-0.002659244209183,-0.0020288794735083
2024-02-01,1,-0.000688553,39.67875854,-0.0035397792292175,-0.1570934249119524,1.6870978,-0.05652551,-280576421.0,8363215432.0,27968112155.0,89167046947.0,454574443.0,0.0304592074847107,-0.0699999999999994,-0.0899999999999998,-0.0049999999999998,-0.0069999999999996,0.02,0.0020000899999999,13.31000042,-0.0006008304096418,0.0061048901219429,-0.0080765129504101,-0.0049551885595091,-0.0012580918211915
2024-02-02,1,0.018006012,53.63722145,0.0544475898985052,0.1272352454637664,5.12549252,0.652258761,147000000000.0,-44509005586.0,64529536631.0,1050000000000.0,751074606.0,0.4054651081081637,-0.1200000000000001,-0.0899999999999998,-0.0060000000000002,0.0059999999999997,-0.03,-0.0120000799999999,14.35000038,-0.0162368518434004,-0.0076143372014705,0.0043811522497367,0.0054801540784135,-0.0021325473409552
2024-02-05,0,0.028250559,64.34906682,0.108035090915552,0.209535391922043,9.953136004,-0.206309035,65644912089.0,132000000000.0,410000000000.0,1930000000000.0,596121129.0,0.064538521137571,0.1600000000000001,0.1799999999999997,-0.052,-0.0189999999999996,-0.02,-0.032999996,13.88000011,0.0124162861021854,0.0040615171541702,0.0050971693808357,-0.0037253845598179,0.0084070176223756
2024-02-06,0,-0.009219098,65.27179375,0.0343104105411962,0.0160202229285602,5.896118002,-0.141654615,67433199407.0,124000000000.0,-968000000000.0,179000000000.0,511677820.0,-0.1414995622737009,0.1399999999999996,0.1299999999999999,0.0870000000000001,0.0639999999999996,0.0099999999999999,0.023000002,13.85000038,0.0106277707487176,0.0054098803595685,0.0019991499079896,0.0065850127904987,0.0050871032819745
2024-02-07,1,-0.005848136,76.95382378,-0.064534820499059,0.0062626301603145,3.359515636,-0.195553102,-58257628092.0,-53133920957.0,-36523993515.0,338000000000.0,411617635.0,-0.1839228381609281,-0.08,-0.1299999999999999,0.008,-0.02,0.05,0.027999878,13.67000008,-0.0031914245703745,-0.0053368527541834,0.0,-0.0032495498720681,-0.0025882831266255
2024-02-08,1,0.012873893,79.28152661,0.0473454616622874,0.0154914714109546,5.202030878,0.258892474,-25330361669.0,-4488688516.0,622000000000.0,539000000000.0,518182343.0,0.1005412292218785,0.0,0.0200000000000004,-0.004,-0.0059999999999997,-0.02,0.0020000959999999,13.06000042,0.0023077457549423,-0.0011272262387453,0.0,-0.0049620622725559,-0.0013447259657066
2024-02-13,1,0.004107155,77.58093305,-0.0370561270582112,0.0005471103661198,4.78026375,-0.170158226,19339886087.0,56020020407.0,170000000000.0,411000000000.0,430009355.0,0.0833816089390495,0.0600000000000005,0.0599999999999996,0.0219999999999997,0.0190000000000001,0.0,0.00300002,12.82999992,0.0082076827699548,0.0203714017860221,0.0,0.0006253412369723,0.0010567328783155
2024-02-14,0,0.011127267,82.11595898,0.0200523340546472,0.0039631219569606,5.87749548,0.300867733,-110000000000.0,-90423236839.0,775000000000.0,961000000000.0,559385295.0,0.0620353909194548,0.1599999999999992,0.2200000000000006,0.0529999999999999,0.048,-0.06,0.00500011,12.78999996,0.0005704204087386,0.0294215515778901,0.0,0.0006626244551117,0.0077471345117983
2024-02-15,0,-0.011089161,73.36780252,0.0549465622201532,0.0329864641212829,2.0003287800000003,-0.028353014,-37644681117.0,10495829718.0,-471000000000.0,108000000000.0,543525036.0,-0.2752286113804949,-0.04,-0.0600000000000005,0.0489999999999999,0.0719999999999996,0.02,-0.023,15.85000038,-0.008992096358444,-0.0068893566605066,0.0,0.0092085353535757,-0.0022891835603102
2024-02-16,1,-0.002529461,73.92825031,0.0105998126079174,-0.0302191931505486,0.7427235799999998,0.143209699,-32521350908.0,-16150453454.0,109000000000.0,-9300908897.0,621363093.0,0.0577083176206443,-0.0299999999999993,-0.0199999999999995,-0.0249999999999999,-0.02,-0.0099999999999999,-0.0050001099999999,14.38000011,0.0095341682414851,0.0119857363869524,0.0298601627531738,-0.0110921298076362,-0.0040187413320911
2024-02-19,1,0.01328649,76.59495182,0.0239489319125851,-0.1611257527715892,3.065866109999998,-0.044291868,14433252751.0,5759449020.0,277000000000.0,564000000000.0,593841761.0,-0.0478560211776333,0.0599999999999996,0.0699999999999994,0.0050000000000003,0.0,-0.01,0.0050001099999999,14.01000023,0.0058043726183392,0.0085928142514788,-0.0020036777894532,0.0012511280233873,-0.0001918141708614
2024-02-20,0,0.011822199,78.113883,-0.0261734515944636,0.0126522648772411,4.57504509,-0.28819582,39642375053.0,92021674096.0,309000000000.0,616000000000.0,422699048.0,-0.0379665979238517,0.0,0.0,-0.0150000000000001,-0.008,0.0,-0.0070002099999999,14.23999977,-0.0048150435264666,-0.0004381468887757,0.0015332141161916,0.0029481542500446,0.0
2024-02-21,0,-0.008418843,71.87974208,-0.0037114094173262,0.0193425012374914,1.400016210000004,0.449419366,-52939992009.0,4490071306.0,-235000000000.0,108000000000.0,612668186.0,0.0181639706276719,-0.0300000000000002,-0.0499999999999998,0.0219999999999997,0.008,0.02,0.01400018,14.23999977,0.0,-0.0027792283363456,0.0062777762463355,0.0013208729023048,-0.0019197260591825
2024-02-22,1,-0.001687026,71.35513192,-0.0051793919663545,-0.0054591276438049,0.3316023000000001,-0.082465255,-23285416426.0,50767809671.0,82532801604.0,-64775807045.0,562144348.0,-0.0888312137066158,0.0500000000000007,0.0499999999999998,-0.0149999999999996,-0.0029999999999996,0.0,-0.0120000799999999,15.42000008,-0.0060234263467471,-0.0026479154437097,-0.0041063748180629,0.0003074766944184,-0.0006727829432309
2024-02-23,1,0.004122167,72.53221878,0.0053256269195456,-0.0011043866723534,0.722423169999999,-0.188114497,-15650718952.0,-48461557762.0,121000000000.0,169000000000.0,456396847.0,0.1183900159481616,0.0099999999999997,0.0600000000000005,-0.0500000000000002,-0.06,-0.05,0.00999999,15.34000015,0.001263401482463,0.0216272764732483,0.0094044407327569,-0.0006600153254652,-0.0004808674392933
2024-02-26,0,0.001286553,69.03113121,-0.0373198713733686,-0.0125772702372612,0.41970302,-0.089879414,-11939678140.0,4438819180.0,88295019877.0,147000000000.0,415376166.0,0.0,-0.0700000000000002,-0.04,0.044,0.032,-0.03,0.0119998399999999,14.53999996,0.0209028885729605,0.0,0.0019294256500757,-0.0042856194947864,-0.0001923684455737
2024-02-27,0,-0.007759484,55.73860569,-0.0687801372326637,0.0306462296678153,-1.7407567600000036,0.279951693,-68806104315.0,-18713777280.0,57616042097.0,119000000000.0,531661427.0,0.0657513775627798,0.0200000000000004,0.0300000000000002,-0.0659999999999998,-0.0340000000000002,-0.01,-0.031999824,13.75,0.000347887118627,0.0034476512887149,0.0031112933778665,0.002130053420088,-0.0010588690191477
2024-02-28,1,-0.008357213,56.13812389,-0.0361435328401364,0.0321470160164931,-3.5260781100000003,0.080201942,-39228185895.0,38556958308.0,96777588677.0,35893174343.0,574301706.0,0.1358015411590614,0.0299999999999993,0.0199999999999995,0.028,0.024,0.01,0.0039999489999999,13.73999977,-0.0037939393368997,0.0001480400380042,-0.0049542177519583,0.0012923758007117,0.0
2024-02-29,0,0.01032347,63.25752259,-0.0024093561573956,0.0045340066585932,-0.954278979999998,-0.265973678,4945486310.0,-1281253923.0,76639185114.0,478000000000.0,421552569.0,-0.2015529187218412,-0.04,-0.0599999999999996,0.012,-0.0049999999999998,0.0199999999999999,0.01699996,13.43000031,0.0017048956126188,-0.0008027855905758,0.0,5.261328078631777e-05,0.0014436420027728
2024-03-04,1,-0.003750935,56.21966416,-0.0551958420728366,0.0071162591031859,-1.89358365,0.176755891,-37925464817.0,16723307982.0,-445000000000.0,179000000000.0,496064469.0,0.2328054622259436,-0.0199999999999995,-0.0100000000000006,0.0329999999999999,0.0259999999999998,-0.0099999999999999,0.0069999689999999,13.84000015,-0.0016595312902207,-0.0010676940084284,0.005941628551632,0.0011931442740031,0.0017296083283664
2024-03-05,0,0.012003955,59.47523641,0.0448553133873392,0.0146090038113548,0.7297245399999994,-0.185560851,11319634698.0,73931939075.0,-43513838625.0,770000000000.0,404014324.0,-0.0233473639969901,-0.0300000000000002,-0.04,-0.0409999999999999,-0.0249999999999999,0.0099999999999999,-0.0159997939999999,13.39999962,0.0052154704738107,0.023792583478297,0.0176917402690897,-0.0018616524458803,-0.0031732503311392
2024-03-06,0,-0.009343291,49.95718123,-0.0022911480193918,-0.0197171873069441,-1.7527539899999989,0.131735003,-72997670191.0,34085214971.0,-407000000000.0,85533627777.0,457237152.0,-0.0401660417253353,-0.0899999999999998,-0.0699999999999994,-0.0250000000000003,-0.0109999999999996,-0.0199999999999999,-0.014000177,13.48999977,0.0067819617055402,-0.000289290970139,0.0042183916526568,-0.0014738355544681,-0.0002889630544791
2024-03-07,1,-0.002990014,54.06868915,-0.0619647979638466,-0.1991281583533251,-2.3247905600000003,-0.171121622,-51006404764.0,-24711028395.0,-132000000000.0,-377000000000.0,378993989.0,-0.1500606945757319,-0.0199999999999995,0.0,-0.028,-0.024,-0.0199999999999999,-0.003999949,14.46000004,-0.0102454062826975,-0.000170789269994,0.0057876122970377,0.0033730227320303,-0.0041511898967563
2024-03-08,1,0.002318019,56.54312567,-0.0077155975266927,-0.0349096786630092,-1.6264709199999992,0.22141996,-26515067376.0,-14115908194.0,41853533217.0,-325000000000.0,462910823.0,0.0373875320716194,-0.0200000000000004,-0.04,0.0180000000000002,-0.004,0.0199999999999999,0.021999836,14.5,0.0051279329941475,-0.012349848157477,0.0099034037148193,-0.0047660607353217,-0.0053349269905185
2024-03-11,0,0.012286252,56.16488873,0.0123795014235184,0.0221805143928044,1.0611065399999973,-0.018688196,-13318613139.0,-15234742937.0,672000000000.0,182000000000.0,454259855.0,0.0535842461341076,0.0,-0.0300000000000002,-0.0649999999999999,-0.0500000000000002,0.03,-0.01499963,14.43999958,0.0102514021569888,0.0022760292751122,0.004650640486453,-0.004463232046608,-0.0007783791104625
2024-03-12,1,-0.007681416,45.8364031,-0.0300003571420597,-0.0166891549691046,-1.0923987499999974,-0.138412053,-54255192239.0,27596986702.0,-38700956515.0,-106000000000.0,391384816.0,-0.2608002707522168,0.0099999999999997,0.0099999999999997,0.008,0.004,0.0,0.0039997099999999,14.73999977,-0.0065499230168057,-0.0221244392712058,-0.0029986421035559,-0.0039436975174629,0.001264576790481
2024-03-13,1,0.008225958,54.90765903,-0.0234540168469914,0.0151647836220263,0.6215474000000007,0.03215368,-48028409585.0,-23520120205.0,475000000000.0,-372000000000.0,403969278.0,0.0936671315809256,0.0600000000000005,0.0700000000000002,-0.0070000000000001,-0.0019999999999997,-0.01,-0.0049998739999999,15.22000027,-0.0011228682681156,-0.0005920420693943,0.0095090373722026,-0.0041423242459535,0.0008744731569549
2024-03-14,1,0.004375515,57.98810491,-0.0120454402771663,-0.0334928272524903,1.1428297199999982,0.234647772,-176000000000.0,48287264219.0,40228954152.0,335000000000.0,498759769.0,0.1226813766004575,0.0300000000000002,0.04,-0.004,-0.0220000000000002,-0.0099999999999999,0.018000124,13.84000015,0.0111395127566193,-0.0026206857015704,0.000700698710311,0.0004653372415113,-0.0016524737660663
2024-03-15,0,0.009308421,60.23364087,0.0163705063778407,-0.0356448625634886,2.609551670000002,0.221606238,-37065139151.0,137000000000.0,-186000000000.0,473000000000.0,609288045.0,0.2482795245857509,0.0999999999999996,0.0899999999999998,0.0230000000000001,0.0220000000000002,0.0099999999999999,0.0009999299999999,13.75,-0.0019263840140464,0.002874978697104,0.0004720839186234,0.001904907581725,0.0055299650586997
2024-03-18,1,-0.019281614,49.86339222,0.0497420625526054,0.1450811564635721,-2.422259850000003,-0.039948801,-106000000000.0,75833319845.0,14606140982.0,-1040000000000.0,584947718.0,-0.065957967791796,0.0199999999999995,0.0499999999999998,0.056,0.0349999999999997,-0.03,0.0209999099999999,14.39999962,-0.0028752212211564,-0.002573393792165,-0.012893526064964,0.0062757179124455,0.0006770124509793
2024-03-19,0,0.007099277,56.1897202,-0.0349265999341743,-0.0365508675743342,-0.679528549999997,-0.302189802,-899914637.0,1395248889.0,307000000000.0,-86899513299.0,408182483.0,-0.3268219807890524,0.0300000000000002,0.0099999999999997,0.0249999999999999,0.04,0.02,-0.0150001099999999,14.40999985,-0.00650402271987,0.0263323316621129,0.0099767202339933,0.0055972943762583,0.0014492200833924
2024-03-20,1,-0.011108355,54.85126177,0.0124206505752173,-0.0035487202907251,-3.188917240000002,0.704790494,-35396996074.0,18301934161.0,-539000000000.0,-241000000000.0,695865617.0,0.1168488926645849,-0.04,-0.0499999999999998,0.0369999999999999,0.0350000000000001,0.0099999999999999,0.0020001,14.32999992,0.0062981842138984,0.006600144550271,-0.0011400138218622,0.0050648597801492,0.0022180037123762
2024-03-21,1,0.012707991,55.77913349,0.0050452152047504,0.0280589682068184,-0.0419154999999982,0.035331805,23926904692.0,10218348100.0,555000000000.0,854000000000.0,720451805.0,0.1713582519966863,-0.0300000000000002,-0.0599999999999996,-0.0209999999999999,-0.012,0.03,-0.0090000699999999,13.81999969,0.0056332530924834,0.0,-0.003670386300028,0.0006958591621,-0.0038605771092052
2024-03-22,0,0.023773467,64.71510559,0.0917847671126126,0.1356778440194901,4.87717275,0.145429761,10202996486.0,-15368975587.0,1100000000000.0,1880000000000.0,825226939.0,0.0974553361507126,0.0,0.0099999999999997,-0.04,-0.0649999999999999,-0.0099999999999999,0.0250000999999999,13.03999996,0.0088647654080578,0.0200963461575138,0.020741309777712,-0.0051816375263884,0.0056891941645842
2024-03-25,0,-0.002289504,60.41496673,-0.0333195917693767,0.0024404279937675,3.01014481,-0.382539213,-72132530851.0,-17959564694.0,-26332545579.0,667000000000.0,509545275.0,-0.1967102942460528,-0.0499999999999998,-0.0599999999999996,-0.0489999999999999,-0.0220000000000002,0.0099999999999999,-0.0269999499999999,12.92000008,0.0032313091006077,0.0017812951438589,0.0014514793631761,0.0034299689007895,0.0041260942228227
2024-03-26,1,-0.004006469,62.86140826,-0.0077601289468978,0.0069364184175659,1.1389436199999992,-0.039103666,-79833518248.0,10313948958.0,-142000000000.0,-43286028618.0,489620187.0,-0.141763945045831,0.0300000000000002,0.0299999999999993,0.008,0.0060000000000002,0.0,0.0019998499999999,13.06000042,-0.0014031717627247,-0.0116678745362985,-0.0017901579062726,0.0066609576894514,-0.0019169649927981
2024-03-27,0,0.007105117,66.31017222,0.0475871193941399,-0.014028497817967,2.093770299999999,-0.084390462,-45568972334.0,-83112767384.0,710000000000.0,623000000000.0,448300913.0,0.2008528614158358,-0.0099999999999997,-0.0099999999999997,0.0269999999999996,0.0110000000000001,0.0,0.0160000359999999,13.18999958,-0.0030596405016769,-0.0003982034816978,-0.0032619981643939,-0.0033324077847725,0.0005754603915066
2024-03-28,0,-0.000718399,65.34561878,-0.0204199049538278,-0.0254727692166696,1.1028935499999974,0.139065305,-68364828056.0,85111846153.0,173000000000.0,293000000000.0,510644016.0,0.0242926925690447,-0.04,-0.0199999999999995,-0.0239999999999995,-0.0130000000000003,-0.0199999999999999,-0.0110001559999999,13.23999977,-0.0028037219289753,0.0089871427265819,0.0036516331507581,0.0029304834622045,0.0005751303856049
2024-03-29,1,-0.003377628,60.01712322,-0.0575786805637004,-0.0097786783968336,-0.2691415499999934,-0.178923213,-34140067486.0,-671097806.0,-190000000000.0,73487346552.0,419277948.0,-0.0491902441907718,0.0,0.04,0.0039999999999995,0.0050000000000003,-0.04,-0.0009996899999999,12.77999973,0.0085935955352791,-0.0146957859414289,-0.0026554058405743,0.0050058330578695,0.0019148363770185
2024-04-01,1,0.000294883,64.13099907,-0.0072201521469632,-0.0074877289144357,-0.5353443800000051,0.181783057,-82278583086.0,-77790551674.0,-117000000000.0,782000000000.0,495495575.0,-0.0606246218164336,0.0,0.0,0.036,0.0289999999999999,0.0,0.0069999699999999,13.01000023,0.0011158628376328,0.0050006888799511,0.0073143146494931,0.0,0.0
2024-04-02,1,0.000447803,61.53308364,-0.0072715409858892,-0.0285019733389741,-0.7042700499999981,-0.197570017,-43473379591.0,-4839075428.0,128000000000.0,271000000000.0,397600506.0,-0.1033783544538344,0.1299999999999999,0.1099999999999994,-0.032,-0.0310000000000001,0.02,-0.0009999299999999,13.01000023,0.0,-0.0141285545612799,-0.00355996786576,-0.0033319560047919,0.0044853203093992
2024-04-03,0,0.001926845,60.64522038,0.0028196417801149,-0.0345661375538117,-0.503954499999999,0.585493224,19967817486.0,-117000000000.0,-253000000000.0,1010000000000.0,630392908.0,0.2600768063598906,0.0300000000000002,0.0,0.044,0.0420000000000002,0.03,0.0019998599999999,13.64999962,-0.002015614502989,0.0008995334726744,0.0120053951407221,0.0075680295360598,-0.0019061853229551
2024-04-04,1,-0.016919394,48.04080666,0.0469443157231914,0.0872753606155747,-4.448713170000001,0.01651882,-99269272338.0,56271725959.0,-596000000000.0,531578062.0,640806255.0,0.0151518050206043,0.0,-0.0299999999999993,0.0270000000000001,0.008,0.03,0.01899981,14.60999966,-0.0072653882150266,-0.0097630963827679,-0.0063214681114853,-0.0035473709234317,-0.0054527298330606
2024-04-05,0,0.012857664,63.23236752,-0.0276767989108628,0.0310792064834259,-1.0095524900000008,-0.254138435,-4016363006.0,-43559657516.0,-33795731478.0,586000000000.0,477952756.0,-0.1028573854397087,-0.0500000000000007,-0.0200000000000004,0.0049999999999998,-0.0030000000000001,-0.03,0.00800014,14.32999992,0.0010905273733445,0.0081108453903731,0.0,-0.0043701506486977,-0.0012477546209286
2024-04-08,1,-0.010186661,54.84474292,0.0307292206518492,0.0014693454354333,-3.3148360199999978,0.299355535,-62186516304.0,60407304303.0,-383000000000.0,-113000000000.0,621030559.0,-0.0601039240697041,0.08,0.08,-0.024,-0.0089999999999998,0.0,-0.0149998699999999,16.35000038,-0.0124110355351643,-0.0198333253029492,0.0,0.0048364600755315,0.0017272856707002
2024-04-09,0,0.00126658,61.53210665,-0.0487620470380565,-0.0172667789033678,-2.5919134400000026,-0.000608719,35816006554.0,51208702671.0,-205000000000.0,206000000000.0,620652526.0,-0.0639487246002765,0.0300000000000002,0.0599999999999996,0.0550000000000001,0.0539999999999998,-0.03,0.0009999299999999,16.03000069,0.011038050171594,0.0090622251554819,0.0039307631367559,-0.0008068943986563,-0.0015352497554044
2024-04-11,1,-0.004606473,53.06430854,0.0021006608895235,-0.0065950893304203,-3.2667474,-0.242436555,16762606397.0,-3594160472.0,53173111089.0,304000000000.0,470183666.0,-0.0582689081239742,-0.0599999999999996,-0.08,0.0150000000000001,0.008,0.0199999999999999,0.0069999699999999,15.18999958,-0.0003747011840165,0.0107708054762003,0.0183681066837362,0.0029210341481791,9.60401360075025e-05
2024-04-12,0,0.000665192,36.85217128,-0.0211162834460481,-0.0039799124223982,-2.618289449999999,0.193859746,104000000000.0,98875013081.0,-1300000000000.0,1070000000000.0,561333352.0,0.2468600779315259,0.1999999999999993,0.25,0.0819999999999998,0.0750000000000001,-0.0499999999999999,0.00699997,14.97999954,0.0014444493715881,-0.0083443478107927,-0.0020687911124337,0.0070199767801648,0.010791274069545
2024-04-15,0,-0.009330526,33.39799221,0.0215722929912081,-0.0019097550792217,-4.22945543,-0.083298275,-38180264801.0,38901923580.0,-556000000000.0,14607221018.0,514575252.0,-0.072906770808089,-0.0599999999999996,-0.0699999999999994,-0.0470000000000001,-0.0630000000000001,0.0099999999999999,0.0160000299999999,14.90999985,-0.0020847597227451,0.0020495330695808,-0.0008026259225957,0.0029872302458775,0.0071929337293576
2024-04-16,0,-0.004256211,33.33163623,0.0197101189647028,-0.0936527741649291,-4.346719432,0.09206577,-9752284617.0,52468571584.0,-31416184970.0,-238000000000.0,561950019.0,-0.1251631429540047,0.1299999999999999,0.08,0.0230000000000001,0.0369999999999999,0.05,-0.0139999399999999,17.30999947,-0.0146575879291841,-0.0073835650113753,-0.013927210668772,0.0085680112203823,0.0016018679514813
2024-04-17,0,-0.023031079,19.61837675,0.0589256875356607,0.1165057618250404,-8.330589116999999,0.01470248,-91530079344.0,22980198501.0,-79588663622.0,-270000000000.0,570212078.0,0.158224005214894,0.04,0.0499999999999998,0.0569999999999999,0.0289999999999999,-0.01,0.02799988,19.22999954,-0.0120941957818789,-0.0196032623639847,-0.0271533459244306,0.0058252737040698,0.0004706829259735
2024-04-18,1,-0.009800187,17.88836399,0.0521905236259856,-0.0056396392263717,-8.536968241,-0.273343854,-26296801166.0,-39210361102.0,-129000000000.0,-169000000000.0,414348111.0,-0.2292597783316452,-0.08,-0.0600000000000005,0.0140000000000002,0.0060000000000002,-0.0199999999999999,0.0080001299999999,18.39999962,-0.0020586245337792,-0.0133294776407364,0.0155240251419019,-0.0002378931970463,-0.0029216853304196
2024-04-19,0,0.019361089,31.92462757,0.0837533863205002,0.052151538219376,-2.5410913400000013,0.155516802,44505115327.0,18849862974.0,-81879476001.0,575000000000.0,478786204.0,0.0805145170712933,0.0499999999999998,0.0600000000000005,-0.0700000000000002,-0.048,-0.01,-0.02200007,18.20999908,-0.0057973750140689,0.0031008997579426,0.0043376674636128,-0.0056380816283159,0.0018859468249887
2024-04-22,1,-0.016393499,27.85269249,0.109203582272841,-0.1108923235013277,-5.262019139999998,0.690678259,-7212402476.0,65608826735.0,-630000000000.0,-349000000000.0,809473426.0,0.2782033284972378,-0.0199999999999995,-0.0200000000000004,0.0210000000000003,0.0409999999999999,0.0,-0.0199999799999999,18.0,-0.0022106017503471,-0.0269177633868302,-0.038875734644348,-0.0001014991242449,0.0
2024-04-23,0,0.014395067,34.65103783,0.0233767695297304,0.0725641751634222,-0.9185892000000032,-0.503514047,7751327836.0,147000000000.0,631000000000.0,-750000000000.0,401892185.0,-0.2411620568168864,0.0,0.0,0.0669999999999997,0.044,0.0,0.023,18.70999908,-0.0087971297110076,0.0099389604206958,-0.0059529390692301,-0.0039733537509016,-0.0006596588743343
2024-04-24,1,-0.00244454,33.18082944,-0.0017418651345484,-0.0007644437636713,-1.01510081,0.070624862,17371773643.0,36406688137.0,42341247741.0,-25292878480.0,430275765.0,-0.1003227216278688,-0.0099999999999997,-0.0499999999999998,-0.0249999999999999,-0.0230000000000001,0.04,-0.00200009,16.94000053,0.0086933513198115,0.0030283958273642,0.0096415096860997,0.0035672556523111,-0.003683239676703
2024-04-25,0,0.019903382,46.03223066,0.0138499213594109,0.0840604075859667,3.63936352,-0.242951469,41659091754.0,56511371856.0,222000000000.0,492000000000.0,325739636.0,0.0248151691197229,0.04,0.0200000000000004,0.02,0.02,0.0199999999999999,0.0,15.68999958,0.0118935665607473,0.0238898675010812,0.0268048903406352,-0.0060815124686941,0.0016071683685296
2024-04-26,1,-0.017770677,36.02041652,0.0121989712842807,0.046981649516308,-0.7214796199999967,0.025550231,-54408070716.0,43689175152.0,-408000000000.0,-289000000000.0,334062359.0,-0.1262748718066966,0.0499999999999998,0.0699999999999994,0.0619999999999998,0.0340000000000002,-0.0199999999999999,0.0280001099999999,15.97000027,0.0002129873532741,-0.0218595486429897,-0.0137199487091006,0.0047243831094405,-0.0024591150300885
2024-04-29,1,0.010486462,42.86208059,-0.0050608444758211,0.0269384810310215,1.8402573799999988,0.348612515,-31278545362.0,68613364520.0,21394724435.0,473000000000.0,450520678.0,0.1164225753636856,-0.0300000000000002,-0.0099999999999997,-0.0129999999999999,-0.012,-0.02,-0.0009999299999999,15.36999989,-0.0045869342823294,0.0081066645228791,0.0131619446078943,-0.003834601175952,0.0032145617030971
2024-04-30,1,0.011643546,46.51243281,0.0192079768122512,0.0275850472954148,4.097561949999999,0.044449358,24783141696.0,81079168766.0,254000000000.0,345000000000.0,470546033.0,0.0388398333162633,-0.04,-0.04,0.0100000000000002,0.0209999999999999,0.0,-0.01100015,15.02999973,0.0101573813198196,0.0,0.0184666213528679,0.0039217416179324,-0.0034039423265594
2024-05-02,0,0.001717676,48.45970877,-0.0224698102919274,0.0008746821761409,3.706267435,-0.022234843,59908474116.0,11678673739.0,173000000000.0,238000000000.0,460083516.0,0.0734274685548186,0.0600000000000005,0.0700000000000002,-0.048,-0.0230000000000001,-0.0099999999999999,-0.02500009,14.67000008,0.0031734080888163,0.0123369612316519,-0.004838101572318,-0.0017806628297591,0.0060434498474073
2024-05-03,0,-0.00312895,47.30113701,-0.0698080715008866,-0.0008967428771775,2.318008968,-0.236905349,19372105745.0,-2122962625.0,-146000000000.0,2674010328.0,351087270.0,-0.2209336056634079,-0.1100000000000003,-0.1600000000000001,-0.0180000000000002,-0.02,0.0499999999999999,0.00200009,15.64999962,-0.0158555512240337,-0.004425529688568,-0.0085753494563896,0.000261841550234,-0.0086989777119352
2024-05-07,1,-0.002619275,49.37275653,-0.0095849191610866,-0.0425134562062545,1.314820123,-0.035533168,-13838084914.0,12629640424.0,57001136004.0,94476971612.0,338612027.0,-0.1433555882605723,-0.08,-0.08,-0.024,-0.0089999999999998,0.0,-0.0149998699999999,14.68000031,0.0056456712584189,0.0,0.0053205313339841,-0.0075630625379616,-0.0025674363702483
2024-05-08,1,0.021338947,56.94787752,0.0288846507141342,0.0493803497865652,5.679123891,0.571720381,-23927915909.0,-41010585708.0,793000000000.0,1120000000000.0,532203424.0,0.3554002465067327,-0.0300000000000002,-0.0300000000000002,-0.0779999999999998,-0.052,0.0,-0.02600002,13.48999977,0.0124785577090271,0.0155451979921217,0.015772832165311,-0.0091799266791099,0.0036115311587545
2024-05-09,0,0.003901863,66.51627714,-0.0904697216234575,-0.0152478370191859,5.281229621,-0.18017211,3997296237.0,-11754431659.0,90059882225.0,400000000000.0,436315210.0,-0.0837698830654574,0.0100000000000006,0.0300000000000002,-0.0060000000000002,-0.0089999999999998,-0.0199999999999999,0.0030000199999999,13.22999954,0.0116157018720226,-0.0164269329298338,0.0022721113229984,0.0041034309401393,0.001327260296164
2024-05-10,1,-0.012061356,65.32748609,-0.0065213529520957,0.0239893573900928,1.4312336739999996,-0.028659714,68042480247.0,-179000000000.0,84720280682.0,-359000000000.0,423810541.0,0.0748012130826971,-0.0300000000000002,-0.0300000000000002,0.0260000000000002,0.0139999999999997,0.0,0.011999846,13.0,-5.835550858535044e-06,-0.0033664625700922,-0.0067734581496612,0.0030959377313681,-0.0030363406013975
2024-05-13,0,0.005695106,62.15120136,-0.0497534744483276,0.0012471564309946,2.259525078000001,0.383008154,-4277000835.0,30362348178.0,400000000000.0,148000000000.0,586133434.0,0.0440599897940288,0.0499999999999998,0.0500000000000007,-0.0180000000000002,-0.0129999999999999,0.0,-0.004999876,12.68999958,0.0050780325910384,0.0040661295378487,0.0071757861355301,0.0025373330063391,0.0007598955397485
2024-05-14,1,-0.000153963,69.90614836,-0.1159713186592612,3.507615140474485e-05,1.6135549699999991,0.066783904,-12863342247.0,-47682492630.0,73704563018.0,20102584195.0,625277713.0,0.1216071320947875,-0.0199999999999995,0.0099999999999997,0.016,0.012,-0.03,0.0039999499999999,12.55000019,0.0016480401460245,-0.0012995517853404,0.0071630546074104,0.0034435740602729,-0.0008549508953095
2024-05-16,1,0.001147081,66.51284031,-0.0546054524716854,-0.0156637314164553,1.3722597400000005,-0.291042137,10175792200.0,-12775451031.0,114000000000.0,84516691286.0,443295551.0,-0.3223736175852671,-0.0300000000000002,-0.04,-0.008,0.0020000000000002,0.0099999999999999,-0.00999999,13.60000038,-0.0002413331918109,0.0046147975343089,0.0061246733725788,-0.0046234004187102,-0.0019978039913404
2024-05-17,0,0.00826505,70.19826546,0.0471160508907462,0.0031877967186222,2.72550405,0.177185988,20138752277.0,-68611125297.0,681000000000.0,426000000000.0,521841311.0,0.3375254226058715,-0.0700000000000002,-0.04,-0.0879999999999996,-0.0790000000000001,-0.03,-0.0090000649999999,13.42000008,0.0048261485452076,0.0146024850365868,0.0150586594180825,-0.0074999250815466,-0.0052513893235826
2024-05-20,1,-0.010362214,58.21594625,-0.0595411647179271,-0.0812296888959007,-0.316872270000001,0.103661795,-6162987108.0,-85629787897.0,-18961498104.0,-241000000000.0,575936318.0,-0.189868762429338,0.04,0.0199999999999995,-0.004,0.004,0.02,-0.007999895,12.42000008,0.0095639903364119,-0.0034200739708243,-0.002151604803501,-0.0056007147024512,-9.575606911216283e-05
2024-05-21,0,0.006409586,71.19487578,-0.0362287083722394,-0.0266109417722448,0.9646218400000032,0.01065185,50160158193.0,-152000000000.0,465000000000.0,-16080521471.0,582071105.0,0.1278333715098831,0.0200000000000004,0.0200000000000004,0.0429999999999997,0.0329999999999999,0.0,0.00999999,11.98999977,0.00116409571139,0.0072518027838803,0.0006188633432469,0.0054455896365146,0.0011482424183038
2024-05-22,0,-0.006571158,63.14664613,-0.0270091112721408,-0.0437362304344732,-0.8726437600000025,-0.036511215,-68433902903.0,-223000000000.0,29634389785.0,-107000000000.0,560818982.0,-0.1743533871447766,-0.0300000000000002,-0.0099999999999997,-0.0059999999999997,-0.0009999999999998,-0.02,-0.0050001199999999,12.14999962,0.0009159702554253,-0.0031467684193451,-0.001641128978477,0.0049897978105821,0.0008603355550258
2024-05-23,0,-0.000264324,57.91091865,-0.0147101466397399,-0.0783683952488294,-0.9268823299999998,-0.135685678,-9654005532.0,-82718762426.0,114000000000.0,294000000000.0,484723878.0,0.166321215447514,0.0199999999999995,0.0299999999999993,-0.0129999999999999,-0.0020000000000002,-0.0099999999999999,-0.010999914,11.85999966,0.0024987496845891,-0.008504718301193,0.0147275639664936,0.0023939164361008,0.0026717448321456
2024-05-24,0,-0.000605995,56.62023405,0.0182130155419955,-0.0377511405746844,-1.0329967599999996,-0.116859143,-18517954611.0,-120000000000.0,-266000000000.0,362000000000.0,428079461.0,-0.0840831172105431,0.04,0.0700000000000002,-0.0060000000000002,-0.0069999999999996,-0.03,0.0009999239999999,12.28999996,-0.0027097910917106,0.0125095606240837,0.0025764872267721,0.0017514211119946,0.0016186454147915
2024-05-27,1,-0.012648483,50.78849441,0.0643867632453343,0.0478202199374857,-3.70174638,0.171835551,-56139454255.0,19663305533.0,-751000000000.0,-314000000000.0,501638731.0,0.0840831172105431,-0.0099999999999997,0.0,0.0430000000000001,0.0209999999999999,-0.01,0.0220000799999999,12.77000046,-0.0074081623066764,-0.0117586774803459,-0.0019498338324446,0.0013242967471356,-0.0037172934827953
2024-05-28,0,0.013081899,58.31244545,0.0202254554301677,-0.0551572132869955,-0.1983368900000002,0.10978255,24060689470.0,-31889385495.0,376000000000.0,-137000000000.0,556709910.0,0.2423134674219298,0.0,0.0,-0.0169999999999999,-0.0100000000000002,0.0,-0.0070002099999999,11.93000031,0.0069766490586715,0.0065486455861734,0.010995480223114,-0.0013975878080181,0.0
2024-05-29,0,-5.14e-05,47.39909458,-0.099720830925412,-0.1119566671623752,-0.2855249900000007,-0.207923714,-9950412122.0,91413317565.0,-15319724316.0,44235878679.0,440956718.0,-0.3090048419206042,0.08,0.04,-0.0170000000000003,-0.0189999999999996,0.04,0.0020000899999999,11.93000031,0.0,-0.0011484334282485,0.0025028827654622,-0.0035060821158392,-0.0010509779695144
2024-05-30,0,-0.016870319,36.77426304,0.0691909880202952,0.0749437780228419,-3.973043514,-0.004480721,-28666562594.0,19495675617.0,-228000000000.0,-1030000000000.0,438980914.0,0.1216071320947875,0.0700000000000002,0.04,0.0550000000000001,0.0309999999999996,0.03,0.02400017,12.92000008,0.0002487708656513,-0.0077119967341179,-0.0090030967910248,0.0013437331211338,0.0046731085195244
2024-05-31,1,-0.015758713,35.53264288,0.0069043754876725,0.028033153761739,-6.522493833,-0.150892474,-35263388378.0,-11311011216.0,-347000000000.0,-785000000000.0,372741998.0,-0.1656671218888163,-0.0600000000000005,-0.0499999999999998,0.028,0.0150000000000001,-0.01,0.012999774,14.27999973,-0.0073943172632962,-0.0131247313514641,-0.0138529031147864,0.0057000925061929,-0.0036221305500099
2024-06-03,1,0.000409744,31.82669064,-0.0055755283105334,-0.0015303132890212,-5.020168097,0.646494874,1846432380.0,35726932921.0,1020000000000.0,-1340000000000.0,613717789.0,0.390336226511863,-0.04,-0.0499999999999998,0.0139999999999997,0.012,0.01,0.0020003359999999,14.47000027,-0.0059929575659545,0.0113342744821274,-0.0089453148995914,0.0036923800630921,-0.000477606390886
2024-06-04,0,0.017296785,42.45738142,0.067006213153979,0.0809874236948848,-0.2025667800000006,0.274737601,14675655173.0,-87898380882.0,239000000000.0,189000000000.0,782329142.0,-0.158224005214894,-0.0999999999999996,-0.0700000000000002,-0.0459999999999998,-0.0179999999999997,-0.03,-0.0280001199999999,12.92000008,0.007995824392518,0.0112422727571406,0.0169767948802874,0.0046995293172003,-0.0050763846966095
2024-06-05,1,-0.007641337,39.1177934,0.0215725158359942,0.0118876787476649,-1.724239667,-0.011337079,-51292937456.0,-56759701617.0,-146000000000.0,-211000000000.0,773459815.0,-0.105360515657825,-0.08,-0.0700000000000002,-0.0619999999999998,-0.044,-0.01,-0.01800013,13.10999966,0.0011154600874174,-0.0022008694166064,-0.0083995103057823,-0.0082168198307224,-0.0002881037234807
2024-06-07,1,0.010239981,40.02448469,-0.0167479493273821,-0.0933071078290206,0.9179027630000008,0.139659946,23426254515.0,-28481749691.0,-278000000000.0,592000000000.0,881481171.0,0.0763729787845726,-0.04,-0.0499999999999998,-0.04,-0.0449999999999999,0.01,0.0050001199999999,13.15999985,0.0015016811160908,-0.0089823361285024,0.0059877503455947,0.0021351229198609,0.0015356179440511
2024-06-10,0,0.012257685,49.69817697,0.0251552064570836,0.0395087799990285,3.4377834019999995,-0.110734673,7850912166.0,-75792233751.0,250000000000.0,286000000000.0,783870642.0,-0.0843411484337508,0.1399999999999996,0.1500000000000003,-0.0450000000000003,-0.0370000000000003,-0.01,-0.00800014,12.63000011,0.0117780157735261,0.0050213274446004,0.0172349394392501,-0.0061848053019764,0.0059285200593857
2024-06-11,1,-0.007928004,43.7364278,0.0035669636522577,-0.0213826369703191,1.011738471,-0.353347793,2815508326.0,-42084005040.0,-469000000000.0,16955223849.0,506891681.0,-0.100925918589958,0.04,-0.0300000000000002,0.048,0.0450000000000003,0.07,0.00300026,12.22000027,-0.0013156786928636,0.0091153730794388,0.0,0.0100573297935193,0.0024757401608104
2024-06-12,1,0.001535246,46.98954818,-0.0099291414148532,-0.0089799863602006,1.145626767,0.102588582,6004198584.0,55170078788.0,-161000000000.0,-224000000000.0,558892980.0,0.0432968057533216,-0.08,-0.0499999999999998,-0.008,-0.012,-0.03,0.00399971,12.73999977,0.0025775300367136,0.0024721837970282,-0.0030360142906342,-0.0036978389338724,0.0007605466488538
2024-06-13,1,0.008410796,50.70220445,-0.0004681322376707,0.0201615582827816,2.72918395,-0.085676728,-31391354851.0,-39944640603.0,75504916231.0,234000000000.0,511008858.0,0.0,-0.08,-0.0899999999999998,-0.0429999999999997,-0.0340000000000002,0.0099999999999999,-0.00899982,12.85000038,0.0027067148261732,-0.006616436332969,0.0117170807839794,0.0024715596859072,-0.0055269998373965
2024-06-14,1,0.009746449,54.58881669,0.0381739068402611,0.0233649953528685,4.24748814,0.369892643,93869481202.0,146000000000.0,-365000000000.0,1540000000000.0,700027275.0,0.4815888035809657,-0.0699999999999994,-0.0600000000000005,-0.0369999999999999,-0.0299999999999998,-0.0099999999999999,-0.0069999699999999,12.03999996,0.0084677202537601,-0.0040270123674659,0.0118609230710795,-0.0050586226449169,0.0052418076104272
2024-06-17,0,0.001280548,60.73809355,-0.0468544613582313,-0.0162622992570806,3.5387284260000005,-0.07863697,-30296646285.0,26248186801.0,-387000000000.0,732000000000.0,644979251.0,-0.1646770928142444,-0.04,-0.0099999999999997,-0.0430000000000001,-0.0250000000000003,-0.03,-0.018000128,11.93999958,0.0023419113969271,0.0024270291612467,0.0085986951413357,0.0024269501341791,0.0033215328283668
2024-06-18,1,-0.005204836,53.41930871,-0.040869219272023,-0.0222150644658487,1.5191850220000005,-0.079063292,-38586060425.0,-105000000000.0,69937951278.0,-137000000000.0,593985068.0,-0.2592825979300848,0.08,0.0899999999999998,-0.0190000000000001,-0.0399999999999995,-0.01,0.0210001479999999,12.65999985,-0.0003939381486972,-0.0185170385607289,-0.0003640521136851,0.0061973906391656,-0.0021814718846489
2024-06-19,1,0.007196746,56.25359665,0.0275107543737767,0.0027739925684615,2.64299979,-0.053890171,-61083195488.0,-86674294484.0,4851659863.0,649000000000.0,561975111.0,0.0620353909194548,-0.0600000000000005,-0.0700000000000002,-0.004,0.0019999999999997,0.01,-0.0060000399999999,12.75,0.0076351642233891,0.0099150827803367,0.0115306278828377,-0.0023321802870004,-0.0005698319034159
2024-06-20,1,0.012015485,68.97829576,-0.0228465671355651,0.0185734103257519,4.57749083,0.150773652,-33536889816.0,-40867759683.0,737000000000.0,276000000000.0,646706151.0,0.0584107621564129,0.0,0.0,-0.048,-0.052,0.0,0.003999946,12.30000019,0.0025181542386842,0.0023010791902233,0.019671688684232,-0.0003264161388525,0.0
2024-06-21,0,0.003675251,80.24384094,-0.0587078660500104,0.0005850241880658,4.19739178,0.172349851,-54302043687.0,-12058234062.0,238000000000.0,497000000000.0,758165860.0,-0.0361050046421169,0.0300000000000002,0.0200000000000004,0.0380000000000002,0.0340000000000002,0.0099999999999999,0.003999948,12.30000019,0.0,0.0016128179860448,0.0084332949440675,0.0018407685515731,0.003130134900994
2024-06-24,0,-0.008358537,74.06508365,0.0029698889479097,0.0231593606326878,1.165859619999999,-0.167539181,-20531474845.0,-55625807230.0,131000000000.0,-342000000000.0,631143373.0,0.0640788566845245,0.0,0.0,-0.0140000000000002,-0.02,0.0,0.0060000419999999,13.27999973,-0.002529127344097,-0.0009465499135892,-0.0065457005408351,0.0076957015581475,0.0019869139475403
2024-06-25,1,-0.007039158,64.65474321,-0.0682854125978207,-0.0323584080455177,-0.9162462299999988,-0.058587422,-18088421801.0,-40610700848.0,69441491634.0,-530000000000.0,594166310.0,-0.2672035411082412,0.0,0.0099999999999997,0.0089999999999998,0.0179999999999997,-0.0099999999999999,-0.009000066,13.19999981,-0.0015633517759745,0.0053792554824774,-0.0190897564400955,-0.0024673911598318,-0.0031239850585995
2024-06-26,1,0.003487891,70.81527972,-0.0188271179479295,-0.0379685640418454,-0.2085418600000004,0.202091308,1104857609.0,-69786241878.0,246000000000.0,60954213464.0,714242157.0,0.0611544231533294,-0.0199999999999995,-0.0099999999999997,0.0070000000000001,0.0070000000000001,-0.01,0.0,13.32999992,-0.0030698791559728,0.0094514787011039,0.002725846724946,-0.0016435613719609,0.0013265057734974
2024-06-27,0,0.006345246,69.72195955,-0.0161550542269677,0.0075335740364437,0.9865000299999984,-0.250906198,25277874885.0,-57566702430.0,-200000000000.0,434000000000.0,535034373.0,-0.0432968057533216,0.0899999999999998,0.08,0.0070000000000001,0.0139999999999997,0.01,-0.0069997299999999,12.84000015,0.0039258737707363,0.0125298569650933,0.0048282836072051,0.0034425889239058,0.0041576408025223
2024-06-28,1,-0.002865796,63.07232423,-0.0254560630792402,-0.1010910213999531,-0.1346212700000002,-0.257675316,-8276939954.0,-49150461166.0,-668000000000.0,514000000000.0,397169222.0,-0.0926588304827049,-0.0300000000000002,-0.04,0.0219999999999997,0.0050000000000003,0.0099999999999999,0.0169997199999999,12.55000019,0.0015711961048303,-0.0082404460651144,-0.0035172964810037,0.0017886129189568,-0.0013209984512858
2024-07-01,1,0.004930252,71.28205514,-0.0495610572690181,-0.1290895050403868,0.7235842100000021,0.537255175,-8248546170.0,-67354281714.0,307000000000.0,32153817876.0,610550442.0,0.0657513775627798,0.0700000000000002,0.0299999999999993,-0.0339999999999998,-0.0380000000000002,0.04,0.00400019,12.23999977,0.0009069098853551,0.0061207727748673,0.0054973753541958,-0.0046253973921297,-0.0003777599326362
2024-07-02,0,0.002316973,71.57496161,0.0119139214951387,-0.0028900431339158,0.8077768600000006,-0.24786175,-18725047300.0,31781348253.0,126000000000.0,-63341087773.0,459218341.0,-0.1003227216278688,0.1200000000000001,0.0600000000000005,0.0459999999999998,0.028,0.06,0.0179998899999999,12.43999958,-0.0040920135140165,0.0012114116963051,0.0011421065055472,-0.0048134060526869,0.0002833149134033
2024-07-03,1,-0.008397269,61.453914,0.010563482990634,-0.0491643384039912,-1.52383704,0.173389974,-59832305081.0,-2260295343.0,-195000000000.0,-33276899038.0,538842197.0,0.1534325469418149,-0.0500000000000007,-0.04,-0.0229999999999996,-0.0409999999999999,-0.0099999999999999,0.018000124,12.22000027,0.0026719911129351,0.0111318794739965,-0.0078019206408495,0.0022650757454467,-0.0017011656848406
2024-07-04,1,0.004717572,59.03719646,-0.0670065677203881,-0.0462882379748492,-0.4135880000000007,-0.368390256,15688502665.0,31642026271.0,124000000000.0,101000000000.0,340337982.0,-0.128617377822092,-0.0699999999999994,-0.0599999999999996,-0.0150000000000001,-0.0089999999999998,-0.0099999999999999,-0.0060002839999999,12.02999973,0.0061762057935936,0.0125491068905105,0.0127276029842064,0.0,-0.0030314507480655
2024-07-05,1,0.011009261,63.64013192,0.0364783352774629,0.0068736621354288,1.8793284299999973,0.156904727,-5162319581.0,73082580326.0,1010000000000.0,322000000000.0,393738620.0,0.2502245099168796,0.0,0.0,-0.04,-0.032,0.0,-0.00799989,12.09000015,0.0050715622861208,0.0081696050273194,0.0149954589506808,0.0016972302440771,0.0
2024-07-08,0,0.01311393,72.1374898,0.0769157505221493,0.0093848544443133,4.161715070000003,-0.039568064,-7108346526.0,-9650906892.0,1280000000000.0,1310000000000.0,378159145.0,0.0,-0.08,-0.0900000000000007,-0.0070000000000001,-0.0129999999999999,0.0099999999999999,0.0060000399999999,12.09000015,0.0,-3.12211203095103e-05,0.0014469491598312,-0.0039913140817358,-0.0049458366270238
2024-07-09,1,-0.00156293,68.65906975,-0.0396158993799757,-0.0528252255524073,2.57119994,0.124012468,-28226073262.0,-47534558080.0,-205000000000.0,528000000000.0,425055594.0,-0.2760452095386227,0.0,0.0100000000000006,-0.0149999999999996,0.004,-0.0099999999999999,-0.0190000549999999,12.47999954,0.0054339742033402,-0.0032235778021849,0.0135582264958102,-0.0026697834881916,0.00123879000426
2024-07-10,1,0.003360575,65.38410396,-0.0394576842035507,-0.0008971154137125,2.4197445700000024,0.073810646,-53028077615.0,-65384088183.0,135000000000.0,327000000000.0,456429222.0,0.1193467576325666,0.0199999999999995,-0.0300000000000002,-0.0210000000000003,-0.0050000000000003,0.0499999999999999,-0.016000035,12.36999989,0.0010161826110586,0.0194145049900669,0.0009179783899178,0.0044794111988251,0.0010469767052345
2024-07-11,1,0.000212753,63.8453483,-0.0101702364571627,-0.0158602526506381,1.5547797899999978,0.035150438,-67403242003.0,-71942289050.0,171000000000.0,527000000000.0,472472909.0,0.0521857531705691,-0.0199999999999995,0.0099999999999997,0.0070000000000001,0.0060000000000002,-0.03,0.00100017,12.51000023,0.0007407973323321,0.0060379005780415,0.0044669806168862,-0.0002386515088161,-0.0006661236204648
2024-07-12,0,0.008112122,74.56533062,-0.005354605287049,-0.0130998325212932,2.674197339999999,-0.021707141,192000000000.0,-24089116123.0,-219000000000.0,610000000000.0,462216873.0,0.2129219972426739,-0.08,-0.1200000000000001,0.036,0.0429999999999997,0.04,-0.00700021,12.85000038,0.0101563149177827,0.0093279255765192,0.0158256233627689,0.0004121963839454,-0.0058236899901373
2024-07-15,1,-0.011951432,69.81829203,0.056949113419253,0.1101708834534331,-1.0829043800000022,-0.116911693,-39330074671.0,-15959715340.0,243000000000.0,-550000000000.0,408178316.0,-0.0348467313301696,-0.0200000000000004,-0.04,-0.0569999999999999,-0.0619999999999998,0.0199999999999999,0.0050001149999999,12.92000008,-0.0088016499360836,-0.0247772326468975,-0.0195878501366824,-0.0085104824493686,-0.0033568928294149
2024-07-16,1,0.001371101,69.05527652,0.02232807961912,-0.0260720753812,-0.9612827499999952,0.039883505,-31056527583.0,-72565329112.0,207000000000.0,-76964828774.0,424457898.0,-0.1447388456449125,0.0500000000000007,0.0100000000000006,0.0,-0.0249999999999999,0.04,0.025000095,12.46000004,0.005501864097372,0.0,-0.0015721018710443,0.002068905585264,0.0009603044777177
2024-07-17,0,0.001805538,67.25391938,-0.0379111201630593,-0.0148076019887994,-0.7553057800000005,0.597107337,2143664276.0,-51740833718.0,192000000000.0,188000000000.0,677904823.0,0.0401660417253353,-0.0600000000000005,-0.0200000000000004,-0.04,-0.0409999999999999,-0.04,0.0009999299999999,13.11999989,0.0028222163898838,0.0020468730706664,0.0049247789180455,0.0069475631237301,0.0007674777349162
2024-07-18,0,-0.007986916,62.91144226,-0.0090425325378875,-0.0155237818269293,-2.8165625500000004,-0.190012961,4754932181.0,-197000000000.0,352000000000.0,-257000000000.0,549094120.0,0.0902868466721003,-0.0099999999999997,-0.0199999999999995,0.0019999999999997,0.0149999999999996,0.01,-0.0130000099999999,13.18999958,0.0063690498885637,-0.0043069328661875,-0.0095225186347285,-0.000759075068494,-0.0049994970830402
2024-07-19,0,-0.006683562,55.65551562,0.077547418328395,0.0234900807004345,-4.091480940000004,0.199019523,-65524507563.0,-85407403428.0,383000000000.0,-349000000000.0,658374570.0,0.1089511837885552,0.04,0.0499999999999998,-0.0009999999999998,0.008,-0.01,-0.0090000699999999,14.47999954,-0.0140254413846214,-0.0239186852303845,-0.0157460562876217,-0.0028899490604858,0.0040400036061019
2024-07-22,0,-0.010281626,48.27785738,0.0636024838403477,0.0194066039915172,-5.83746983,-0.352636066,-102000000000.0,-108000000000.0,-73813572200.0,-420000000000.0,426207952.0,-0.4801191350298524,0.0499999999999998,0.04,0.0180000000000002,0.016,0.01,0.0020001,15.93000031,-0.0078471121841428,-0.0015603542333195,-0.0228770248723613,0.004768625708321,0.0022055270994441
2024-07-23,1,-0.011495044,46.7319486,0.0334846586804373,0.041365939691536,-7.382973739999999,0.088384803,-83764592286.0,-93564874878.0,152000000000.0,-85368275960.0,463878258.0,0.0906543682681295,0.0099999999999997,0.0099999999999997,-0.0110000000000001,-0.0029999999999996,0.0,-0.00800014,16.52000046,-0.0071658792714952,-0.0116690449715619,-0.0271375137423497,0.0025739052345201,-0.0008624781368151
2024-07-24,0,0.003893258,46.25210078,0.0195695386854239,0.0014272117816789,-5.10104276,-0.087253548,25867469004.0,13683039498.0,-106000000000.0,247000000000.0,423403234.0,0.0909717782057271,-0.0099999999999997,-0.0300000000000002,0.0259999999999998,0.0129999999999999,0.0199999999999999,0.0130000099999999,14.90999985,0.0107342172012927,-0.0001164079468889,0.0272503256347054,-0.0012320883564447,0.0013412466437632
2024-07-25,0,-0.005631708,36.63265346,-0.0029267947774171,-0.0075397113018809,-5.357874150999999,0.108213725,16199577051.0,-12685965214.0,6181282757.0,-264000000000.0,469221275.0,-0.0354019270509162,0.0300000000000002,-0.0199999999999995,-0.04,-0.0380000000000002,0.05,-0.0019998499999999,14.72000027,-0.0015593177165165,-0.011163120360436,0.0,-0.0018256363664539,-0.000574578650772
2024-07-26,1,-0.017574743,20.68089133,0.0179125803736099,0.1164943423037225,-8.08903252,-0.061597676,-45715442104.0,-21567374341.0,-267899826.0,-677000000000.0,440318335.0,0.2104507245157911,-0.0100000000000006,0.0199999999999995,-0.0029999999999996,-0.0219999999999997,-0.03,0.01900005,18.04000092,-0.0234212421208468,-0.0333779888617389,0.0,-0.0013876181358032,-0.0002874136546733
2024-07-29,1,0.00780888,27.13966311,0.0318869222751301,0.0165049405397157,-4.607638735,0.172941411,66778146327.0,5130738888.0,286000000000.0,-47288785165.0,516467609.0,-0.0524464753725446,-0.0699999999999994,-0.0599999999999996,-0.02,0.0,-0.01,-0.01999998,18.45999908,-0.0051558890253264,-0.0053510796367817,-0.0334599483194377,-0.0008827313571186,-0.0003833707152809
2024-07-30,0,0.012235007,32.98479886,0.0507824490524915,0.0568746111113922,-0.8399538330000009,-0.116080685,31245544893.0,21975444038.0,-95649741562.0,447000000000.0,456515695.0,-0.1670540846631638,-0.0300000000000002,-0.0099999999999997,-0.0620000000000002,-0.0459999999999998,-0.02,-0.01600003,16.38999939,0.0110294204436005,0.0210478070194888,0.0020449648327964,0.0004775880093266,0.0022979510600622
2024-07-31,1,-0.009935212,30.09328424,0.0409414048363649,0.008478188457893,-2.742212670999999,-0.139420409,-7090627249.0,-100000000000.0,-177000000000.0,-245000000000.0,392868090.0,-0.0755075525081458,-0.0199999999999995,-0.0300000000000002,0.0060000000000002,0.016,0.01,-0.009999992,16.60000038,0.0008129794974198,0.0014889443382095,0.002661982261392,-0.0005283113715988,-9.559083711074834e-05
2024-08-01,1,0.011799269,31.99965327,0.0171445949062194,0.0390840249105082,0.5722321499999996,0.418007904,4047743517.0,-53944809039.0,62441095900.0,149000000000.0,557090057.0,0.1790482314489843,-0.0600000000000005,-0.0600000000000005,0.012,0.0099999999999997,0.0,0.001999855,17.69000053,-0.0049725144246544,0.0148370011824408,-0.0010904597196095,0.0015480099816693,-0.0043134943138261
2024-08-02,0,0.002519657,37.11502113,-0.0464638006265181,-0.0391371884785591,1.1275116940000007,-0.136882863,7930266188.0,25173277491.0,-214000000000.0,441000000000.0,480833975.0,-0.1126731625041124,-0.0999999999999996,-0.1399999999999996,-0.0540000000000002,-0.028,0.04,-0.0260000229999999,16.36000061,0.0156699808332341,-0.0252639506330947,0.0197479963903628,-0.0113251501210198,0.0030692495326283
2024-08-05,0,-0.037221903,27.21467985,0.1656420574357531,0.2502663774481091,-7.103963014000001,0.105964145,-132000000000.0,-109000000000.0,-328000000000.0,-848000000000.0,531785136.0,0.1838494409720077,-0.1900000000000004,-0.2599999999999998,-0.0339999999999998,-0.0369999999999999,0.07,0.0030002599999999,18.59000015,-0.0137881238084176,-0.0598976382544673,-0.0453558077809308,0.0007672409528698,-0.0116554718865726
2024-08-06,1,-0.091761016,16.56324294,0.3915092500893071,0.6818204609259344,-24.09381189,0.436252549,23447557100.0,236000000000.0,-419000000000.0,-1520000000000.0,763777757.0,0.3612446396287971,-0.02,0.0099999999999997,-0.0979999999999998,-0.133,-0.03,0.03499985,23.38999939,-0.0185529065727312,-0.1323407609419309,-0.0872148180916312,-0.008656929305105,-0.0050509742762416
2024-08-07,1,0.03247857,26.81767777,0.1222002701926259,0.0684442956506243,-11.983043540000004,-0.257288623,140000000000.0,237000000000.0,-767000000000.0,-174000000000.0,567266430.0,-0.1930168459107015,0.1200000000000001,0.0499999999999998,0.1149999999999997,0.129,0.07,-0.013999942,38.56999969,-0.0304270414924783,0.0973655879420949,0.0332342559584155,0.0075094622775262,0.0027229307410241
2024-08-08,0,0.018175323,32.22539359,0.0407274003374009,0.0233162664075701,-5.097351659999994,-0.1591417,64953210444.0,32426918201.0,-446000000000.0,-18716243874.0,476990686.0,-0.1682277937180956,0.06,0.0500000000000002,0.008,-0.0060000000000002,0.0099999999999999,0.013999942,27.70999908,0.0103008494878817,0.0118731320404794,0.0380108009655959,0.0021258906222687,0.002231127686163
2024-08-09,1,-0.004557906,33.01458695,0.0044689488313442,-0.0081323918025608,-4.266478970000001,0.03838297,43335833798.0,85226342980.0,-419000000000.0,-520000000000.0,495299005.0,-0.1302651948379001,0.0300000000000002,0.0499999999999998,-0.004,-0.0179999999999997,-0.0199999999999999,0.0139999359999999,27.85000038,-0.0077647153589506,-0.007393334744723,-0.0201679250865858,0.0036566356594365,9.69158490544686e-05
2024-08-12,1,0.012322397,37.53878448,0.003513065683288,0.0116861611217498,-0.106386030000003,-0.040959004,37718158055.0,34021210450.0,-116000000000.0,152537242.0,475012051.0,-0.1681614168968579,-0.0500000000000002,0.0,0.0150000000000001,0.0299999999999998,-0.05,-0.014999866,23.79000092,0.0227811396672716,0.0055500356640862,0.0282925402299767,-0.001142156997469,-0.0006784560522792
2024-08-13,1,0.011473783,39.19123247,0.0010159452802112,0.0092344479384096,3.008188770000004,-0.38299714,26044643926.0,3960511024.0,89921761727.0,78501696596.0,293083794.0,-0.246037371180062,-0.04,-0.04,-0.012,0.0050000000000003,0.0,-0.0170001999999999,20.37000084,0.0046607983112298,0.0,0.0140725666433461,-0.0072472877749012,0.0
2024-08-14,1,0.001221402,40.32656276,-0.0010555927685214,-0.0002839241884804,3.286566729999997,0.291549239,-7649488765.0,-2248875325.0,-28516764667.0,133000000000.0,378532151.0,0.1657374287784208,-0.0499999999999998,-0.0699999999999998,-0.0259999999999998,-0.028,0.02,0.0020000939999999,20.70999908,4.303315112430539e-05,0.0338947373579134,0.0010700313579992,0.004170719952774,-0.0056393130340541
2024-08-16,1,0.008735338,45.16554032,-0.0228147057734489,0.0059897332750105,5.046706440000001,-0.13151858,-3977404730.0,-29044198714.0,-95053747571.0,392000000000.0,328748140.0,-0.0112108797492176,-0.02,0.0099999999999997,-0.0290000000000003,-0.0300000000000002,-0.03,0.000999926,18.12000084,0.0167072334066773,0.0057769170424428,0.0105276910560174,-0.005395896825024,9.751962306481232e-05
2024-08-19,0,0.019743302,47.57766391,0.027506493288782,0.0198280119109086,8.73984333,0.17370063,-15559717124.0,-2357676377.0,233000000000.0,1210000000000.0,385851899.0,0.2332389819795608,0.06,0.1100000000000003,0.028,0.04,-0.05,-0.011999844,16.19000053,0.0038164365324036,0.0435003145671988,0.0145160233163395,0.0009832159911651,-0.0010730196673476
2024-08-20,1,-0.008515174,43.53285217,-0.0093653682293979,-0.0009782701255049,5.502969759999999,0.025359277,-22660691972.0,-37701027259.0,96704917440.0,-120000000000.0,395636824.0,-0.1902097296429623,-0.0300000000000002,-0.0100000000000002,0.012,-0.0009999999999998,-0.02,0.0129997739999999,14.80000019,0.0179922922882429,-0.0178676519937166,0.0026944690053731,-0.010713528184552,-0.0055786756296498
2024-08-21,1,0.008292662,47.03057308,-0.0010215409866054,0.0001819217241196,6.505129410000002,0.223820359,-13108035045.0,14505808864.0,890635336.0,293000000000.0,484188400.0,-0.0340505163713231,-0.04,-0.06,0.0140000000000002,0.0169999999999999,0.02,-0.0029997829999999,14.64999962,0.0096753274361773,0.0178742200869859,0.0008683899396526,-0.0135083551634895,-0.0044262797492695
2024-08-22,1,0.001667359,44.82285432,-0.0168752395907025,-0.0007020616761184,5.798632779999998,-0.138084194,-49926784595.0,-64132505607.0,164000000000.0,31111966566.0,417329635.0,0.0469262307313691,-0.0299999999999998,-0.0599999999999996,-0.0020000000000002,-0.004,0.03,0.001999853,15.88000011,-0.001986527271109,-0.0029236751846379,-0.0085615863953005,-0.0024826785006757,-0.0039510273986218
2024-08-23,0,0.002418297,44.78587354,-0.0024389031780156,-0.0002952082185792,5.34176665,0.058530636,-5964946296.0,7471486834.0,79186890455.0,68658227680.0,441756204.0,-0.0469262307313691,0.0699999999999998,0.0799999999999996,-0.0169999999999999,-0.0329999999999999,-0.01,0.016000034,16.27000046,0.0042307148156623,0.0068067848943886,-0.0040129420733254,0.0045693651092886,0.0046408495343568
2024-08-26,0,-0.002210976,52.21415919,-0.094173809115686,-0.0112897467438806,3.924200259999999,-0.251642062,-28194176229.0,14509555932.0,337000000000.0,-295000000000.0,330591762.0,-0.0766035631395603,-0.0499999999999998,-0.0899999999999998,0.0249999999999999,0.0129999999999999,0.04,0.0120000859999999,17.54999924,-0.0089729422673254,0.0040028064442925,0.000416219781405,0.004399232621969,-0.0078129348336464
2024-08-27,0,-0.001363014,87.18110809,-0.3443579571670758,-0.0026463830878413,2.952330770000001,0.009365397,7719858795.0,31745801309.0,343000000000.0,-467000000000.0,333687885.0,0.0921249390421827,0.0099999999999997,0.0100000000000002,-0.0309999999999996,-0.0299999999999998,0.0,-0.0010001699999999,15.85999966,0.0114179373012621,-0.0066440906053788,0.0036969295634854,-0.0117594778169474,0.0012898478763361
2024-08-28,1,-0.003252124,80.59998033,-0.2087631758683694,-0.0068616346727963,1.7520013799999994,-0.208671136,8339642979.0,-18214989888.0,381000000000.0,-407000000000.0,264056855.0,-0.1215028167589125,0.0100000000000002,-0.02,0.0989999999999997,0.0499999999999998,0.03,0.04900003,16.14999962,-0.0031587100751817,0.0046702977334405,-0.0024814415515486,0.0020826184875089,-0.0029791024775525
2024-08-29,0,0.000215679,76.70222762,-0.1247327507431248,-0.0030666352683437,1.5366847709999991,0.063308396,6498887162.0,-32766656648.0,242000000000.0,-344000000000.0,280773871.0,0.2751819096875465,0.0099999999999997,0.0,-0.0190000000000001,-0.0209999999999999,0.0099999999999999,0.0020000899999999,15.43000031,0.0015939251237604,0.0021690646341543,0.0083339011878944,-0.0002111044108854,0.005356025515824
2024-08-30,1,-0.010295114,71.69760376,-0.0258662231935939,-0.0039722753052133,-0.8935213869999998,0.028712654,-55602532288.0,-28011649724.0,-85314301143.0,-421000000000.0,288835634.0,0.081493034251185,0.0300000000000002,0.0399999999999995,0.0210000000000003,0.02,-0.0099999999999999,0.00100017,17.11000061,-0.0059939008111644,-0.0002405826570424,-0.0075746848453324,0.0077580278986477,0.0024699909720897
2024-09-02,1,0.004508516,69.20741596,-0.0514870264682678,0.0008920210187772,0.3700386709999996,-0.034588267,-12734537738.0,64139996341.0,422000000000.0,-379000000000.0,278845310.0,-0.1102031401336134,0.04,0.0300000000000002,0.0129999999999999,0.0139999999999997,0.0099999999999999,-0.00100017,15.64999962,-3.937987137803134e-05,0.0074073240480387,0.0029791036286415,-0.0028543463282773,0.0035461090356978
2024-09-03,0,0.002498434,65.64529001,-0.0138543197172964,-0.0567569860108143,0.9298004940000002,-0.042506496,12931563638.0,1896520545.0,-411000000000.0,239000000000.0,266992573.0,-0.1722751044431412,0.0,0.0,0.0329999999999999,0.036,0.0,-0.0030000199999999,15.0,0.0100424570071098,0.0013735499767957,-0.001482600975379,0.0027720613332711,0.0
2024-09-04,0,-0.006124692,60.09831942,0.0056996605273966,-0.8194552352951892,-0.4817845229999999,0.136587451,-33003480658.0,3211590973.0,-183000000000.0,-291000000000.0,303460408.0,0.0351310915216593,-0.0700000000000002,-0.06,-0.0009999999999998,-0.008,-0.0099999999999999,0.0069999699999999,15.0,0.0,-0.0003763543323866,-0.006447003580579,0.0007255391777825,0.0012775012873884
2024-09-05,0,-0.03196572,38.39200469,0.1229974862003842,0.0710977516174358,-6.963638686,0.500918383,-68018071389.0,30786041031.0,-567000000000.0,-989000000000.0,455469305.0,0.2386134730863389,-0.0699999999999998,-0.1,-0.068,-0.0499999999999998,0.03,-0.0179998899999999,20.71999931,-0.0213779632719752,-0.0432819287317816,-0.0462957207044887,0.0021359437771213,-0.0046262319277152
2024-09-06,0,-0.002055757,23.18128715,8.52568848475066e-05,-0.0657593980820268,-5.698172469999999,-0.167885412,-2909730265.0,52350112512.0,56112367418.0,-586000000000.0,379002653.0,-0.1112256351102232,-0.04,-0.02,-0.0220000000000002,-0.0260000000000002,-0.02,0.00399995,21.31999969,-0.0016038291065729,-0.0105969686763405,0.0044919614196867,-0.0070375026322748,-0.0024695028949395
2024-09-09,0,-0.012195976,22.35865149,0.0253749492422095,0.0289276970450469,-6.70945996,-0.011135714,-29159169767.0,852444260.0,127000000000.0,-266000000000.0,374782188.0,-0.1602147810129253,-0.0099999999999997,-0.0699999999999998,-0.0399999999999995,-0.024,0.06,-0.01600003,19.89999962,-0.0030225810204722,-0.0072724846548553,0.0116125973980611,0.0013364586171658,0.0006920727913639
2024-09-10,0,-0.003287307,13.70497357,0.043247141193361,-0.0368791952011386,-5.600940810000001,-0.278965259,14212301153.0,35738313274.0,-8601764591.0,-542000000000.0,270230978.0,-0.1539589068858333,-0.02,0.0,0.0419999999999998,0.016,-0.0199999999999999,0.0260000199999999,22.37999916,-0.0174109444388861,-0.0048402650890366,-0.0136569775995116,0.0037295448613017,0.0036502067244246
2024-09-11,0,-0.004941347,11.26518162,0.003929025131744,-0.0381458950838817,-4.999660859999999,0.286492661,11857202176.0,37065925984.0,-103000000000.0,-671000000000.0,347650170.0,0.1223957958627686,-0.0500000000000002,-0.1200000000000001,-0.0220000000000002,-0.02,0.07,-0.0020000899999999,19.45000076,0.0115135344698238,-0.0015637974930058,-0.0038077368260278,0.0026128777017051,0.0007874220294885
2024-09-12,1,-0.003994531,8.286842817,0.022962488300664,-0.0015808984138256,-4.276937699999998,-0.129697877,-39489199510.0,19281845159.0,80077198047.0,-1040000000000.0,302560681.0,0.133234436423379,0.0,0.0300000000000002,-0.0669999999999997,-0.0569999999999999,-0.03,-0.0099997549999999,19.07999992,0.0044627000059715,-0.0150295019913944,-0.0015716842322959,0.0015420835212509,0.0004918892489156
2024-09-13,1,0.023094303,27.31411878,0.0663003880408452,0.1160944582823617,1.8247449299999945,0.125324315,144000000000.0,-43818934496.0,-167000000000.0,278000000000.0,340478891.0,0.160958461040682,0.0300000000000002,0.02,0.0270000000000001,0.0460000000000002,0.0099999999999999,-0.019000055,17.69000053,0.0106085555983064,0.0335006924718577,0.0291580189541988,-0.0031014980716648,-0.003053413802224
2024-09-19,1,0.001289878,28.51230546,-0.0154771109885354,-0.1031693070984758,2.1650857900000062,0.052232257,36853809822.0,71033961638.0,276000000000.0,-958000000000.0,358262872.0,-0.2941928974640611,-0.02,-0.0500000000000002,-0.0420000000000002,-0.044,0.03,0.0019998599999999,17.06999969,0.0074673521900585,-0.0068516975243984,0.0049017965669015,-0.0026095585857284,-0.0025681769919687
2024-09-20,1,0.002090737,30.76514047,0.0542876425878517,-0.0062512913518633,2.5722144,0.074856825,-1173328275.0,10738731739.0,888000000000.0,-1180000000000.0,385081293.0,0.4266174831133895,0.0699999999999998,0.0500000000000002,0.0510000000000001,0.0209999999999999,0.02,0.03000021,16.55999947,0.005393142250659,0.0155573804058803,0.0129236474795906,-0.0101055667253922,-0.0049573767698571
2024-09-23,1,0.004858786,33.58965754,0.0255087033742866,-0.0149612022763463,3.43463491,0.287946577,28014301786.0,14036438593.0,234000000000.0,-33693633654.0,495964133.0,0.1030322258982359,0.0,-0.0100000000000002,0.0099999999999997,-0.0049999999999998,0.01,0.01499986,16.32999992,0.0154540541115242,0.0151869322185245,0.0052816819389231,0.0040379205615996,0.0010927393827282
2024-09-24,1,0.003325994,39.04140602,-0.043722435792179,0.0038152827886577,3.757661049999996,-0.316200518,9944915232.0,28082208914.0,281000000000.0,-702000000000.0,339140017.0,-0.4058148195997511,0.02,0.0100000000000002,0.0329999999999999,0.0259999999999998,0.01,0.0069999699999999,16.14999962,-0.0019429136244397,0.0,0.0056748728775914,0.0029258043457609,0.001983704286637
2024-09-25,0,0.011338173,42.71602713,0.0169586182941738,0.0380477517110122,5.645531040000002,0.047051327,208412350.0,6470306187.0,552000000000.0,-377000000000.0,355097005.0,0.0776991775694817,-0.0099999999999997,-0.0300000000000002,0.004,-0.0099999999999997,0.0199999999999999,0.0139999399999999,15.89000034,0.0028053343326615,0.0057273958676198,0.0065411146616369,0.0015909193215488,-0.0054647212107701
2024-09-26,1,-0.013527315,36.82227708,0.0647872804779989,0.0325217526908154,1.8727337099999983,0.279852383,-81369236152.0,-46333782707.0,707000000000.0,-570000000000.0,454471748.0,0.1274449465681186,0.0499999999999998,0.0500000000000002,-0.0289999999999999,-0.0420000000000002,0.0,0.01300001,15.39000034,0.0025080311797545,-0.0018553581374529,0.0145962162425536,-0.0065675971477006,0.0054647212107701
2024-09-27,0,0.028571256,50.91275129,0.0699099009901091,0.1686799947219652,7.71907552,-0.285128355,51972990585.0,4125029205.0,699000000000.0,495000000000.0,324888966.0,-0.0085837436913926,0.0,0.0499999999999998,0.004,-0.0049999999999998,-0.0499999999999999,0.00900006,15.40999985,-0.0018629831788352,0.0274867216568921,0.0042617366565096,0.0076393325914265,-0.0035735655213038
2024-09-30,0,-0.008189711,60.84114803,-0.0873924528162319,0.0080562853878864,4.470490324,0.271216238,3161310152.0,2057999664.0,-422000000000.0,266000000000.0,413004129.0,0.033901551675683,-0.04,-0.0499999999999998,-0.0009999999999998,0.0190000000000001,0.01,-0.01999998,15.36999989,0.0040305420600308,0.0229564402240871,-0.0015770681313007,-0.0164256901175567,-0.0013931677337994
2024-10-02,0,-0.021556994,52.40558255,0.033119980367847,0.06093014420789,-0.8953275239999989,-0.130963173,4061327531.0,-23375912575.0,-172000000000.0,-1000000000000.0,358915798.0,-0.105360515657825,0.06,0.0899999999999998,-0.008,-0.0150000000000001,-0.03,0.0069999799999999,16.95999908,-0.0012540028456538,-0.0491424839844931,-0.0265625154707862,-0.0030504102434205,0.0035785386634836
2024-10-04,1,-0.012252461,52.35453808,-0.015932050173367,0.0051359053295794,-3.100400220000001,-0.022042627,-32708753832.0,-21190827398.0,-623000000000.0,-307000000000.0,351004351.0,-0.1167419111479759,-0.02,-0.04,-0.06,-0.0310000000000001,0.0199999999999999,-0.02900005,16.72999954,0.0042276035553125,-0.0029259634972369,0.0074348356090716,0.0117989910901421,0.0088907184863042
2024-10-07,1,0.003125863,54.57253538,-0.038272565063306,-0.0022240856547242,-1.633706930000001,0.180408596,-7709625782.0,-65243575899.0,-169000000000.0,42753532722.0,414328553.0,0.039780870011846,0.1899999999999999,0.2999999999999998,0.064,0.044,-0.1099999999999999,0.02000022,18.89999962,-0.0092294672970698,0.0216338097938777,-0.0039236391928625,0.0071976003121969,0.0082272384999777
2024-10-08,0,0.015702723,60.9357373,0.0466758371834998,0.0381707054443065,2.1385801100000013,-0.17053473,25309093861.0,86903623202.0,-63788114571.0,29180864802.0,343671145.0,0.0392207131532806,0.0500000000000002,0.0500000000000002,0.1049999999999999,0.1360000000000001,0.0,-0.03100014,19.20999908,0.0072474270176385,0.0178825301142389,0.0177694797918661,0.0085588058386596,0.0001951068010077
2024-10-10,1,-0.00615586,60.03569754,-0.0067855209099394,3.875704543876424e-05,0.5474493099999993,-0.073998418,-17553266100.0,4681380222.0,-324000000000.0,-381000000000.0,318240024.0,-0.1258685198789528,0.0099999999999997,-0.0300000000000002,-0.024,-0.028,0.0399999999999999,0.00399995,22.63999939,-0.0096322638626755,-0.0100984075153061,-0.0040239282006719,-0.002611373194191,9.753961492897643e-05
2024-10-11,0,0.001848383,53.87166025,-0.0666164763593384,-0.1469733411507201,0.9554193299999998,0.943690112,23804233192.0,118000000000.0,-439000000000.0,163000000000.0,618559988.0,0.4159515538682719,0.0499999999999998,0.02,0.0110000000000001,0.0300000000000002,0.03,-0.01899981,21.42000008,0.00964270690862,0.0113218895646909,0.0021068686449581,0.0004841196318334,0.0042813609998351
2024-10-14,1,-0.000866039,53.08447563,0.0109348088516725,-0.0007619170499495,0.7017883999999999,-0.205774304,-14539617289.0,71242141360.0,175000000000.0,-599000000000.0,491276237.0,-0.3753476856440052,-0.0099999999999997,-0.0299999999999998,-0.0030000000000001,-0.0150000000000001,0.02,0.01199984,20.93000031,0.0050159625324752,0.005694902618158,0.0106478930956583,0.0049911495457877,-0.0009714251911328
2024-10-15,1,0.010107027,55.74951223,-0.0297143904130003,-0.0158681243691312,2.7789618990000005,-0.182322205,-9158474001.0,89708652791.0,248000000000.0,91477689688.0,401705670.0,-0.1129517929890511,0.0,0.0,0.0020000000000002,-0.0089999999999998,0.0,0.0109999199999999,20.45999908,0.0060336086263621,0.0,0.0032106984388562,-0.0010452168821348,0.0039769555790245
2024-10-16,0,0.003865485,55.45898982,-0.034188412300689,-0.003652327781519,3.080787678,0.091079444,228325772.0,71140727656.0,-84716024327.0,290000000000.0,438292799.0,0.1689460623436254,-0.0499999999999998,0.0099999999999997,-0.0370000000000003,-0.032,-0.06,-0.00499988,19.70000076,0.007678114660127,0.0076651276405712,0.0136923812798634,0.0066085870906364,-0.0003873063467567
2024-10-17,0,-0.008806571,51.0942357,0.0308392914224406,0.011952353701421,0.6297499980000003,-0.001688422,-8520262010.0,163000000000.0,-146000000000.0,-660000000000.0,437552776.0,0.0,-0.0100000000000006,-0.02,-0.0419999999999998,-0.0260000000000002,0.0099999999999999,-0.0160002699999999,20.63999939,-0.0076385660316908,-0.018466630153771,-0.0121401172005466,0.0043449011279648,0.0031906645637604
2024-10-18,0,-0.000406179,46.82950112,-0.0265427602141175,-0.0050668488933958,0.4596064729999995,-0.242913666,15592590772.0,18201444337.0,159000000000.0,-405000000000.0,331265227.0,-0.0149628726767119,0.0700000000000002,0.0500000000000002,0.02,0.0169999999999999,0.02,0.00300026,19.57999992,0.004668232745038,-0.00689218320014,0.0018608292436148,0.0007478950829513,0.002314199299116
2024-10-21,1,-0.005950286,49.62469176,-0.0695740402891953,-0.0834216487826529,-0.8292416990000002,-0.199429697,-15970324584.0,35681143792.0,141000000000.0,-478000000000.0,265201103.0,-0.1849380421349025,-0.0099999999999997,-0.0300000000000002,0.044,0.0110000000000001,0.0199999999999999,0.0329999899999999,19.11000061,-0.000171175128532,0.0018116817267834,0.01862620925084,0.0042791309695457,-0.0032799942631269
2024-10-22,0,0.004270216,37.60732414,-0.1041654429776248,0.0028584608968778,0.2907556549999999,-0.092481063,3003491522.0,-31017212887.0,197000000000.0,22102494346.0,240675023.0,-0.0636521748404739,0.1100000000000003,0.0900000000000003,-0.0180000000000002,-0.0059999999999997,0.0199999999999999,-0.0120000799999999,18.03000069,0.0039636869373396,-0.0006966823710552,0.0023499907210133,-0.0007594131034593,0.0050120991671418
2024-10-23,1,-0.013223718,35.94578459,0.0189808317122608,0.0355816057886411,-2.450323628,0.426480263,-46752818001.0,16006775432.0,-278000000000.0,-281000000000.0,343318170.0,0.143787892791714,0.0099999999999997,0.0299999999999998,0.076,0.0409999999999999,-0.0199999999999999,0.03500009,18.37000084,-0.0018244328578074,-0.0140280116129929,-0.000301610783735,0.0054561874144445,0.0006727829432309
2024-10-24,0,0.011187109,51.25125318,-0.0778610554725154,0.0194992981725734,0.4668510729999999,0.02651474,15210770999.0,71854236317.0,205000000000.0,212000000000.0,352421162.0,0.0511258696585272,0.04,0.0500000000000002,-0.0019999999999997,-0.0070000000000001,-0.01,0.0049998699999999,18.20000076,-0.0004749666405299,-0.0080270771235628,-0.0085628476625831,9.444159909666185e-05,0.0033571418655569
2024-10-25,1,-0.00717677,54.01647415,-0.0385376982262912,0.0069722263311087,-1.042925199,-0.026453985,2405545884.0,-20276440051.0,-14263557786.0,-607000000000.0,343098218.0,0.0313177995525464,-0.0300000000000002,-0.0100000000000006,-0.0540000000000002,-0.0449999999999999,-0.0199999999999999,-0.00900006,19.23999977,-0.0092338241927105,0.0010080161693188,-0.0061142918851988,0.0005155909637384,-0.0035493605656551
2024-10-28,1,0.00086749,52.88537065,0.0101611124015112,-0.026916294314665,-0.5522545030000003,0.349171691,5447350376.0,-8484599509.0,90701516255.0,-391000000000.0,462898403.0,0.0569299990376777,0.04,0.0300000000000002,-0.02,-0.0089999999999998,0.01,-0.0109999199999999,19.07999992,0.0021434730605864,-0.006031456386589,0.0067007747208283,-0.0007408467851881,0.0019201666833721
2024-10-29,1,0.011224751,50.45868653,-0.0506938670730048,-0.0081957630814946,1.9859257570000004,-0.279029794,22124938772.0,82873506991.0,350000000000.0,-128000000000.0,333735957.0,-0.1205782006287137,0.0300000000000002,0.04,0.0630000000000001,0.0499999999999998,-0.01,0.0130002499999999,20.32999992,-0.00029949199706,0.018077186272281,-0.0064614684285118,0.0082056684289746,0.0005752958206635
2024-10-30,0,0.002053493,55.506992,-0.0167810030823827,-0.1998784650057485,2.054135474,0.08855534,-10134760932.0,25314403149.0,32617447526.0,-118000000000.0,363290058.0,0.0227405576338739,0.0,-0.0099999999999997,0.0009999999999998,0.004,0.01,-0.0030002599999999,19.79999924,0.0026479347395085,0.0076932768870463,-0.0117717335635454,-0.0041089033518639,-0.0003835177447548
2024-10-31,0,-0.009214147,48.84284955,0.029265657037035,0.0046200626556709,-0.2595466459999995,0.341514953,-46166150285.0,8035688985.0,46821689654.0,-336000000000.0,487359045.0,-0.0293339881137058,0.0099999999999997,0.0599999999999996,-0.0129999999999999,0.0009999999999998,-0.05,-0.01399994,19.34000015,0.0016128258858394,0.0095602115659048,-0.004641191564124,0.0008752386426102,-0.0027848570799289
2024-11-01,0,-0.01461796,42.37903215,0.0338470055298074,-0.0753190769875553,-3.1566063360000003,-0.165680744,-32653516665.0,49871877805.0,258000000000.0,-858000000000.0,406613036.0,0.1929230086713254,-0.0099999999999997,-0.0199999999999995,-0.0049999999999998,-0.0009999999999998,0.01,-0.0040001799999999,20.35000038,-0.0033056916724181,-0.0050062389564082,0.0,-0.0033385442433049,-9.611482372662294e-05
2024-11-04,1,-0.005409356,34.12078947,-0.0221524043343888,-0.0401836217081559,-3.487818355999999,-0.213382896,-34987822855.0,14780765621.0,-237000000000.0,-39017847667.0,319848769.0,-0.3259819975393263,0.0899999999999998,0.0599999999999996,-0.0100000000000002,0.0030000000000001,0.03,-0.0129997799999999,23.15999985,-0.0187901350050179,-0.0266452312362748,-0.0017697004149397,-0.0040995092848667,0.0028809719036555
2024-11-05,0,0.018167276,42.36473268,0.0633174526633744,0.1061605008866521,1.110638616999999,0.169125869,4963715143.0,102000000000.0,184000000000.0,29716800648.0,373943470.0,0.0150002812594927,-0.0600000000000005,-0.08,0.0060000000000002,-0.004,0.0199999999999999,0.0099999899999999,21.87999916,0.0040841581138462,0.0,0.0081018540533968,0.0046579176771484,-0.00374693625072
2024-11-06,0,-0.004680783,44.02736173,-0.0180217927508694,-0.0739426913241843,0.0181442589999996,-0.168656923,-44763636469.0,-28910188732.0,-202000000000.0,-144000000000.0,310875315.0,-0.0430991924818542,-0.0499999999999998,0.0100000000000006,-0.0230000000000001,-0.0169999999999999,-0.06,-0.00600004,21.97999954,-0.0028160449388519,0.0110084589881349,0.0061381456186744,-0.0047089550827914,-0.0045342917437825
2024-11-07,1,-0.005201902,42.17504639,0.0666432409475579,-0.0033509782287737,-0.9400965059999996,0.764392638,-9040870503.0,76337430691.0,-43773444714.0,-103000000000.0,548506117.0,0.4242851674349346,0.1600000000000001,0.0899999999999998,0.0609999999999999,0.0419999999999998,0.07,0.01900005,20.48999977,0.0121910311655231,0.0258051925722231,0.0047747001314739,0.0037370284273885,0.0160187411062695
2024-11-08,0,0.000436756,44.75430162,0.0194008079475751,-0.0017503133626535,-0.5242644199999997,-0.151976325,4956478096.0,179000000000.0,-55393323792.0,105000000000.0,465146173.0,-0.0885533973414425,-0.1100000000000003,-0.0700000000000002,-0.036,-0.0379999999999998,-0.04,0.0020001,16.27000046,0.0249812808817981,-0.0025173510475813,0.0082117144850357,0.0156962316868352,-0.0055343099694047
2024-11-11,0,-0.001357835,41.91270802,0.0312929388709495,0.0001482336681712,-0.5594353999999999,-0.035282831,-47770120168.0,-6441943082.0,194000000000.0,-13207813305.0,448734499.0,-0.0849932128333925,-0.0099999999999997,0.0499999999999998,-0.0489999999999999,-0.0330000000000003,-0.06,-0.01600003,15.19999981,0.0074037542420875,0.0030161849365182,0.0061781263701075,-0.0200015997047149,0.0046775694573399
2024-11-12,0,-0.011581159,42.65833153,-0.0082759066139992,-0.007616062851997,-2.655488250000001,0.275134469,-17545700228.0,71860171483.0,-221000000000.0,-482000000000.0,572196827.0,0.1302498044215134,0.0,0.0,-0.0110000000000001,0.012,0.0,-0.02300001,14.93999958,0.0037497939677439,0.0008338019223259,-0.0010300842564401,0.0181423943068113,0.0051296863475709
2024-11-13,0,-0.019580838,29.54025019,0.0218228452364956,0.0839799497181612,-5.8309540099999975,0.285943482,-87729325236.0,165000000000.0,-26351345295.0,-306000000000.0,735812780.0,0.1246424452072751,0.1299999999999999,0.1100000000000003,-0.024,-0.0009999999999998,0.02,-0.0230002399999999,14.97000027,0.0009685942586585,-0.0039850932298719,-0.0235596572773069,0.002394852721764,0.0045376869851443
2024-11-14,1,-0.026734109,25.37915368,0.0887986493474297,0.1347345466038989,-9.5606787,-0.158513853,-32997618165.0,25758571687.0,69869273798.0,-631000000000.0,619176261.0,-0.1335313926245227,0.0100000000000006,-0.04,0.0530000000000003,0.0390000000000001,0.0499999999999999,0.0140001799999999,14.71000004,-0.0028968515968816,-0.0167596377166621,-0.0053025323840358,0.004345956428037,0.0043294825274964
2024-11-15,0,0.000736167,25.27592433,-0.0070903330583491,0.002081297944378,-7.007604720000003,0.033615131,96935139213.0,178000000000.0,-31985934413.0,-233000000000.0,639989952.0,0.1490355791604862,-0.0100000000000006,0.0499999999999998,0.0069999999999996,-0.0100000000000002,-0.06,0.01699996,14.02000046,0.0002322008581341,-0.0048140733940158,-0.0063564741531916,-0.0054533123468551,0.0017827337451841
2024-11-18,1,-0.000827178,17.97398111,0.0241109145286477,0.0006367152524164,-5.2290151300000005,-0.02603602,7134765771.0,104000000000.0,-96392962924.0,-59478559825.0,623327161.0,-0.0472528848505433,0.0,-0.0300000000000002,0.0100000000000002,0.012,0.03,-0.0019998499999999,14.31000042,-0.0060681085925597,0.0027782570798322,0.0012050060585018,0.0013071910004072,0.0001875159355302
2024-11-19,1,0.021372368,28.88374653,0.0731823419836903,0.1109163858303938,0.5484979900000013,-0.28781239,14864147688.0,43784358580.0,-73025632748.0,-52987299865.0,443925881.0,-0.1568424714929719,-0.0099999999999997,-0.0199999999999995,-0.0209999999999999,-0.0259999999999998,0.01,0.0049998699999999,16.13999939,-0.0132914309197431,-0.0109821021627549,-0.008665696346009,-0.0046365470318825,-0.0038503460977663
2024-11-20,1,0.001165704,31.59733822,-0.0289792985208188,-0.0198905024628777,1.1336259899999988,-0.074493864,27971023145.0,319000000000.0,120000000000.0,-330000000000.0,410856127.0,-0.153679092928634,-0.0300000000000002,-0.0099999999999997,-0.0270000000000001,-0.0260000000000002,-0.02,-0.0009999299999999,15.57999992,0.0039101597463311,0.0050519431403603,0.0133170580098411,-0.0034843694514474,-0.0006588517410133
2024-11-21,0,0.004174244,37.84156783,-0.0433564034036226,-0.0268653310096516,2.17425686,-0.005029486,24153633173.0,181000000000.0,-32152100370.0,-182000000000.0,408789732.0,-0.1504903536321649,0.0200000000000004,0.0199999999999995,-0.0190000000000001,-0.0159999999999995,0.0,-0.00300002,16.35000038,0.0039557504731888,-0.0016176234565907,-0.0070466433713178,0.001912552057635,0.0044154442662929
2024-11-22,1,-0.000669024,39.41560556,-0.000202714564049,-0.0046572926821673,2.007503670000005,0.103546637,14389628978.0,301000000000.0,-288550286.0,-259000000000.0,451118534.0,0.0667738725393896,0.0199999999999995,0.04,-0.0389999999999997,-0.044,-0.0199999999999999,0.00499988,17.15999985,2.195065302501576e-05,-0.0085408823867165,-0.00586595098566,0.0039142641458882,0.0027147304101751
2024-11-25,1,0.008274092,33.48518022,-0.0299211841916196,0.0187390306173167,3.630524279999996,0.204822569,49241716550.0,82570042348.0,172000000000.0,118000000000.0,543517791.0,-0.0415200052181887,-0.0199999999999995,0.0200000000000004,-0.0020000000000002,-0.0130000000000003,-0.04,0.01100016,16.87000084,0.0053262519023267,0.0067535206459545,0.0153395132612121,0.0014156779596943,0.0048493679121337
2024-11-26,0,0.013146678,42.57905698,0.0302897257070653,0.0101988523855833,5.85710065,0.03895853,-11709771039.0,54485875472.0,436000000000.0,-74748556334.0,564692445.0,0.5207512635659626,-0.1400000000000005,-0.1100000000000003,-0.056,-0.0429999999999997,-0.03,-0.01300002,15.23999977,0.0034619596229106,0.012880099173369,0.0019213199521672,0.0027897846003028,-0.00625262834511
2024-11-27,0,-0.005531492,42.48861448,-0.0501592844401113,9.26858985463852e-05,3.779145970000002,-0.217788754,-76133135952.0,71949430369.0,-233000000000.0,-68993373953.0,441708781.0,-0.4382178945799744,0.0300000000000002,0.0,-0.0169999999999999,0.0,0.03,-0.01699996,14.60000038,0.0030159277469277,-0.0087576642767821,-0.0118180790417614,-0.0056804382748696,0.0017771355600828
2024-11-28,1,-0.006887784,39.85369755,-0.0221704653154044,-0.0055503747413929,1.84320284,-0.061963095,-66310527177.0,201000000000.0,143000000000.0,-335000000000.0,414339138.0,-0.0138730548682453,-0.0499999999999998,-0.04,-0.0230000000000001,-0.032,-0.0099999999999999,0.0090000699999999,14.10000038,0.0057056972177171,-0.0080189357262643,-0.0152837200987772,-0.0002078514225765,-0.0087287642573663
2024-11-29,0,0.000642951,40.63474611,-0.0439680247685716,-0.034072415466289,1.813916159999998,-0.173210847,-32204512507.0,85666024663.0,281000000000.0,-492000000000.0,342571105.0,-0.1264056685468091,0.0,0.0,-0.092,-0.1030000000000002,0.0,0.0109999199999999,14.10000038,-0.0038084811772272,0.0055983035045255,-0.0016077060182926,-0.0048855586711864,0.0
2024-12-02,0,-0.019659629,38.19394873,0.0429385674936746,0.061774913632826,-2.2478102099999973,0.121746684,-40090877675.0,10157082431.0,99435592904.0,-749000000000.0,384278001.0,0.1851796438225115,-0.0700000000000002,-0.0700000000000002,-0.0369999999999999,-0.0309999999999996,0.0,-0.0060002899999999,14.10000038,0.0,-0.0036842440018567,-0.0016337187690496,0.0034726687104038,-0.0032103124586075
2024-12-03,1,-0.000582411,44.85812322,-0.0323465750815521,-0.0816062232428675,-1.6288396000000027,-0.146166202,-20717896897.0,-8074264978.0,427000000000.0,-131000000000.0,328109545.0,-0.1825411198643287,0.0100000000000006,0.0100000000000006,-0.0539999999999998,-0.04,0.0,-0.0139997,13.51000023,0.0055921204903963,0.0079506180763289,0.0210868125609504,0.0046971515998084,0.0066921312705643
2024-12-04,0,0.018415852,66.38896279,-0.0430785569935885,0.0819014622248879,2.627951390000004,-0.012105149,-4024994759.0,-318937050.0,244000000000.0,566000000000.0,324137730.0,0.1869222878798915,0.04,0.0199999999999995,0.016,0.0179999999999997,0.02,-0.00200009,13.34000015,0.0024454637926538,0.0189260296863178,0.0126969964693177,0.0008569141957517,-0.0007517545711648
2024-12-05,0,-0.014544724,57.84767714,0.0563491505825459,0.0269855616017435,-0.5858956000000006,1.067899556,-77409636642.0,112000000000.0,24347148909.0,-407000000000.0,670284268.0,0.3740101559402795,-0.04,-0.04,0.052,0.0409999999999999,0.0,0.01100016,13.30000019,0.000451347329859,0.0007012076020025,0.0098468988660656,0.0075442967756922,-0.0002821343645349
2024-12-06,0,-0.009030057,54.06010892,-0.0120845818496659,0.00676779000087,-1.9843539400000016,-0.225177111,-58486425942.0,157000000000.0,-4639211800.0,-317000000000.0,519351593.0,-0.3135784167553623,-0.0200000000000004,0.0099999999999997,-0.0270000000000001,-0.0229999999999996,-0.03,-0.00400019,13.44999981,0.0060331815355318,0.0030305835131905,0.0005420672466129,-0.0006164777651394,-0.0059419860154212
2024-12-09,0,-0.005622256,42.40239107,-0.0033565187792152,0.0013526307902491,-2.3825492399999995,0.213837813,-2680002790.0,345000000000.0,471000000000.0,-284000000000.0,630408602.0,0.0960581229955117,-0.0199999999999995,-0.0499999999999998,0.0060000000000002,0.0169999999999999,0.03,-0.0109999199999999,13.53999996,-0.0018715258240646,-0.0077575161609146,-0.0032142936410011,-0.0076918675161747,0.0024565592439911
2024-12-10,1,-0.028226348,33.32438939,0.1045216017560992,0.0872371066995993,-6.96626341,-0.061490543,-32970450079.0,228000000000.0,490000000000.0,103000000000.0,591644435.0,-0.067658648473813,0.0499999999999998,0.04,-0.0670000000000001,-0.0409999999999999,0.0099999999999999,-0.02600002,12.77000046,0.0024923454908005,0.0017719273332748,0.0034425022487223,0.0171591884811039,0.0016971557695075
2024-12-11,1,0.023967231,41.53867752,0.0731936119855367,0.0542545480349714,-0.5193708600000022,0.012044134,11505853560.0,20341073636.0,365000000000.0,-105000000000.0,598770280.0,-0.0725706928348373,0.0199999999999995,-0.0099999999999997,-0.032,-0.0550000000000001,0.03,0.0229999999999999,14.18999958,-0.0061631673054041,0.0052740017309069,-0.0063868860550364,0.0016696989618285,0.0023523887250762
2024-12-12,1,0.010151587,45.28055974,0.016360769466627,-0.0808732442780693,1.9377530000000007,0.031641834,9212492395.0,-26820336054.0,171000000000.0,-138000000000.0,617716470.0,-0.1823215567939513,0.04,0.0099999999999997,0.0470000000000001,0.012,0.03,0.03499985,14.18000031,-0.0029682844124963,0.0001181699597232,-0.0096222954809626,0.0051388658561268,0.0029092751891113
2024-12-13,1,0.016086878,47.73922005,0.0247491691708447,0.033582579995433,5.032577060000001,0.07522993,168000000000.0,388000000000.0,-532000000000.0,-20895446529.0,664187237.0,0.4619064190131148,0.0600000000000005,0.0499999999999998,0.008,0.0129999999999999,0.0099999999999999,-0.0049998799999999,13.57999992,0.0081326263860237,0.0120400824823221,0.0062315141853925,-0.0033529611531433,0.0023400581849273
2024-12-16,0,0.004959176,45.04101698,-0.0173471314310047,0.0010275879382284,5.224539799999999,-0.130158838,-14543519819.0,261000000000.0,-147000000000.0,-174000000000.0,577737398.0,-0.3291818033585336,0.08,0.0700000000000002,-0.024,-0.008,0.01,-0.01599979,13.92000008,-0.0054287313946925,-0.0095487668418208,-0.0011426900893543,-0.000903069351251,0.0003739100825788
2024-12-17,0,-0.002203299,46.01253174,0.0167211610482249,-0.0605256870824275,3.89307612,-0.08832602,-54361564808.0,142000000000.0,-60241181602.0,-434000000000.0,526708153.0,-0.0438869503558763,-0.0100000000000006,0.0099999999999997,0.0449999999999999,0.012,-0.0199999999999999,0.0329997499999999,13.81000042,-2.6466948057191075e-05,-0.0003282267802333,0.0008432375411615,0.0046046569317734,-0.0013092623174575
2024-12-18,1,-0.013005174,44.33862573,0.0097105909390591,0.0261561870442017,0.6780258800000034,0.061384218,-14850160394.0,141000000000.0,47947415961.0,-702000000000.0,559039721.0,0.0913310381341467,0.0100000000000006,0.0,0.0689999999999999,0.068,0.0099999999999999,0.00099993,14.68999958,0.0037921549468897,-0.0023548865827791,-0.0009505694710103,-0.0021634282141569,0.0009353522348787
2024-12-19,0,0.011179445,47.67077857,0.0276900214830102,0.0162206601340955,2.9201428799999984,-0.209934816,-17429787527.0,100000000000.0,85258693459.0,392000000000.0,441677820.0,-0.106798330427452,0.0999999999999996,0.1299999999999999,-0.052,-0.0849999999999999,-0.03,0.03299999,15.86999989,-0.003871479506559,-0.0072143530130581,0.0065239885344716,0.0035358994947669,0.0099540308415413
2024-12-20,0,-0.019714644,47.69932372,0.004957335436682,0.051484286889698,-1.4287313200000007,0.142160745,-30465188738.0,137000000000.0,-559000000000.0,-434000000000.0,504467068.0,0.0119190922372105,0.0700000000000002,0.0,0.076,0.0670000000000001,0.07,0.0090000699999999,27.62000084,-0.0299365053006077,-0.0068844694521033,-0.0102567147477827,0.0104435668798474,0.0035114145820243
2024-12-23,1,-0.013132216,44.58315247,0.0175868966972538,0.0055177880515877,-3.4859002499999985,0.224623796,-25239156185.0,187000000000.0,-195000000000.0,-822000000000.0,617782376.0,0.102394034692729,-0.0500000000000007,-0.0299999999999993,0.0590000000000001,0.0259999999999998,-0.0199999999999999,0.0329999899999999,24.09000015,-0.0008654867292694,-0.0028814830847796,-0.0185734557513264,-0.0097268280949469,-0.0073138406533459
2024-12-24,0,0.015625105,43.64176447,-0.0052451547436511,0.0104099785775764,0.4974215999999991,-0.306929394,-39824353595.0,76991963721.0,392000000000.0,145000000000.0,428166806.0,-0.2366027046882166,0.0700000000000002,0.04,-0.0290000000000003,-0.0129999999999999,0.03,-0.0159997999999999,18.36000061,0.0108104794816625,0.0118013774518814,0.0260583332968113,0.005529290824529,0.0038950081051165
2024-12-26,0,-0.000610335,47.21932772,-0.0598231300088638,-0.0016820772777634,0.47355005,-0.096665338,-91045365786.0,-24738114625.0,149000000000.0,-6185403456.0,386777917.0,-0.0907137136881637,0.0,0.0,0.032,0.0099999999999997,0.0,0.0219998399999999,16.78000069,0.0072608494910397,-0.0031839198052097,0.0006793399923168,-0.0018836432066358,0.0020342235119148
2024-12-27,0,-0.004455726,48.51786582,-0.0268150758369549,-0.0025718736298996,-0.2972245300000011,-0.165412399,-1019756878.0,-6761836838.0,206000000000.0,20405643904.0,322800054.0,-0.0502006539916379,-0.0099999999999997,-0.0100000000000006,0.028,0.0220000000000002,0.0,0.0060000399999999,14.27000046,0.0109822331913971,0.0135160797435851,0.005465052488244,0.0102817737964659,-0.0012015787790762
2024-12-30,0,-0.01030114,47.22940541,-0.0349287316143365,0.0085590484672932,-2.018502729999998,-0.035652953,22774506911.0,82250826237.0,-167000000000.0,-174000000000.0,311291279.0,-0.010980502483445,0.04,0.0100000000000006,-0.028,-0.0140000000000002,0.03,-0.0140001799999999,14.72999954,-0.0004057410365039,0.0178616782989191,0.0012355385052433,0.0064145778863888,-0.0012029548632819
2025-01-02,0,-0.002198062,55.40701095,-0.051846113873549,-0.0429783846218105,-1.7789615600000026,-0.023539914,3854726549.0,18562954107.0,30920329920.0,-121000000000.0,303963509.0,-0.1754054650955794,-0.0700000000000002,-0.0700000000000002,-0.0209999999999999,-0.0369999999999999,0.0,0.0160002799999999,15.94999981,-0.0111173049644488,-0.0096444209541992,-0.0036792833121932,0.0039527085183435,0.0012029548632819
2025-01-03,1,-0.000229262,46.88219142,-0.0658400128169982,7.270485690824557e-05,-1.1936933999999972,0.153730355,9774611646.0,9159869200.0,-268000000000.0,-238000000000.0,350691927.0,0.2687061709927754,0.0200000000000004,0.0,-0.1059999999999998,-0.0899999999999998,0.02,-0.0160000399999999,17.39999962,-0.0107596740523749,0.0,-0.0155640292917826,0.000488725594959,0.0115852906592355
2025-01-06,1,0.017757634,49.90820322,0.0460446088313291,-0.0035016896173436,2.750934349999998,0.162092297,4593747827.0,40991978215.0,272000000000.0,284000000000.0,407536387.0,0.1676065403426498,0.0299999999999993,0.0300000000000002,0.0049999999999998,-0.0249999999999999,0.0,0.0299997399999999,17.93000031,-0.0065203694864059,0.0,0.0033336116457203,-0.001269873198054,-0.0040304397095276
2025-01-07,1,0.01895175,50.99229573,0.0032891744441063,0.0230888140059901,6.10845177,-0.257094604,19649537894.0,39986219397.0,-30739910350.0,370000000000.0,302760981.0,-0.0109958346745315,0.0200000000000004,-0.0200000000000004,0.0630000000000001,0.0419999999999998,0.0399999999999999,0.02100014,16.12999916,0.0125173566808687,-0.0148355369210761,0.027529291381839,-0.0041672650271804,-0.0063532721706316
2025-01-08,1,0.001389434,49.63085623,0.0059078599826403,-0.0127966240216377,5.2184519080000005,0.346583459,-5172925695.0,96854973661.0,-150000000000.0,163000000000.0,407692929.0,0.1449827735828392,0.0499999999999998,0.0300000000000002,-0.0230000000000001,-0.016,0.02,-0.00699998,16.04000092,0.0055227665019028,0.0195558962324362,0.0043881776744587,-0.0041573527331459,0.0025830161605542
2025-01-09,1,0.011549733,54.67503191,0.0246973375445613,0.0070236387695183,6.495059092,-0.109847397,50831772028.0,139000000000.0,-110000000000.0,222000000000.0,362908922.0,0.10003285255004,0.0,-0.0200000000000004,0.0019999999999997,-0.0030000000000001,0.0199999999999999,0.0049999,17.81999969,-0.0111660215744571,-0.0025540014653451,-0.0103675688198912,-0.0052003470402102,0.0050544187655834
2025-01-10,0,0.000337046,60.43808903,-0.0257108863170647,-0.1459057833991295,5.179628906,0.114027092,87469936064.0,25261924759.0,-532000000000.0,751000000000.0,404290371.0,0.1005412292218785,0.0099999999999997,0.0,-0.0179999999999997,-0.0049999999999998,0.01,-0.0129997799999999,17.70000076,0.0015591441202733,-0.0094481653965896,-0.0140337867528561,0.0041857655493569,0.0008247034086519
2025-01-13,0,-0.002429641,55.39978874,-0.0117863775472994,-0.0835228541541281,3.534004516,-0.066050826,-63878133168.0,264000000000.0,-485000000000.0,-3813706835.0,377586658.0,-0.1712526094665314,0.0899999999999998,0.1500000000000003,0.0590000000000001,0.0609999999999999,-0.06,-0.00200034,17.70000076,0.0,-0.0105258622749602,-0.0030057295823748,-0.0018810873637509,0.0042955894424201
2025-01-14,1,-0.010476895,60.00524701,-0.0562542172324209,0.0140749134371507,0.6009975079999998,0.532271953,-14359968392.0,259000000000.0,-99274778032.0,-874000000000.0,578565446.0,-0.068329668190838,0.0200000000000004,0.0300000000000002,0.0339999999999998,0.1030000000000002,-0.01,-0.0689997599999999,19.54000092,-0.0155316376609597,0.0,-0.0230131967105116,0.0116278928538759,0.0028231665684623
2025-01-15,0,0.00314414,69.10313991,-0.0492724815528808,-0.0503862144628399,1.0132308070000011,-0.283594202,-20838579147.0,56996888787.0,-53550157072.0,-296000000000.0,414487640.0,-0.0986306034416273,-0.0099999999999997,-0.0300000000000002,-0.0299999999999998,-0.0180000000000002,0.02,-0.01199985,19.19000053,0.0015742044155544,-0.0184412728386824,0.0136552259511724,-0.0091159599679349,-0.0062948026451818
2025-01-16,1,-0.000236211,63.2495564,-0.0247117248802068,-0.0052006325564208,0.6522051189999996,0.299277127,-25951915330.0,38649159979.0,-210000000000.0,56761084835.0,538534310.0,0.1128930503621923,-0.1200000000000001,-0.1200000000000001,0.0189999999999996,0.0289999999999999,0.0,-0.0100002299999999,18.70999908,0.0011456232646054,-0.0007728311150803,-0.012489068537036,0.0010618369070911,-0.0016486567743525
2025-01-17,0,0.012212771,68.42666093,0.0356519010469416,0.0296318768177492,2.856372713999999,-0.162425551,-30806046569.0,75671702975.0,22148124041.0,626000000000.0,451062578.0,0.0268688920129669,-0.0499999999999998,-0.0499999999999998,-0.0579999999999998,-0.0489999999999999,0.0,-0.0089998199999999,16.12000084,0.0181471325052857,0.0033245452100754,0.022422239338061,-0.0160270478514661,-0.0011923615514257
2025-01-20,0,-0.001560052,70.49074452,-0.0127372739039364,-0.0432377005979809,1.7890341200000002,-0.011478813,-41340992900.0,131000000000.0,-119000000000.0,-234000000000.0,445884915.0,0.0586889963486783,0.0,0.04,0.0110000000000001,-0.0379999999999998,-0.0399999999999999,0.0489997799999999,16.60000038,-0.0021149242567428,-0.0031455292268951,0.0053269348845255,0.0111398852522848,0.003572899264066
2025-01-21,0,-0.001387898,77.75431873,-0.045216224839554,-0.0235663877966585,0.96750737,-0.018701942,-22965953321.0,73572891647.0,40430285207.0,-418000000000.0,437546001.0,-0.1438703704197017,0.0,0.0,0.0549999999999997,0.0350000000000001,0.0,0.0200002199999999,15.97000027,0.0099414782245972,0.011661824842946,0.0051164814763264,0.0027897493397013,0.0
2025-01-22,1,-0.000801901,78.99431746,0.0026079306053268,-0.1208829476652129,0.4308964400000015,0.307316942,-32883396384.0,58850508084.0,55132666853.0,-173000000000.0,572011300.0,0.0734479061231567,-0.04,0.0,-0.0499999999999998,-0.044,-0.04,-0.0060000399999999,15.97000027,0.0,0.0032203209240897,0.0014254552247958,-0.0151061673184251,-0.01186712719932
2025-01-23,0,0.011462914,81.79916055,0.0226757153543459,-0.0507785332321146,2.4824912500000007,0.020499759,13915740457.0,88094425479.0,295000000000.0,351000000000.0,583737394.0,0.1747824796207879,0.0299999999999993,0.0099999999999997,0.0089999999999998,-0.0020000000000002,0.02,0.0109999199999999,15.06000042,0.0087300094202937,0.0157175292189073,0.009627340503659,-0.0068080657801381,0.0010174407956888
2025-01-24,1,-0.012472164,66.60802605,-0.0535420577155911,0.0118128977632068,-0.7726202200000003,0.044548691,-66489426772.0,150000000000.0,-245000000000.0,-620000000000.0,609742131.0,-0.1134007599763933,0.0500000000000007,0.0099999999999997,0.0100000000000002,0.0009999999999998,0.0399999999999999,0.0089998199999999,15.10000038,0.0061191811181799,0.0078543363257601,0.0,0.0059787159696691,-0.0011099353584089
2025-01-31,0,0.008435852,62.28076729,-0.0462188704278787,0.0134389057679458,0.9042412599999992,-0.012673343,5258832601.0,65057805446.0,-15733717469.0,273000000000.0,602014660.0,0.02884337194833,-0.0200000000000004,-0.0199999999999995,0.0219999999999997,-0.008,0.0,0.03000021,15.02000046,0.0052994195005506,-0.0006731839876632,0.0,-0.0002858252535027,-0.005661537090285
2025-02-03,0,-0.007688711,55.95852417,0.0184492638727915,0.0167557374828852,-1.0421968700000015,-0.245195531,8458144968.0,35463492151.0,298000000000.0,-1180000000000.0,454403356.0,0.3022808718729344,-0.0499999999999998,-0.0600000000000005,0.0,0.0030000000000001,0.01,-0.00300003,14.85000038,-0.0028592160561462,-0.0090433819801756,0.0,0.0053762868716864,0.0086187482965174
2025-02-04,1,-0.025515801,36.39051086,0.077094518486676,0.1602004585418148,-6.064499609999999,0.150625384,-51138860199.0,210000000000.0,-451000000000.0,-871000000000.0,522848036.0,-0.1650797503594496,-0.04,0.0100000000000006,-0.024,-0.0009999999999998,-0.0499999999999999,-0.0229999999999999,16.43000031,-0.0100003467138058,-0.0269542171903296,-0.0359492212873657,0.0104332895119476,0.0057047927838489
2025-02-05,1,0.011240805,42.64657295,0.0717961127566804,0.0195187302894117,-2.6582058160000006,-0.083142118,-54871642961.0,139000000000.0,11570047283.0,77245571545.0,479377343.0,-0.0616935690053388,-0.0200000000000004,-0.0300000000000002,0.0089999999999998,0.012,0.01,-0.003,18.62000084,-0.0076376907401183,0.007198344309339,0.0043637307220656,0.001557032061461,-0.0094953358200138
2025-02-06,1,0.011052126,48.89612158,0.0081752522520393,0.0171498060311696,0.028079301,-0.087682888,-20727305064.0,90759040565.0,27625408313.0,65594890099.0,437344153.0,-0.1003227216278688,-0.0899999999999998,-0.0599999999999996,-0.0259999999999998,-0.0060000000000002,-0.03,-0.0199999899999999,17.20999908,0.007198907470574,0.0008530064489953,0.0159992450794206,-0.0061116539667018,-0.0035260062365525
2025-02-07,0,0.010891852,57.96777768,-0.0091841915208688,-0.0378754356182549,2.124413649000001,0.09684153,-14760411027.0,47082490535.0,140000000000.0,356000000000.0,479697230.0,0.1789658489469801,0.0200000000000004,0.04,-0.0220000000000002,0.004,-0.0199999999999999,-0.02600002,15.77000046,0.0039010538072261,0.0060348521914157,0.006670661625229,-0.0043330479459333,0.0010219780501499
2025-02-10,0,-0.005863249,54.04460446,-0.0071522808286426,-0.0651332088921616,0.3674696359999991,-0.124714456,-61806450434.0,122000000000.0,-180000000000.0,-240000000000.0,419872051.0,-0.1541506798272571,0.04,0.0799999999999991,0.04,0.0529999999999999,-0.04,-0.01300001,15.5,0.003637674396641,-0.0071804797122467,0.0069097559715931,-0.0012057983862376,0.0032447856276824
2025-02-11,1,-0.000257735,54.03389847,-0.0063436372507208,5.021442011265975e-05,0.1179409699999993,-0.062657955,-35325072274.0,185000000000.0,183000000000.0,-277000000000.0,393563727.0,0.0384662808277944,0.0199999999999995,-0.0099999999999997,-0.0059999999999997,0.0030000000000001,0.03,-0.0090000699999999,16.54000092,-0.0095098457199327,0.0003648068062869,-0.0096780945967722,0.0058559755176013,0.0025882691397303
2025-02-12,1,0.007027264,51.99118915,-0.018651261503606,-0.0217225494674089,1.3912912200000012,0.146175214,-33982381205.0,58670737259.0,190000000000.0,141000000000.0,451092989.0,0.0370412716803514,0.0300000000000002,-0.0199999999999995,0.0190000000000001,-0.0049999999999998,0.05,0.02400017,15.81000042,0.0066901122907196,0.0,0.0056570014741907,0.0017838280657107,-0.0033290265810101
2025-02-13,1,0.003671731,54.20045809,0.0128436610172308,0.0028969450071754,1.6997839900000002,0.030594998,-29088098916.0,10160252896.0,52557311052.0,371000000000.0,464894178.0,0.2195005600357085,0.08,0.0899999999999998,0.0299999999999998,0.0179999999999997,-0.01,0.0119998499999999,16.02000046,0.0003395252106397,0.004179974179685,-0.0040408497589492,-0.0016942117807756,-0.000185240388312
2025-02-14,1,0.013555552,59.65253142,0.0302273011671605,0.0394549420481125,3.95152635,0.463433547,65668200903.0,68302874736.0,371000000000.0,-113000000000.0,680341736.0,0.2216826306745325,-0.1000000000000005,-0.0600000000000005,-0.0070000000000001,-0.02,-0.04,0.01300001,15.89000034,-0.0027275831638302,0.0126942976928798,0.004697465590409,0.0009438900840024,-0.0058537198511459
2025-02-17,1,0.003045921,60.96988627,-0.0465161848821344,-0.0386275823911947,3.52481916,-0.266009103,-59623833723.0,176000000000.0,272000000000.0,-320000000000.0,499364641.0,-0.207189623371967,-0.0499999999999998,-0.0499999999999998,-0.0259999999999998,-0.0199999999999995,0.0,-0.0060000399999999,15.10000038,0.0103723131526454,-0.0079388661129993,-0.0106033248293968,-0.0092568305711537,-0.0069197761561117
2025-02-18,1,0.00744788,59.80316757,-0.0271218718680748,0.007529184161843,4.066896490000001,-0.26638779,-37806070744.0,82783939271.0,263000000000.0,-224000000000.0,366339998.0,-0.233993567338274,0.0,0.0,0.0230000000000001,0.012,0.0,0.0110001499999999,14.77000046,-7.194632913787302e-05,0.0006337881705515,0.0151197169681189,-0.0042767651559731,0.0
2025-02-19,1,0.006259107,68.07260003,-0.017893039268944,0.0022432302808352,4.207554769999998,0.151916581,-18134673779.0,121000000000.0,100000000000.0,18935648626.0,421993118.0,0.1358015411590614,0.08,0.0700000000000002,0.0089999999999998,0.0179999999999997,0.01,-0.00900006,14.77000046,0.0,0.0024513715099807,0.0068168334249456,0.006047614515678,0.0044940005763081
2025-02-20,0,0.016877402,70.3271047,0.0564756795435403,0.0291818839310131,6.528939070000003,0.245989019,64551134535.0,67712126648.0,660000000000.0,396000000000.0,525798791.0,0.1676643989939812,-0.0199999999999995,-0.0300000000000002,-0.0049999999999998,-0.0110000000000001,0.01,0.0059998,15.35000038,0.0024420036044947,-0.0026974976375484,-0.0026244589375377,-0.0008399359146809,0.0011202979350386
2025-02-21,1,-0.006557041,70.7476817,-0.0315999984132959,0.0168357571355919,3.3138596199999952,0.00666516,-81417208164.0,80847797720.0,-8960609712.0,-288000000000.0,529303324.0,-0.0203396842371219,-0.0300000000000002,-0.0300000000000002,0.0149999999999996,-0.0019999999999997,0.0,0.01700021,15.27000046,0.0023741488312705,-0.0125015442524425,-0.0049528801085205,-6.94263329661382e-05,-0.0077748686470258
2025-02-24,0,0.000195914,87.64026108,-0.1423553638976238,-0.0024768104064536,2.1914583800000003,-0.159831008,-8634276479.0,74306429095.0,61015463799.0,-216000000000.0,444704240.0,-0.2474081733138433,-0.08,-0.0799999999999991,-0.032,-0.0100000000000002,0.0,-0.02200008,15.65999985,-0.0043436047517193,0.0025538035941021,0.0102839038537432,-0.0057666955543904,0.0025358483082387
2025-02-25,0,-0.003513333,82.96920885,-0.0679718241292697,0.0062758394071797,0.5029445400000014,0.206091748,-7354978147.0,17820189902.0,-91866448407.0,-200000000000.0,536354114.0,-0.054067221270273,-0.0199999999999995,-0.0200000000000004,-0.0309999999999996,-0.008,0.0,-0.02299977,18.20999908,-0.0172113967179807,0.0,-0.006974866848239,0.0018074652836714,-9.382392992396404e-05
2025-02-26,1,-0.005679026,75.69645608,-0.0129122582930247,-0.0072455316938366,-1.277998199999999,-0.235048599,-39077070571.0,13822369897.0,-92082269066.0,-321000000000.0,410284831.0,-0.0281708769666977,-0.1000000000000005,-0.0899999999999998,-0.028,-0.0139999999999997,-0.01,-0.01400017,18.97999954,-0.0049814935974339,-0.0140015073670287,-0.0119354115199303,-0.0039400212174047,-0.0027241659354224
2025-02-27,0,0.004097623,73.84370763,0.0011205913542329,-0.0540065514875234,-0.602233070000004,-0.057331413,-3608597829.0,57404901317.0,174000000000.0,-322000000000.0,386762622.0,0.064538521137571,-0.0499999999999998,-0.04,-0.0450000000000003,-0.0049999999999998,-0.01,-0.0399999699999999,19.43000031,-0.0046907151383965,-0.0024985027381436,0.0050046969035228,0.0005947735548659,0.0010341805290821
2025-02-28,0,-0.00734971,72.35234695,0.031486039941186,0.0129431701552711,-2.4702657799999983,0.328747339,20023507006.0,45851879957.0,-343000000000.0,-179000000000.0,513909805.0,-0.0363676441708733,0.04,0.0099999999999997,0.0020000000000002,0.0009999999999998,0.03,0.00099993,19.10000038,0.0001360150977909,0.0029791372909375,-0.0150413166808593,0.0034358842178736,0.0076757815314039
2025-03-04,0,-0.034524508,51.84674214,0.149341767486772,0.2474070686628868,-9.46019358,0.14528175,-83318129055.0,5940831420.0,-518000000000.0,-1560000000000.0,588571521.0,0.3677247801253145,-0.0499999999999998,-0.0599999999999996,-0.048,-0.0260000000000002,0.01,-0.02199984,21.12999916,-0.0159917427840508,-0.0291930949379821,0.0,0.0107063727029981,0.0034442920024781
2025-03-05,1,-0.001525222,48.29865977,0.01610918227761,-0.1293461783452123,-8.03943344,-0.177531814,728396200.0,51526216282.0,-263000000000.0,-194000000000.0,484081351.0,-0.174658684048385,-0.0200000000000004,-0.0500000000000002,-0.0030000000000001,-0.0249999999999999,0.03,0.02200008,19.62999916,0.015729780457983,0.0047170854301352,-0.0199918257251585,0.0055506687976789,-0.017530354840721
2025-03-06,1,0.011484174,51.53346879,0.0253105796954442,0.0010216178224258,-4.196616690000001,0.176273878,97648839135.0,70907237311.0,-210000000000.0,-226000000000.0,569412248.0,-0.0076628727455698,0.0600000000000005,0.0699999999999998,0.0700000000000002,0.024,-0.01,0.04599976,23.51000023,-0.0300636909393059,0.0023293460130702,0.0120972181948069,-0.003490530445811,0.0
2025-03-07,0,0.007023407,48.83488976,-0.0212038788985262,-0.0132444797091384,-2.0298845199999995,0.070605183,35205731675.0,-550366428.0,69495382199.0,137000000000.0,609615704.0,-0.1401466317432387,0.0099999999999997,-0.0299999999999998,0.0329999999999999,0.0289999999999999,0.0399999999999999,0.0039999599999999,21.93000031,0.0110974726203174,0.0076326068123435,-0.0068646842964454,-0.0067820383599528,-0.0160155981487299
2025-03-10,1,-0.004934181,45.48963503,0.036264706815515,-0.0144508767140454,-2.7589672000000007,-0.069591862,23426058917.0,46285802840.0,-136000000000.0,59105655053.0,567191412.0,0.0766332260209132,0.0300000000000002,0.0299999999999998,-0.0329999999999999,-0.0289999999999999,0.0,-0.0039999599999999,24.87000084,-0.0179796770578608,-0.0219270018381365,-0.0061539061325515,0.0024017557410367,-0.0021164154745019
2025-03-11,0,0.002691894,43.17290196,0.0167209421174505,-0.0090250494502104,-1.736022039,-0.231838108,-5523898450.0,46122251900.0,74637735766.0,-429000000000.0,435694828.0,-0.2109234399794317,-0.1000000000000005,-0.0999999999999996,0.028,0.0310000000000001,0.0,-0.00299978,23.37000084,0.0055054349096117,0.0038178171892582,-0.0051923885737146,-0.0001659245839418,0.0006739581482539
2025-03-12,1,-0.012838806,35.59130219,0.0816729336797941,0.0397889640077497,-4.081713734999999,-0.084184107,-22418295696.0,-26885014630.0,-174000000000.0,-1540000000000.0,399016248.0,0.0982502774753193,0.0600000000000005,0.0099999999999997,-0.0410000000000003,-0.036,0.0499999999999999,-0.0050001099999999,27.86000061,-0.0273435416619136,-0.0063710797309326,-0.0174295207914312,0.0074192163084285,-0.0045334178068339
2025-03-13,0,0.014560864,33.99430543,-0.0227405973594834,0.0317450139579209,-0.2881665130000002,0.006586972,8035847301.0,-30632355371.0,38789074057.0,380000000000.0,401644557.0,0.1208364731432745,0.04,0.06,0.0030000000000001,-0.0100000000000002,-0.0199999999999999,0.0130000099999999,26.92000008,-0.0075966470301516,0.0007058737914089,0.0093471757928416,-0.0041333659705555,0.0016420983891487
2025-03-14,0,-0.000458458,35.93069414,0.0251385603295415,-0.0016597127517004,-0.3759897299999997,0.063856175,147000000000.0,-46569214601.0,294000000000.0,-481000000000.0,427292042.0,0.0630129678287332,-0.0500000000000007,-0.0499999999999998,0.0070000000000001,0.02,0.0,-0.0130000099999999,24.22999954,0.0048749680355584,-0.0007895377931212,-0.0143166735706561,-0.0015656555161598,0.0021211075967855
2025-03-17,1,-0.002832603,34.92274633,-0.0001902889726244,-0.0357038226142423,-0.9270908370000002,-0.15203337,-53919251663.0,56115640598.0,50076864432.0,-295000000000.0,362329393.0,-0.2760452095386227,0.04,0.0699999999999998,0.0430000000000001,0.0260000000000002,-0.03,0.0169999599999999,24.65999985,-0.0139883667773794,0.0071251425269629,0.0002900582351195,0.003087535813341,-0.001059991411318
2025-03-18,1,0.017125937,44.72188146,0.0311269618064464,0.0572049114821924,2.768706584,0.094512197,-10148042110.0,28916360145.0,501000000000.0,622000000000.0,396573940.0,0.1883396291195183,0.0,0.0300000000000002,-0.008,0.0049999999999998,-0.0299999999999999,-0.01300001,21.77000046,0.0210429057962588,0.0092255783359966,0.0068311181497886,-0.0028804483704538,-0.0033801615399173
2025-03-19,1,0.000631873,47.14399919,0.0064300395212524,-0.0100696288211468,2.228074717,0.400814622,-23530910394.0,34156166372.0,134000000000.0,444000000000.0,555526574.0,0.0,-0.0199999999999995,-0.0200000000000004,-0.0170000000000003,-0.0030000000000001,0.0,-0.0139999399999999,20.51000023,0.0063956350136109,0.0119323788797505,0.0068951849230902,-0.0045374230800927,-0.0012584561906976
2025-03-20,1,0.006212633,48.04992009,0.0047311377352077,-0.0001121647873931,2.9461677529999992,0.176049839,-7210762242.0,22957790839.0,271000000000.0,305000000000.0,653326938.0,-0.0168071183163824,-0.04,-0.0599999999999996,0.0230000000000001,0.0230000000000001,0.0199999999999999,0.0,21.70000076,-0.0107106670858083,-0.0024747713678774,-0.0140550480772443,0.0044614338596788,0.0018387037807654
2025-03-21,1,0.003220827,52.48488298,-0.0156499164369798,-0.0583563073204178,2.85297559,-0.303535121,-38124048864.0,-2992436037.0,124000000000.0,552000000000.0,455019267.0,0.0168071183163824,-0.0099999999999997,-0.02,-0.0190000000000001,-0.0230000000000001,0.01,0.00399994,19.89999962,0.0107406082064684,0.0,0.0187848388058551,-0.003837689956522,0.0040524775879866
2025-03-24,0,0.002283911,74.42130868,-0.1228985777327804,-0.0066576431571379,2.5519920500000026,0.093424424,-37003018808.0,13372154676.0,-342000000000.0,850000000000.0,497529180.0,0.1683353148192132,0.0099999999999997,-0.0100000000000002,0.0130000000000003,-0.0009999999999998,0.02,0.01400018,19.79999924,-0.0021872834531055,-0.0019838631437494,-0.0075431571308399,0.0154202520655557,0.0023083381030026
2025-03-25,0,-0.004193142,72.12296195,-0.0341313988257625,0.0032646415908184,0.9238233099999996,-0.25143761,-53815461430.0,4992047134.0,7830685905.0,6151772366.0,372431632.0,-0.7188261949776376,0.0899999999999998,0.0899999999999998,0.0109999999999996,0.0070000000000001,0.0,0.0039997199999999,19.28000069,0.0008243136298471,-0.0018216067176766,-0.004624052853849,-0.0007096956613112,0.001631925500698
2025-03-26,1,-0.006196811,63.09846161,0.0200282168750169,0.0051317586476038,-0.7771657600000026,0.1794901,-9151729684.0,-19561119151.0,130000000000.0,-75211633491.0,439279423.0,0.1830438392377793,-0.0300000000000002,-0.0299999999999998,0.0050000000000003,0.008,0.0,-0.00299979,17.47999954,0.0174921170190316,0.0045643533222161,0.0075056439635794,0.0010166944292571,-0.0007676242852356
2025-03-27,0,0.010696383,64.71693332,0.0164655970320004,0.0186406735693678,1.440081130000003,0.156248286,-7157583100.0,15570782366.0,240000000000.0,351000000000.0,507916080.0,-0.0814476251148548,0.04,0.0299999999999998,0.0179999999999997,0.0059999999999997,0.01,0.01199985,17.14999962,0.0015730954690749,0.0065099047825025,-0.0005793569598644,-0.002854879085258,0.0035452803288507
2025-03-28,0,-0.014012573,58.58329063,0.012163862448002,0.0349948259782566,-2.0179679900000025,-0.20594449,-88333381166.0,-25460178838.0,-117000000000.0,88668299283.0,403313562.0,0.0026075634070785,0.0300000000000002,-0.0099999999999997,-0.0009999999999998,0.004,0.0399999999999999,-0.0049998799999999,18.32999992,-0.0112196403527988,-0.0059957592444259,-0.0139570233259416,0.0024524397577989,-0.0046017087584342
2025-03-31,0,-0.019039756,47.90831842,0.0563945491179942,0.053197586675334,-5.691837949999998,0.273355333,609806807.0,40065883283.0,21673555398.0,-642000000000.0,513561475.0,-0.0715071904536621,-0.1100000000000003,-0.0899999999999998,0.004,0.0070000000000001,-0.02,-0.00300002,18.69000053,-0.0033124608810695,-0.0181435283176423,-0.0160201768623284,-0.0025892060842513,-0.0002882975361231
2025-04-01,1,-0.030507759,41.71165374,0.0270100480732957,-0.0465025556550298,-10.714246052,-0.237495799,-10678439502.0,60722289266.0,556000000000.0,-1580000000000.0,391592782.0,0.1418879872154619,-0.0399999999999991,-0.02,-0.0710000000000001,-0.06,-0.0199999999999999,-0.0110001599999999,21.64999962,-0.0199346012710019,-0.0413260125021945,-0.0428914993344538,0.0051308534586977,0.0016326361369589
2025-04-02,0,0.016100176,42.22876858,0.0139480374013345,0.0509812262731257,-5.183406632,0.157819199,28527835113.0,77428143593.0,-7425171231.0,-391000000000.0,453393641.0,-0.1716985694026647,-0.0600000000000005,-0.04,0.016,0.012,-0.02,0.00399995,22.28000069,0.0055232404916925,0.0001943200984442,0.0278400175391695,0.0017338367108736,0.0004797141139833
2025-04-03,0,-0.006178262,40.536686,-0.0126773074745494,-0.0204108472380983,-5.242304716,0.137201084,14073759070.0,174000000000.0,-22090030228.0,-727000000000.0,515599740.0,0.0533085534545065,0.0300000000000002,0.04,-0.02,0.0030000000000001,-0.01,-0.023,21.77000046,0.0037741044551253,0.0028420515394724,0.0008478846108825,-0.0013528468383015,-0.0043255173959186
2025-04-04,0,-0.007675521,39.23508561,0.0921640446505454,-0.0057719698310476,-5.518310830000001,-0.068934443,92068244282.0,272000000000.0,68855170698.0,-1380000000000.0,480057159.0,0.122024181062379,-0.1400000000000005,-0.2099999999999999,-0.0289999999999999,-0.0550000000000001,0.07,0.02600002,21.51000023,0.0067056614958698,-0.0281005177146429,0.0,-0.0026770578667294,-0.0169034326097463
2025-04-07,0,-0.008594364,29.06465677,0.0412494427112619,0.0065619784734911,-5.84077488,0.447900251,63608384142.0,207000000000.0,350000000000.0,-1790000000000.0,695074881.0,0.2576092324322587,-0.0499999999999998,-0.02,-0.0459999999999998,-0.068,-0.03,0.02200008,30.02000046,-0.0496059117696869,-0.027888563211027,0.0,-0.0105324655804217,0.0092642616578908
2025-04-08,1,-0.057266731,20.5565883,0.1630543146896839,0.3559538574049075,-15.275626369999998,-0.108728094,-10723490389.0,431000000000.0,-95673110432.0,-2100000000000.0,619500714.0,-0.0188684843043809,0.1400000000000005,0.06,-0.044,-0.056,0.08,0.0120000799999999,45.31000137,-0.0616090620097278,-0.0815026894438322,-0.1020297972707116,0.0053897874190118,0.0023269886543779
2025-04-09,0,0.002586648,18.83236991,0.0313806327654511,-0.001551323184624,-11.0661724,-0.100859558,86889851666.0,113000000000.0,-367000000000.0,-647000000000.0,557018146.0,-0.140905453077238,0.1099999999999994,-0.0100000000000002,0.0379999999999998,0.008,0.12,0.02999997,46.97999954,-0.0023341945813282,0.0585053079455377,-0.0409902584857864,0.0078061166095615,-0.0029095452419038
2025-04-10,1,-0.017515851,15.95408026,0.0411522536328878,-0.0204851224727438,-11.35624963,0.256048097,-44322370066.0,57856324113.0,40051769712.0,-1000000000000.0,699641582.0,0.047117922977069,0.08,0.2000000000000001,0.0460000000000002,0.0210000000000003,-0.12,0.0250000999999999,52.33000183,-0.0158250831829818,-0.0401294966505929,-0.0596069606473896,0.0109470757376337,-0.0005828971293491
2025-04-11,0,0.063903474,34.75563743,0.1498274067214318,0.3103605010343515,3.853373120000001,-0.041812166,308000000000.0,53966282574.0,179000000000.0,329000000000.0,670388052.0,0.1493573812549797,0.0600000000000005,-0.06,-0.0300000000000002,0.0029999999999996,0.12,-0.0330002299999999,33.61999893,0.0908948796759698,0.0873546161972704,0.0884440036595499,-0.0287930491122283,-0.0199250715833931
2025-04-14,1,-0.005059726,34.68727871,0.0347829870966709,0.0002959227667975,2.667126109999998,-0.448524154,21739159945.0,175000000000.0,-135000000000.0,-690000000000.0,369702818.0,-0.3670243248007345,0.08,0.1299999999999999,-0.0059999999999997,-0.0259999999999998,-0.05,0.0200002299999999,40.72000122,-0.0352206069017988,-0.0300170113409539,0.0274482175369694,0.0055871111936252,-0.0108648356278777
2025-04-15,1,0.009479216,37.84504869,-0.0099108870704673,-0.0125218609509656,4.54004303,0.321651716,-334596020.0,112000000000.0,-64143907086.0,-244000000000.0,488618364.0,-0.1393069093774173,-0.1000000000000005,-0.1099999999999998,-0.0050000000000003,-0.0030000000000001,0.01,-0.0020001,37.56000137,0.0179303807240192,0.0117447957010288,-0.0008032245951401,-0.0229818229222695,-0.0014040659340519
2025-04-16,0,0.008724447,37.21418725,-0.0073676836107958,0.0062129491886593,5.824073560000002,0.14678355,-5848280889.0,94464244602.0,64528321115.0,-118000000000.0,560339502.0,-0.02727441791966,-0.0300000000000002,-0.02,-0.0269999999999996,-0.0089999999999998,-0.01,-0.0179998999999999,30.88999939,0.0079133194076845,0.0083569747718073,0.0175048122445957,0.0002607002997905,0.0058040972332964
2025-04-17,1,-0.012175158,37.60745705,-0.0064961523400928,-0.0002423281467969,2.655447069999994,0.094289983,-31898896574.0,86849302137.0,-47659695621.0,-459000000000.0,613173904.0,0.0332356874361607,-0.0599999999999996,-0.08,-0.0350000000000001,-0.048,0.02,0.0129997799999999,30.12000084,-0.0017292752194606,-0.0101819656613209,-0.0198182344857311,0.0053399993598528,-0.0084169230026258
2025-04-18,1,0.009345627,42.91767581,-0.0364215506464349,0.0059857842372705,4.367369660000001,-0.018649266,-6456043288.0,56195835173.0,275000000000.0,-351000000000.0,601738661.0,-0.0179914897930437,0.0499999999999998,0.0499999999999998,0.016,0.0339999999999998,0.0,-0.0179998799999999,32.63999939,-0.0226632540588802,0.013388677551493,-0.0066622468100483,-0.009003168600759,0.0
2025-04-21,1,0.005252518,50.20742137,-0.0707889216215491,0.0020644341773339,4.86352368,-0.250529929,-16348640640.0,78362304973.0,-12839946026.0,-105000000000.0,450985117.0,-0.1569281087052445,0.0,0.0,-0.0249999999999999,-0.0229999999999996,0.0,-0.0020001,29.64999962,0.0013259586238518,0.0102067300407284,0.002906966428263,0.0,0.0
2025-04-22,0,0.002011329,46.82437596,-0.0378247143552279,0.0011559147375472,4.557848410000002,-0.048799879,-8928783020.0,56296074372.0,-17446035020.0,-288000000000.0,428977098.0,-0.0753340468254002,0.08,-0.0499999999999998,-0.0180000000000002,-0.0310000000000001,0.13,0.013,29.64999962,0.0,-0.0130521500620304,-0.015003962705002,0.0,-0.0111303232631447
2025-04-23,1,-0.000715581,48.09836538,-0.0180557649070354,-0.0004294075055732,3.72556092,-0.028665747,4172620583.0,94348217496.0,-36492501044.0,-242000000000.0,416680149.0,0.1649967731366501,-0.0099999999999997,0.0499999999999998,0.0190000000000001,-0.0009999999999998,-0.06,0.02000023,33.81999969,-0.023849648335446,-0.0017319673441793,-0.0165055247069521,0.0052259460958206,0.0064908889139516
2025-04-24,0,0.015530485,53.70011432,-0.0379531320373809,0.007418195189182,6.27776652,0.291436934,9302100838.0,63707325336.0,547000000000.0,-197000000000.0,538116134.0,0.2276640627255268,-0.0099999999999997,0.0500000000000002,-0.0230000000000001,0.0070000000000001,-0.0599999999999999,-0.02999997,30.56999969,0.0248069522569522,0.0187596923656325,0.0440172216815444,0.0053176752974009,0.0092574438090453
2025-04-25,1,-0.001279735,55.6116632,-0.063787950572514,-0.0071394115729117,4.84341145,-0.390586287,-21164137684.0,-16024864196.0,-168000000000.0,-7382931153.0,327935351.0,-0.065226042649698,-0.08,-0.0700000000000002,0.0250000000000003,0.004,-0.01,0.02099967,28.45000076,0.0165238642436431,0.0048784233928422,-0.0081973095704679,-0.0019400147387091,-0.0055239976511733
2025-04-28,1,0.009458236,77.6903058,-0.1698511309957733,-0.0110394276437459,5.834230092,0.230510025,1231577048.0,84366161670.0,441000000000.0,615000000000.0,403527737.0,0.1864396134028716,-0.0300000000000002,-0.04,-0.0470000000000001,-0.036,0.01,-0.0109999299999999,26.46999931,0.0200566282203649,0.0188454487419136,0.0200212275429745,0.0025276368081526,0.0018112331180377
2025-04-29,1,0.001004898,77.49198655,-0.0647741931317251,-0.0516716304821227,4.836112334,0.125330765,-69430310652.0,30563085304.0,139000000000.0,-85933648957.0,454102177.0,-0.1160721712527532,-0.0599999999999996,-0.0899999999999998,0.012,0.0109999999999996,0.03,0.0010001699999999,24.84000015,0.0073460847215489,0.0037528490943703,0.0081028393440476,0.0050916445158115,-0.0046352266809259
2025-04-30,0,0.006475935,87.08170159,-0.0445607004694528,-0.0111803106952965,5.115788493,0.204754119,-1698955739.0,57434984612.0,391000000000.0,693000000000.0,547081468.0,0.1672513038729555,-0.04,-0.02,0.0150000000000001,-0.0059999999999997,-0.02,0.02099991,25.14999962,0.0006405015276893,0.0,0.0098453870029242,-0.0010301820495604,0.002320260511313
2025-05-02,1,-0.003439973,74.9184943,-0.274856215708716,-0.0018177851300684,3.252820346,-0.108928265,22066889243.0,-8979589058.0,-127000000000.0,-169000000000.0,487488833.0,-0.0883927289606347,-0.0200000000000004,-0.0699999999999998,-0.04,-0.0430000000000001,0.0499999999999999,0.0030000199999999,24.17000008,0.0057856415230777,0.0057144088411469,0.0001185361344511,-0.0032925771526874,0.0023149661696129
2025-05-07,1,0.001243035,79.59665047,-0.0635823395873993,-0.0046083790241477,2.712607715,0.201037325,28242651524.0,45241556483.0,201000000000.0,-167000000000.0,585492284.0,-0.0131188524291161,0.1600000000000001,0.2399999999999997,0.0299999999999998,0.0150000000000001,-0.0799999999999999,0.01499987,24.70000076,0.0014788973473596,0.0215528333530006,0.0269433833064915,0.0027491884670425,0.0053140825587645
2025-05-08,1,0.005458186,78.68723924,-0.0277845629904565,-0.0055619691011474,3.122389159999999,-0.066161678,-19393639714.0,-8190873040.0,127000000000.0,350000000000.0,546755132.0,0.0706721330066706,-0.0700000000000002,-0.0999999999999996,0.0100000000000002,-0.0289999999999999,0.03,0.0390000299999999,22.68000031,0.0208985367745988,-0.0013865239626493,-0.0116684749912536,-0.0429480575236684,-0.0039076187071342
2025-05-09,0,0.002204396,76.90732372,-0.0268976731181012,-0.2882368896732079,2.74335256,-0.137391153,34951277324.0,-8169018241.0,-237000000000.0,130000000000.0,471635814.0,0.1416083060501698,0.1100000000000003,0.1299999999999999,0.0189999999999996,0.028,-0.02,-0.0089998199999999,23.54999924,-0.0097880942507284,0.0040421221197721,-0.0001503941704008,0.0162482153830483,0.0102872197093288
2025-05-12,1,-0.000857114,90.09893823,-0.0475752791186017,0.0030140058788949,1.785730130000001,0.029502617,2239074552.0,91176153599.0,-218000000000.0,68061412101.0,485550305.0,-0.248959367276921,0.0,0.0,0.048,0.0499999999999998,0.0,-0.0020000799999999,22.47999954,0.0057830211034879,0.0154425777226201,0.0179287319938055,0.0046837708628393,-0.0029854048088067
2025-05-13,1,0.011596032,90.5137826,0.0125282451909676,-0.0555618883629236,3.58935253,-0.15611332,20451042742.0,26107972247.0,310000000000.0,152136203.0,409749435.0,0.0604048335449185,0.08,0.1200000000000001,0.0150000000000001,-0.0009999999999998,-0.04,0.01600002,21.89999962,-0.0007117341073215,0.0037508523031242,0.0102035444566599,-0.0062021420081972,0.014347494124502
2025-05-14,1,0.000417905,89.79381828,-0.00121152934737,-0.8330986264909948,2.65052841,0.031019855,20350965676.0,-59954992500.0,-41868800245.0,171000000000.0,422459803.0,0.0254643388659339,0.04,0.0299999999999998,0.0369999999999999,0.04,0.01,-0.00300002,18.38999939,0.0320399766516779,0.0142167132419963,0.0094491086146959,0.0148408987823707,-0.007791359464722
2025-05-15,0,0.012250185,91.29807839,0.0517479521900043,-0.0015275806850301,4.362521940000001,-0.075642671,15426535940.0,14148013174.0,440000000000.0,476000000000.0,390503815.0,0.0158733491562905,0.04,0.0499999999999998,-0.004,-0.0190000000000001,-0.01,0.01499986,18.21999931,0.0072220591428457,-0.0014449433862306,0.0210027160882404,-2.120669604011028e-05,0.0003959701083395
2025-05-16,1,-0.007301521,83.40618174,0.0202683351321892,0.0512054400918859,1.5570094700000006,-0.130408513,-94146720606.0,4682821428.0,-165000000000.0,274000000000.0,339578793.0,-0.2039255806592308,-0.08,-0.0999999999999996,0.0089999999999998,0.0110000000000001,0.02,-0.00199986,18.62000084,0.0010238911679767,-0.0098208304654932,-0.0024185425769935,-0.0061417343269045,-0.0015848220574081
2025-05-19,0,0.00209976,80.11067123,-0.0717812179601344,-0.0174892823533028,1.3131781800000013,0.059272691,-42173233757.0,15607601432.0,149000000000.0,170000000000.0,359706542.0,0.1021830590920878,-0.0200000000000004,0.0,-0.0509999999999997,-0.0430000000000001,-0.02,-0.0079999,17.82999992,0.0041238174969411,-4.7490088011414855e-05,0.0052067684361105,-0.0073528500638211,0.0020795076727262
2025-05-20,0,-0.008967133,71.5149827,0.0291900928745993,-0.0532435776503392,-1.203038520000003,-0.129023289,-18296727890.0,-24334665267.0,-91684923295.0,-114000000000.0,313296021.0,-0.1736420230742332,0.0300000000000002,0.0,0.0709999999999997,0.0470000000000001,0.03,0.0239999399999999,17.23999977,0.0069808493625966,-0.0067796108690796,-0.0147513703176986,0.0007942221694143,-0.0065502021725141
2025-05-21,1,-0.000622403,66.70684242,-0.0179142252990716,-0.019950200117635,-1.4192733199999985,0.458650364,-28432106948.0,-20734981520.0,139000000000.0,-114000000000.0,456989355.0,0.1264694788680636,0.0200000000000004,0.0,-0.0339999999999998,-0.036,0.02,0.0020001,18.13999939,0.0008757295922219,0.0008226081873274,0.0001021708332427,-0.0068755605624142,-0.0030914768611909
2025-05-22,0,0.009098322,70.47836395,0.0425605354262832,0.0226451627968415,0.4536890299999996,-0.187010781,-2278591515.0,-5217059205.0,84013804591.0,195000000000.0,371527419.0,-0.0291411349075012,0.0999999999999996,0.0499999999999998,0.0469999999999997,0.0150000000000001,0.0499999999999999,0.03199982,18.09000015,-0.0038877771166934,-0.0061609850630297,0.0128264508628124,0.0030057628886126,-0.0056090405396558
2025-05-23,0,-0.012228023,56.96946043,0.0230431633218715,0.1215758953285073,-2.526582470000001,-0.036237325,-61466479207.0,8343597962.0,-262000000000.0,-226000000000.0,358064259.0,0.1870148272257061,-0.04,-0.0099999999999997,-0.0049999999999998,-0.0090000000000003,-0.0299999999999999,0.00400019,20.87000084,-0.016266719326401,-0.0084300157484751,-0.006116160028835,-0.0136415499710702,0.0040096437715133
2025-05-26,1,-0.000609297,59.07695229,-0.0326318951804829,-0.0002925565801925,-2.41324719,0.212140349,7324322914.0,-10737535317.0,-114000000000.0,-58284123298.0,434024136.0,-0.0351709534963617,-0.0300000000000002,-0.0300000000000002,0.0110000000000001,0.0020000000000002,0.0,0.0089998199999999,20.28000069,-0.0004449699101094,0.0047095509526009,-0.0008642348976817,0.005429732513126,-0.0085397461896752
2025-05-27,0,0.019979626,67.29769066,0.0704643770364552,0.0652531619885321,2.001938990000003,-0.12407374,-10817713212.0,47458975378.0,373000000000.0,102000000000.0,380173138.0,-0.0376515062036872,0.0,0.0,0.0,0.0099999999999997,0.0,-0.00999999,22.29000092,-0.0067308996933608,0.0099358847710142,-0.005356489105404,-0.0120974256996984,-0.001817818104735
2025-05-28,1,-0.002718839,63.33809826,-0.0104291229657538,0.0053887515456203,0.6926955499999998,-0.162787638,4541113887.0,-20636821703.0,13003300666.0,-75636719405.0,318285651.0,-0.0529354345910952,-0.08,-0.0299999999999998,-0.0569999999999999,-0.008,-0.05,-0.0489997799999999,22.29000092,0.0,0.0051179831504892,-0.0093313829768426,0.0024663061825815,0.0059460627601515
2025-05-29,1,0.012409293,67.10819441,0.0966788097872792,0.0217791972832799,2.8586882699999983,0.273930684,-33790635792.0,44791867826.0,757000000000.0,303000000000.0,405473857.0,0.3477859965214875,0.04,0.02,-0.0030000000000001,-0.0259999999999998,0.02,0.023,18.95999908,0.020252580829327,-4.535504822555936e-05,0.0009922477568142,0.004885403233735,0.0036108426497216
2025-05-30,0,0.018732493,72.88281288,0.0747011032180919,0.0949486880436412,5.923915870000002,0.105720826,-3392052032.0,68016030745.0,562000000000.0,295000000000.0,448340888.0,-0.0271509890659515,-0.04,-0.04,0.0539999999999998,0.0270000000000001,0.0,0.0269996999999999,19.30999947,-0.0055868025128198,0.0186619162755778,-0.0004879950809364,-0.0008732885062956,-0.0060253092706581
2025-06-02,1,-0.008478699,64.75274936,0.0015896747123043,0.0386959426341633,2.397884579999996,0.172458368,-50512785457.0,14445323313.0,158000000000.0,-612000000000.0,525661026.0,0.3058643915349712,-0.0199999999999995,-0.04,0.0260000000000002,0.0059999999999997,0.02,0.02000023,19.18000031,0.004003170838704,-0.0122485996281227,0.0,-0.00232502317803,0.0005035300428266
2025-06-04,1,0.000481799,64.77693146,0.0344708208923503,-0.010379043895945,1.5440680600000007,-0.384386909,-29530823675.0,-8952510266.0,-191000000000.0,128000000000.0,323603809.0,-0.6077136242515309,0.0499999999999998,0.04,0.0070000000000001,-0.0070000000000001,0.01,0.0139999399999999,18.56999969,-8.118854685790211e-05,-0.0131088139673494,-0.0162737827430987,0.0084144922425783,-0.0063627431129882
2025-06-05,1,0.026280347,68.81917179,0.0718861220073847,0.1468292951688532,6.487048420000001,0.514004039,35258802197.0,2869575028.0,122000000000.0,1050000000000.0,489937474.0,0.4062918960841593,-0.0899999999999998,-0.0700000000000002,0.1009999999999999,0.0740000000000002,-0.02,0.02699995,18.36000061,0.0040936514909084,0.0073593592911791,0.0288789350087999,-0.0030945443310281,0.0009114788313526
2025-06-09,1,0.014763217,75.90122684,0.0671574416714007,0.0261389759640016,7.840002900000002,0.134866132,-51910439428.0,61586656480.0,337000000000.0,984000000000.0,556013446.0,0.0945585826250123,0.0300000000000002,0.06,-0.0030000000000001,-0.0020000000000002,-0.03,-0.00099992,17.61000061,0.0058572184165655,-0.0051250039178292,0.002602753658925,-0.0121441135121429,-0.0005062832114299
2025-06-10,1,0.015427744,78.16745439,0.0731602386264462,0.0242309610174844,9.01089392,-0.033086009,-59587537114.0,-111000000000.0,-454000000000.0,980000000000.0,537617180.0,0.0512932943875483,0.0899999999999998,0.0900000000000003,-0.024,-0.0070000000000001,0.0,-0.0169999699999999,18.47999954,-0.0052913579941211,0.0141213460994755,0.0053312041463637,-0.0013969336788388,0.0020235193033375
2025-06-11,1,0.00561494,83.64210714,0.0044841270763096,-0.0082551331245834,7.620678709999993,-0.054746236,-52322298027.0,-9048493815.0,182000000000.0,633000000000.0,508184663.0,0.0212022076506031,-0.0200000000000004,-0.04,-0.036,-0.02,0.02,-0.01600003,17.15999985,0.0111477213803716,0.0032225788786792,0.0205243015126797,-0.0039365229109291,0.0011111734761151
2025-06-12,1,0.012178939,85.28624673,0.0198238129203809,0.001684691259987,7.969066960000006,-0.224829932,-68338670804.0,-27624097410.0,384000000000.0,166000000000.0,393929540.0,-0.1345308929576063,-0.0599999999999996,-0.06,0.0060000000000002,0.0340000000000002,0.0,-0.02800012,16.95000076,0.0054680125777011,0.0054723428693126,0.0101968031097801,0.0073812149171272,-0.0042493568531698
2025-06-13,0,0.004458505,84.90979243,-0.0074349722853352,-0.0056305387843424,6.380268860000001,0.811759814,151000000000.0,124000000000.0,-422000000000.0,408000000000.0,713705710.0,0.3249778571954778,-0.0499999999999998,-0.04,-0.0100000000000002,0.0099999999999997,-0.01,-0.0199999799999999,17.26000023,-0.0027476604478309,-0.0064783540929287,-0.0081451643901981,0.0013261695439732,-0.0072246470086279
2025-06-16,1,-0.008740018,86.23901974,0.0301823917992969,0.0308985819024334,1.999534330000003,0.30538062,-75196282184.0,29296004837.0,-341000000000.0,122000000000.0,931657602.0,0.0114943794257342,0.0499999999999998,0.0499999999999998,-0.008,0.0330000000000003,0.0,-0.0409999,18.02000046,0.0038151331959781,-0.0089160358829225,-0.0096875132107747,-0.0117106985333581,0.0026517317120813
2025-06-17,1,0.017818414,88.06934233,0.0744266618219375,0.0003996632322573,4.722872409999994,-0.220366207,-23042788392.0,-28386582974.0,347000000000.0,-322000000000.0,726351750.0,-0.1949726743475111,0.0499999999999998,0.0300000000000002,0.0449999999999999,0.0209999999999999,0.02,0.0239999399999999,20.81999969,-0.0113606686259934,0.0125308490487281,-0.0010447571859124,0.0113079447798885,-0.0018350531167996
2025-06-18,1,0.001234581,86.67693531,0.0312867887550813,0.0015244541260512,2.941778549999995,0.293580013,-45962319151.0,-111000000000.0,228000000000.0,-96735251099.0,939594106.0,0.2175725062647551,-0.0700000000000002,-0.0300000000000002,0.004,-0.0350000000000001,-0.04,0.03900004,19.11000061,0.0093488230754292,0.005866401250703,0.0073061330923138,-0.0054059640425379,0.0083325316100149
2025-06-19,1,0.007392158,88.79394243,0.0396573692358392,-0.050951712752596,2.968631060000007,-0.386386068,-21805385275.0,-47541758021.0,174000000000.0,286000000000.0,576548034.0,-0.1969532190620206,-0.0099999999999997,-0.0099999999999997,0.008,0.024,0.0,-0.0160000399999999,21.60000038,-0.0083872596509078,0.009000362215783,0.0065131978088182,0.016594717962576,0.0009103724744976
2025-06-20,1,0.001865585,88.03514274,-0.0199335294793554,-0.0071152956562849,1.652375500000005,-0.248439836,17086576619.0,-136000000000.0,-91952282609.0,-87418957620.0,433310535.0,-0.06317890162153,0.0,0.0,-0.0019999999999997,0.0030000000000001,0.0,-0.00499987,20.13999939,-0.0003092880921879,-0.0102570554266403,-0.0159258837096754,-0.0070877170860512,0.0
2025-06-23,0,0.014701326,87.84302755,-0.0011781707649882,0.01316239043883,3.677508159999988,0.118977366,-3765140423.0,11318992895.0,90759898596.0,563000000000.0,484864681.0,0.2657031657330044,0.0,-0.0300000000000002,-0.0070000000000001,-0.012,0.03,0.00499987,20.13999939,0.0,-0.0022137512451561,0.0019178647680089,0.0030157035263069,-0.0020241336455191
2025-06-24,1,-0.002441929,91.42692225,0.0286290696315445,-0.0709354504918833,1.1163556999999995,0.290361908,-6467508020.0,-16774804868.0,-857000000000.0,-369000000000.0,625650915.0,-0.0055710450494537,-0.04,-0.06,0.0060000000000002,0.0350000000000001,0.02,-0.02900004,20.62000084,-0.0021810351423461,-0.0012804156402346,-0.0143326690181613,-0.0039499563283813,-0.0029422322655152
2025-06-25,1,0.029151564,93.02893676,0.0769215501023583,0.0872725276081878,6.798232300000009,-0.074243235,-19710321056.0,-98400735170.0,479000000000.0,444000000000.0,579200567.0,0.0648876222058731,-0.04,-0.0499999999999998,-0.0500000000000002,-0.0370000000000003,0.01,-0.013,19.82999992,0.0095606550501141,0.011315714471209,0.0207991166263621,-0.0055136719269759,-0.0057061247496781
2025-06-26,0,0.001484285,91.86539155,-0.0375976472141421,-0.0184626741098439,4.426860099999999,0.113191933,-153000000000.0,-51986541705.0,-213000000000.0,-111000000000.0,644761399.0,0.0309303006913594,-0.0099999999999997,-0.0099999999999997,-0.0030000000000001,-0.0009999999999998,0.0,-0.0020001,17.47999954,0.0110603286321193,0.0038982834883132,0.0108406722515379,-0.0060094093991294,-0.0018410591182949
2025-06-27,0,-0.009273118,84.2566325,0.0220707253048932,0.0406662113290625,-0.137915300000003,-0.285608911,-101000000000.0,-46682955704.0,-155000000000.0,-581000000000.0,460611798.0,-0.1474052916877291,-0.0300000000000002,-0.06,-0.032,-0.0059999999999997,0.0299999999999999,-0.0259997999999999,16.76000023,-3.2861852918841805e-06,0.0163644360494927,0.0027482834464933,0.0023978083949929,-0.0054406414037861
2025-06-30,1,-0.00769953,77.02441867,-0.0047379187438902,0.0404792123709762,-3.308304100000001,-0.171462953,16764935778.0,-12772689265.0,267000000000.0,-858000000000.0,381633939.0,-0.1941560144409564,0.0300000000000002,0.04,-0.0029999999999996,-0.0010000000000003,-0.01,-0.00200008,16.59000015,0.007988131149883,0.0142024917547338,0.003893305528523,-0.003151552314236,0.0025700347846164
2025-07-01,1,0.00514392,77.00454527,-0.0080694091714264,-0.0306008050807307,-2.613090999999997,0.216251679,-7359262542.0,-30096619860.0,522000000000.0,-651000000000.0,464162919.0,-0.0512932943875483,-0.0499999999999998,-0.04,0.02,-0.0009999999999998,-0.0099999999999998,0.02100014,16.31999969,0.0052053991443834,0.0083484901645789,-0.0144555925196776,0.0079739455370475,-0.005353155497703
2025-07-02,0,0.005826646,75.88081338,0.0342041869510572,-0.0488798347054855,-1.8639333,0.240979881,66074808160.0,-68827619645.0,521000000000.0,176000000000.0,576016844.0,0.1335313926245227,0.0199999999999995,0.0699999999999998,-0.0210000000000003,0.0020000000000002,-0.05,-0.02300024,16.72999954,0.0051511374912021,-0.0124529842281155,0.0132875374238778,-0.0111280391939976,-0.0006194895494742
2025-07-03,1,-0.004733352,71.87280627,0.0398847561766473,0.0207626621621805,-3.851512100000008,0.209684167,-89442871071.0,-1877611701.0,310000000000.0,-327000000000.0,696798456.0,-0.0266682470821635,0.04,0.02,0.048,0.0289999999999999,0.02,0.0190000599999999,16.82999992,-0.0011191569990138,-0.0056138330292707,0.0010644252046301,0.0052438952372551,-0.0004132325504686
2025-07-04,0,0.013312348,79.93732103,-0.0180201473230869,-0.0851937913121885,-0.9135735999999924,-0.226289615,71712261182.0,-6743727442.0,326000000000.0,646000000000.0,539120202.0,0.0067340321813453,0.0499999999999998,0.0699999999999998,-0.0179999999999997,-0.0340000000000002,-0.02,0.01600002,16.63999939,0.0047338742660603,0.0005887730459708,0.0059716824529356,-0.0006198233708163,0.0041245834084522
2025-07-07,1,-0.020092885,64.15532152,0.0128010332011916,0.1240378593781628,-6.833833569999996,-0.034049479,-108000000000.0,-79484086820.0,-160000000000.0,162000000000.0,520763440.0,-0.0912914202094086,0.0,0.0,0.0139999999999997,0.0180000000000002,0.0,-0.0039999399999999,16.37999916,0.0083043782453344,0.0006276754323941,-0.0073119627205944,0.0017331169563323,0.0
2025-07-08,1,0.001697794,64.3008644,-0.0487763005764207,-0.0276963943566865,-6.035252600000007,-0.309850576,64972410071.0,-59254783951.0,-93888968626.0,-91190609722.0,359404588.0,-0.2876820724517799,0.0500000000000007,0.0100000000000002,0.012,0.0150000000000001,0.04,-0.00300026,16.37999916,0.0,-0.0056222634737039,-0.0052818833728665,0.0037509514334388,0.0030823310579002
2025-07-09,1,0.017971396,67.18840297,0.0142030134262918,0.0413921638090846,-1.329064919999993,1.075079428,4736677378.0,-2578060207.0,5061412717.0,244000000000.0,745793067.0,0.2803019651541589,0.0199999999999995,0.0099999999999997,0.0070000000000001,-0.0050000000000003,0.01,0.0120001,17.79000092,-0.0078933682342281,0.0025512975422881,-0.0029671689959194,0.0090908857144427,0.00030769556788
2025-07-10,1,0.006014091,68.20218343,-0.0205332819507733,-0.0129562127851885,-0.5535677400000054,-0.137882998,55748789432.0,3099022551.0,-140000000000.0,-413000000000.0,642960883.0,-0.0610876919798393,-0.08,-0.06,0.0070000000000001,0.0010000000000003,-0.02,0.00600027,16.80999947,-0.0007161430999325,0.0033322257048098,0.007339880798602,-0.0031621598396895,-0.0004103079277042
2025-07-11,0,0.015669222,68.59716592,-0.0002690408178427,0.026996803461464,2.509322949999998,-0.072149504,164000000000.0,44951482986.0,-132000000000.0,472000000000.0,596571574.0,0.1045728039195772,0.0099999999999997,0.02,-0.04,-0.0450000000000003,-0.01,0.0049996299999999,15.93999958,0.0060438027613578,-0.0044023492108706,0.0073524999523133,0.0019683970572232,0.0018450221251002
2025-07-14,1,-0.00234627,68.58296539,-0.0057356991953581,-0.0255476331583794,0.3374112999999994,-0.220056608,-50660170349.0,4610589498.0,62412074481.0,326000000000.0,465292057.0,-0.0584107621564129,0.08,0.04,0.0089999999999998,0.0150000000000001,0.0399999999999999,-0.0059998,15.77999973,0.0027424410230043,-0.0019359643539242,0.002542864889671,-0.0002622230154685,0.0020460052150168
2025-07-15,1,0.008234864,63.25691586,-0.0835610358474232,-0.0350503438252518,1.3218381700000066,-0.045683688,-44884692933.0,-20497421543.0,40976705347.0,371000000000.0,444035800.0,-0.1367589371153919,0.0,0.0,0.0630000000000001,0.0260000000000002,0.0,0.03699994,16.39999962,-0.003302971783178,-0.0027852624295992,-0.0059982810008243,0.0040206603372281,0.0023478126402318
2025-07-16,0,0.004129462,64.09292176,-0.0178896282262237,-0.0019682767630477,1.0402135699999917,-0.054914689,-3029988153.0,28938628440.0,-46441404870.0,214000000000.0,419651712.0,0.0504308536268922,0.0700000000000002,0.0700000000000002,-0.0090000000000003,-0.0110000000000001,0.0,0.00200009,17.20000076,0.0014064243957445,0.0055194719665614,0.0097234792546441,0.0027824043375579,0.0054906178346509
2025-07-17,1,-0.009029015,64.0574618,-0.0611834764769656,0.0329593050703609,-2.5546916299999936,0.266523414,-103000000000.0,-74792499649.0,-178000000000.0,53420699064.0,531498719.0,-0.0766332260209132,-0.04,-0.0700000000000002,0.0,-0.004,0.03,0.0039999499999999,17.37999916,-0.0039641450704213,-0.0003685613526869,0.0090221263041332,0.0032075196095462,-0.0023349420029328
2025-07-18,0,0.0018531,68.82092938,-0.0043249039634423,8.322259859028236e-06,-2.565209240000001,-0.200773955,-21471232748.0,-13621028919.0,245000000000.0,47171940790.0,424787619.0,0.3095647837012869,0.0099999999999997,0.0300000000000002,0.028,0.02,-0.02,0.0079999,17.15999985,0.0031885684154353,0.0059773745696869,0.0030496009425693,-0.0011040800457333,0.0034497189777091
2025-07-21,1,-0.0013228,66.59159609,0.0079651171869987,-0.0244608544089723,-3.3523176900000067,-0.073774179,-23131310118.0,-94179492988.0,214000000000.0,190000000000.0,393449261.0,-0.2578291093021008,-0.0299999999999993,-0.0500000000000002,-0.0319999999999995,-0.0049999999999998,0.02,-0.0269999499999999,16.52000046,0.00535938024524,-0.0020592511115093,0.0116075451389807,0.004797352618711,-0.0025353696607659
2025-07-22,0,0.007107521,67.04176928,-0.0634562850924185,-0.0024195194513056,-1.7801428799999996,-0.125908179,24425218883.0,-9315945629.0,66864532439.0,896000000000.0,343910781.0,-0.1062946586496238,-0.0600000000000005,-0.0299999999999998,-0.0180000000000002,-0.0180000000000002,-0.03,0.0,16.40999985,-9.049026807339544e-05,0.0,-0.001822215689506,-0.0007260644321469,-0.0064178377888932
2025-07-23,1,-0.012810618,62.42663188,0.011564314186288,-0.1252362786764527,-5.602406039999991,0.100535173,-92985182958.0,-76046275704.0,13953518426.0,-129000000000.0,378485911.0,0.0807613566444587,-0.0300000000000002,-0.04,-0.016,0.0070000000000001,0.01,-0.023,16.64999962,0.0013981570701133,-0.0011103220641057,-0.015223786196735,-0.0063122644319566,-0.0047121484962762
2025-07-24,1,0.004353394,59.52366518,0.0275596508054349,0.0028643052427863,-4.169663220000004,0.756541331,-61854811359.0,-103000000000.0,380000000000.0,422000000000.0,664826146.0,0.0504308536268922,0.0500000000000007,0.0699999999999998,-0.0089999999999998,-0.0049999999999998,-0.0199999999999999,-0.0039999499999999,16.5,0.0006373284124361,0.0345052948043917,0.0142854667523035,-0.0014773445752354,-0.0018499523407005
2025-07-25,1,0.002095922,72.76553643,-0.0263738629606424,-0.033145458155448,-3.570008450000003,-0.359983235,43247309316.0,-15722061203.0,60911740850.0,743000000000.0,425499879.0,0.0635134057223254,0.0299999999999993,0.0300000000000002,0.0190000000000001,0.0089999999999998,0.0,0.00999999,15.36999989,0.0077815321361036,0.0157843758104192,0.0023584384208881,-0.0044017198362338,0.0017472451457392
2025-07-28,1,0.00175373,72.80283564,-0.0236294436023172,-0.028772049064627,-3.1456502099999994,-0.085097935,44694186757.0,46425945691.0,3963133357.0,269000000000.0,389290718.0,-0.2805282350951614,-0.0299999999999993,-0.0100000000000002,0.0059999999999997,0.0179999999999997,-0.02,-0.01199985,15.39000034,0.0006979800902691,-0.0088880975963974,-0.0004000850637169,-0.0012528380484093,0.0027688504762206
2025-07-29,1,0.004205712,68.36522697,-0.0136980674100297,-0.0014526850001699,-2.149531799999991,0.291373145,33332993907.0,-66818993971.0,522000000000.0,480000000000.0,502719579.0,0.3474677177702716,0.0199999999999995,0.0100000000000002,-0.0259999999999998,-0.0209999999999999,0.01,-0.0050001199999999,14.93000031,0.0039664509916832,-0.0111083239643487,0.0020779123107761,0.0078264572217081,0.0102899599118027
2025-07-30,1,0.006537214,68.6404927,0.0623509401168882,0.0017771851819947,-0.7399224500000017,-0.257631515,-53437379060.0,-11909538891.0,136000000000.0,605000000000.0,373203172.0,-0.0824436692110737,-0.08,-0.0500000000000002,-0.0060000000000002,-0.004,-0.03,-0.00200008,15.02999973,0.0001768425006023,-0.0079272503144043,-0.0090728159928517,0.0039768155452941,0.0025307498523918
2025-07-31,0,0.007370814,65.21309352,-0.012070923788658,-0.0093277275489196,0.6002432399999904,-0.09412965,-10192121085.0,-15700722147.0,320000000000.0,580000000000.0,338073688.0,0.0155041865359635,0.04,0.0700000000000002,-0.0259999999999998,-0.0059999999999997,-0.03,-0.0199999799999999,15.97999954,-0.0029638303149717,-0.0004881776333665,0.0111524131465028,0.0004104538847924,0.0103596475756226
2025-08-01,0,-0.002778511,64.77870882,0.0237240976838024,-0.0301085959272002,-0.9834989099999945,0.598242762,-102000000000.0,-143000000000.0,-368000000000.0,344000000000.0,540323825.0,0.2384110234449998,-0.0099999999999997,0.0,-0.012,0.0059999999999997,-0.01,-0.01799989,15.47999954,-0.0012502139483867,0.0101591214653975,0.0034379413086007,0.0026318137802139,0.0009000986699803
2025-08-04,1,-0.039607063,37.68629997,0.1438963626576881,0.3032005743930712,-11.546447899999997,-0.060237174,-256000000000.0,-19635300337.0,-462000000000.0,-656000000000.0,507776245.0,-0.0755075525081458,-0.1399999999999996,-0.2200000000000002,0.0469999999999997,0.0180000000000002,0.08,0.02900005,16.71999931,-0.0037016619479857,-0.0066012370696881,-0.0046039163976985,-0.0007255741018781,-0.0134864800928893
2025-08-05,1,0.009044059,40.36855377,0.026999868274582,0.0111406997328762,-7.376253890000001,-0.422080619,47615279959.0,10392347608.0,118000000000.0,82772693376.0,293453733.0,-0.4536672099260421,-0.0100000000000006,-0.0099999999999997,-0.0539999999999998,-0.0570000000000003,0.0,0.003,20.37999916,-0.0161213871698198,-0.0125516619449115,-0.0023686179725483,-0.0009562216283915,0.0009114938540015
2025-08-06,1,0.015837703,51.56217794,0.0368818737951981,-0.0121776910406996,-2.27714872,-0.068201985,42003566392.0,18927699525.0,-44602528461.0,295000000000.0,273439606.0,0.1237096543260243,0.0,-0.0300000000000002,-0.012,0.004,0.0299999999999999,-0.01600002,17.52000046,0.0146295643671194,0.0064037595645825,0.0119751944838437,-0.0047517280468341,0.0
2025-08-07,1,4.37e-05,50.79883261,-0.0338486296822977,-0.0041525905171386,-2.253560400000005,0.197187086,-96530391390.0,-3897955063.0,48345638704.0,281000000000.0,327358365.0,0.0090498355199173,0.0,0.0,0.0129999999999999,0.0050000000000003,0.0,0.0079999,17.85000038,-0.0048697037807752,0.0060316645879421,-0.0090529059237649,0.0021587059605048,-0.0060926109744281
2025-08-08,0,0.009194234,55.05911584,-0.0074923248938412,-0.0289288527698072,0.1359129300000034,-0.000949482,-59278867324.0,40978001835.0,116000000000.0,-17604897762.0,327047544.0,0.0089686699827602,0.0100000000000006,0.0300000000000002,-0.0070000000000001,-0.0220000000000002,-0.02,0.0150001,16.77000046,0.0072555223483714,0.0064575940862052,0.0234529996096028,-0.0015806316768962,0.0022382878196163
2025-08-11,0,-0.005489536,49.89647405,0.0085465468345731,0.0056289833653142,-1.7595782300000025,0.044017102,-106000000000.0,-80220164964.0,196000000000.0,-160000000000.0,341443229.0,0.0176995770993997,0.0399999999999991,0.04,0.004,0.0009999999999998,0.0,0.0030000199999999,16.56999969,-0.0007977982358529,0.0183725109649923,0.0007283802229043,0.0004188375735987,-0.0022382878196163
2025-08-12,0,-0.001009849,55.27999485,-0.0579627750719948,-0.0121591897308066,-2.07349181,-0.106825378,-72443713350.0,-90656602643.0,41736260722.0,220000000000.0,304968427.0,-0.1014694601648571,0.0,0.0099999999999997,0.0050000000000003,0.0110000000000001,-0.0099999999999998,-0.0060002799999999,15.14999962,0.0077694547674802,0.0,0.0047445237115617,0.0020485498037974,0.0034570073602147
2025-08-13,1,-0.00527153,50.87263953,-0.0076735907040501,0.0015490200649361,-3.3823110499999984,0.223789563,-37712374821.0,21397450605.0,3495077882.0,-59372183527.0,373217178.0,-0.009756174945366,0.0200000000000004,-0.02,0.02,0.0110000000000001,0.0399999999999999,0.0090002999999999,16.25,-0.0025072683940088,0.0212382177301613,0.0009466786047198,0.001425677034498,-0.0042721881725995
2025-08-14,1,0.010744943,54.46811439,-0.0269879531229744,0.00599236817808,-0.2752662999999984,-0.142403392,-48483121091.0,-17067257225.0,46540066807.0,637000000000.0,320069786.0,0.0194180858571009,-0.0499999999999998,-0.0499999999999998,0.008,-0.0140000000000002,0.0,0.0219998399999999,14.72999954,0.0112815591823807,0.0129431181615817,0.0087232047280387,-0.0048325827495547,-0.0026538970040839
2025-08-18,0,0.000399935,53.94514106,0.0107158109715963,-0.0003286695735384,-0.483907649999999,0.379286379,-3734437885.0,-78836194555.0,152000000000.0,-79961068780.0,441467896.0,-0.0392207131532806,0.0499999999999998,0.06,-0.0220000000000002,-0.0129999999999999,-0.01,-0.0090000599999999,14.48999977,0.0032248733065376,-0.0145575552381416,-0.005427909831587,-0.0031210306830757,0.0041817967784671
2025-08-19,0,-0.015112059,46.07001858,-7.373731599535915e-05,0.0439307722421462,-4.604111970000002,-0.261253745,-13107388329.0,34778984795.0,139000000000.0,-490000000000.0,326132755.0,-0.112049503808624,0.0499999999999998,0.0299999999999998,0.0500000000000002,0.0220000000000002,0.02,0.0279998699999999,14.82999992,0.0003030448882235,0.0246655126090153,0.0100336151247812,0.0066503671279969,-0.0008145996860733
2025-08-20,0,-0.008127907,40.47727641,-0.0301858581473091,-0.0002226344815161,-5.972095459999999,-0.125231524,-3164080845.0,-22153850933.0,313000000000.0,-455000000000.0,285290653.0,-0.0364505045098191,-0.04,-0.0299999999999998,0.0209999999999999,0.0179999999999997,-0.01,0.00300026,14.98999977,-0.0030021082177409,-0.0038509875515515,-0.0052837979594198,-0.0007711628551945,0.0010181071195249
2025-08-21,1,-0.006835801,34.92072325,0.044582756951605,-0.0200360087526414,-6.636787980000001,0.175240715,-44492370378.0,-72039799210.0,620000000000.0,-214000000000.0,335285191.0,0.3140144467960155,-0.0099999999999997,-0.0100000000000002,-0.0049999999999998,-0.0030000000000001,0.0,-0.00200009,15.56999969,-0.0058753290881501,-0.015219579916371,-0.0303515021007161,0.0031890116111155,-0.0005088851506283
2025-08-22,1,0.003714997,37.50722793,-0.0358262387204759,-0.0011325678576108,-4.439884410000001,-0.174089735,53614094444.0,25171829060.0,-64360593619.0,-17115416031.0,276915481.0,-0.0793367422365207,0.04,0.06,-0.008,-0.0029999999999996,-0.02,-0.00499988,15.68999958,-0.0024346306274498,-0.0065119074310935,0.014150629084602,0.0039953916683597,0.0040642356485962
2025-08-25,1,0.008554087,57.80381431,-0.1401681151788705,0.0140757330881786,-1.4443559699999984,-0.144875913,81168550096.0,10958318950.0,33597315183.0,182000000000.0,236797098.0,-0.2676995728644407,-0.0700000000000002,-0.1099999999999998,0.0149999999999996,0.0179999999999997,0.04,-0.0030002599999999,16.60000038,-0.004012219684899,0.0005423801500263,-0.008283065780775,0.0019309368933946,-0.0091678498065999
2025-08-26,0,0.012896485,59.44526083,-0.018594493655522,0.029471764538008,2.04701603,-0.070237748,43580166224.0,27972826651.0,67474555655.0,119000000000.0,220165003.0,-0.0304344853002547,0.0200000000000004,0.04,-0.008,-0.0219999999999997,-0.02,0.0140001799999999,14.22000027,0.0150722851004978,0.0040854219717072,0.0213534504809231,-0.0120180925388142,0.0072393799163759
2025-08-27,1,-0.009547403,46.98422454,-0.0541277326795763,0.0120114805432969,-0.9549905900000012,0.477769839,-4860816787.0,-16108522489.0,-200000000000.0,-686000000000.0,325353201.0,0.4743206263911332,-0.0200000000000004,-0.0500000000000002,0.008,-0.012,0.03,0.01999998,14.78999996,-0.0042755125349582,-0.009704562174134,0.0011411007729371,0.0044445723921349,-0.0020339368983517
2025-08-28,1,0.002450258,48.26649974,4.525169186031519e-07,-0.0070797128156252,-0.2408518979999989,-0.134107075,33556798120.0,17119095887.0,-87202490780.0,-204000000000.0,281721035.0,-0.384531898441697,-0.0199999999999995,-0.04,-0.0349999999999997,-0.02,0.02,-0.01499986,14.61999989,0.0041254736812579,0.0029646511068293,0.00879885983902,0.0035213130169511,0.0
2025-08-29,0,0.002869959,44.70844326,0.0323137579106922,-0.0092406501629005,0.4299212879999992,0.108146426,30739552714.0,74751901807.0,137000000000.0,-24298916158.0,312188158.0,0.1100950527399398,-0.0200000000000004,0.0100000000000002,-0.0100000000000002,0.0139999999999997,-0.03,-0.02399993,14.85000038,0.0023881304630961,0.0072296257015782,-0.0116273825139128,-0.0008611986186268,-0.0042849055361378
2025-09-01,0,-0.003230816,45.84717552,-0.0020835502910676,0.0003316668140227,-0.602623092,-0.2147926,-57929755210.0,-26994167382.0,156000000000.0,-372000000000.0,245132452.0,-0.0966268356890722,0.0100000000000006,-0.02,0.0,0.0100000000000002,0.03,-0.0100002299999999,14.43000031,0.0031517474512465,-0.002579167912085,-0.0001382150272153,-0.0060061292607711,-0.0004090492048671
2025-09-02,1,-0.013613889,40.29195888,0.0485399407421125,-0.3267513686210925,-4.018861711,0.061215897,-70714559789.0,14645842505.0,-26371879503.0,-267000000000.0,260138455.0,-0.1144441343908688,0.0,0.0,0.032,0.0089999999999998,0.0,0.023,15.35999966,-0.0064187403014894,-0.0124768264802561,-0.0066813086817187,0.0031947612136233,0.0
2025-09-03,1,0.009317205,47.4279633,-0.0372750527865664,0.0016162439047491,-0.8661076909999998,0.194279911,12643551131.0,17380132401.0,-148000000000.0,402000000000.0,310678131.0,0.0815799869924234,0.0499999999999998,0.0499999999999998,0.0230000000000001,0.0150000000000001,0.0,0.0079999,15.35999966,0.0,0.0028804815373035,-0.0022854188736953,0.0029477371365427,0.006423072455779
2025-09-04,1,0.003797475,43.73761959,-0.0292457512218353,-0.0855781632024994,0.2297960599999999,0.080914347,-30688242888.0,-64880315447.0,-262000000000.0,436000000000.0,335816449.0,0.0148659112758267,-0.0600000000000005,-0.0499999999999998,0.0429999999999997,0.0249999999999999,-0.01,0.0180003599999999,17.17000008,-0.0069463501288193,-0.0088214314346917,0.0034715973514796,0.0011695062990719,-0.0026457951608414
2025-09-05,1,0.005140031,46.28396129,-0.0138814168493106,0.0107548492421507,1.4320286619999996,-0.147582312,8947485987.0,-21218993136.0,4507024653.0,203000000000.0,286255881.0,-0.0989490284863698,-0.0499999999999998,-0.0300000000000002,-0.0299999999999998,-0.0030000000000001,-0.02,-0.0270002,16.35000038,0.0050871123708393,0.0151774156475728,0.003295304647672,-0.0035485570509949,0.0021375048322358
2025-09-08,1,0.001339392,54.80001111,-0.0571648122635828,-0.0343608082594952,1.3907824240000002,0.131311905,-29780160854.0,-13789367320.0,165000000000.0,-138000000000.0,323844686.0,0.3118243777733802,-0.0700000000000002,-0.0699999999999998,-0.028,-0.012,0.0,-0.01600002,15.30000019,0.0083118470254923,0.0102450777521188,0.012932246288841,0.0017471785585474,-0.0059147821271734
2025-09-09,1,0.004504482,62.20268515,-0.0544903543428754,-0.0032805817716683,2.1546919409999994,0.149624799,-6396260566.0,-12974057207.0,113000000000.0,232000000000.0,372299882.0,-0.2821925801670097,-0.0499999999999998,-0.0099999999999997,-0.0070000000000001,-0.012,-0.04,0.00500012,15.18000031,-0.0031701726507105,0.0144253629070298,0.0021532907489643,-0.0047163966914283,-0.0032783524957418
2025-09-10,1,0.012488498,71.82438682,-0.0683527520043978,0.0563223108519927,4.801917227000001,0.18169659,6693625489.0,26981626354.0,206000000000.0,684000000000.0,439945501.0,0.2542837920499323,0.0300000000000002,0.0099999999999997,-0.0299999999999998,-0.0230000000000001,0.02,-0.00699997,15.10999966,0.0021037643979635,-0.0042368138676511,0.0124610064496533,0.0001515291057341,0.0034829370766313
2025-09-11,1,0.016573295,75.36774826,0.0461896613323253,0.0657340334605312,7.939637549999999,0.283583641,-6550243633.0,37276629176.0,908000000000.0,1380000000000.0,564706848.0,0.2565418317160599,-0.04,-0.0099999999999997,0.0150000000000001,0.0050000000000003,-0.03,0.0099997499999999,15.03999996,0.0026845470398129,0.0086689200987191,0.0134837282549931,0.0011035309947606,-0.0001022870585885
2025-09-12,1,0.008911645,75.56006495,-0.0157644432553012,-0.0097033526847214,8.328335260000003,-0.228646101,-80618937466.0,-149000000000.0,1080000000000.0,302000000000.0,435588829.0,0.0839653801173341,-0.0300000000000002,0.0,-0.02,-0.0100000000000002,-0.0299999999999999,-0.0099999799999999,15.35000038,0.0029790282630148,0.0121263718777289,0.0009173529463861,-3.6078502686720526e-05,-0.0024574849595762
2025-09-15,1,0.01523533,76.26603066,0.0217730609233859,0.0530947176162461,10.26663491,0.03046144,-205000000000.0,186000000000.0,712000000000.0,1420000000000.0,448857492.0,-0.0694723728147685,0.0499999999999998,0.0499999999999998,0.0,0.0110000000000001,0.0,-0.0109999299999999,14.71000004,0.0084500876563815,0.0088763951328569,0.0102162219847787,0.0016566784792351,0.0001025386212027
2025-09-16,1,0.003460324,84.04980107,-0.011990487293557,-0.1107445868058656,8.511660419999998,-0.155958736,-48987386118.0,-56689780119.0,60345432689.0,267000000000.0,378854245.0,-0.0824436692110737,-0.0099999999999997,-0.02,0.008,0.012,0.01,-0.00399995,14.76000023,-0.0004828779146404,0.0,-0.0046223300118217,0.0030180757846922,-0.0025660777968266
2025-09-17,0,0.012340973,85.54055153,0.0451846280702534,-0.0302060437320736,9.47592384,0.072217834,-43433949486.0,13813197883.0,229000000000.0,1800000000000.0,406214278.0,0.0967296264585506,-0.0099999999999997,-0.0299999999999998,-0.0170000000000003,-0.0260000000000002,0.0199999999999999,0.0089998299999999,15.68999958,0.0046955777124324,0.0029920364827322,0.0106883765923289,-0.0062546789351065,-0.0069097969861644
2025-09-18,1,-0.010555281,77.3882841,-0.0089984231638187,0.0376200833288233,3.8588899299999966,-0.195966455,-64053755185.0,43546933022.0,-182000000000.0,-36144722867.0,326609906.0,-0.1951696992718048,0.0199999999999995,0.0399999999999995,-0.0169999999999999,0.0010000000000003,-0.0199999999999999,-0.0179998899999999,16.36000061,-0.001288760352951,-0.0024949799117024,-0.0074955720207974,-0.0053354658873834,0.0024806782747095
2025-09-19,0,0.013935422,81.72343711,0.0397428618755482,0.0311670450634258,6.124560080000009,0.197688881,-22387590211.0,46741024261.0,313000000000.0,288000000000.0,391177053.0,0.0666913744986743,0.0500000000000007,0.04,-0.0310000000000001,-0.0150000000000001,0.01,-0.01600003,15.72000027,-0.000970639082924,0.0113893803348599,0.0129322184190936,0.0007618290027249,0.0049428142748659
2025-09-22,1,-0.00465069,87.15063887,-0.0356742609466849,0.0230595236212973,2.727623659999992,-0.108217879,-67514766529.0,-59981201920.0,-89468626914.0,-306000000000.0,348844702.0,0.1969982712098854,0.0299999999999993,0.0100000000000002,0.0590000000000001,0.0379999999999998,0.0199999999999999,0.02100014,15.69999981,0.0047776877940517,-0.0057027995608702,-0.0074391263760649,0.0058291497878579,0.0029745231755979
2025-09-23,1,0.006771876,86.95798344,0.0117833775879483,-0.0242634179323095,3.183723850000007,-0.174798318,-44861807877.0,-13659648631.0,420000000000.0,568000000000.0,287867235.0,-0.2297880940328767,0.0100000000000006,0.0299999999999998,0.0180000000000002,0.0180000000000002,-0.0199999999999999,-2.4000000004020805e-07,15.44999981,0.0048735238858537,0.0098930384474851,0.0117465993798848,0.0068128529388244,-0.0031799540369039
2025-09-24,0,0.005043991,87.13356125,0.0129071346667908,-0.0710867604307221,3.036533569999989,0.244794042,-34848083944.0,-29487174255.0,-33675933112.0,337000000000.0,358335419.0,0.0165293019512091,-0.0300000000000002,-0.02,-0.02,0.0009999999999998,-0.01,-0.0209998999999999,16.10000038,0.0044003507569652,0.0,0.0140721225562874,-0.0049109201965586,-0.000719458261897
2025-09-25,0,-0.004038345,83.58040278,0.0664645988699148,0.0266785392618338,0.3666021599999993,-0.198668622,-28677446668.0,-95845033859.0,387000000000.0,-247000000000.0,287145415.0,-0.0333364202675916,0.04,0.0300000000000002,0.0349999999999997,0.0289999999999999,0.01,0.0060000399999999,16.63999939,-0.0055173518099618,0.0029991786860179,-0.0019311490182492,0.0017689675464502,0.0062522685577075
2025-09-26,0,-0.000296629,83.18981983,0.0128156143055337,0.0070088925964357,-0.6907487199999878,0.020650053,55903894523.0,-96224087517.0,212000000000.0,216000000000.0,293074983.0,0.0655972824858146,0.0199999999999995,0.06,0.0369999999999999,0.0390000000000001,-0.04,-0.0020001,16.18000031,-0.0028506771605343,0.0027273809117573,-0.0066212015006552,0.0084422236333319,0.0069239690112601
2025-09-29,1,-0.024810394,67.65964964,0.1528541972699373,0.226386753653597,-8.214555430000004,0.361937488,-38953231022.0,-68660208836.0,-272000000000.0,-570000000000.0,399149806.0,0.0,0.0200000000000004,0.0,0.0580000000000002,0.0339999999999998,0.02,0.0240001699999999,16.73999977,-0.0050216487424084,-0.008779373042536,-0.0171900922935481,0.003747480802323,-0.0040671282366311
2025-09-30,0,0.013248893,67.97897314,0.0198049812608851,-0.0528948305403282,-3.6277447300000034,0.043417884,106000000000.0,12595246939.0,113000000000.0,448000000000.0,416480046.0,-0.231111720963387,-0.0499999999999998,-0.0300000000000002,-0.004,0.0010000000000003,-0.02,-0.00500011,15.28999996,0.0058844890597189,-0.0068859259703515,0.0,-0.0001491203600307,-0.0024482095636075
2025-10-01,1,-0.001928252,62.85474455,-0.0579911901469967,0.0024637515154939,-4.12253046,0.263929749,46191261910.0,-1657623813.0,-209000000000.0,25972753484.0,526401520.0,0.1133286853070032,0.0099999999999997,-0.02,0.012,0.0189999999999996,0.03,-0.0069999699999999,16.12000084,0.002632077316333,-0.0024700070805554,0.0093469448504137,-0.006680845120381,-0.0014309795960381
2025-10-02,1,0.009077977,62.98960631,0.0037832294110655,0.00689467222334,-1.4446396499999992,-0.062234556,36645078234.0,-34906264253.0,149000000000.0,833000000000.0,493641155.0,0.0936854840773229,-0.04,-0.0499999999999998,0.0089999999999998,0.0140000000000002,0.01,-0.00499988,16.28000069,0.0040825036134695,-0.0085329641733427,0.0062687575508402,0.002726207068898,-0.0006138486105751
2025-10-10,1,0.02666235,66.28791133,0.092139298938227,0.1130574247869322,5.627713039999996,-0.185426039,-26153987489.0,45041145467.0,-6638937582.0,3140000000000.0,402107231.0,0.4608152031913306,-0.0200000000000004,0.0,-0.0009999999999998,-0.0150000000000001,-0.02,0.0139999399999999,16.29000092,0.0033941541153144,0.0086242424472988,0.0151061178600713,-0.0009483724345829,0.0014317796652729
2025-10-13,0,0.017148958,69.49649957,0.057811533340236,0.0237127427638643,8.552708050000007,0.013189554,-54935274671.0,83401703361.0,-492000000000.0,1060000000000.0,407410846.0,0.0051151006667673,-0.0499999999999998,-0.04,0.0049999999999998,0.0100000000000002,-0.01,-0.0050001199999999,16.62999916,0.0006181637191371,0.067793807101486,0.0344118882323041,0.0139483401098354,0.0114821652640841
2025-10-14,0,-0.007241034,63.35701639,0.0588168423159616,0.0318105330503613,3.7716185900000014,0.001527414,-12394052870.0,25232290956.0,-381000000000.0,-823000000000.0,408033131.0,-0.3152700289706089,0.0,0.0,-0.06,-0.0370000000000003,0.0,-0.0229997599999999,21.65999985,-0.024547818687175,0.0,-0.013960489631545,0.0052762187814243,0.0029255332845545
2025-10-15,1,-0.006364098,65.09430214,0.0871955314929295,0.0127500100119624,0.2468196399999982,0.799081617,-51672435581.0,-35107716624.0,-422000000000.0,555000000000.0,734084905.0,0.2789023847997356,-0.0199999999999995,-0.0499999999999998,-0.0329999999999999,-0.0209999999999999,0.03,-0.01200008,19.03000069,0.0154782630031835,-0.0261555081620805,-0.0048502644391259,-0.0020735414426891,-0.0022185728174575
2025-10-16,1,0.026450851,68.17390241,0.0594958869684392,0.0571205425041698,6.912266680000002,-0.259477055,70549152613.0,82202888456.0,516000000000.0,163000000000.0,543606716.0,-0.3072730819289511,0.0199999999999995,0.0399999999999995,-0.0150000000000001,-0.0129999999999999,-0.02,-0.00200009,20.80999947,-0.0015655514592793,0.0174645073296275,0.0178503246199372,0.0023534299078038,-0.0026284095680226
2025-10-17,1,0.0246014,74.67643532,0.0643986345421003,0.0551187559877979,11.706318389999993,-0.087960514,100000000000.0,98166933672.0,676000000000.0,659000000000.0,495790790.0,0.2416757994431364,-0.0599999999999996,-0.0899999999999998,0.052,0.0489999999999999,0.0299999999999999,0.00300003,20.63999939,0.0040179185031838,0.0126122320800572,0.0135520625302305,-0.0065555752435866,-0.0040572276912085
2025-10-20,1,0.000138657,73.69615346,0.0378854075359482,-0.0104631535502228,8.103954250000001,-0.151315836,10539821316.0,-8032557205.0,-23794686090.0,443000000000.0,420769792.0,-0.0228581380760495,0.0299999999999993,0.0500000000000002,-0.0230000000000001,-0.0139999999999997,-0.0199999999999999,-0.00900008,25.30999947,-0.0063142803690379,-0.0145128911112184,-0.0125751794269444,-0.0030820108231663,0.0004064721127088
2025-10-21,1,0.01739962,75.68093207,0.0601174873588341,0.0207925877172217,10.396779699999996,-0.025246682,-114000000000.0,3168542569.0,870000000000.0,-248000000000.0,410146751.0,-0.1974645368965184,-0.0199999999999995,0.0,0.0070000000000001,0.0139999999999997,-0.02,-0.00699997,20.78000069,0.0052568740337974,0.0331412064920897,0.0140484105627223,0.0028355340923802,0.001624160672943
2025-10-22,1,0.002395788,77.70690493,0.0220852930592618,-0.0056100725468475,7.555590500000008,0.284550661,-99873962571.0,49618162027.0,497000000000.0,-18821013815.0,526854280.0,0.3120311014620682,-0.02,-0.0100000000000002,0.012,0.0310000000000001,-0.01,-0.01899981,18.22999954,0.0106157241077102,0.0026508954441837,0.0023007983602809,0.0,0.0034427330051505
2025-10-23,0,0.015527964,79.74592101,0.0592696409265238,-0.0255395761998364,9.2871066,0.133550605,158000000000.0,31725550553.0,540000000000.0,-701000000000.0,597215988.0,-0.2244330421440814,-0.0099999999999997,-0.02,-0.0349999999999997,-0.028,0.01,-0.0070002099999999,17.87000084,3.2695939614413305e-05,-0.0001676983856633,-0.0037363773935936,0.0077180367385212,-0.0003032783698211
2025-10-24,1,-0.009863889,85.53555967,-0.0232623865190522,0.0268365045629526,2.723421099999996,-0.29072818,13488058741.0,-101000000000.0,-180000000000.0,-409000000000.0,423588471.0,0.0503250838875146,0.0399999999999995,0.0500000000000002,0.0429999999999997,0.0329999999999999,-0.01,0.0099999899999999,18.60000038,-0.0053518348770893,-0.0136027369797293,-0.0042279119457138,-0.0002376437363684,0.0004043763621348
2025-10-27,1,0.024664966,86.59060271,0.0472639084228836,0.032673118889563,8.251313100000004,0.007809677,49696911063.0,73033574655.0,1080000000000.0,585000000000.0,426896560.0,0.0880333494853253,0.0099999999999997,0.0,0.0009999999999998,-0.0139999999999997,0.01,0.01500011,17.29999924,0.005810479853034,0.0134376252959675,0.0,0.0037958779103268,0.0001010107639523
2025-10-28,0,0.025360744,89.02721627,0.0678513181995219,0.0425074108910159,12.903860000000009,0.211062809,-105000000000.0,-88648147441.0,691000000000.0,649000000000.0,516998547.0,0.1215213577669906,-0.0099999999999997,0.0099999999999997,0.0460000000000002,0.0289999999999999,-0.02,0.0170002,16.37000084,0.0078713619757184,0.0243003230722376,0.0166186153201479,0.0007866897449249,-0.0017194984631254
2025-10-29,1,-0.008051503,84.95662352,0.0284876223446239,0.0278018613617661,5.739616599999977,-0.210394818,-102000000000.0,-66622546139.0,311000000000.0,-1640000000000.0,408224732.0,-0.0201011793210881,-0.0199999999999995,0.0,-0.024,0.0129999999999999,-0.02,-0.0370001799999999,15.78999996,0.0122151413508326,-0.0058202537938925,-0.0015916806795086,-0.0041841941428897,-0.0009114938540015
2025-10-30,1,0.017485329,84.51465572,-0.0295736696400688,-0.0041361915110158,8.290497000000016,0.143728893,-134000000000.0,-312000000000.0,1070000000000.0,-102000000000.0,466898421.0,0.1104238176143717,0.0899999999999998,0.1,0.0489999999999999,0.044,-0.01,0.0049998699999999,16.42000008,0.0022853305794061,0.0214428141941382,0.0122905954434369,-0.0035002521623894,0.0053559702610126
2025-10-31,1,0.001405476,83.30931026,0.0059770025088958,-0.0030452807645184,5.009386000000006,0.213407976,-230000000000.0,-173000000000.0,-193000000000.0,-118000000000.0,566538268.0,0.0953101798043256,0.0300000000000002,0.0099999999999997,0.0659999999999998,0.0550000000000001,0.02,0.0109999199999999,16.92000008,-4.357920926523207e-05,0.0003500023396867,-0.0002548830260415,-0.0013754211061494,0.0031194748315499
2025-11-03,1,0.005030308,86.85289453,-0.0212700815722772,-0.1546641548194971,3.567848399999974,-0.279351008,-62375553323.0,-157000000000.0,1170000000000.0,1320000000000.0,408275232.0,-0.050858417233492,0.0,-0.0099999999999997,0.0110000000000001,-0.016,0.01,0.02700019,16.90999985,-0.0099541914241729,0.0209331412733124,-0.0019171572572673,7.029420262760766e-06,0.0027091198781787
2025-11-04,0,0.027463615,91.19504368,0.0026470623353445,0.0453765164272903,9.877210100000012,0.157739402,-56410667374.0,-33198223741.0,428000000000.0,-796000000000.0,472676323.0,-0.0131292914417926,0.0199999999999995,0.0099999999999997,0.0249999999999999,0.0249999999999999,0.01,0.0,17.44000053,0.0026145008355538,0.0,0.0035794246379659,0.0022096213938311,0.0007011539122991
2025-11-05,0,-0.024002724,78.81981738,0.0089167611629594,0.1299286612058265,-2.403229500000009,-0.10394801,-117000000000.0,-120000000000.0,-51385373466.0,-2230000000000.0,423542560.0,-0.0874119377800823,-0.0300000000000002,-0.02,-0.004,-0.012,-0.01,0.0079999,17.17000008,0.0017192340654066,-0.0175955549610637,-0.0077245679715716,0.0012603914575795,0.0034984137143974
2025-11-06,1,-0.02887673,65.38704858,0.1262759878111437,0.13676233576584,-13.368585799999977,0.402840933,-57809224195.0,58251975721.0,87405093093.0,-2070000000000.0,594162840.0,0.3392157225669621,0.0700000000000002,0.06,0.0430000000000001,0.0379999999999998,0.01,0.00500011,19.0,-0.0118062503689806,-0.0252680123312423,-0.0143106182272489,0.0075573166845268,-0.0001996237925965
2025-11-07,0,0.005486351,66.25933683,0.0384935389021707,-0.0350538234176358,-10.691061700000006,-0.287365679,189000000000.0,-36805466458.0,588000000000.0,-1700000000000.0,423420832.0,-0.3061157741406184,-0.0599999999999996,-0.0699999999999998,0.0779999999999998,0.0670000000000001,0.01,0.0109999199999999,18.01000023,0.0036468976203423,0.0132828275861793,0.0065588194796291,-4.866663112057523e-05,-0.0047015896078983
2025-11-10,1,-0.018218055,58.08142443,0.0438725037378135,0.0376653153567252,-16.02746000000002,-0.109515547,-137000000000.0,-68751991674.0,164000000000.0,-463000000000.0,377049668.0,-0.134196065297715,0.0,-0.0100000000000002,0.0230000000000001,0.06,0.01,-0.03699994,19.5,-0.0112411345380767,-0.0120070302761714,-0.008930220384288,0.0056517125964301,-0.0013044188756348
2025-11-11,1,0.029771722,62.84559712,0.0399675721824772,0.0356605640050045,-4.6959554000000026,-0.099550972,133000000000.0,64813593813.0,922000000000.0,-145000000000.0,339514007.0,-0.1184481504131937,0.0199999999999995,-0.0099999999999997,0.004,-0.0289999999999999,0.0299999999999999,0.0329999799999999,19.07999992,0.0012610464264852,0.0125587648199463,0.0078565244280266,0.0042041317303587,0.0002008260209285
2025-11-12,1,0.008105581,61.79520977,0.020240851459353,-0.0138328160366265,-2.6511911999999995,0.112042408,22061694723.0,-89869861481.0,367000000000.0,74380943249.0,377553974.0,0.1853110956423229,0.0,0.0,-0.0289999999999999,-0.0340000000000002,0.0,0.0049999,17.60000038,0.0152836266890759,-0.0013529015624751,-0.003038772332168,0.0014363585894185,-0.0016074312133929
2025-11-13,1,0.010658008,66.04452123,-0.008959485094814,-0.0317968051612886,-0.1534395999999844,-0.113810273,13870437898.0,-45197406554.0,869000000000.0,-426000000000.0,334584453.0,-0.247059102710768,-0.0499999999999998,-0.0100000000000002,0.0809999999999999,0.092,-0.0399999999999999,-0.0109999299999999,17.28000069,0.0020731998792982,0.0043251374453312,0.0058185948401625,0.0025720796828609,0.0002011086741937
2025-11-14,0,0.004864737,63.10055882,-0.0263556863598459,-0.031853530142154,-0.0901680000000055,0.267807288,1421739128.0,27502984530.0,-743000000000.0,1000000000000.0,424188608.0,0.1085401685752032,0.0300000000000002,0.02,-0.0150000000000001,0.0089999999999998,0.01,-0.02399993,17.51000023,0.0006293191852684,0.0042702541432468,-0.0015587750011842,0.0055877503179049,-0.0030202685242182
2025-11-17,1,-0.038884373,48.32292526,0.0372464859783203,0.1488479737636621,-14.342667399999996,-0.057041202,-44878847933.0,-6664717015.0,-655000000000.0,-2370000000000.0,399992380.0,0.0281708769666977,0.0299999999999993,0.04,0.0500000000000002,0.012,-0.01,0.0379998599999999,20.0,-0.0166954517048321,-0.0178110451107684,-0.0183025306089597,0.0004698702414982,0.0009069925679279
2025-11-18,0,0.019178876,54.03381404,0.0050561042891983,0.0036612316641186,-6.460484600000001,-0.139742115,30020117961.0,-46707925574.0,5964690486.0,518000000000.0,344096599.0,-0.2231435513142088,-0.0099999999999997,-0.0099999999999997,-0.016,-0.0299999999999998,0.0,0.01400018,19.82999992,-0.0005018514573773,-0.0010451015716075,0.001816418479553,-0.0152168329594886,0.0032183444383235
2025-11-19,0,-0.033729935,43.88129123,0.0383422425489961,0.0835323995325576,-17.227528899999996,-0.071017764,-43108537347.0,-59361695503.0,-429000000000.0,-552000000000.0,319659628.0,-0.0210534091978331,-0.0099999999999997,-0.02,-0.0330000000000003,-0.0420000000000002,0.01,0.0089998199999999,22.37999916,-0.0092044978900087,-0.032740086423713,-0.0255049867557062,0.0104256551928356,-0.000401660044794
2025-11-20,1,-0.006116906,42.57992066,0.0213584742384069,-0.009124195095878,-16.57075786,0.058130297,88744183243.0,5891802893.0,461000000000.0,-1050000000000.0,338241537.0,0.0348467313301696,0.0099999999999997,0.0099999999999997,0.0130000000000003,-0.0029999999999996,0.0,0.0160000399999999,24.69000053,-0.0082907098397591,-0.0033994293271994,-0.0065996644866714,-0.0035226008365096,0.0068075178106781
2025-11-21,0,0.018991412,45.39781461,0.0391194948202215,0.0110475024947271,-7.934004220000006,0.065161116,17378732171.0,-31443822134.0,748000000000.0,745000000000.0,360281733.0,0.0336732151065852,-0.0300000000000002,-0.0299999999999998,0.044,0.0389999999999997,0.0,0.0050001199999999,23.65999985,0.0037468077326838,0.0261548202069104,0.0313410365235231,0.0065556202746215,-0.0006986346660715
2025-11-24,0,-0.038586605,34.0075438,0.029105528839163,0.0517316411689074,-19.179592969999995,-0.113682178,-59779950043.0,85078446938.0,412000000000.0,-2830000000000.0,319324121.0,-0.0614527792136634,-0.04,-0.06,-0.0540000000000002,-0.036,0.02,-0.01800013,26.42000008,-0.0156897260213249,-0.0243397426664131,-0.0368179729552444,0.0048445651214166,0.0001996266313986
2025-11-25,1,-0.001870283,36.99032719,-0.0166303449298546,-0.0403036916002927,-16.253367070000003,0.168468285,63408149900.0,-22807985903.0,1110000000000.0,-796000000000.0,373120108.0,0.4101489574205921,-0.0199999999999995,-0.0099999999999997,0.0180000000000002,0.032,-0.01,-0.0139999299999999,23.43000031,0.009775102927449,0.0,0.0026181297105338,-0.0037538687918079,-0.000399370013894
2025-11-26,1,0.003042633,42.3138239,-0.0822386776479451,-0.0003620981876921,-12.26623485,-0.251463585,7340226117.0,-61109799874.0,19658363074.0,-1710358096.0,279293988.0,-0.4756268868000965,-0.0300000000000002,-0.0300000000000002,-0.0250000000000003,-0.0019999999999997,0.0,-0.023,20.52000046,0.0153488189279098,0.0006915862376111,0.0152738688112172,0.0048460839182729,-0.004804771332064
2025-11-27,1,0.026371832,46.83183005,-0.0144721791567601,0.0233506362325193,-1.713842889999999,0.057405328,105000000000.0,36174018808.0,1040000000000.0,524000000000.0,295326951.0,0.1722459048052123,-0.0099999999999997,0.0100000000000002,-0.0129999999999999,-0.0070000000000001,-0.02,-0.0060000499999999,18.55999947,0.0090208860565095,0.0183178344240761,0.0183124960003482,-0.0067623963571277,-0.0006022803490157
2025-11-28,0,0.006552745,51.67706718,-0.0557689106974779,0.0029786938229205,0.4267695200000005,-0.12688313,72932154287.0,-562761869.0,326000000000.0,158000000000.0,257854943.0,-0.1950605825713864,0.0,0.0,0.1,0.1179999999999998,0.0,-0.01799989,17.19000053,0.0068829693671528,0.0121941667464806,0.0052758313070953,0.0038629941860692,0.0
2025-12-01,0,-0.015245086,42.10854893,-0.0439228547823535,0.0073032761589688,-4.790062380000002,-0.061787204,-70695237508.0,-137000000000.0,839000000000.0,-2040000000000.0,241922807.0,-0.0884109573440525,0.0199999999999995,0.02,-0.0070000000000001,-0.0219999999999997,0.0,0.0150001,17.19000053,0.0,0.0017288935878312,0.0026078250860841,-0.0062687608937039,-0.0014066051924643
2025-12-02,1,-0.00158532,39.69120342,-0.0246510501674119,-0.0517681749316554,-4.507078419999999,0.227311648,29097125833.0,-96241820989.0,-68894937864.0,224000000000.0,296914679.0,-0.0084388686458645,0.0700000000000002,0.0599999999999996,0.0430000000000001,0.0539999999999998,0.01,-0.0110001599999999,16.35000038,0.0053404874189233,-0.019097722412205,-0.0103314102576295,0.0028834609237149,-0.0005027949953673
2025-12-03,1,0.018839973,41.66700473,0.0061415744943387,0.0002635164311257,2.209966859999998,0.074500288,33839413485.0,70784814352.0,248000000000.0,1220000000000.0,319034908.0,0.0495969411393737,0.0,-0.0099999999999997,-0.0409999999999999,-0.0230000000000001,0.01,-0.01800012,17.23999977,-0.0053375487550351,3.4068668366415977e-06,0.0080770119626993,0.0030997125698428,-0.0005031247168147
2025-12-04,0,0.010302403,42.95913157,0.0002573181881881,-0.0419143653868365,4.79981317,-0.088198568,38087894573.0,62672496011.0,487000000000.0,283000000000.0,290896486.0,0.0775582343458722,-0.0300000000000002,-0.04,0.0219999999999997,0.0190000000000001,0.01,0.0030002599999999,16.59000015,0.0024542211409581,0.0113188877938235,0.0082652440365063,-0.0019132126850891,-0.0051460901858311
2025-12-05,1,-0.00193186,51.05523811,-0.0761958773534763,-0.0014917856159404,2.85258842,0.210201188,-27535762591.0,52221708705.0,107000000000.0,-698000000000.0,352043273.0,0.0221411258772157,0.0500000000000007,0.0499999999999998,0.008,-0.016,0.0,0.02399969,16.07999992,0.0029753605713516,0.023069838970013,9.613024225352262e-05,-0.0015891177361782,0.0014152791747417
2025-12-08,1,0.017602538,50.67793722,0.0137549298567076,-0.005692578591848,7.622782690000001,0.359243621,85404353976.0,5782407832.0,849000000000.0,1000000000000.0,478512573.0,0.1737692749786354,0.0299999999999993,0.04,-0.0179999999999997,-0.0309999999999996,-0.01,0.0130002499999999,15.77999973,0.0010797386618204,-0.0105704144500045,0.0066400736214475,0.0050044026910418,0.0
2025-12-09,0,0.013277229,64.05846085,-0.0473036904723036,-0.0451420460361364,9.93790018,-0.173307122,40683727865.0,-15317346495.0,-141000000000.0,323000000000.0,395582936.0,-0.0698696799604832,0.0300000000000002,0.0,0.0429999999999997,0.0399999999999995,0.0299999999999999,0.0030000199999999,15.40999985,0.0019347688619895,0.0017822686532635,0.0114735402211536,-0.0003871665855328,0.001009677821318
2025-12-10,0,-0.002723489,65.22591027,-0.0625024196515555,-0.0030458692200205,6.365505030000001,0.012792422,12330272182.0,99608405445.0,-98306205656.0,-90993089901.0,400643400.0,-0.1335313926245227,0.0099999999999997,0.0300000000000002,0.052,0.0500000000000002,-0.0199999999999999,0.00199986,16.65999985,-0.0034833152268429,0.0014453239760747,-0.004290587509395,-0.0022446878626816,0.0013111280341222
2025-12-11,0,-0.002065533,60.23046537,-0.0691210180574932,-0.0076459958626808,3.7134907499999983,-0.206522436,-95850854610.0,15652810287.0,-102000000000.0,374000000000.0,317901549.0,-0.0540672212702766,-0.0499999999999998,-0.06,-0.0819999999999998,0.0110000000000001,0.0099999999999998,-0.09299994,16.93000031,-0.0008767431609637,-0.0010330212939901,0.0077101132178558,-0.0003950061945081,-0.0043432247997454
2025-12-12,1,-0.005913431,75.28693308,-0.0915727077497754,0.000108384218481,0.3305845400000038,0.698146403,-20114981877.0,-17402709778.0,-688000000000.0,365000000000.0,539843372.0,0.4769240720903092,0.0099999999999997,-0.0100000000000002,0.0070000000000001,0.0059999999999997,0.02,0.0009999299999999,15.77000046,0.0067268806360836,-0.0090119352440289,-0.0133268172992,0.000755870858538,-0.0044638650906829
2025-12-15,0,0.013660889,78.76108478,-0.0209955527633463,-0.1126380796819752,4.1315425699999935,-0.209740534,-83159725562.0,89195037509.0,1440000000000.0,46940837270.0,426616335.0,-0.2072605051412068,0.0500000000000007,0.0300000000000002,0.0309999999999996,-0.008,0.02,0.03900003,14.85000038,0.0020771919519528,0.0136206085082015,0.0061636977334078,0.0012312958780329,0.0005082903286055
2025-12-16,0,-0.018545551,68.68250151,0.001238227617458,0.0043974113515199,-3.556052079999993,-0.18698712,-52542669797.0,117000000000.0,-392000000000.0,-960000000000.0,346844575.0,-0.0689928714869516,-0.0100000000000006,-0.02,-0.0839999999999996,-0.0929999999999999,0.01,0.0090000699999999,15.73999977,-0.010720913495172,-0.013236045896539,-0.0118107257950086,0.0013996102462767,-0.0025438832961333
2025-12-17,1,-0.022612427,53.12866097,-0.0003071772910079,-0.0606707453697286,-10.726388680000008,0.078262565,-246000000000.0,13731755436.0,148000000000.0,-1040000000000.0,373989521.0,0.0689928714869516,-0.0299999999999993,-0.04,-0.012,-0.0009999999999998,0.01,-0.0110001499999999,16.5,-0.0015978388002064,-0.0157674646853518,-0.0119228066349634,-0.0036934285227099,0.0
2025-12-18,0,0.014221516,55.40704402,0.0030056018862509,0.0121696586056234,-4.356617869999994,-0.034851287,-19550443221.0,-28662042049.0,379000000000.0,-27789783436.0,360955505.0,-0.2384110234449998,0.0099999999999997,0.0099999999999997,0.0109999999999996,-0.0030000000000001,0.0,0.0139999299999999,16.47999954,-0.0023867640083086,0.0026086560347611,-0.0004173577285779,0.0028987370978947,0.002238971169489
2025-12-19,1,-0.015377404,55.27115568,0.0073758048888192,-0.0074185013663399,-8.823639660000005,0.610850659,-70579014311.0,-84632417818.0,156000000000.0,-347000000000.0,581445413.0,0.0076628727455698,-0.04,-0.0299999999999998,-0.012,-0.0289999999999999,-0.01,0.0170002,17.62000084,-0.0116598566339707,-0.0103698349750516,-0.0020598956182737,0.001534426290914,0.000609731310222
2025-12-22,1,0.006497801,57.54275712,-0.0237572604306022,-0.185719967076916,-5.207736719999996,-0.238682664,-25140822642.0,-41242101262.0,964000000000.0,-747000000000.0,442664473.0,0.23074815069943,0.04,0.0299999999999998,0.0300000000000002,0.0429999999999997,0.01,-0.01300001,16.87000084,0.0079029515432864,0.0102674246335663,0.0082596612082372,0.0002441933845398,0.0017256073007825
2025-12-23,1,0.021013592,58.22345086,0.0107987148424824,0.0440515541997674,2.418265309999999,-0.286983534,-34261909288.0,22809936437.0,1620000000000.0,1110000000000.0,315627058.0,-0.2384110234449998,0.0099999999999997,0.0300000000000002,0.0169999999999999,-0.0109999999999996,-0.02,0.0279998799999999,14.90999985,0.008779407366477,0.0179202725667817,0.016233966775335,-0.0004341904016227,-0.0031489441527536
2025-12-24,0,0.002770111,56.28138021,-0.0303955609763102,2.597582207730653e-05,2.4631203,0.222481791,-121000000000.0,-37383279005.0,533000000000.0,954000000000.0,385848331.0,0.0377403279828492,0.0099999999999997,0.02,0.02,-0.036,-0.01,0.0559999999999999,14.07999992,0.0064158705210441,0.0002079141562294,0.0056971373672958,0.002114850217918,-0.0035672307512113
2025-12-26,1,-0.002115189,56.20210644,-0.024005152247871,-0.079126064858543,0.8676236800000012,-0.057625023,-26143810406.0,32658143047.0,252000000000.0,522000000000.0,363613812.0,-0.1094842328416874,-0.0299999999999993,-0.02,-0.0339999999999998,-0.024,-0.01,-0.0099997599999999,14.0,0.004540067092261,-0.0013650577001271,0.002170329365601,0.0012384178890982,0.000408339315757
2025-12-29,1,0.00511273,52.48848293,-0.0674605263923417,-0.0018288708323277,1.9817016599999988,0.403031552,-23628157217.0,-97501817252.0,529000000000.0,1780000000000.0,510161651.0,0.2979596552100183,-0.0100000000000006,-0.02,0.0289999999999999,0.0190000000000001,0.01,0.00999999,13.47000027,0.0032163043988262,0.0080378514917018,0.0064657005744095,-0.0219823792146192,0.0004080946995417
2025-12-30,0,0.02176787,55.20326825,0.0192011316920091,0.0066839337714714,8.401643870000001,-0.015225901,23932814520.0,37891796466.0,-364000000000.0,336000000000.0,502393980.0,-0.1170164583861854,-0.0199999999999995,-0.0300000000000002,-0.02,-0.0190000000000001,0.01,-0.00099993,13.60000038,-0.0003044099808118,-0.0044130142699696,0.0088857069780932,-0.0035944177370916,0.0002040628411545
2026-01-02,1,-0.001515197,55.63590708,0.0063261616641723,-0.0001125338755825,5.576336149999996,-0.187493996,-24765470947.0,-108000000000.0,-229000000000.0,-489000000000.0,408198125.0,-0.0939318198342036,0.0199999999999995,-0.0099999999999997,0.0309999999999996,0.0129999999999999,0.03,0.0179999,14.19999981,-0.0034981629196177,-0.0037166315323844,-0.0036079086124853,-0.0046035568923672,0.0020378745716076
2026-01-05,1,0.022399389,62.23875918,0.0535618907619852,0.0183857764595938,11.42402208,-0.004553865,-72899009835.0,-19584573734.0,-114000000000.0,645000000000.0,406339246.0,0.2819840513371403,0.0500000000000007,0.0499999999999998,0.0010000000000003,-0.0169999999999999,0.0,0.01799988,14.32999992,-0.0013766142507272,0.0,0.022140537473172,0.0062050012865366,0.0018305742286059
2026-01-06,1,0.033740536,70.72430082,0.0799315083557496,0.1107513563803896,20.05781829,0.264632203,-259000000000.0,-156000000000.0,-50824024231.0,2180000000000.0,513869696.0,0.2645596550309292,-0.0200000000000004,-0.02,0.0099999999999997,-0.0020000000000002,0.0,0.0119998399999999,14.51000023,-0.0054919533309742,0.0292334993247838,0.0254064769763857,-0.0021913348057678,-0.0015252586612284
2026-01-07,1,0.015131083,71.11838618,0.0674271334958209,0.0049345412622106,20.217413000000008,-0.030121305,-103000000000.0,-72388513137.0,170000000000.0,-630000000000.0,498391270.0,0.1119179162039856,0.0099999999999997,0.0100000000000002,0.0020000000000002,0.0150000000000001,0.0,-0.01299977,14.89999962,0.0063340245335457,0.0131342871001027,0.0155326562022288,0.0035204530623627,0.0031496616580124
2026-01-08,1,0.005636541,78.87430202,0.0080230267500898,-0.0176777011381492,16.731322399999996,0.110882181,-209000000000.0,-94664134975.0,-359000000000.0,1250000000000.0,553653981.0,0.1320597220130643,-0.0299999999999993,-0.0100000000000002,-0.044,-0.0379999999999998,-0.02,-0.0060000499999999,14.75,0.006177591927118,-0.0106451493006485,-0.0046164970037239,-0.0004152180261467,0.0010138749617887
2026-01-09,1,0.000287816,89.11374454,-0.0070848754868082,-0.0060840403089512,11.8733146,-0.205124401,-185000000000.0,-151000000000.0,-855000000000.0,-107000000000.0,440086040.0,-0.056552169504922,0.04,0.0300000000000002,-0.0129999999999999,-0.008,0.01,-0.00499987,15.38000011,-0.0034458535079036,-0.0163900634501299,-0.002464633576368,0.0008163357029014,0.0025302376660363
2026-01-12,1,0.007429919,88.74236893,0.0211756131070197,-0.0062930761876565,10.535607199999989,-0.09285924,30207520740.0,52729192651.0,1170000000000.0,-1610000000000.0,399219985.0,-0.1571855835224092,-0.0100000000000006,0.0299999999999998,0.0449999999999999,0.04,-0.04,0.00499987,15.44999981,7.654530684497729e-05,0.0159648576266171,-0.002360773276445,0.0027207487482945,0.002019559834796
2026-01-13,1,0.008353052,97.71525146,0.0035619266710407,-0.0058048183999801,9.728092400000008,-0.011189583,68006389349.0,-50105642889.0,568000000000.0,-352000000000.0,394752880.0,-0.0171678036223674,0.0100000000000006,0.0,0.0059999999999997,0.0379999999999998,0.01,-0.03200006,14.48999977,0.0064546111068626,0.0,0.0091471314989171,0.0035521316216637,-0.0027273782543009
2026-01-14,1,0.01456438,97.85127535,0.0060897258336511,-0.0094222529298972,11.328256900000014,0.087138592,116000000000.0,2228284302.0,777000000000.0,-279000000000.0,429151090.0,0.0870113769896292,-0.0100000000000006,-0.02,0.02,0.0230000000000001,0.01,-0.0030000199999999,15.11999989,0.0015763901487915,0.0305130129506228,0.0045673766728331,0.0066366680164735,0.0027273782543009
2026-01-15,1,0.006470031,97.66898079,-0.0277504227689249,-0.006832959642919,9.470161199999978,0.282570404,-9543628245.0,14937573779.0,605000000000.0,-378000000000.0,550416487.0,-0.0404913613547357,-0.0299999999999993,-0.0099999999999997,0.0060000000000002,-0.0070000000000001,-0.02,0.01300001,15.97999954,-0.0019410057092397,0.0146831341664288,0.0076095226796439,0.00550043649321,0.0
2026-01-16,1,0.015639946,97.8758955,0.0496808689108085,-0.0840114098087054,11.415619600000014,-0.009522389,5505542209.0,-31187586300.0,1460000000000.0,353000000000.0,545175207.0,-0.0166670524852108,0.0199999999999995,0.06,0.0749999999999997,0.0939999999999998,-0.0399999999999999,-0.01899981,16.75,-0.0053476334806568,-0.0042549956024551,-0.0042492114868508,-0.0068871497048554,0.0019148652152862
2026-01-19,1,0.00896232,99.14214883,0.0230174353173255,-0.1836224195573281,10.316129200000006,0.322337879,20716797370.0,-90074934450.0,511000000000.0,437000000000.0,720905827.0,0.1224407059303622,0.0700000000000002,0.0499999999999998,-0.0049999999999998,-0.0099999999999997,0.0199999999999999,0.0049998799999999,15.84000015,0.002576603893317,-0.0032269068216326,0.0192267596824979,0.004052167073552,0.000704541323734
2026-01-20,0,0.013118155,99.18882215,0.0444563858811664,-0.0020677111414242,10.990776899999986,-0.208161443,-40148109337.0,-119000000000.0,205000000000.0,549000000000.0,570841030.0,-0.0652822920904157,0.0,0.0,0.0769999999999999,0.0499999999999998,0.0,0.02699994,15.85999966,-0.0006425086369166,-0.0065588482049783,0.0073147732211502,0.0018636731254346,0.0
2026-01-21,1,-0.003863001,96.46540545,0.016277942495388,-0.1130068469490002,4.786568500000016,0.169693788,-87352942950.0,-173000000000.0,-209000000000.0,116000000000.0,667709207.0,0.0726897333682785,0.0599999999999996,0.0100000000000002,0.088,0.0609999999999999,0.05,0.02700019,15.85999966,0.0,-0.0111184926596656,0.0038076557708937,-4.0729843020947953e-05,-0.0075746461704913
2026-01-22,1,0.004936916,97.42221139,0.0486684537330397,0.003806934287696,3.308579100000003,-0.101253269,-911081273.0,-56424073332.0,295000000000.0,446000000000.0,600101467.0,0.1049914438691743,-0.04,-0.02,-0.0510000000000001,-0.0529999999999999,-0.02,0.00199987,20.09000015,-0.0208424610486765,-0.0040932201248065,-0.0163041468471227,0.0042450875101485,0.0012158334736858
2026-01-23,1,0.008638793,97.22203692,0.0075643235698557,-0.0372011040433228,3.58226209999998,-0.052453446,-19319038527.0,-205000000000.0,316000000000.0,-248000000000.0,568624077.0,0.0889474860164973,0.0,0.02,-0.044,-0.0289999999999999,-0.02,-0.01499988,16.89999962,0.0115211176476694,0.0171753174770046,0.0158660737572731,-0.0088018165312764,-0.0040584625959709
2026-01-26,0,0.007551389,96.68458152,-0.0398093762450644,-0.0127283507459425,3.3522501000000204,0.077340508,-85111772219.0,-272000000000.0,929000000000.0,145000000000.0,612601752.0,-0.09227527610917,-0.0199999999999995,-0.0100000000000002,0.032,0.028,-0.01,0.0039997099999999,15.64000034,0.0054725007848954,0.00293819602199,0.0067631034746415,-0.0010723346404448,-0.0077567458068825
2026-01-27,1,-0.008145189,89.06037655,-0.0370907502960955,0.0519675025183987,-3.0899801000000195,-0.270483551,-195000000000.0,-173000000000.0,-953000000000.0,-166000000000.0,446903055.0,-0.2744368457017607,-0.0200000000000004,-0.0099999999999997,-0.0459999999999998,-0.0409999999999999,-0.0099999999999998,-0.00499988,16.09000015,0.0003268163370915,-0.0180198257288211,0.003217749093789,-0.0126889642364158,-0.0057542036263962
2026-01-28,1,0.026960836,90.89904404,0.0546506271989377,0.0705223952848994,5.917065800000017,0.065456091,-211000000000.0,-57240611682.0,570000000000.0,845000000000.0,476155582.0,0.2231435513142088,0.0200000000000004,-0.0100000000000002,-0.0140000000000002,-0.0020000000000002,0.0299999999999999,-0.0120000799999999,16.14999962,0.0049935942333849,0.0084409119260868,0.0078717644330588,-0.0026544420745464,-0.008486025165836
2026-01-29,1,0.016763811,91.94404392,0.0028355956782313,-0.0224047925269106,8.97365049999999,0.24561971,-145000000000.0,-90013754751.0,-571000000000.0,393000000000.0,593108778.0,0.0808520966290942,0.0199999999999995,0.0100000000000002,-0.012,-0.0269999999999996,0.01,0.01500011,16.35000038,0.0040735879571425,0.0004718595861845,0.014923108802634,-0.0058952664251652,0.0023874587785508
2026-01-30,1,0.009707476,92.12029808,0.0653681032059765,-0.0376172738527458,8.432640800000001,0.179647673,-118000000000.0,-120000000000.0,157000000000.0,-1490000000000.0,699659390.0,0.1499811115905345,-0.0199999999999995,-0.0300000000000002,0.0390000000000001,0.0389999999999997,0.01,0.0,16.35000038,-8.172646335147249e-05,0.0003164984107808,-0.0081895288483178,-0.0022643189555857,-0.0017641074856395
2026-02-02,0,0.000595439,91.73242449,0.0256367608208387,-0.0161676496325924,4.137055500000002,0.232800726,-128000000000.0,-30656185831.0,-30925756867.0,-1980000000000.0,862540604.0,-0.0112045990128635,0.0199999999999995,-0.0299999999999998,0.0500000000000002,0.032,0.05,0.0180001199999999,16.87999916,-0.0012934673662599,-0.000988767929714,-0.0146293440993794,-0.0003568961837769,0.0073472580978251
2026-02-03,1,-0.054011384,63.89064957,0.142001262282629,0.5056300301437213,-21.43624550000001,-0.336211653,25161573975.0,-39924652613.0,-2180000000000.0,-2530000000000.0,572544402.0,-0.1006766663454001,0.0300000000000002,0.04,-0.004,0.0140000000000002,-0.01,-0.0180001199999999,17.44000053,-0.0043111794907861,-0.0126003605823932,-0.0138088560203506,0.0139287191815835,0.0063720950949122
2026-02-04,1,0.066134354,72.90818228,0.1564437458774392,0.2706758584453483,7.680250000000001,0.174773779,345000000000.0,95780604221.0,1450000000000.0,717000000000.0,672610151.0,-0.067658648473813,-0.0099999999999997,0.0,0.0579999999999998,0.0369999999999999,-0.01,0.02100014,16.34000015,0.0053767852416513,0.0384767241508718,0.0179050710252681,0.0025781135324391,-0.0017431244335961
2026-02-05,0,0.015577502,73.09517059,0.0209952108900193,0.0030614043341343,10.031792499999996,0.174410358,97387857906.0,29002873357.0,1490000000000.0,-938000000000.0,789920328.0,0.0132452267500191,0.0099999999999997,0.0,0.0510000000000001,0.0230000000000001,0.01,0.0279998799999999,18.0,-0.0084394954737074,-0.0078394131353878,0.0029293940807075,-0.004042461622161,0.0018455896268205
2026-02-06,0,-0.039404581,61.48001574,0.0816885253844734,0.1133437804197141,-11.417954399999983,0.154432991,-37381490389.0,-98472024855.0,-1880000000000.0,-5040000000000.0,911910087.0,0.0637158143861071,-0.08,-0.0900000000000003,-0.0250000000000003,-0.008,0.01,-0.0169999599999999,18.63999939,-0.0050853001910375,-0.0087932149528526,-0.015245506295141,0.0092404517562618,0.0020466333126671
2026-02-09,1,-0.014519282,56.51154815,0.0772224422973399,0.0190468639784202,-17.475482,-0.182195753,156000000000.0,132000000000.0,578000000000.0,-3330000000000.0,745763942.0,-0.0802999424016412,0.0099999999999997,0.02,0.0230000000000001,0.0289999999999999,-0.01,-0.00600004,21.77000046,-0.0123266779270974,0.0080621090266586,-0.0005771752590746,0.0072131505081944,-0.0019442568721164
2026-02-10,1,0.040228064,62.83153619,0.0503960384881123,0.0507459888391834,0.5795333000000085,-0.171778429,195000000000.0,-86295633100.0,2420000000000.0,439000000000.0,617657784.0,-0.1207137474044657,0.0,-0.0099999999999997,0.044,0.0339999999999998,0.01,0.01,20.37000084,0.019504344377843,0.0381587988315992,0.0193719426288669,-0.0056459774537662,-0.008331213760278
2026-02-11,1,0.000688678,62.35040798,-0.0107510743884571,-0.001354766554459,-1.6546233000000257,0.153175576,-42186713608.0,-97722886851.0,744000000000.0,147000000000.0,712267871.0,-0.1286913724205227,-0.0599999999999996,-0.06,-0.0729999999999999,-0.0429999999999997,0.0,-0.0299999799999999,17.36000061,0.0046801177836357,0.0225699798960743,0.0204153159747733,-0.0026429760033979,-0.0002065555189352
2026-02-12,1,0.009909878,62.59100861,0.0028922625441989,0.0005712804488684,0.5346542000000056,0.058263903,98025004975.0,-26289554822.0,522000000000.0,857000000000.0,753767377.0,0.0941389909138621,0.0199999999999995,0.0499999999999998,-0.0420000000000002,-0.024,-0.03,-0.01800012,17.79000092,-0.0033091821945792,0.0,0.0159797263176724,-0.0022033133284224,0.0003098567317456
2026-02-13,0,0.030853506,65.41304772,0.0292499858935393,0.0204990824397937,11.415960400000015,-0.004182743,149000000000.0,72185511544.0,1080000000000.0,3010000000000.0,750614562.0,0.2324748787430941,-0.0899999999999998,-0.0599999999999996,-0.0209999999999999,-0.0460000000000002,-0.03,0.0250001,17.64999962,-4.895730596388148e-05,-0.0001856047335913,0.0,-0.0076840788884053,0.0010321891801599
2026-02-19,1,-0.002767228,66.38275155,0.0078179039179611,0.0033886740495465,5.209619199999992,0.719469117,-93212124766.0,56325913582.0,181000000000.0,-927000000000.0,1290658558.0,-0.0475525402490824,-0.0499999999999998,-0.06,-0.0469999999999997,-0.012,0.01,-0.03499986,20.81999969,-0.0157849413537434,-0.0121813353800117,0.0,-0.0022806348958939,-0.0005160008434961
2026-02-20,1,0.030445177,67.06004507,-0.0076792266344529,0.0199979515903971,15.08549210000001,-0.081214633,59738858025.0,15370491816.0,1670000000000.0,-935000000000.0,1185838197.0,-0.0636730948611408,0.04,0.0699999999999998,0.0169999999999999,0.036,-0.03,-0.0190000399999999,20.60000038,0.0004989646078499,0.0091926233146324,0.0,-0.0005136928778819,0.0107798700390251
2026-02-23,1,0.022860529,67.89799029,0.0133858534127053,0.0030678234360834,19.5431289,0.475161353,-52697642592.0,-142000000000.0,1940000000000.0,-744000000000.0,1749302679.0,0.1356916872646323,0.0,0.0,-0.048,-0.0350000000000001,0.0,-0.0130000299999999,20.22999954,0.0037553120829585,-0.0112366059777997,0.0,0.0052563849886366,-0.0013283326713642
2026-02-24,1,0.006445545,67.66421439,-0.0158131590117784,-0.0003412634479924,15.33664809999999,-0.155212554,-169000000000.0,-269000000000.0,533000000000.0,-1110000000000.0,1477788942.0,-0.0337973795832908,-0.0499999999999998,-0.0499999999999998,0.0379999999999998,0.0110000000000001,0.0,0.0269999499999999,19.09000015,0.0069157557154593,0.0,0.004973395073998,-0.0029815143804343,-0.001023080396143
2026-02-25,1,0.020913612,69.72579647,0.028197582650038,0.0052957756018252,18.72581550000001,0.084055233,-145000000000.0,-71765712033.0,2670000000000.0,-190000000000.0,1602004836.0,-0.0189280098855206,0.0099999999999997,0.02,0.0150000000000001,0.004,-0.01,0.0109999199999999,21.01000023,-0.010439959525728,0.0086799415797909,0.0270939106784915,-0.0008594212186761,0.0018406826481207
2026-02-26,1,0.018952694,82.80602841,-0.0456277469676411,0.0030807984296679,20.42342769999999,-0.116572664,-307000000000.0,74951696394.0,1990000000000.0,-1310000000000.0,1415254864.0,0.1170750710250452,0.0099999999999997,0.02,-0.0369999999999999,-0.0339999999999998,-0.0099999999999998,-0.0030000199999999,19.54999924,0.0076224889306342,0.0217780030476841,0.0203176430611922,-0.0015335293497926,-0.0018406826481207
2026-02-27,0,0.036063599,81.58065068,-0.0449738148882525,0.0095743806179493,30.231068,-0.003979237,53949815743.0,-98071995959.0,1640000000000.0,-2110000000000.0,1409623229.0,0.0971112866851484,-0.0300000000000002,-0.0300000000000002,-0.0859999999999998,-0.0620000000000002,0.0,-0.02399992,17.93000031,0.0081034340288717,0.002902245124206,4.0040064304136536e-05,-0.0091108409992184,0.0009208039013763
2026-03-03,0,-0.010061136,77.38916134,0.0248949387715642,0.0073479386089227,14.711889999999984,-0.172787486,-226000000000.0,-228000000000.0,1100000000000.0,-7080000000000.0,1166057975.0,0.3445190978910837,-0.0499999999999993,-0.0699999999999998,-0.024,-0.0209999999999999,0.0199999999999999,-0.0029997999999999,18.62999916,-0.0053800270632677,0.0016475494348107,0.0,0.0037701483845999,-0.0018423782958656
2026-03-04,0,-0.07517966,67.08895455,0.0880437275437628,0.1996518888107288,-28.652354899999978,0.05242893,-49526905291.0,41182772768.0,-728000000000.0,-5170000000000.0,1227193147.0,-0.0390021578032673,0.0899999999999994,0.1099999999999998,0.1479999999999997,0.1390000000000002,-0.0199999999999999,0.00899983,19.86000061,-0.0043487950600731,-0.0446740475678719,-0.0312864343600942,0.0138323937404951,0.0146448505008551
2026-03-05,1,-0.128489065,50.08934246,0.1625316664641092,0.2994107000737225,-81.9365967,0.334432119,-129000000000.0,-72745993641.0,-583000000000.0,237000000000.0,1637605952.0,0.175034972994176,0.0300000000000002,0.0499999999999998,0.0380000000000002,0.0429999999999997,-0.02,-0.00500011,23.56999969,-0.0090906333179283,-0.0368016063461489,-0.04452599290593,0.0209863639484799,-0.0028309230354794
2026-03-06,1,0.091914362,55.20911986,0.1173328503459902,0.0987996712455809,-27.922296700000004,0.014108702,-109000000000.0,-87153061190.0,-1220000000000.0,-157000000000.0,1660710447.0,-0.3282391312174049,0.04,0.04,-0.0430000000000001,-0.0339999999999998,0.0,-0.0089998199999999,21.14999962,0.0077261257126437,0.018855299538826,0.0253860067311837,-0.0151642247968064,0.005553076617133
2026-03-09,0,0.000173737,55.16533346,0.0423326367793412,-0.0386378705070251,-24.32482780000001,-0.263556306,-178000000000.0,-175000000000.0,-598000000000.0,-1950000000000.0,1223019737.0,-0.3664991395747812,0.0200000000000004,0.0,0.0270000000000001,0.0379999999999998,0.02,-0.01100016,23.75,-0.0056627077635535,0.0061818890266547,-0.002182240899005,0.0127609561820865,-0.0033281442053709
2026-03-10,1,-0.061476951,48.30175641,0.0967677706780625,0.001548422662263,-47.8705908,-0.160898472,-199000000000.0,-102000000000.0,-1170000000000.0,-3200000000000.0,1026237730.0,0.0557419830082359,-0.0300000000000002,-0.0099999999999997,0.1229999999999997,0.193,-0.02,-0.0699999399999999,29.48999977,-0.0133657203720982,-0.0533976933612656,-0.0453317628608314,0.0029560694827219,0.001917570873247
2026-03-11,1,0.052071806,50.16462724,0.0427654718433547,0.0276071094107623,-16.814892999999984,-0.10039376,68223391071.0,-9321369642.0,745000000000.0,1030000000000.0,923209866.0,-0.1456527531568667,0.0300000000000002,0.0,-0.1099999999999998,-0.137,0.0299999999999999,0.0269999599999999,25.5,0.0082698715406621,0.0284130712390648,0.0203899731691574,-0.0131736456508706,-0.0035351632818807
2026-03-12,0,0.01388581,51.61025555,0.0260150689186309,-0.0187115756538003,-8.51428340000001,0.138361225,34574324791.0,-89339267070.0,725000000000.0,-255000000000.0,1050946314.0,-0.0759859069779231,0.0599999999999996,0.06,-0.0209999999999999,-0.0299999999999998,0.0,0.00900006,24.93000031,-0.0021374025198301,0.0142210452411486,0.0401429093648246,0.0056584084925166,0.0040392008821399
2026-03-13,0,-0.004770798,48.4604602,-0.0170499437971924,-0.0031531584709343,-10.215054199999996,-0.2375384,75972781322.0,-37404675330.0,-74636557600.0,-2390000000000.0,801306208.0,-0.1154361676465676,0.0599999999999996,0.1099999999999998,0.0409999999999999,0.0179999999999997,-0.0499999999999999,0.0229999999999999,24.22999954,-0.0008379520703929,-0.0104571444513847,-0.0157274463295955,0.0017366576989639,0.0051263568753139
2026-03-16,1,-0.017345605,44.67638885,0.0135789194968065,-0.0111004772937777,-16.960124730000004,0.13271996,-117000000000.0,28454594636.0,-950000000000.0,-1460000000000.0,907655536.0,0.0,0.0100000000000006,-0.0099999999999997,0.052,0.0670000000000001,0.02,-0.0150001,27.29000092,-0.0153448082637144,-0.0116993395881142,-0.0054205317098041,-0.0032315977816912,0.0061969488145079
2026-03-17,1,0.011345478,45.13186357,-0.0062019094383494,0.0010057113124957,-9.39802856,0.183113813,61546304743.0,41194926054.0,-104000000000.0,-852000000000.0,1073859802.0,-0.0835650783460408,-0.0499999999999998,-0.0500000000000002,-0.0209999999999999,-0.0380000000000002,0.0,0.01700018,27.19000053,-0.0060775464316567,-0.0012728542706312,-0.0017322790387428,0.020974243871997,-0.0064977638627548
2026-03-18,1,0.016198247,44.53171414,-0.00627127243225,0.0015714747164534,-1.1309941100000032,0.05700113,235000000000.0,84333393783.0,427000000000.0,-173000000000.0,1135071024.0,0.0226767086710282,-0.0300000000000002,-0.0099999999999997,0.012,0.024,-0.02,-0.01200007,23.51000023,0.0100799098360617,-0.0009447573150609,0.0147089684067545,-0.0085867632880356,-0.0013046040227235
2026-03-19,0,0.049216549,47.50271084,0.0275553952451632,0.0157176831120362,20.82831150000001,0.00766529,5529959875.0,95952881532.0,3100000000000.0,889000000000.0,1143771673.0,0.1875396081417193,0.0599999999999996,0.0799999999999996,-0.0860000000000003,-0.0629999999999997,-0.02,-0.0229999999999999,22.37000084,0.0024911493941885,0.0282561627569286,0.0150184447918366,-0.0027171084923072,0.005108384672976
2026-03-20,1,-0.02768933,41.27691736,-0.0099626581865353,0.0101898417543924,2.1885202999999933,0.03532034,22655097073.0,-64937808613.0,-665000000000.0,-1880000000000.0,1184170077.0,-0.1566320706786435,-0.0099999999999997,0.0300000000000002,0.0870000000000001,0.068,-0.0399999999999999,0.0190000499999999,25.09000015,-0.013700999468126,-0.0343802209952759,-0.019369074412026,0.0136317743946294,-0.0086293224773195
2026-03-23,0,0.003114924,42.46849746,-0.0288525340946401,-0.0093569046047599,1.9019413000000045,0.258945195,-79235923848.0,60613196498.0,457000000000.0,-1250000000000.0,1490805229.0,0.3908663086870128,0.1399999999999996,0.1099999999999998,0.0430000000000001,0.0809999999999999,0.0299999999999999,-0.0380000999999999,24.05999947,-0.0027525826334908,0.0,-0.0043371498278297,-0.0102902885425493,0.0042236402256641
2026-03-24,1,-0.067148106,43.55652195,-0.0165999215642047,0.0408791624964233,-29.72900437,-0.244958612,-301000000000.0,-162000000000.0,-3020000000000.0,-3700000000000.0,1125619649.0,-0.2231435513142088,-0.0499999999999998,-0.0499999999999998,0.1429999999999998,0.2069999999999998,0.0,-0.06400013,26.78000069,-0.0152539343230504,-0.0354137117952291,-0.0247914852926847,0.0095991086930862,-0.0070494207876157
2026-03-25,1,0.027040769,59.40964403,-0.1246469288924521,0.0084862798663305,-12.402026430000006,0.039887642,9836232482.0,43456766681.0,1020000000000.0,-1980000000000.0,1170517963.0,-0.0883491698312894,0.0499999999999998,0.08,-0.044,-0.0939999999999998,-0.0299999999999999,0.05000019,26.14999962,0.0113881091671164,0.0142010444224585,-0.0033752296033231,-0.01261066049444,0.0048392408848281
2026-03-26,0,0.015771855,51.4261972,-0.1267820890633011,-0.0022343614067299,-3.462167980000004,-0.347960798,36931488486.0,14664870051.0,2340000000000.0,-1290000000000.0,763223598.0,-0.0121213605323475,-0.0599999999999996,-0.0500000000000002,0.024,0.0349999999999997,-0.01,-0.0110001599999999,26.95000076,-0.0037495954879176,0.0282530673156333,0.0250384694082068,0.0080130472130193,0.0017082671193531
2026-03-27,0,-0.032742798,47.20430296,-0.010823224041558,0.0029690295603201,-17.960206019999994,0.212085915,-250000000000.0,-242000000000.0,318000000000.0,-2950000000000.0,925092573.0,0.0398459085471998,0.0899999999999998,0.1200000000000001,0.0060000000000002,-0.0059999999999997,-0.03,0.01200008,25.32999992,0.0054044937363997,-0.0027194838238635,-0.0030396327411157,0.0024413422236628,0.0030075517407164
2026-03-30,0,-0.003961688,54.88602972,-0.0805796845996384,-0.0188513181020293,-16.33808425,-0.027036901,185000000000.0,-22801624440.0,418000000000.0,-3440000000000.0,900080937.0,-0.0771173033444299,0.0200000000000004,-0.06,0.0499999999999998,0.0299999999999998,0.08,0.0199999799999999,27.44000053,-0.0175594409476591,-0.0043108162180747,-0.0067729539782153,0.0049114114857342,0.0024993761195375
2026-03-31,0,-0.030156774,42.88675548,-0.0193887194491448,0.0052127359718507,-26.047535253,-0.191860368,73020339258.0,-81150069311.0,744000000000.0,-2100000000000.0,727391077.0,-0.1305220614338118,-0.0900000000000007,-0.0899999999999998,-0.024,-0.04,0.0,0.0160000399999999,31.04999924,-0.0168632318534811,-0.0282601740794437,-0.0181148603358991,-0.0008887537132826,0.0035881688407304
2026-04-01,1,-0.043539321,35.64611708,0.0071095548865667,-0.0358834044070577,-38.404959067,0.599294306,35211304974.0,-29135483347.0,948000000000.0,-3850000000000.0,1163312408.0,0.359555406804084,-0.0499999999999998,-0.04,-0.012,0.0100000000000002,-0.01,-0.0220000799999999,30.61000061,-0.0039535538626989,-0.0159719032287224,-0.0247570455638097,0.0060268345928005,-0.0054871491670214
2026-04-02,0,0.080992637,47.76745069,0.1165127796105931,-0.118461742939206,4.288973900000002,-0.175670036,355000000000.0,-19186659596.0,3430000000000.0,-628000000000.0,958953275.0,-0.0306667983929713,0.0300000000000002,0.0299999999999998,-0.1899999999999999,-0.1819999999999999,0.0,-0.0079999,25.25,0.0287148933569696,0.0510774026604146,0.0447495019059882,-0.0084784205396903,-0.0031060347505285
2026-04-03,1,-0.045682563,44.91612001,0.0635161960077503,-0.100195257013107,-15.82858116,0.489290102,-21279690102.0,9098014731.0,-1690000000000.0,-141000000000.0,1428159621.0,0.1417158018680133,-0.0200000000000004,-0.02,0.1149999999999997,0.1069999999999997,0.0,0.0079999,24.54000092,0.007142944898689,-0.0240383460611646,-0.0183249482522942,0.0058101590291981,0.0038060669881465
2026-04-06,1,0.027001033,46.64399593,0.0207361806692549,0.0150207685399728,-0.4661947800000021,-0.170135905,227000000000.0,-55740810705.0,284000000000.0,799000000000.0,1185178392.0,-0.4054651081081672,0.04,0.06,-0.0569999999999999,-0.0289999999999999,-0.02,-0.02799988,23.87000084,0.0011202481077905,0.0125058741901238,0.0,-0.0018998354509038,0.0
2026-04-07,1,0.013489818,46.27620034,-0.0110571584843013,-0.0654823338184424,5.9736020599999975,-0.06300397,88929822132.0,-85005052024.0,760000000000.0,-156000000000.0,1110507448.0,-0.0181823190831877,-0.0099999999999997,0.0,-0.0219999999999997,-0.016,-0.0099999999999999,-0.0060000399999999,23.87000084,0.0,0.005447716195416,0.0,2.6529246676787462e-05,-0.0004999294085425
2026-04-08,1,0.00812234,40.69959098,-0.035851099530145,-0.0529014517081916,8.671020470000002,-0.108111258,73901897443.0,-81802493190.0,-392000000000.0,395000000000.0,990449091.0,0.0835650783460408,-0.0099999999999997,-0.06,0.0289999999999999,0.0190000000000001,0.0499999999999999,0.00999999,24.17000008,0.0044170131744163,0.0002972373427194,0.0199814593654714,-0.0009346918801096,-0.0034065153202051
2026-04-09,0,0.066454653,52.15752,0.0682209332748442,0.0820527803924981,37.258472965,-0.058396358,-85300447664.0,-208000000000.0,3000000000000.0,1950000000000.0,932610471.0,0.4263426931297189,-0.04,-0.04,-0.1259999999999999,-0.1360000000000001,0.0,0.00999999,25.78000069,0.0007589601039832,0.0524799888291234,0.045059294169274,-0.0057998360472559,-0.0051315919684844
2026-04-10,1,-0.016193873,49.93876736,0.0121869223520025,0.005209025101085,21.587794095,0.100923687,-4949986854.0,4883453765.0,504000000000.0,1720000000000.0,1026732958.0,-0.0802723024397842,0.0,-0.0099999999999997,0.032,0.0230000000000001,0.01,0.0090000699999999,21.04000092,0.0247720383651266,-0.0073634520289704,0.0028663510308426,-0.014465809518029,-0.0031320820228684
2026-04-13,0,0.01389748,59.80532832,-0.0685166665523908,-0.0048142535842314,23.03948686,-0.02374461,-206000000000.0,-41563952931.0,86835035681.0,1060000000000.0,1002353584.0,-0.3460703906899347,0.0199999999999995,0.0299999999999998,0.0259999999999998,0.0219999999999997,-0.01,0.00400017,19.48999977,0.006151066772988,0.0182383050568386,0.0158419927686566,-0.0029279063050955,-0.0017217623025862
2026-04-14,1,-0.008613731,55.75551745,-0.0354519585001567,0.0010328834583988,13.455349330000004,0.080667922,62410818785.0,-173000000000.0,-481000000000.0,-461000000000.0,1083211365.0,-0.0974221130074681,-0.0099999999999997,-0.0099999999999997,0.0289999999999999,0.0220000000000002,0.0,0.0069997399999999,19.22999954,-0.0011391696212506,-0.0074293111478187,0.0011135342174242,0.0060227860659898,-0.0028423404976569
2026-04-15,1,0.027026931,57.12809065,0.0092971729638762,0.0075026289862316,22.49574106,-0.178839283,-35274451186.0,-25564504203.0,1350000000000.0,837000000000.0,889490621.0,0.2314807927520377,-0.04,-0.0300000000000002,-0.0569999999999999,-0.0430000000000001,-0.01,-0.0139999399999999,19.12000084,0.0101218753980276,0.0240371631540234,0.0233820314614483,-0.0036093664532517,-0.0025446600631502
2026-04-16,1,0.020506349,64.17571437,0.0063900246278247,-0.0351337566639404,26.49121647,0.038623827,-288000000000.0,-112000000000.0,821000000000.0,489000000000.0,923846153.0,0.1536233927072103,0.0300000000000002,0.0300000000000002,-0.0030000000000001,-0.0110000000000001,0.0,0.0079999,18.36000061,0.0117139889975117,0.004427971093575,0.0116689815407156,-0.0050368519150953,-0.0006117360768316
2026-04-17,0,0.02186575,66.83114896,-0.0311109582018112,-0.0107294146797123,30.198731399999986,0.002000856,-58335460213.0,-29881550978.0,1250000000000.0,475000000000.0,925694636.0,-0.1573202545885372,0.0300000000000002,0.0099999999999997,0.02,0.012,0.02,0.0080001399999999,18.17000008,0.007944144840156,0.0235297082339869,0.011099797421874,0.0031527434744118,0.0016303616918316
2026-04-20,1,-0.005496868,70.68321198,-0.0691231137886054,0.0016445932553383,19.294641000000013,-0.254894965,-36835894694.0,-75665160462.0,434000000000.0,-2000000000000.0,689739734.0,-0.0930904230660125,-0.0600000000000005,-0.0799999999999996,0.0420000000000002,0.0310000000000001,0.02,0.0109999199999999,17.94000053,0.0026065558375929,-0.0176698207957564,-0.008863888842562,0.0026151851064373,-0.0012225220572066
2026-04-21,1,0.004378365,78.97234816,-0.0447076503445131,-0.1155634564177439,15.421681199999997,0.004550587,-42265612859.0,8038782666.0,518000000000.0,-237000000000.0,692878455.0,-0.0414997309067501,0.0,0.0099999999999997,-0.0289999999999999,-0.0230000000000001,-0.01,-0.0060000599999999,17.47999954,0.0119685540079377,0.0059503985012199,0.0041880311620943,-0.0086780809470337,-0.0005097672260543
2026-04-22,1,0.026871268,75.89737617,-0.1054595754452014,-0.000167968370734,23.555988600000006,0.143088995,-17252123240.0,62175597531.0,975000000000.0,1150000000000.0,792021737.0,0.2759611071536234,0.04,0.0699999999999998,-0.0330000000000003,-0.0179999999999997,-0.03,-0.01499985,18.87000084,-0.0023771959276999,0.0088730924309263,0.0173361291113849,0.0028012368005443,0.0036648783533026
2026-04-23,1,0.004600826,88.40524707,-0.1218261283973642,-0.0019270182690904,18.498835100000008,0.136509635,28171950706.0,99531346289.0,-410000000000.0,-682000000000.0,900140335.0,-0.0032206147000408,0.0,0.0100000000000002,0.0420000000000002,0.0350000000000001,-0.01,0.00699997,19.5,-0.0063684535673278,0.0039801193970632,0.0072429148644772,0.0111945012271901,0.0018273373612736
2026-04-24,0,0.008978042,87.72537558,0.02699076492285,-0.0420056856023762,16.59298099999998,0.158032874,-232000000000.0,19704265462.0,17672946443.0,-85974429987.0,1042392099.0,0.2697808621225377,0.04,0.0299999999999998,0.0939999999999998,0.0929999999999999,0.01,0.0009999199999999,18.92000008,0.010405755910293,-0.0075068757554195,-0.0043475295584833,-0.0052906485418331,0.0021278361607581
2026-04-27,1,-2.78e-05,87.06581495,-0.0065506405977959,-0.0022709763695072,10.27912520000001,-0.157514076,44552649569.0,-20150505393.0,1040000000000.0,-1950000000000.0,878200671.0,-0.2959261422268611,-0.0300000000000002,-0.04,0.0260000000000002,0.0379999999999998,0.01,-0.0120000799999999,19.30999947,-0.0041414321711403,0.0096915888223616,0.0317914545305821,0.0013455381397262,-0.0029395480329972
2026-04-28,1,0.021298418,87.89672039,0.0047136163616805,-0.0422111510556568,16.349823999999984,-0.040465103,-57967572105.0,-177000000000.0,1550000000000.0,867000000000.0,842664190.0,0.1007139756018311,0.04,0.0300000000000002,0.0029999999999996,-0.004,0.01,0.0069999699999999,18.70999908,0.0079420679485444,0.0136576846058069,0.0174221833211003,-0.0035605121091819,-0.0003045715964695
2026-04-29,1,0.003921269,84.11927051,-0.1484517843816739,-0.1002675075512606,11.872821799999995,0.352225728,-75276024272.0,-27744712124.0,684000000000.0,-194000000000.0,1139472198.0,0.1184481504131937,0.0100000000000006,0.0299999999999998,0.0410000000000003,0.0369999999999999,-0.02,0.00400019,18.02000046,0.0012316179831479,-0.0102927207233172,-0.0023982929701844,-0.0011466207226522,0.0014205926859895
2026-04-30,0,0.007482811,92.18491153,-0.0041668827898995,-0.2116727354568666,10.135623100000032,-0.370007043,108000000000.0,-2117024417.0,165000000000.0,-614000000000.0,717859460.0,-0.1770165045642606,0.0599999999999996,0.08,-0.0180000000000002,-0.004,-0.02,-0.01400018,17.82999992,-0.0049061877901728,0.0,-0.0055370856834784,-0.0006859174686697,0.0030373154726275
2026-05-04,1,-0.01384994,83.84621981,0.0058095165063809,-0.1681845136801429,-2.6613652000000343,-0.045134413,-51584852115.0,35038595393.0,509000000000.0,-1460000000000.0,685459295.0,0.1279603475750654,-0.0199999999999995,-0.0299999999999998,0.08,0.0700000000000002,0.01,0.0100002299999999,18.80999947,-0.0003992518310802,-0.010612958939058,-0.0096350091905854,0.01040096626435,-0.0085279333072785
2026-05-06,1,0.049969557,90.85189808,0.0974173986116184,0.0858309892199638,21.656785800000023,0.273611278,-48525429500.0,-50745653363.0,1920000000000.0,2950000000000.0,873008689.0,0.1762510268279236,0.0499999999999998,0.0699999999999998,0.0089999999999998,0.02,-0.02,-0.0110001699999999,16.88999939,0.0101861842639152,0.0038418055545328,0.044675825634771,-0.0105776202962051,0.0039684548031315
2026-05-07,1,0.062523345,92.43242769,0.1136784970337014,0.1340924474157501,49.19369799999998,0.140528929,-457000000000.0,-159000000000.0,-828000000000.0,3110000000000.0,995691665.0,0.3401456419875224,-0.0899999999999998,-0.0899999999999998,0.0,-0.02,0.0,0.02,18.29000092,-0.0011464128533376,0.0,0.0105985785462774,0.001514063917563,-0.0045804404465883
2026-05-08,1,0.014184105,92.34925012,0.0228833709082172,-0.002536422750313,42.9191505,-0.22921695,-284000000000.0,49415739537.0,1760000000000.0,-6720000000000.0,767462258.0,-0.1605600650124401,0.0499999999999998,0.0499999999999998,-0.044,-0.0490000000000003,0.0,0.0050001,17.38999939,0.0225701716828652,0.0542969685404486,0.0191387687543258,-0.0202240375487114,0.0023437455466881
2026-05-11,1,0.001060871,91.71340893,0.0200556452046756,-0.1512228606079513,29.7331547,-0.318414889,-88730575062.0,-50195956799.0,1520000000000.0,-5310000000000.0,523090848.0,-0.2251024157995438,-0.0300000000000002,-0.02,0.0209999999999999,0.0230000000000001,-0.0099999999999999,-0.0020001,17.07999992,-0.0038103454955535,-0.0019146768822704,-0.0078968289668566,0.0071329947691589,-0.0041817967784671
2026-05-12,0,0.04233467,94.91883416,0.1180990888261535,-0.0048830603247851,44.29452100000003,0.397995763,-268000000000.0,-295000000000.0,1000000000000.0,-2840000000000.0,731278789.0,0.2387080678553204,0.04,0.04,0.0410000000000003,0.0289999999999999,0.0,0.0120000999999999,17.19000053,0.0083904054969288,-0.0047273470895827,0.0044635702570463,0.0039515235417635,0.0010216172164803
2026-05-13,1,-0.023161179,86.20502761,0.1487347128313425,0.0875696918198971,15.046492,0.39637049,-35814357535.0,-186000000000.0,-620000000000.0,-5630000000000.0,1021136121.0,0.2587938947121984,0.04,0.0499999999999998,0.1059999999999998,0.076,-0.01,0.0300002,18.37999916,0.0018781917448364,0.0051884142379563,0.0025872595888269,0.0094718950058378,0.0035672307512113
2026-05-14,1,0.025940344,86.42235907,0.0791049330007744,-0.0223169506198677,22.26931689999998,-0.276551562,-11519487397.0,-236000000000.0,1890000000000.0,-3760000000000.0,738739332.0,-0.2842107076963209,0.0,-0.0099999999999997,-0.0120000000000004,-0.0390000000000001,0.01,0.0269999599999999,17.98999977,-0.0016038944366894,0.0084044523747621,-0.0125809890256558,0.0124958082474293,0.0019312140562055
