Date,US_GDP,US_M2,US_Interest_Rate_10Y,US_Interest_Rate_3Y,US_CPI,US_UNRATE,KR_GDP,KR_CPI,KR_Interest_Rate_10Y,KR_Interest_Rate_3Y,US_Spread_10Y_3Y,KR_Spread_10Y_3Y
2021-05-17,23982.379,20477.1,1.64,0.34,270.654,5.9,524124400000000.0,107.578551405523,2.117,1.107,1.2999999999999998,1.0100001
2021-05-18,23982.379,20477.1,1.64,0.34,270.654,5.9,524124400000000.0,107.578551405523,2.118,1.099,1.2999999999999998,1.019
2021-05-20,23982.379,20477.1,1.63,0.34,270.654,5.9,524124400000000.0,107.578551405523,2.135,1.103,1.2899999999999998,1.032
2021-05-21,23982.379,20477.1,1.63,0.34,270.654,5.9,524124400000000.0,107.578551405523,2.123,1.095,1.2899999999999998,1.0279999
2021-05-24,23982.379,20477.1,1.61,0.32,270.654,5.9,524124400000000.0,107.578551405523,2.12,1.116,1.29,1.0039998
2021-05-25,23982.379,20477.1,1.56,0.3,270.654,5.9,524124400000000.0,107.578551405523,2.129,1.142,1.26,0.987
2021-05-26,23982.379,20477.1,1.58,0.31,270.654,5.9,524124400000000.0,107.578551405523,2.128,1.161,1.27,0.967
2021-05-27,23982.379,20477.1,1.61,0.31,270.654,5.9,524124400000000.0,107.578551405523,2.111,1.124,1.3,0.9870001
2021-05-28,23982.379,20477.1,1.58,0.3,270.654,5.9,524124400000000.0,107.578551405523,2.132,1.162,1.28,0.97
2021-05-31,23982.379,20477.1,1.58,0.3,270.654,5.9,524124400000000.0,107.578551405523,2.179,1.227,1.28,0.9519999
2021-06-01,23982.379,20477.1,1.62,0.31,270.654,5.9,524124400000000.0,107.578551405523,2.186,1.213,1.31,0.97300005
2021-06-02,23982.379,20477.1,1.59,0.3,270.654,5.9,524124400000000.0,107.578551405523,2.202,1.206,1.29,0.99599993
2021-06-03,23982.379,20477.1,1.63,0.34,270.654,5.9,524124400000000.0,107.578551405523,2.195,1.191,1.2899999999999998,1.004
2021-06-04,23982.379,20477.1,1.56,0.32,270.654,5.9,524124400000000.0,107.578551405523,2.173,1.22,1.24,0.95300007
2021-06-07,23982.379,20477.1,1.57,0.33,270.654,5.9,524124400000000.0,107.578551405523,2.156,1.201,1.24,0.9549999
2021-06-08,23982.379,20477.1,1.53,0.32,270.654,5.9,524124400000000.0,107.578551405523,2.116,1.174,1.21,0.9419999
2021-06-09,23982.379,20477.1,1.5,0.31,270.654,5.9,524124400000000.0,107.578551405523,2.103,1.137,1.19,0.96599996
2021-06-10,23982.379,20477.1,1.45,0.3,270.654,5.9,524124400000000.0,107.578551405523,2.085,1.282,1.15,0.8030001
2021-06-11,23982.379,20477.1,1.47,0.31,270.654,5.9,524124400000000.0,107.578551405523,2.101,1.276,1.16,0.82500005
2021-06-14,23982.379,20477.1,1.51,0.33,270.654,5.9,524124400000000.0,107.578551405523,2.096,1.287,1.18,0.809
2021-06-15,23982.379,20477.1,1.51,0.34,270.654,5.9,524124400000000.0,107.578551405523,2.071,1.307,1.17,0.76400006
2021-06-16,23982.379,20477.1,1.57,0.41,270.654,5.9,524124400000000.0,107.578551405523,2.07,1.286,1.1600000000000001,0.7839999
2021-06-17,23982.379,20477.1,1.52,0.43,270.654,5.9,524124400000000.0,107.578551405523,2.079,1.327,1.09,0.752
2021-06-18,23982.379,20477.1,1.45,0.47,270.654,5.9,524124400000000.0,107.578551405523,2.041,1.313,0.98,0.7279999
2021-06-21,23982.379,20477.1,1.5,0.48,270.654,5.9,524124400000000.0,107.578551405523,2.006,1.351,1.02,0.6550001
2021-06-22,23982.379,20477.1,1.48,0.44,270.654,5.9,524124400000000.0,107.578551405523,2.05,1.331,1.04,0.719
2021-06-23,23982.379,20477.1,1.5,0.47,270.654,5.9,524124400000000.0,107.578551405523,2.041,1.338,1.03,0.70299983
2021-06-24,23982.379,20477.1,1.49,0.48,270.654,5.9,524124400000000.0,107.578551405523,2.06,1.384,1.01,0.676
2021-06-25,23982.379,20477.1,1.54,0.48,270.654,5.9,524124400000000.0,107.578551405523,2.1,1.441,1.06,0.6589999
2021-06-28,23982.379,20477.1,1.49,0.47,270.654,5.9,524124400000000.0,107.578551405523,2.137,1.47,1.02,0.66700006
2021-06-29,23982.379,20477.1,1.49,0.47,270.654,5.9,524124400000000.0,107.578551405523,2.109,1.459,1.02,0.65
2021-06-30,23982.379,20477.1,1.45,0.46,270.654,5.9,524124400000000.0,107.578551405523,2.092,1.448,0.99,0.64400005
2021-07-01,23982.379,20633.3,1.48,0.47,271.903,5.4,524124400000000.0,107.799928140409,2.09,1.469,1.01,0.62099993
2021-07-02,23982.379,20633.3,1.44,0.45,271.903,5.4,524124400000000.0,107.799928140409,2.101,1.484,0.99,0.6170001
2021-07-05,23982.379,20633.3,1.44,0.45,271.903,5.4,524124400000000.0,107.799928140409,2.089,1.462,0.99,0.627
2021-07-06,23982.379,20633.3,1.37,0.42,271.903,5.4,524124400000000.0,107.799928140409,2.119,1.465,0.9500000000000002,0.6539999
2021-07-07,23982.379,20633.3,1.33,0.41,271.903,5.4,524124400000000.0,107.799928140409,2.039,1.41,0.9200000000000002,0.62900007
2021-07-08,23982.379,20633.3,1.3,0.37,271.903,5.4,524124400000000.0,107.799928140409,2.002,1.358,0.93,0.64400005
2021-07-09,23982.379,20633.3,1.37,0.41,271.903,5.4,524124400000000.0,107.799928140409,2.033,1.375,0.9600000000000002,0.658
2021-07-12,23982.379,20633.3,1.38,0.43,271.903,5.4,524124400000000.0,107.799928140409,2.022,1.384,0.95,0.63800013
2021-07-13,23982.379,20633.3,1.42,0.47,271.903,5.4,524124400000000.0,107.799928140409,2.035,1.424,0.95,0.61100006
2021-07-14,23982.379,20633.3,1.37,0.44,271.903,5.4,524124400000000.0,107.799928140409,2.008,1.39,0.9300000000000002,0.6179999
2021-07-15,23982.379,20633.3,1.31,0.43,271.903,5.4,524124400000000.0,107.799928140409,2.024,1.497,0.8800000000000001,0.52699995
2021-07-16,23982.379,20633.3,1.31,0.43,271.903,5.4,524124400000000.0,107.799928140409,2.008,1.451,0.8800000000000001,0.5569999
2021-07-19,23982.379,20633.3,1.19,0.38,271.903,5.4,524124400000000.0,107.799928140409,1.972,1.459,0.8099999999999999,0.513
2021-07-20,23982.379,20633.3,1.23,0.37,271.903,5.4,524124400000000.0,107.799928140409,1.893,1.41,0.86,0.48300004
2021-07-21,23982.379,20633.3,1.3,0.39,271.903,5.4,524124400000000.0,107.799928140409,1.878,1.383,0.91,0.495
2021-07-22,23982.379,20633.3,1.27,0.37,271.903,5.4,524124400000000.0,107.799928140409,1.921,1.397,0.9,0.52400005
2021-07-23,23982.379,20633.3,1.3,0.38,271.903,5.4,524124400000000.0,107.799928140409,1.888,1.393,0.92,0.495
2021-07-26,23982.379,20633.3,1.29,0.38,271.903,5.4,524124400000000.0,107.799928140409,1.863,1.369,0.91,0.49400008
2021-07-27,23982.379,20633.3,1.25,0.37,271.903,5.4,524124400000000.0,107.799928140409,1.868,1.38,0.88,0.48800004
2021-07-28,23982.379,20633.3,1.26,0.38,271.903,5.4,524124400000000.0,107.799928140409,1.862,1.419,0.88,0.44299996
2021-07-29,23982.379,20633.3,1.28,0.37,271.903,5.4,524124400000000.0,107.799928140409,1.889,1.431,0.91,0.45800006
2021-07-30,23982.379,20633.3,1.24,0.35,271.903,5.4,524124400000000.0,107.799928140409,1.874,1.417,0.89,0.4569999
2021-08-02,23982.379,20840.7,1.2,0.33,272.676,5.1,524124400000000.0,108.316473855144,1.907,1.435,0.8699999999999999,0.472
2021-08-03,23982.379,20840.7,1.19,0.33,272.676,5.1,524124400000000.0,108.316473855144,1.89,1.442,0.8599999999999999,0.44799995
2021-08-04,23982.379,20840.7,1.19,0.34,272.676,5.1,524124400000000.0,108.316473855144,1.866,1.418,0.8499999999999999,0.44800007
2021-08-05,23982.379,20840.7,1.23,0.38,272.676,5.1,524124400000000.0,108.316473855144,1.878,1.414,0.85,0.464
2021-08-06,23982.379,20840.7,1.31,0.42,272.676,5.1,524124400000000.0,108.316473855144,1.9,1.433,0.8900000000000001,0.467
2021-08-09,23982.379,20840.7,1.33,0.43,272.676,5.1,524124400000000.0,108.316473855144,1.914,1.436,0.9000000000000001,0.47800004
2021-08-10,23982.379,20840.7,1.36,0.47,272.676,5.1,524124400000000.0,108.316473855144,1.916,1.432,0.8900000000000001,0.48399997
2021-08-11,23982.379,20840.7,1.35,0.45,272.676,5.1,524124400000000.0,108.316473855144,1.934,1.419,0.9000000000000001,0.515
2021-08-12,23982.379,20840.7,1.36,0.46,272.676,5.1,524124400000000.0,108.316473855144,1.922,1.413,0.9000000000000001,0.50900006
2021-08-13,23982.379,20840.7,1.29,0.44,272.676,5.1,524124400000000.0,108.316473855144,1.924,1.407,0.8500000000000001,0.5170001
2021-08-17,23982.379,20840.7,1.26,0.43,272.676,5.1,524124400000000.0,108.316473855144,1.886,1.402,0.8300000000000001,0.4840001
2021-08-18,23982.379,20840.7,1.27,0.43,272.676,5.1,524124400000000.0,108.316473855144,1.881,1.389,0.8400000000000001,0.49199998
2021-08-19,23982.379,20840.7,1.24,0.44,272.676,5.1,524124400000000.0,108.316473855144,1.868,1.36,0.8,0.508
2021-08-20,23982.379,20840.7,1.26,0.44,272.676,5.1,524124400000000.0,108.316473855144,1.853,1.364,0.8200000000000001,0.48900008
2021-08-23,23982.379,20840.7,1.25,0.43,272.676,5.1,524124400000000.0,108.316473855144,1.889,1.389,0.8200000000000001,0.5
2021-08-24,23982.379,20840.7,1.29,0.44,272.676,5.1,524124400000000.0,108.316473855144,1.939,1.438,0.8500000000000001,0.50100005
2021-08-25,23982.379,20840.7,1.35,0.47,272.676,5.1,524124400000000.0,108.316473855144,1.936,1.435,0.8800000000000001,0.50100005
2021-08-26,23982.379,20840.7,1.34,0.46,272.676,5.1,524124400000000.0,108.316473855144,1.928,1.398,0.8800000000000001,0.53
2021-08-27,23982.379,20840.7,1.31,0.41,272.676,5.1,524124400000000.0,108.316473855144,1.939,1.408,0.9000000000000001,0.531
2021-08-30,23982.379,20840.7,1.29,0.4,272.676,5.1,524124400000000.0,108.316473855144,1.913,1.398,0.89,0.515
2021-08-31,23982.379,20840.7,1.3,0.4,272.676,5.1,524124400000000.0,108.316473855144,1.912,1.395,0.9,0.51699996
2021-09-01,23982.379,20981.0,1.31,0.42,273.91,4.7,524124400000000.0,108.759227324917,1.942,1.417,0.8900000000000001,0.525
2021-09-02,23982.379,20981.0,1.29,0.42,273.91,4.7,524124400000000.0,108.759227324917,1.941,1.422,0.8700000000000001,0.51899993
2021-09-03,23982.379,20981.0,1.33,0.42,273.91,4.7,524124400000000.0,108.759227324917,1.943,1.437,0.9100000000000001,0.5059999
2021-09-06,23982.379,20981.0,1.33,0.42,273.91,4.7,524124400000000.0,108.759227324917,1.97,1.459,0.9100000000000001,0.51100004
2021-09-07,23982.379,20981.0,1.38,0.45,273.91,4.7,524124400000000.0,108.759227324917,1.975,1.464,0.9299999999999999,0.51100004
2021-09-08,23982.379,20981.0,1.35,0.43,273.91,4.7,524124400000000.0,108.759227324917,2.016,1.489,0.9200000000000002,0.52700007
2021-09-09,23982.379,20981.0,1.3,0.43,273.91,4.7,524124400000000.0,108.759227324917,2.0,1.499,0.8700000000000001,0.50100005
2021-09-10,23982.379,20981.0,1.35,0.45,273.91,4.7,524124400000000.0,108.759227324917,2.006,1.501,0.9000000000000001,0.505
2021-09-13,23982.379,20981.0,1.33,0.44,273.91,4.7,524124400000000.0,108.759227324917,2.037,1.525,0.8900000000000001,0.51199996
2021-09-14,23982.379,20981.0,1.28,0.43,273.91,4.7,524124400000000.0,108.759227324917,2.06,1.535,0.8500000000000001,0.525
2021-09-15,23982.379,20981.0,1.31,0.43,273.91,4.7,524124400000000.0,108.759227324917,2.025,1.492,0.8800000000000001,0.5330001
2021-09-16,23982.379,20981.0,1.34,0.46,273.91,4.7,524124400000000.0,108.759227324917,2.043,1.51,0.8800000000000001,0.533
2021-09-17,23982.379,20981.0,1.37,0.47,273.91,4.7,524124400000000.0,108.759227324917,2.068,1.535,0.9000000000000001,0.5330001
2021-09-23,23982.379,20981.0,1.41,0.53,273.91,4.7,524124400000000.0,108.759227324917,2.099,1.558,0.8799999999999999,0.541
2021-09-24,23982.379,20981.0,1.47,0.55,273.91,4.7,524124400000000.0,108.759227324917,2.152,1.575,0.9199999999999999,0.5769999
2021-09-27,23982.379,20981.0,1.48,0.56,273.91,4.7,524124400000000.0,108.759227324917,2.168,1.566,0.9199999999999999,0.602
2021-09-28,23982.379,20981.0,1.54,0.55,273.91,4.7,524124400000000.0,108.759227324917,2.256,1.609,0.99,0.6470001
2021-09-29,23982.379,20981.0,1.55,0.55,273.91,4.7,524124400000000.0,108.759227324917,2.223,1.603,1.0,0.62
2021-09-30,23982.379,20981.0,1.52,0.53,273.91,4.7,524124400000000.0,108.759227324917,2.237,1.593,0.99,0.64399993
2021-10-01,24813.6,21160.7,1.48,0.49,276.55,4.5,532453300000000.06,108.948978811962,2.258,1.633,0.99,0.6249999
2021-10-05,24813.6,21160.7,1.54,0.54,276.55,4.5,532453300000000.06,108.948978811962,2.291,1.65,1.0,0.6409999
2021-10-06,24813.6,21160.7,1.53,0.55,276.55,4.5,532453300000000.06,108.948978811962,2.399,1.719,0.98,0.67999995
2021-10-07,24813.6,21160.7,1.58,0.57,276.55,4.5,532453300000000.06,108.948978811962,2.387,1.704,1.0100000000000002,0.6830001
2021-10-08,24813.6,21160.7,1.61,0.59,276.55,4.5,532453300000000.06,108.948978811962,2.374,1.701,1.02,0.6730001
2021-10-12,24813.6,21160.7,1.59,0.64,276.55,4.5,532453300000000.06,108.948978811962,2.447,1.815,0.9500000000000001,0.63199997
2021-10-13,24813.6,21160.7,1.56,0.66,276.55,4.5,532453300000000.06,108.948978811962,2.401,1.824,0.9,0.577
2021-10-14,24813.6,21160.7,1.52,0.62,276.55,4.5,532453300000000.06,108.948978811962,2.351,1.813,0.9,0.5380001
2021-10-15,24813.6,21160.7,1.59,0.7,276.55,4.5,532453300000000.06,108.948978811962,2.356,1.795,0.8900000000000001,0.561
2021-10-18,24813.6,21160.7,1.59,0.72,276.55,4.5,532453300000000.06,108.948978811962,2.4,1.875,0.8700000000000001,0.5250001
2021-10-19,24813.6,21160.7,1.65,0.71,276.55,4.5,532453300000000.06,108.948978811962,2.379,1.866,0.94,0.5129999
2021-10-20,24813.6,21160.7,1.65,0.7,276.55,4.5,532453300000000.06,108.948978811962,2.392,1.847,0.95,0.54499996
2021-10-21,24813.6,21160.7,1.68,0.78,276.55,4.5,532453300000000.06,108.948978811962,2.388,1.836,0.8999999999999999,0.55200005
2021-10-22,24813.6,21160.7,1.66,0.79,276.55,4.5,532453300000000.06,108.948978811962,2.411,1.889,0.8699999999999999,0.52199996
2021-10-25,24813.6,21160.7,1.64,0.76,276.55,4.5,532453300000000.06,108.948978811962,2.426,1.919,0.8799999999999999,0.5070001
2021-10-26,24813.6,21160.7,1.63,0.77,276.55,4.5,532453300000000.06,108.948978811962,2.457,1.947,0.8599999999999999,0.51
2021-10-27,24813.6,21160.7,1.54,0.77,276.55,4.5,532453300000000.06,108.948978811962,2.487,2.044,0.77,0.44300008
2021-10-28,24813.6,21160.7,1.57,0.77,276.55,4.5,532453300000000.06,108.948978811962,2.397,2.017,0.8,0.3800001
2021-10-29,24813.6,21160.7,1.55,0.75,276.55,4.5,532453300000000.06,108.948978811962,2.575,2.103,0.8,0.47200012
2021-11-01,24813.6,21335.9,1.58,0.79,278.919,4.1,532453300000000.06,109.497149774538,2.506,2.108,0.79,0.398
2021-11-02,24813.6,21335.9,1.56,0.73,278.919,4.1,532453300000000.06,109.497149774538,2.48,2.038,0.8300000000000001,0.4419999
2021-11-03,24813.6,21335.9,1.6,0.77,278.919,4.1,532453300000000.06,109.497149774538,2.47,2.036,0.8300000000000001,0.43400002
2021-11-04,24813.6,21335.9,1.53,0.69,278.919,4.1,532453300000000.06,109.497149774538,2.428,2.04,0.8400000000000001,0.388
2021-11-05,24813.6,21335.9,1.45,0.66,278.919,4.1,532453300000000.06,109.497149774538,2.35,1.944,0.7899999999999999,0.4059999
2021-11-08,24813.6,21335.9,1.51,0.75,278.919,4.1,532453300000000.06,109.497149774538,2.329,1.906,0.76,0.42299998
2021-11-09,24813.6,21335.9,1.46,0.71,278.919,4.1,532453300000000.06,109.497149774538,2.293,1.865,0.75,0.42799997
2021-11-10,24813.6,21335.9,1.56,0.83,278.919,4.1,532453300000000.06,109.497149774538,2.309,1.877,0.7300000000000001,0.43200004
2021-11-11,24813.6,21335.9,1.56,0.83,278.919,4.1,532453300000000.06,109.497149774538,2.341,1.913,0.7300000000000001,0.4280001
2021-11-12,24813.6,21335.9,1.58,0.85,278.919,4.1,532453300000000.06,109.497149774538,2.344,1.968,0.7300000000000001,0.37600005
2021-11-15,24813.6,21335.9,1.63,0.87,278.919,4.1,532453300000000.06,109.497149774538,2.298,1.912,0.7599999999999999,0.38600016
2021-11-16,24813.6,21335.9,1.63,0.87,278.919,4.1,532453300000000.06,109.497149774538,2.333,1.963,0.7599999999999999,0.3699999
2021-11-17,24813.6,21335.9,1.6,0.85,278.919,4.1,532453300000000.06,109.497149774538,2.359,1.974,0.7500000000000001,0.385
2021-11-18,24813.6,21335.9,1.59,0.84,278.919,4.1,532453300000000.06,109.497149774538,2.338,1.953,0.7500000000000001,0.3850001
2021-11-19,24813.6,21335.9,1.54,0.86,278.919,4.1,532453300000000.06,109.497149774538,2.372,1.966,0.68,0.40600002
2021-11-22,24813.6,21335.9,1.63,0.95,278.919,4.1,532453300000000.06,109.497149774538,2.386,2.018,0.6799999999999999,0.36800003
2021-11-23,24813.6,21335.9,1.67,0.95,278.919,4.1,532453300000000.06,109.497149774538,2.4,2.031,0.72,0.3690002
2021-11-24,24813.6,21335.9,1.64,0.97,278.919,4.1,532453300000000.06,109.497149774538,2.394,2.013,0.6699999999999999,0.38100004
2021-11-25,24813.6,21335.9,1.64,0.97,278.919,4.1,532453300000000.06,109.497149774538,2.348,1.933,0.6699999999999999,0.41500008
2021-11-26,24813.6,21335.9,1.48,0.81,278.919,4.1,532453300000000.06,109.497149774538,2.255,1.863,0.6699999999999999,0.39200008
2021-11-29,24813.6,21335.9,1.52,0.83,278.919,4.1,532453300000000.06,109.497149774538,2.266,1.844,0.6900000000000001,0.42200005
2021-11-30,24813.6,21335.9,1.43,0.81,278.919,4.1,532453300000000.06,109.497149774538,2.213,1.799,0.6199999999999999,0.41400003
2021-12-01,24813.6,21498.8,1.43,0.85,280.845,3.9,532453300000000.06,109.676359512304,2.182,1.813,0.58,0.36899996
2021-12-02,24813.6,21498.8,1.44,0.9,280.845,3.9,532453300000000.06,109.676359512304,2.198,1.845,0.5399999999999999,0.35299993
2021-12-03,24813.6,21498.8,1.35,0.86,280.845,3.9,532453300000000.06,109.676359512304,2.234,1.9,0.4900000000000001,0.334
2021-12-06,24813.6,21498.8,1.43,0.91,280.845,3.9,532453300000000.06,109.676359512304,2.213,1.865,0.5199999999999999,0.34800005
2021-12-07,24813.6,21498.8,1.48,0.99,280.845,3.9,532453300000000.06,109.676359512304,2.24,1.872,0.49,0.36800003
2021-12-08,24813.6,21498.8,1.52,0.99,280.845,3.9,532453300000000.06,109.676359512304,2.185,1.831,0.53,0.35399997
2021-12-09,24813.6,21498.8,1.49,0.99,280.845,3.9,532453300000000.06,109.676359512304,2.188,1.794,0.5,0.39399993
2021-12-10,24813.6,21498.8,1.48,0.98,280.845,3.9,532453300000000.06,109.676359512304,2.201,1.805,0.5,0.39600003
2021-12-13,24813.6,21498.8,1.42,0.95,280.845,3.9,532453300000000.06,109.676359512304,2.169,1.79,0.47,0.37899995
2021-12-14,24813.6,21498.8,1.44,0.98,280.845,3.9,532453300000000.06,109.676359512304,2.169,1.784,0.45999999999999996,0.38499987
2021-12-15,24813.6,21498.8,1.47,1.0,280.845,3.9,532453300000000.06,109.676359512304,2.166,1.808,0.47,0.35799992
2021-12-16,24813.6,21498.8,1.44,0.92,280.845,3.9,532453300000000.06,109.676359512304,2.147,1.766,0.5199999999999999,0.38100004
2021-12-17,24813.6,21498.8,1.41,0.93,280.845,3.9,532453300000000.06,109.676359512304,2.153,1.767,0.47999999999999987,0.38600016
2021-12-20,24813.6,21498.8,1.43,0.91,280.845,3.9,532453300000000.06,109.676359512304,2.107,1.74,0.5199999999999999,0.3670001
2021-12-21,24813.6,21498.8,1.48,0.96,280.845,3.9,532453300000000.06,109.676359512304,2.099,1.72,0.52,0.37899995
2021-12-22,24813.6,21498.8,1.46,0.96,280.845,3.9,532453300000000.06,109.676359512304,2.147,1.757,0.5,0.3900001
2021-12-23,24813.6,21498.8,1.5,0.97,280.845,3.9,532453300000000.06,109.676359512304,2.212,1.805,0.53,0.40699995
2021-12-24,24813.6,21498.8,1.5,0.97,280.845,3.9,532453300000000.06,109.676359512304,2.206,1.798,0.53,0.4080001
2021-12-27,24813.6,21498.8,1.48,0.98,280.845,3.9,532453300000000.06,109.676359512304,2.211,1.776,0.5,0.43499994
2021-12-28,24813.6,21498.8,1.49,0.99,280.845,3.9,532453300000000.06,109.676359512304,2.198,1.786,0.5,0.41199994
2021-12-29,24813.6,21498.8,1.55,0.99,280.845,3.9,532453300000000.06,109.676359512304,2.18,1.783,0.56,0.39700007
2021-12-30,24813.6,21498.8,1.52,0.98,280.845,3.9,532453300000000.06,109.676359512304,2.248,1.799,0.54,0.44899988
2022-01-04,25250.347,21650.0,1.66,1.02,282.543,4.0,535547699999999.94,110.361573215523,2.32,1.868,0.6399999999999999,0.4519999
2022-01-05,25250.347,21650.0,1.71,1.1,282.543,4.0,535547699999999.94,110.361573215523,2.375,1.913,0.6099999999999999,0.462
2022-01-06,25250.347,21650.0,1.73,1.15,282.543,4.0,535547699999999.94,110.361573215523,2.481,2.013,0.5800000000000001,0.46799994
2022-01-07,25250.347,21650.0,1.76,1.17,282.543,4.0,535547699999999.94,110.361573215523,2.458,2.015,0.5900000000000001,0.44299984
2022-01-10,25250.347,21650.0,1.78,1.21,282.543,4.0,535547699999999.94,110.361573215523,2.484,2.058,0.5700000000000001,0.42599988
2022-01-11,25250.347,21650.0,1.75,1.22,282.543,4.0,535547699999999.94,110.361573215523,2.485,2.038,0.53,0.4469998
2022-01-12,25250.347,21650.0,1.74,1.21,282.543,4.0,535547699999999.94,110.361573215523,2.428,1.998,0.53,0.42999995
2022-01-13,25250.347,21650.0,1.7,1.18,282.543,4.0,535547699999999.94,110.361573215523,2.397,1.953,0.52,0.44400012
2022-01-14,25250.347,21650.0,1.78,1.26,282.543,4.0,535547699999999.94,110.361573215523,2.453,2.044,0.52,0.40900016
2022-01-17,25250.347,21650.0,1.78,1.26,282.543,4.0,535547699999999.94,110.361573215523,2.568,2.148,0.52,0.42000008
2022-01-18,25250.347,21650.0,1.87,1.35,282.543,4.0,535547699999999.94,110.361573215523,2.553,2.127,0.52,0.42599988
2022-01-19,25250.347,21650.0,1.83,1.33,282.543,4.0,535547699999999.94,110.361573215523,2.537,2.073,0.5,0.464
2022-01-20,25250.347,21650.0,1.83,1.34,282.543,4.0,535547699999999.94,110.361573215523,2.558,2.119,0.49,0.43900013
2022-01-21,25250.347,21650.0,1.75,1.28,282.543,4.0,535547699999999.94,110.361573215523,2.54,2.132,0.47,0.408
2022-01-24,25250.347,21650.0,1.75,1.25,282.543,4.0,535547699999999.94,110.361573215523,2.54,2.112,0.5,0.42799997
2022-01-25,25250.347,21650.0,1.78,1.28,282.543,4.0,535547699999999.94,110.361573215523,2.576,2.174,0.5,0.40199995
2022-01-26,25250.347,21650.0,1.85,1.39,282.543,4.0,535547699999999.94,110.361573215523,2.573,2.156,0.4600000000000002,0.41700006
2022-01-27,25250.347,21650.0,1.81,1.43,282.543,4.0,535547699999999.94,110.361573215523,2.612,2.217,0.3800000000000001,0.39499998
2022-01-28,25250.347,21650.0,1.78,1.38,282.543,4.0,535547699999999.94,110.361573215523,2.586,2.189,0.40000000000000013,0.39700007
2022-02-03,25250.347,21724.8,1.82,1.42,284.5,3.9,535547699999999.94,111.004619921622,2.566,2.158,0.40000000000000013,0.408
2022-02-04,25250.347,21724.8,1.93,1.55,284.5,3.9,535547699999999.94,111.004619921622,2.619,2.194,0.3799999999999999,0.42499995
2022-02-07,25250.347,21724.8,1.92,1.54,284.5,3.9,535547699999999.94,111.004619921622,2.638,2.237,0.3799999999999999,0.40100002
2022-02-08,25250.347,21724.8,1.96,1.59,284.5,3.9,535547699999999.94,111.004619921622,2.733,2.303,0.3699999999999999,0.43000007
2022-02-09,25250.347,21724.8,1.94,1.61,284.5,3.9,535547699999999.94,111.004619921622,2.691,2.279,0.32999999999999985,0.41199994
2022-02-10,25250.347,21724.8,2.03,1.82,284.5,3.9,535547699999999.94,111.004619921622,2.686,2.264,0.20999999999999974,0.42200017
2022-02-11,25250.347,21724.8,1.92,1.71,284.5,3.9,535547699999999.94,111.004619921622,2.747,2.343,0.20999999999999996,0.40400004
2022-02-14,25250.347,21724.8,1.98,1.8,284.5,3.9,535547699999999.94,111.004619921622,2.714,2.347,0.17999999999999994,0.3670001
2022-02-15,25250.347,21724.8,2.05,1.8,284.5,3.9,535547699999999.94,111.004619921622,2.71,2.345,0.24999999999999978,0.365
2022-02-16,25250.347,21724.8,2.03,1.75,284.5,3.9,535547699999999.94,111.004619921622,2.702,2.325,0.2799999999999998,0.37699986
2022-02-17,25250.347,21724.8,1.97,1.7,284.5,3.9,535547699999999.94,111.004619921622,2.708,2.295,0.27,0.41299987
2022-02-18,25250.347,21724.8,1.92,1.68,284.5,3.9,535547699999999.94,111.004619921622,2.728,2.322,0.24,0.4059999
2022-02-21,25250.347,21724.8,1.92,1.68,284.5,3.9,535547699999999.94,111.004619921622,2.77,2.363,0.24,0.40700006
2022-02-22,25250.347,21724.8,1.94,1.74,284.5,3.9,535547699999999.94,111.004619921622,2.717,2.327,0.19999999999999996,0.3900001
2022-02-23,25250.347,21724.8,1.99,1.78,284.5,3.9,535547699999999.94,111.004619921622,2.722,2.317,0.20999999999999996,0.40499997
2022-02-24,25250.347,21724.8,1.96,1.73,284.5,3.9,535547699999999.94,111.004619921622,2.624,2.226,0.22999999999999998,0.398
2022-02-25,25250.347,21724.8,1.97,1.76,284.5,3.9,535547699999999.94,111.004619921622,2.671,2.244,0.20999999999999996,0.42700005
2022-02-28,25250.347,21724.8,1.83,1.62,284.5,3.9,535547699999999.94,111.004619921622,2.675,2.242,0.20999999999999996,0.43299985
2022-03-02,25250.347,21786.8,1.86,1.67,287.674,3.7,535547699999999.94,111.805792866925,2.613,2.187,0.19000000000000017,0.42599988
2022-03-03,25250.347,21786.8,1.86,1.69,287.674,3.7,535547699999999.94,111.805792866925,2.648,2.195,0.17000000000000015,0.45300007
2022-03-04,25250.347,21786.8,1.74,1.62,287.674,3.7,535547699999999.94,111.805792866925,2.658,2.214,0.11999999999999988,0.444
2022-03-07,25250.347,21786.8,1.78,1.68,287.674,3.7,535547699999999.94,111.805792866925,2.707,2.288,0.10000000000000009,0.4189999
2022-03-08,25250.347,21786.8,1.86,1.78,287.674,3.7,535547699999999.94,111.805792866925,2.722,2.287,0.08000000000000007,0.43499994
2022-03-10,25250.347,21786.8,1.98,1.88,287.674,3.7,535547699999999.94,111.805792866925,2.726,2.267,0.10000000000000009,0.4590001
2022-03-11,25250.347,21786.8,2.0,1.91,287.674,3.7,535547699999999.94,111.805792866925,2.7,2.255,0.09000000000000008,0.44499993
2022-03-14,25250.347,21786.8,2.14,2.04,287.674,3.7,535547699999999.94,111.805792866925,2.739,2.283,0.10000000000000009,0.4560001
2022-03-15,25250.347,21786.8,2.15,2.04,287.674,3.7,535547699999999.94,111.805792866925,2.753,2.285,0.10999999999999988,0.46799994
2022-03-16,25250.347,21786.8,2.19,2.14,287.674,3.7,535547699999999.94,111.805792866925,2.768,2.268,0.04999999999999982,0.5
2022-03-17,25250.347,21786.8,2.2,2.14,287.674,3.7,535547699999999.94,111.805792866925,2.704,2.217,0.06000000000000005,0.487
2022-03-18,25250.347,21786.8,2.14,2.15,287.674,3.7,535547699999999.94,111.805792866925,2.737,2.231,-0.009999999999999787,0.50600004
2022-03-21,25250.347,21786.8,2.32,2.34,287.674,3.7,535547699999999.94,111.805792866925,2.741,2.268,-0.020000000000000018,0.47300005
2022-03-22,25250.347,21786.8,2.38,2.38,287.674,3.7,535547699999999.94,111.805792866925,2.832,2.399,0.0,0.4330001
2022-03-23,25250.347,21786.8,2.32,2.32,287.674,3.7,535547699999999.94,111.805792866925,2.828,2.426,0.0,0.40199995
2022-03-24,25250.347,21786.8,2.34,2.35,287.674,3.7,535547699999999.94,111.805792866925,2.856,2.455,-0.010000000000000231,0.40100002
2022-03-25,25250.347,21786.8,2.48,2.51,287.674,3.7,535547699999999.94,111.805792866925,2.871,2.505,-0.029999999999999805,0.36599994
2022-03-28,25250.347,21786.8,2.46,2.55,287.674,3.7,535547699999999.94,111.805792866925,3.031,2.747,-0.08999999999999986,0.28399992
2022-03-29,25250.347,21786.8,2.41,2.54,287.674,3.7,535547699999999.94,111.805792866925,2.972,2.7,-0.1299999999999999,0.27199984
2022-03-30,25250.347,21786.8,2.35,2.49,287.674,3.7,535547699999999.94,111.805792866925,2.885,2.615,-0.14000000000000012,0.26999998
2022-03-31,25250.347,21786.8,2.32,2.45,287.674,3.7,535547699999999.94,111.805792866925,2.969,2.663,-0.13000000000000034,0.306
2022-04-01,25861.292,21769.5,2.39,2.61,288.561,3.7,543997600000000.0,112.63859106007,3.007,2.784,-0.21999999999999975,0.22300005
2022-04-04,25861.292,21769.5,2.42,2.61,288.561,3.7,543997600000000.0,112.63859106007,3.065,2.837,-0.18999999999999995,0.22800016
2022-04-05,25861.292,21769.5,2.54,2.69,288.561,3.7,543997600000000.0,112.63859106007,3.08,2.879,-0.1499999999999999,0.20099998
2022-04-06,25861.292,21769.5,2.61,2.67,288.561,3.7,543997600000000.0,112.63859106007,3.129,2.941,-0.06000000000000005,0.18799996
2022-04-07,25861.292,21769.5,2.66,2.66,288.561,3.7,543997600000000.0,112.63859106007,3.128,2.905,0.0,0.22300005
2022-04-08,25861.292,21769.5,2.72,2.73,288.561,3.7,543997600000000.0,112.63859106007,3.169,2.987,-0.009999999999999787,0.18199992
2022-04-11,25861.292,21769.5,2.79,2.73,288.561,3.7,543997600000000.0,112.63859106007,3.305,3.186,0.06000000000000005,0.11899996
2022-04-12,25861.292,21769.5,2.72,2.58,288.561,3.7,543997600000000.0,112.63859106007,3.313,3.105,0.14000000000000012,0.20799994
2022-04-13,25861.292,21769.5,2.7,2.57,288.561,3.7,543997600000000.0,112.63859106007,3.287,3.001,0.13000000000000034,0.286
2022-04-14,25861.292,21769.5,2.83,2.67,288.561,3.7,543997600000000.0,112.63859106007,3.22,2.888,0.16000000000000014,0.33200002
2022-04-15,25861.292,21769.5,2.83,2.67,288.561,3.7,543997600000000.0,112.63859106007,3.301,2.944,0.16000000000000014,0.3570001
2022-04-18,25861.292,21769.5,2.85,2.68,288.561,3.7,543997600000000.0,112.63859106007,3.355,2.99,0.16999999999999993,0.365
2022-04-19,25861.292,21769.5,2.93,2.81,288.561,3.7,543997600000000.0,112.63859106007,3.35,2.981,0.1200000000000001,0.36899996
2022-04-20,25861.292,21769.5,2.85,2.79,288.561,3.7,543997600000000.0,112.63859106007,3.313,2.957,0.06000000000000005,0.35599995
2022-04-21,25861.292,21769.5,2.9,2.87,288.561,3.7,543997600000000.0,112.63859106007,3.296,2.927,0.029999999999999805,0.36899996
2022-04-22,25861.292,21769.5,2.9,2.88,288.561,3.7,543997600000000.0,112.63859106007,3.314,2.971,0.020000000000000018,0.34299994
2022-04-25,25861.292,21769.5,2.81,2.79,288.561,3.7,543997600000000.0,112.63859106007,3.188,2.857,0.020000000000000018,0.33099985
2022-04-26,25861.292,21769.5,2.77,2.72,288.561,3.7,543997600000000.0,112.63859106007,3.19,2.83,0.04999999999999982,0.36000013
2022-04-27,25861.292,21769.5,2.82,2.75,288.561,3.7,543997600000000.0,112.63859106007,3.185,2.899,0.06999999999999984,0.286
2022-04-28,25861.292,21769.5,2.85,2.8,288.561,3.7,543997600000000.0,112.63859106007,3.166,2.925,0.050000000000000266,0.24099994
2022-04-29,25861.292,21769.5,2.89,2.87,288.561,3.7,543997600000000.0,112.63859106007,3.242,2.958,0.020000000000000018,0.28400016
2022-05-02,25861.292,21719.5,2.99,2.93,291.298,3.6,543997600000000.0,113.387055258971,3.38,3.086,0.06000000000000005,0.29400015
2022-05-03,25861.292,21719.5,2.97,2.95,291.298,3.6,543997600000000.0,113.387055258971,3.406,3.139,0.020000000000000018,0.26699996
2022-05-04,25861.292,21719.5,2.93,2.85,291.298,3.6,543997600000000.0,113.387055258971,3.434,3.178,0.08000000000000007,0.25600004
2022-05-06,25861.292,21719.5,3.12,2.94,291.298,3.6,543997600000000.0,113.387055258971,3.431,3.146,0.18000000000000016,0.2850001
2022-05-10,25861.292,21719.5,2.99,2.81,291.298,3.6,543997600000000.0,113.387055258971,3.403,3.046,0.18000000000000016,0.3570001
2022-05-11,25861.292,21719.5,2.91,2.81,291.298,3.6,543997600000000.0,113.387055258971,3.269,2.928,0.10000000000000009,0.34100008
2022-05-12,25861.292,21719.5,2.84,2.73,291.298,3.6,543997600000000.0,113.387055258971,3.169,2.9,0.10999999999999988,0.26899981
2022-05-13,25861.292,21719.5,2.93,2.79,291.298,3.6,543997600000000.0,113.387055258971,3.221,2.911,0.14000000000000012,0.30999994
2022-05-16,25861.292,21719.5,2.88,2.75,291.298,3.6,543997600000000.0,113.387055258971,3.277,3.046,0.1299999999999999,0.23099995
2022-05-17,25861.292,21719.5,2.98,2.89,291.298,3.6,543997600000000.0,113.387055258971,3.287,3.031,0.08999999999999986,0.25600004
2022-05-18,25861.292,21719.5,2.89,2.84,291.298,3.6,543997600000000.0,113.387055258971,3.32,3.069,0.050000000000000266,0.25099993
2022-05-19,25861.292,21719.5,2.84,2.78,291.298,3.6,543997600000000.0,113.387055258971,3.307,3.046,0.06000000000000005,0.26099992
2022-05-20,25861.292,21719.5,2.78,2.73,291.298,3.6,543997600000000.0,113.387055258971,3.245,3.011,0.04999999999999982,0.23399997
2022-05-23,25861.292,21719.5,2.86,2.8,291.298,3.6,543997600000000.0,113.387055258971,3.258,3.018,0.06000000000000005,0.24000001
2022-05-24,25861.292,21719.5,2.76,2.66,291.298,3.6,543997600000000.0,113.387055258971,3.214,2.967,0.09999999999999964,0.24699998
2022-05-25,25861.292,21719.5,2.75,2.63,291.298,3.6,543997600000000.0,113.387055258971,3.177,2.946,0.1200000000000001,0.23099995
2022-05-26,25861.292,21719.5,2.75,2.63,291.298,3.6,543997600000000.0,113.387055258971,3.238,2.955,0.1200000000000001,0.283
2022-05-27,25861.292,21719.5,2.74,2.64,291.298,3.6,543997600000000.0,113.387055258971,3.212,2.947,0.10000000000000009,0.26499987
2022-05-30,25861.292,21719.5,2.74,2.64,291.298,3.6,543997600000000.0,113.387055258971,3.211,2.942,0.10000000000000009,0.26900005
2022-05-31,25861.292,21719.5,2.85,2.71,291.298,3.6,543997600000000.0,113.387055258971,3.326,3.027,0.14000000000000012,0.29900002
2022-06-02,25861.292,21651.2,2.92,2.83,294.957,3.6,543997600000000.0,114.082810711471,3.421,3.125,0.08999999999999986,0.296
2022-06-03,25861.292,21651.2,2.96,2.87,294.957,3.6,543997600000000.0,114.082810711471,3.405,3.121,0.08999999999999986,0.28399992
2022-06-07,25861.292,21651.2,2.98,2.91,294.957,3.6,543997600000000.0,114.082810711471,3.538,3.232,0.06999999999999984,0.306
2022-06-08,25861.292,21651.2,3.03,2.94,294.957,3.6,543997600000000.0,114.082810711471,3.472,3.209,0.08999999999999986,0.26299977
2022-06-09,25861.292,21651.2,3.04,2.99,294.957,3.6,543997600000000.0,114.082810711471,3.471,3.171,0.04999999999999982,0.29999995
2022-06-10,25861.292,21651.2,3.15,3.21,294.957,3.6,543997600000000.0,114.082810711471,3.495,3.275,-0.06000000000000005,0.21999979
2022-06-13,25861.292,21651.2,3.43,3.56,294.957,3.6,543997600000000.0,114.082810711471,3.654,3.514,-0.1299999999999999,0.1400001
2022-06-14,25861.292,21651.2,3.49,3.6,294.957,3.6,543997600000000.0,114.082810711471,3.691,3.548,-0.10999999999999988,0.14299989
2022-06-15,25861.292,21651.2,3.33,3.35,294.957,3.6,543997600000000.0,114.082810711471,3.795,3.666,-0.020000000000000018,0.12900019
2022-06-16,25861.292,21651.2,3.28,3.33,294.957,3.6,543997600000000.0,114.082810711471,3.767,3.728,-0.050000000000000266,0.039000034
2022-06-17,25861.292,21651.2,3.25,3.35,294.957,3.6,543997600000000.0,114.082810711471,3.795,3.745,-0.10000000000000009,0.05000019
2022-06-20,25861.292,21651.2,3.25,3.35,294.957,3.6,543997600000000.0,114.082810711471,3.784,3.675,-0.10000000000000009,0.10899997
2022-06-21,25861.292,21651.2,3.31,3.35,294.957,3.6,543997600000000.0,114.082810711471,3.775,3.663,-0.040000000000000036,0.11199999
2022-06-22,25861.292,21651.2,3.16,3.2,294.957,3.6,543997600000000.0,114.082810711471,3.682,3.522,-0.040000000000000036,0.15999985
2022-06-23,25861.292,21651.2,3.09,3.12,294.957,3.6,543997600000000.0,114.082810711471,3.726,3.608,-0.03000000000000025,0.11800003
2022-06-24,25861.292,21651.2,3.13,3.13,294.957,3.6,543997600000000.0,114.082810711471,3.635,3.523,0.0,0.11199999
2022-06-27,25861.292,21651.2,3.2,3.21,294.957,3.6,543997600000000.0,114.082810711471,3.72,3.568,-0.009999999999999787,0.15199995
2022-06-28,25861.292,21651.2,3.2,3.21,294.957,3.6,543997600000000.0,114.082810711471,3.68,3.552,-0.009999999999999787,0.12800002
2022-06-29,25861.292,21651.2,3.1,3.13,294.957,3.6,543997600000000.0,114.082810711471,3.667,3.552,-0.029999999999999805,0.11500001
2022-06-30,25861.292,21651.2,2.98,2.99,294.957,3.6,543997600000000.0,114.082810711471,3.636,3.55,-0.010000000000000231,0.085999966
2022-07-01,26336.304,21652.8,2.88,2.85,294.913,3.5,540608000000000.0,114.630981674047,3.49,3.439,0.029999999999999805,0.05100012
2022-07-04,26336.304,21652.8,2.88,2.85,294.913,3.5,540608000000000.0,114.630981674047,3.489,3.43,0.029999999999999805,0.059000015
2022-07-05,26336.304,21652.8,2.82,2.82,294.913,3.5,540608000000000.0,114.630981674047,3.379,3.301,0.0,0.07799983
2022-07-06,26336.304,21652.8,2.93,2.99,294.913,3.5,540608000000000.0,114.630981674047,3.295,3.239,-0.06000000000000005,0.055999994
2022-07-07,26336.304,21652.8,3.01,3.05,294.913,3.5,540608000000000.0,114.630981674047,3.307,3.262,-0.040000000000000036,0.044999838
2022-07-08,26336.304,21652.8,3.09,3.14,294.913,3.5,540608000000000.0,114.630981674047,3.36,3.315,-0.050000000000000266,0.044999838
2022-07-11,26336.304,21652.8,2.99,3.09,294.913,3.5,540608000000000.0,114.630981674047,3.385,3.324,-0.09999999999999964,0.06100011
2022-07-12,26336.304,21652.8,2.96,3.07,294.913,3.5,540608000000000.0,114.630981674047,3.349,3.291,-0.10999999999999988,0.058000088
2022-07-13,26336.304,21652.8,2.91,3.14,294.913,3.5,540608000000000.0,114.630981674047,3.301,3.211,-0.22999999999999998,0.09000015
2022-07-14,26336.304,21652.8,2.96,3.16,294.913,3.5,540608000000000.0,114.630981674047,3.295,3.26,-0.20000000000000018,0.035000086
2022-07-15,26336.304,21652.8,2.93,3.14,294.913,3.5,540608000000000.0,114.630981674047,3.242,3.205,-0.20999999999999996,0.03700018
2022-07-18,26336.304,21652.8,2.96,3.15,294.913,3.5,540608000000000.0,114.630981674047,3.27,3.212,-0.18999999999999995,0.058000088
2022-07-19,26336.304,21652.8,3.01,3.22,294.913,3.5,540608000000000.0,114.630981674047,3.253,3.192,-0.2100000000000004,0.06100011
2022-07-20,26336.304,21652.8,3.04,3.25,294.913,3.5,540608000000000.0,114.630981674047,3.36,3.296,-0.20999999999999996,0.06399989
2022-07-21,26336.304,21652.8,2.91,3.07,294.913,3.5,540608000000000.0,114.630981674047,3.374,3.294,-0.1599999999999997,0.08000016
2022-07-22,26336.304,21652.8,2.77,2.93,294.913,3.5,540608000000000.0,114.630981674047,3.302,3.218,-0.16000000000000014,0.08400011
2022-07-25,26336.304,21652.8,2.81,2.98,294.913,3.5,540608000000000.0,114.630981674047,3.211,3.153,-0.16999999999999993,0.05799985
2022-07-26,26336.304,21652.8,2.81,3.01,294.913,3.5,540608000000000.0,114.630981674047,3.183,3.121,-0.19999999999999973,0.062000036
2022-07-27,26336.304,21652.8,2.78,2.93,294.913,3.5,540608000000000.0,114.630981674047,3.121,3.09,-0.15000000000000036,0.031000137
2022-07-28,26336.304,21652.8,2.68,2.81,294.913,3.5,540608000000000.0,114.630981674047,3.201,3.13,-0.1299999999999999,0.07099986
2022-07-29,26336.304,21652.8,2.67,2.83,294.913,3.5,540608000000000.0,114.630981674047,3.127,3.009,-0.16000000000000014,0.11800003
2022-08-01,26336.304,21638.2,2.6,2.82,295.097,3.6,540608000000000.0,114.504480682684,3.184,3.081,-0.21999999999999975,0.102999926
2022-08-02,26336.304,21638.2,2.75,3.02,295.097,3.6,540608000000000.0,114.504480682684,3.088,3.012,-0.27,0.075999975
2022-08-03,26336.304,21638.2,2.73,3.04,295.097,3.6,540608000000000.0,114.504480682684,3.131,3.065,-0.31000000000000005,0.065999985
2022-08-04,26336.304,21638.2,2.68,2.95,295.097,3.6,540608000000000.0,114.504480682684,3.152,3.114,-0.27,0.03799987
2022-08-05,26336.304,21638.2,2.83,3.18,295.097,3.6,540608000000000.0,114.504480682684,3.124,3.079,-0.3500000000000001,0.045000076
2022-08-08,26336.304,21638.2,2.77,3.14,295.097,3.6,540608000000000.0,114.504480682684,3.177,3.134,-0.3700000000000001,0.042999983
2022-08-09,26336.304,21638.2,2.8,3.2,295.097,3.6,540608000000000.0,114.504480682684,3.166,3.134,-0.40000000000000036,0.031999826
2022-08-10,26336.304,21638.2,2.78,3.13,295.097,3.6,540608000000000.0,114.504480682684,3.207,3.154,-0.3500000000000001,0.052999973
2022-08-11,26336.304,21638.2,2.87,3.16,295.097,3.6,540608000000000.0,114.504480682684,3.219,3.124,-0.29000000000000004,0.09500003
2022-08-12,26336.304,21638.2,2.84,3.18,295.097,3.6,540608000000000.0,114.504480682684,3.282,3.181,-0.3400000000000003,0.10100007
2022-08-16,26336.304,21638.2,2.82,3.19,295.097,3.6,540608000000000.0,114.504480682684,3.156,3.078,-0.3700000000000001,0.07799983
2022-08-17,26336.304,21638.2,2.89,3.27,295.097,3.6,540608000000000.0,114.504480682684,3.188,3.087,-0.3799999999999999,0.10100007
2022-08-18,26336.304,21638.2,2.88,3.23,295.097,3.6,540608000000000.0,114.504480682684,3.221,3.125,-0.3500000000000001,0.095999956
2022-08-19,26336.304,21638.2,2.98,3.28,295.097,3.6,540608000000000.0,114.504480682684,3.31,3.197,-0.2999999999999998,0.112999916
2022-08-22,26336.304,21638.2,3.03,3.36,295.097,3.6,540608000000000.0,114.504480682684,3.342,3.245,-0.33000000000000007,0.09700012
2022-08-23,26336.304,21638.2,3.05,3.35,295.097,3.6,540608000000000.0,114.504480682684,3.361,3.281,-0.30000000000000027,0.08000016
2022-08-24,26336.304,21638.2,3.11,3.4,295.097,3.6,540608000000000.0,114.504480682684,3.433,3.311,-0.29000000000000004,0.12199998
2022-08-25,26336.304,21638.2,3.03,3.37,295.097,3.6,540608000000000.0,114.504480682684,3.593,3.531,-0.3400000000000003,0.062000036
2022-08-26,26336.304,21638.2,3.04,3.4,295.097,3.6,540608000000000.0,114.504480682684,3.616,3.525,-0.3599999999999999,0.09099984
2022-08-29,26336.304,21638.2,3.12,3.45,295.097,3.6,540608000000000.0,114.504480682684,3.715,3.653,-0.33000000000000007,0.061999798
2022-08-30,26336.304,21638.2,3.11,3.47,295.097,3.6,540608000000000.0,114.504480682684,3.695,3.642,-0.3600000000000003,0.052999973
2022-08-31,26336.304,21638.2,3.15,3.46,295.097,3.6,540608000000000.0,114.504480682684,3.721,3.685,-0.31000000000000005,0.036000013
2022-09-01,26336.304,21536.5,3.26,3.54,296.349,3.5,540608000000000.0,114.831274910373,3.805,3.778,-0.28000000000000025,0.02699995
2022-09-02,26336.304,21536.5,3.2,3.44,296.349,3.5,540608000000000.0,114.831274910373,3.738,3.678,-0.23999999999999977,0.059999943
2022-09-05,26336.304,21536.5,3.2,3.44,296.349,3.5,540608000000000.0,114.831274910373,3.67,3.616,-0.23999999999999977,0.05400014
2022-09-06,26336.304,21536.5,3.33,3.55,296.349,3.5,540608000000000.0,114.831274910373,3.712,3.682,-0.21999999999999975,0.029999971
2022-09-07,26336.304,21536.5,3.27,3.5,296.349,3.5,540608000000000.0,114.831274910373,3.736,3.685,-0.22999999999999998,0.05100012
2022-09-08,26336.304,21536.5,3.29,3.54,296.349,3.5,540608000000000.0,114.831274910373,3.622,3.543,-0.25,0.078999996
2022-09-13,26336.304,21536.5,3.42,3.75,296.349,3.5,540608000000000.0,114.831274910373,3.62,3.536,-0.33000000000000007,0.08399987
2022-09-14,26336.304,21536.5,3.41,3.79,296.349,3.5,540608000000000.0,114.831274910373,3.651,3.585,-0.3799999999999999,0.065999985
2022-09-15,26336.304,21536.5,3.45,3.85,296.349,3.5,540608000000000.0,114.831274910373,3.791,3.77,-0.3999999999999999,0.020999908
2022-09-16,26336.304,21536.5,3.45,3.81,296.349,3.5,540608000000000.0,114.831274910373,3.772,3.767,-0.3599999999999999,0.0050001144
2022-09-19,26336.304,21536.5,3.49,3.9,296.349,3.5,540608000000000.0,114.831274910373,3.794,3.759,-0.4099999999999997,0.034999847
2022-09-20,26336.304,21536.5,3.57,3.94,296.349,3.5,540608000000000.0,114.831274910373,3.836,3.823,-0.3700000000000001,0.013000011
2022-09-21,26336.304,21536.5,3.51,3.98,296.349,3.5,540608000000000.0,114.831274910373,3.891,3.847,-0.4700000000000002,0.04400015
2022-09-22,26336.304,21536.5,3.7,4.12,296.349,3.5,540608000000000.0,114.831274910373,3.997,4.104,-0.41999999999999993,-0.10700011
2022-09-23,26336.304,21536.5,3.69,4.21,296.349,3.5,540608000000000.0,114.831274910373,4.112,4.199,-0.52,-0.08699989
2022-09-26,26336.304,21536.5,3.88,4.37,296.349,3.5,540608000000000.0,114.831274910373,4.335,4.548,-0.4900000000000002,-0.21299982
2022-09-27,26336.304,21536.5,3.97,4.39,296.349,3.5,540608000000000.0,114.831274910373,4.208,4.304,-0.4199999999999995,-0.09599972
2022-09-28,26336.304,21536.5,3.72,4.12,296.349,3.5,540608000000000.0,114.831274910373,4.332,4.338,-0.3999999999999999,-0.006000042
2022-09-29,26336.304,21536.5,3.76,4.19,296.349,3.5,540608000000000.0,114.831274910373,4.229,4.303,-0.4300000000000006,-0.07399988
2022-09-30,26336.304,21536.5,3.83,4.25,296.349,3.5,540608000000000.0,114.831274910373,4.096,4.186,-0.41999999999999993,-0.089999676
2022-10-04,26770.514,21461.5,3.62,4.08,298.007,3.6,541620600000000.0,115.126443890222,4.006,4.081,-0.45999999999999996,-0.07499981
2022-10-05,26770.514,21461.5,3.76,4.17,298.007,3.6,541620600000000.0,115.126443890222,4.102,4.157,-0.41000000000000014,-0.05499983
2022-10-06,26770.514,21461.5,3.83,4.24,298.007,3.6,541620600000000.0,115.126443890222,4.102,4.145,-0.41000000000000014,-0.042999744
2022-10-07,26770.514,21461.5,3.89,4.33,298.007,3.6,541620600000000.0,115.126443890222,4.214,4.276,-0.43999999999999995,-0.061999798
2022-10-11,26770.514,21461.5,3.93,4.31,298.007,3.6,541620600000000.0,115.126443890222,4.306,4.342,-0.37999999999999945,-0.035999775
2022-10-12,26770.514,21461.5,3.91,4.29,298.007,3.6,541620600000000.0,115.126443890222,4.11,4.107,-0.3799999999999999,0.0030002594
2022-10-13,26770.514,21461.5,3.97,4.44,298.007,3.6,541620600000000.0,115.126443890222,4.239,4.203,-0.4700000000000002,0.035999775
2022-10-14,26770.514,21461.5,4.0,4.47,298.007,3.6,541620600000000.0,115.126443890222,4.181,4.207,-0.46999999999999975,-0.025999546
2022-10-17,26770.514,21461.5,4.02,4.45,298.007,3.6,541620600000000.0,115.126443890222,4.215,4.239,-0.4300000000000006,-0.023999691
2022-10-18,26770.514,21461.5,4.01,4.43,298.007,3.6,541620600000000.0,115.126443890222,4.277,4.242,-0.41999999999999993,0.034999847
2022-10-19,26770.514,21461.5,4.14,4.56,298.007,3.6,541620600000000.0,115.126443890222,4.396,4.331,-0.41999999999999993,0.06500006
2022-10-20,26770.514,21461.5,4.24,4.66,298.007,3.6,541620600000000.0,115.126443890222,4.439,4.35,-0.41999999999999993,0.089000225
2022-10-21,26770.514,21461.5,4.21,4.52,298.007,3.6,541620600000000.0,115.126443890222,4.632,4.495,-0.3099999999999996,0.13700008
2022-10-24,26770.514,21461.5,4.25,4.52,298.007,3.6,541620600000000.0,115.126443890222,4.503,4.305,-0.2699999999999996,0.19799995
2022-10-25,26770.514,21461.5,4.1,4.45,298.007,3.6,541620600000000.0,115.126443890222,4.346,4.221,-0.35000000000000053,0.125
2022-10-26,26770.514,21461.5,4.04,4.41,298.007,3.6,541620600000000.0,115.126443890222,4.279,4.208,-0.3700000000000001,0.07099962
2022-10-27,26770.514,21461.5,3.96,4.29,298.007,3.6,541620600000000.0,115.126443890222,4.313,4.254,-0.33000000000000007,0.059000015
2022-10-28,26770.514,21461.5,4.02,4.38,298.007,3.6,541620600000000.0,115.126443890222,4.167,4.112,-0.3600000000000003,0.05499983
2022-10-31,26770.514,21461.5,4.1,4.45,298.007,3.6,541620600000000.0,115.126443890222,4.242,4.185,-0.35000000000000053,0.05700016
2022-11-01,26770.514,21406.5,4.07,4.48,298.786,3.6,541620600000000.0,115.010484648138,4.135,4.068,-0.41000000000000014,0.06700039
2022-11-02,26770.514,21406.5,4.1,4.54,298.786,3.6,541620600000000.0,115.010484648138,4.143,4.095,-0.4400000000000004,0.048000336
2022-11-03,26770.514,21406.5,4.14,4.63,298.786,3.6,541620600000000.0,115.010484648138,4.197,4.158,-0.4900000000000002,0.039000034
2022-11-04,26770.514,21406.5,4.17,4.58,298.786,3.6,541620600000000.0,115.010484648138,4.182,4.118,-0.41000000000000014,0.06400013
2022-11-07,26770.514,21406.5,4.22,4.63,298.786,3.6,541620600000000.0,115.010484648138,4.258,4.186,-0.41000000000000014,0.07200003
2022-11-08,26770.514,21406.5,4.14,4.55,298.786,3.6,541620600000000.0,115.010484648138,4.236,4.156,-0.41000000000000014,0.07999992
2022-11-09,26770.514,21406.5,4.12,4.49,298.786,3.6,541620600000000.0,115.010484648138,4.177,4.086,-0.3700000000000001,0.09100008
2022-11-10,26770.514,21406.5,3.82,4.17,298.786,3.6,541620600000000.0,115.010484648138,4.07,4.033,-0.3500000000000001,0.03700018
2022-11-11,26770.514,21406.5,3.82,4.17,298.786,3.6,541620600000000.0,115.010484648138,3.894,3.834,-0.3500000000000001,0.059999943
2022-11-14,26770.514,21406.5,3.88,4.24,298.786,3.6,541620600000000.0,115.010484648138,3.928,3.85,-0.3600000000000003,0.07800007
2022-11-15,26770.514,21406.5,3.8,4.17,298.786,3.6,541620600000000.0,115.010484648138,3.861,3.753,-0.3700000000000001,0.10800004
2022-11-16,26770.514,21406.5,3.67,4.13,298.786,3.6,541620600000000.0,115.010484648138,3.896,3.808,-0.45999999999999996,0.08799982
2022-11-17,26770.514,21406.5,3.77,4.22,298.786,3.6,541620600000000.0,115.010484648138,3.853,3.804,-0.44999999999999973,0.049000025
2022-11-18,26770.514,21406.5,3.82,4.28,298.786,3.6,541620600000000.0,115.010484648138,3.801,3.787,-0.4600000000000004,0.014000177
2022-11-21,26770.514,21406.5,3.83,4.32,298.786,3.6,541620600000000.0,115.010484648138,3.764,3.837,-0.4900000000000002,-0.072999954
2022-11-22,26770.514,21406.5,3.76,4.27,298.786,3.6,541620600000000.0,115.010484648138,3.773,3.844,-0.5099999999999998,-0.0710001
2022-11-23,26770.514,21406.5,3.71,4.23,298.786,3.6,541620600000000.0,115.010484648138,3.774,3.849,-0.5200000000000005,-0.07500005
2022-11-24,26770.514,21406.5,3.71,4.23,298.786,3.6,541620600000000.0,115.010484648138,3.622,3.689,-0.5200000000000005,-0.06699991
2022-11-25,26770.514,21406.5,3.68,4.2,298.786,3.6,541620600000000.0,115.010484648138,3.623,3.644,-0.52,-0.021000147
2022-11-28,26770.514,21406.5,3.69,4.22,298.786,3.6,541620600000000.0,115.010484648138,3.606,3.669,-0.5299999999999998,-0.062999964
2022-11-29,26770.514,21406.5,3.75,4.24,298.786,3.6,541620600000000.0,115.010484648138,3.673,3.723,-0.4900000000000002,-0.049999952
2022-11-30,26770.514,21406.5,3.68,4.13,298.786,3.6,541620600000000.0,115.010484648138,3.667,3.689,-0.44999999999999973,-0.021999836
2022-12-01,26770.514,21291.0,3.53,3.98,298.832,3.5,541620600000000.0,115.200236135184,3.663,3.65,-0.4500000000000002,0.013000011
2022-12-02,26770.514,21291.0,3.51,3.99,298.832,3.5,541620600000000.0,115.200236135184,3.583,3.616,-0.4800000000000004,-0.032999992
2022-12-05,26770.514,21291.0,3.6,4.13,298.832,3.5,541620600000000.0,115.200236135184,3.549,3.609,-0.5299999999999998,-0.059999943
2022-12-06,26770.514,21291.0,3.51,4.07,298.832,3.5,541620600000000.0,115.200236135184,3.504,3.633,-0.5600000000000005,-0.12899995
2022-12-07,26770.514,21291.0,3.42,3.97,298.832,3.5,541620600000000.0,115.200236135184,3.523,3.672,-0.5500000000000003,-0.14899993
2022-12-08,26770.514,21291.0,3.48,4.04,298.832,3.5,541620600000000.0,115.200236135184,3.53,3.676,-0.56,-0.14600015
2022-12-09,26770.514,21291.0,3.57,4.07,298.832,3.5,541620600000000.0,115.200236135184,3.491,3.657,-0.5000000000000004,-0.16600013
2022-12-12,26770.514,21291.0,3.61,4.1,298.832,3.5,541620600000000.0,115.200236135184,3.448,3.623,-0.48999999999999977,-0.17499995
2022-12-13,26770.514,21291.0,3.51,3.96,298.832,3.5,541620600000000.0,115.200236135184,3.469,3.623,-0.4500000000000002,-0.1539998
2022-12-14,26770.514,21291.0,3.49,3.94,298.832,3.5,541620600000000.0,115.200236135184,3.406,3.53,-0.44999999999999973,-0.12400007
2022-12-15,26770.514,21291.0,3.44,3.96,298.832,3.5,541620600000000.0,115.200236135184,3.38,3.536,-0.52,-0.1559999
2022-12-16,26770.514,21291.0,3.48,3.91,298.832,3.5,541620600000000.0,115.200236135184,3.36,3.539,-0.43000000000000016,-0.17900014
2022-12-19,26770.514,21291.0,3.57,3.99,298.832,3.5,541620600000000.0,115.200236135184,3.395,3.545,-0.4200000000000004,-0.1500001
2022-12-20,26770.514,21291.0,3.69,4.03,298.832,3.5,541620600000000.0,115.200236135184,3.603,3.685,-0.3400000000000003,-0.08200002
2022-12-21,26770.514,21291.0,3.68,4.0,298.832,3.5,541620600000000.0,115.200236135184,3.566,3.638,-0.31999999999999984,-0.07200003
2022-12-22,26770.514,21291.0,3.67,4.02,298.832,3.5,541620600000000.0,115.200236135184,3.495,3.567,-0.34999999999999964,-0.07200003
2022-12-23,26770.514,21291.0,3.75,4.09,298.832,3.5,541620600000000.0,115.200236135184,3.552,3.623,-0.33999999999999986,-0.07099986
2022-12-26,26770.514,21291.0,3.75,4.09,298.832,3.5,541620600000000.0,115.200236135184,3.639,3.663,-0.33999999999999986,-0.024000168
2022-12-27,26770.514,21291.0,3.84,4.17,298.832,3.5,541620600000000.0,115.200236135184,3.611,3.662,-0.33000000000000007,-0.05099988
2022-12-28,26770.514,21291.0,3.88,4.18,298.832,3.5,541620600000000.0,115.200236135184,3.673,3.668,-0.2999999999999998,0.0050001144
2022-12-29,26770.514,21291.0,3.83,4.16,298.832,3.5,541620600000000.0,115.200236135184,3.726,3.719,-0.33000000000000007,0.0069999695
2023-01-02,27216.445,21279.4,3.88,4.22,300.42,3.5,547219800000000.06,116.064659576169,3.811,3.782,-0.33999999999999986,0.029000044
2023-01-03,27216.445,21279.4,3.79,4.18,300.42,3.5,547219800000000.06,116.064659576169,3.661,3.661,-0.3899999999999997,0.0
2023-01-04,27216.445,21279.4,3.69,4.11,300.42,3.5,547219800000000.06,116.064659576169,3.597,3.632,-0.4200000000000004,-0.035000086
2023-01-05,27216.445,21279.4,3.71,4.18,300.42,3.5,547219800000000.06,116.064659576169,3.571,3.644,-0.46999999999999975,-0.072999954
2023-01-06,27216.445,21279.4,3.55,3.96,300.42,3.5,547219800000000.06,116.064659576169,3.573,3.681,-0.41000000000000014,-0.10800004
2023-01-09,27216.445,21279.4,3.53,3.93,300.42,3.5,547219800000000.06,116.064659576169,3.477,3.577,-0.40000000000000036,-0.099999905
2023-01-10,27216.445,21279.4,3.61,3.94,300.42,3.5,547219800000000.06,116.064659576169,3.462,3.556,-0.33000000000000007,-0.0940001
2023-01-11,27216.445,21279.4,3.54,3.9,300.42,3.5,547219800000000.06,116.064659576169,3.417,3.472,-0.3599999999999999,-0.05499983
2023-01-12,27216.445,21279.4,3.43,3.79,300.42,3.5,547219800000000.06,116.064659576169,3.412,3.466,-0.3599999999999999,-0.05400014
2023-01-13,27216.445,21279.4,3.49,3.88,300.42,3.5,547219800000000.06,116.064659576169,3.3,3.369,-0.3899999999999997,-0.069000006
2023-01-16,27216.445,21279.4,3.49,3.88,300.42,3.5,547219800000000.06,116.064659576169,3.383,3.454,-0.3899999999999997,-0.0710001
2023-01-17,27216.445,21279.4,3.53,3.86,300.42,3.5,547219800000000.06,116.064659576169,3.444,3.484,-0.33000000000000007,-0.03999996
2023-01-18,27216.445,21279.4,3.37,3.72,300.42,3.5,547219800000000.06,116.064659576169,3.337,3.39,-0.3500000000000001,-0.05300021
2023-01-19,27216.445,21279.4,3.39,3.76,300.42,3.5,547219800000000.06,116.064659576169,3.222,3.248,-0.36999999999999966,-0.026000023
2023-01-20,27216.445,21279.4,3.48,3.83,300.42,3.5,547219800000000.06,116.064659576169,3.279,3.33,-0.3500000000000001,-0.05099988
2023-01-25,27216.445,21279.4,3.46,3.84,300.42,3.5,547219800000000.06,116.064659576169,3.229,3.285,-0.3799999999999999,-0.055999994
2023-01-26,27216.445,21279.4,3.49,3.88,300.42,3.5,547219800000000.06,116.064659576169,3.231,3.273,-0.3899999999999997,-0.042000055
2023-01-27,27216.445,21279.4,3.52,3.9,300.42,3.5,547219800000000.06,116.064659576169,3.283,3.304,-0.3799999999999999,-0.020999908
2023-01-30,27216.445,21279.4,3.55,3.96,300.42,3.5,547219800000000.06,116.064659576169,3.238,3.271,-0.41000000000000014,-0.032999992
2023-01-31,27216.445,21279.4,3.52,3.9,300.42,3.5,547219800000000.06,116.064659576169,3.297,3.325,-0.3799999999999999,-0.028000116
2023-02-01,27216.445,21242.9,3.39,3.75,301.45,3.6,547219800000000.06,116.359828556018,3.239,3.263,-0.3599999999999999,-0.02399993
2023-02-02,27216.445,21242.9,3.4,3.75,301.45,3.6,547219800000000.06,116.359828556018,3.207,3.183,-0.3500000000000001,0.02399993
2023-02-03,27216.445,21242.9,3.53,3.96,301.45,3.6,547219800000000.06,116.359828556018,3.148,3.11,-0.43000000000000016,0.038000107
2023-02-06,27216.445,21242.9,3.63,4.1,301.45,3.6,547219800000000.06,116.359828556018,3.283,3.283,-0.46999999999999975,0.0
2023-02-07,27216.445,21242.9,3.67,4.11,301.45,3.6,547219800000000.06,116.359828556018,3.297,3.315,-0.4400000000000004,-0.018000126
2023-02-08,27216.445,21242.9,3.63,4.08,301.45,3.6,547219800000000.06,116.359828556018,3.32,3.339,-0.4500000000000002,-0.019000053
2023-02-09,27216.445,21242.9,3.67,4.15,301.45,3.6,547219800000000.06,116.359828556018,3.362,3.401,-0.4800000000000004,-0.039000034
2023-02-10,27216.445,21242.9,3.74,4.19,301.45,3.6,547219800000000.06,116.359828556018,3.365,3.398,-0.4500000000000002,-0.032999992
2023-02-13,27216.445,21242.9,3.72,4.22,301.45,3.6,547219800000000.06,116.359828556018,3.43,3.452,-0.49999999999999956,-0.021999836
2023-02-14,27216.445,21242.9,3.77,4.32,301.45,3.6,547219800000000.06,116.359828556018,3.398,3.429,-0.5500000000000003,-0.030999899
2023-02-15,27216.445,21242.9,3.81,4.35,301.45,3.6,547219800000000.06,116.359828556018,3.471,3.502,-0.5399999999999996,-0.031000137
2023-02-16,27216.445,21242.9,3.86,4.35,301.45,3.6,547219800000000.06,116.359828556018,3.476,3.504,-0.48999999999999977,-0.027999878
2023-02-17,27216.445,21242.9,3.82,4.33,301.45,3.6,547219800000000.06,116.359828556018,3.626,3.639,-0.5100000000000002,-0.013000011
2023-02-20,27216.445,21242.9,3.82,4.33,301.45,3.6,547219800000000.06,116.359828556018,3.641,3.677,-0.5100000000000002,-0.036000013
2023-02-21,27216.445,21242.9,3.95,4.44,301.45,3.6,547219800000000.06,116.359828556018,3.6,3.623,-0.4900000000000002,-0.023000002
2023-02-22,27216.445,21242.9,3.93,4.43,301.45,3.6,547219800000000.06,116.359828556018,3.639,3.645,-0.49999999999999956,-0.006000042
2023-02-23,27216.445,21242.9,3.88,4.4,301.45,3.6,547219800000000.06,116.359828556018,3.595,3.599,-0.5200000000000005,-0.0039999485
2023-02-24,27216.445,21242.9,3.95,4.52,301.45,3.6,547219800000000.06,116.359828556018,3.525,3.555,-0.5699999999999994,-0.029999971
2023-02-27,27216.445,21242.9,3.92,4.49,301.45,3.6,547219800000000.06,116.359828556018,3.619,3.683,-0.5700000000000003,-0.06400013
2023-02-28,27216.445,21242.9,3.92,4.51,301.45,3.6,547219800000000.06,116.359828556018,3.753,3.797,-0.5899999999999999,-0.04399991
2023-03-02,27216.445,20946.8,4.08,4.63,301.821,3.5,547219800000000.06,116.549580043063,3.84,3.878,-0.5499999999999998,-0.038000107
2023-03-03,27216.445,20946.8,3.97,4.6,301.821,3.5,547219800000000.06,116.549580043063,3.776,3.791,-0.6299999999999994,-0.0149998665
2023-03-06,27216.445,20946.8,3.98,4.61,301.821,3.5,547219800000000.06,116.549580043063,3.731,3.774,-0.6300000000000003,-0.042999983
2023-03-07,27216.445,20946.8,3.97,4.66,301.821,3.5,547219800000000.06,116.549580043063,3.661,3.726,-0.69,-0.06500006
2023-03-08,27216.445,20946.8,3.98,4.71,301.821,3.5,547219800000000.06,116.549580043063,3.72,3.855,-0.73,-0.13499999
2023-03-09,27216.445,20946.8,3.93,4.56,301.821,3.5,547219800000000.06,116.549580043063,3.739,3.858,-0.6299999999999994,-0.11899996
2023-03-10,27216.445,20946.8,3.7,4.31,301.821,3.5,547219800000000.06,116.549580043063,3.584,3.703,-0.6099999999999994,-0.11899996
2023-03-13,27216.445,20946.8,3.55,3.88,301.821,3.5,547219800000000.06,116.549580043063,3.405,3.435,-0.33000000000000007,-0.029999971
2023-03-14,27216.445,20946.8,3.64,4.05,301.821,3.5,547219800000000.06,116.549580043063,3.337,3.381,-0.4099999999999997,-0.04400015
2023-03-15,27216.445,20946.8,3.51,3.83,301.821,3.5,547219800000000.06,116.549580043063,3.418,3.473,-0.3200000000000003,-0.055000067
2023-03-16,27216.445,20946.8,3.56,3.99,301.821,3.5,547219800000000.06,116.549580043063,3.394,3.4,-0.43000000000000016,-0.006000042
2023-03-17,27216.445,20946.8,3.39,3.68,301.821,3.5,547219800000000.06,116.549580043063,3.406,3.415,-0.29000000000000004,-0.009000063
2023-03-20,27216.445,20946.8,3.47,3.77,301.821,3.5,547219800000000.06,116.549580043063,3.304,3.264,-0.2999999999999998,0.03999996
2023-03-21,27216.445,20946.8,3.59,3.98,301.821,3.5,547219800000000.06,116.549580043063,3.304,3.294,-0.3900000000000001,0.00999999
2023-03-22,27216.445,20946.8,3.48,3.76,301.821,3.5,547219800000000.06,116.549580043063,3.287,3.284,-0.2799999999999998,0.003000021
2023-03-23,27216.445,20946.8,3.38,3.57,301.821,3.5,547219800000000.06,116.549580043063,3.266,3.206,-0.18999999999999995,0.059999943
2023-03-24,27216.445,20946.8,3.38,3.58,301.821,3.5,547219800000000.06,116.549580043063,3.21,3.16,-0.20000000000000018,0.049999952
2023-03-27,27216.445,20946.8,3.53,3.79,301.821,3.5,547219800000000.06,116.549580043063,3.258,3.22,-0.26000000000000023,0.03799987
2023-03-28,27216.445,20946.8,3.55,3.84,301.821,3.5,547219800000000.06,116.549580043063,3.281,3.258,-0.29000000000000004,0.023000002
2023-03-29,27216.445,20946.8,3.57,3.87,301.821,3.5,547219800000000.06,116.549580043063,3.28,3.249,-0.30000000000000027,0.030999899
2023-03-30,27216.445,20946.8,3.55,3.87,301.821,3.5,547219800000000.06,116.549580043063,3.305,3.24,-0.3200000000000003,0.06500006
2023-03-31,27216.445,20946.8,3.48,3.81,301.821,3.5,547219800000000.06,116.549580043063,3.34,3.27,-0.33000000000000007,0.06999993
2023-04-03,27530.055,20761.4,3.43,3.73,302.845,3.4,551922100000000.0,116.80258202579,3.389,3.342,-0.2999999999999998,0.04699993
2023-04-04,27530.055,20761.4,3.35,3.6,302.845,3.4,551922100000000.0,116.80258202579,3.316,3.279,-0.25,0.03699994
2023-04-05,27530.055,20761.4,3.3,3.55,302.845,3.4,551922100000000.0,116.80258202579,3.326,3.264,-0.25,0.062000036
2023-04-06,27530.055,20761.4,3.3,3.59,302.845,3.4,551922100000000.0,116.80258202579,3.278,3.211,-0.29000000000000004,0.06700015
2023-04-07,27530.055,20761.4,3.39,3.72,302.845,3.4,551922100000000.0,116.80258202579,3.289,3.24,-0.33000000000000007,0.049000025
2023-04-10,27530.055,20761.4,3.41,3.75,302.845,3.4,551922100000000.0,116.80258202579,3.236,3.192,-0.33999999999999986,0.04400015
2023-04-11,27530.055,20761.4,3.43,3.76,302.845,3.4,551922100000000.0,116.80258202579,3.255,3.231,-0.3299999999999996,0.024000168
2023-04-12,27530.055,20761.4,3.41,3.68,302.845,3.4,551922100000000.0,116.80258202579,3.262,3.233,-0.27,0.029000044
2023-04-13,27530.055,20761.4,3.45,3.7,302.845,3.4,551922100000000.0,116.80258202579,3.273,3.199,-0.25,0.07400012
2023-04-14,27530.055,20761.4,3.52,3.83,302.845,3.4,551922100000000.0,116.80258202579,3.286,3.215,-0.31000000000000005,0.0710001
2023-04-17,27530.055,20761.4,3.6,3.92,302.845,3.4,551922100000000.0,116.80258202579,3.349,3.287,-0.31999999999999984,0.062000036
2023-04-18,27530.055,20761.4,3.58,3.92,302.845,3.4,551922100000000.0,116.80258202579,3.352,3.294,-0.33999999999999986,0.058000088
2023-04-19,27530.055,20761.4,3.6,3.97,302.845,3.4,551922100000000.0,116.80258202579,3.37,3.337,-0.3700000000000001,0.032999992
2023-04-20,27530.055,20761.4,3.54,3.87,302.845,3.4,551922100000000.0,116.80258202579,3.409,3.334,-0.33000000000000007,0.07499981
2023-04-21,27530.055,20761.4,3.57,3.89,302.845,3.4,551922100000000.0,116.80258202579,3.343,3.267,-0.3200000000000003,0.075999975
2023-04-24,27530.055,20761.4,3.52,3.84,302.845,3.4,551922100000000.0,116.80258202579,3.306,3.23,-0.31999999999999984,0.075999975
2023-04-25,27530.055,20761.4,3.4,3.62,302.845,3.4,551922100000000.0,116.80258202579,3.323,3.265,-0.2200000000000002,0.05799985
2023-04-26,27530.055,20761.4,3.43,3.65,302.845,3.4,551922100000000.0,116.80258202579,3.309,3.259,-0.21999999999999975,0.049999952
2023-04-27,27530.055,20761.4,3.53,3.82,302.845,3.4,551922100000000.0,116.80258202579,3.342,3.288,-0.29000000000000004,0.0539999
2023-04-28,27530.055,20761.4,3.44,3.75,302.845,3.4,551922100000000.0,116.80258202579,3.36,3.293,-0.31000000000000005,0.06699991
2023-05-02,27530.055,20829.6,3.44,3.67,303.334,3.6,551922100000000.0,117.15045975204,3.372,3.335,-0.22999999999999998,0.03699994
2023-05-03,27530.055,20829.6,3.38,3.58,303.334,3.6,551922100000000.0,117.15045975204,3.324,3.281,-0.20000000000000018,0.042999983
2023-05-04,27530.055,20829.6,3.37,3.47,303.334,3.6,551922100000000.0,117.15045975204,3.278,3.21,-0.10000000000000009,0.06800008
2023-05-08,27530.055,20829.6,3.52,3.7,303.334,3.6,551922100000000.0,117.15045975204,3.31,3.261,-0.18000000000000016,0.049000025
2023-05-09,27530.055,20829.6,3.53,3.67,303.334,3.6,551922100000000.0,117.15045975204,3.318,3.256,-0.14000000000000012,0.062000036
2023-05-10,27530.055,20829.6,3.43,3.55,303.334,3.6,551922100000000.0,117.15045975204,3.341,3.273,-0.11999999999999966,0.06800008
2023-05-11,27530.055,20829.6,3.39,3.56,303.334,3.6,551922100000000.0,117.15045975204,3.292,3.22,-0.16999999999999993,0.07200003
2023-05-12,27530.055,20829.6,3.46,3.65,303.334,3.6,551922100000000.0,117.15045975204,3.274,3.225,-0.18999999999999995,0.049000025
2023-05-15,27530.055,20829.6,3.5,3.67,303.334,3.6,551922100000000.0,117.15045975204,3.332,3.279,-0.16999999999999993,0.052999973
2023-05-16,27530.055,20829.6,3.54,3.74,303.334,3.6,551922100000000.0,117.15045975204,3.303,3.242,-0.20000000000000018,0.06099987
2023-05-17,27530.055,20829.6,3.57,3.8,303.334,3.6,551922100000000.0,117.15045975204,3.319,3.274,-0.22999999999999998,0.045000076
2023-05-18,27530.055,20829.6,3.65,3.94,303.334,3.6,551922100000000.0,117.15045975204,3.367,3.316,-0.29000000000000004,0.05100012
2023-05-19,27530.055,20829.6,3.7,3.98,303.334,3.6,551922100000000.0,117.15045975204,3.419,3.34,-0.2799999999999998,0.078999996
2023-05-22,27530.055,20829.6,3.72,3.98,303.334,3.6,551922100000000.0,117.15045975204,3.398,3.321,-0.2599999999999998,0.0769999
2023-05-23,27530.055,20829.6,3.7,3.99,303.334,3.6,551922100000000.0,117.15045975204,3.473,3.373,-0.29000000000000004,0.10000014
2023-05-24,27530.055,20829.6,3.73,4.04,303.334,3.6,551922100000000.0,117.15045975204,3.502,3.378,-0.31000000000000005,0.12400007
2023-05-25,27530.055,20829.6,3.83,4.21,303.334,3.6,551922100000000.0,117.15045975204,3.597,3.48,-0.3799999999999999,0.116999865
2023-05-26,27530.055,20829.6,3.8,4.23,303.334,3.6,551922100000000.0,117.15045975204,3.639,3.524,-0.4300000000000006,0.11500001
2023-05-30,27530.055,20829.6,3.69,4.1,303.334,3.6,551922100000000.0,117.15045975204,3.651,3.56,-0.4099999999999997,0.09100008
2023-05-31,27530.055,20829.6,3.64,4.04,303.334,3.6,551922100000000.0,117.15045975204,3.532,3.459,-0.3999999999999999,0.072999954
2023-06-01,27530.055,20799.3,3.61,3.98,304.014,3.6,551922100000000.0,117.13991800276,3.549,3.478,-0.3700000000000001,0.0710001
2023-06-02,27530.055,20799.3,3.69,4.13,304.014,3.6,551922100000000.0,117.13991800276,3.495,3.436,-0.43999999999999995,0.058999777
2023-06-05,27530.055,20799.3,3.69,4.1,304.014,3.6,551922100000000.0,117.13991800276,3.561,3.502,-0.4099999999999997,0.059000015
2023-06-07,27530.055,20799.3,3.79,4.21,304.014,3.6,551922100000000.0,117.13991800276,3.522,3.471,-0.41999999999999993,0.05100012
2023-06-08,27530.055,20799.3,3.73,4.17,304.014,3.6,551922100000000.0,117.13991800276,3.632,3.543,-0.43999999999999995,0.08899999
2023-06-09,27530.055,20799.3,3.75,4.23,304.014,3.6,551922100000000.0,117.13991800276,3.613,3.506,-0.4800000000000004,0.106999874
2023-06-12,27530.055,20799.3,3.73,4.16,304.014,3.6,551922100000000.0,117.13991800276,3.576,3.493,-0.43000000000000016,0.082999945
2023-06-13,27530.055,20799.3,3.84,4.3,304.014,3.6,551922100000000.0,117.13991800276,3.578,3.484,-0.45999999999999996,0.0940001
2023-06-14,27530.055,20799.3,3.83,4.37,304.014,3.6,551922100000000.0,117.13991800276,3.635,3.545,-0.54,0.089999914
2023-06-15,27530.055,20799.3,3.72,4.23,304.014,3.6,551922100000000.0,117.13991800276,3.685,3.626,-0.5100000000000002,0.059000015
2023-06-16,27530.055,20799.3,3.77,4.32,304.014,3.6,551922100000000.0,117.13991800276,3.657,3.585,-0.5500000000000003,0.07200003
2023-06-19,27530.055,20799.3,3.77,4.32,304.014,3.6,551922100000000.0,117.13991800276,3.633,3.583,-0.5500000000000003,0.049999952
2023-06-20,27530.055,20799.3,3.74,4.29,304.014,3.6,551922100000000.0,117.13991800276,3.642,3.567,-0.5499999999999998,0.07500005
2023-06-21,27530.055,20799.3,3.72,4.29,304.014,3.6,551922100000000.0,117.13991800276,3.621,3.571,-0.5699999999999998,0.049999952
2023-06-22,27530.055,20799.3,3.8,4.37,304.014,3.6,551922100000000.0,117.13991800276,3.647,3.592,-0.5700000000000003,0.055000067
2023-06-23,27530.055,20799.3,3.74,4.32,304.014,3.6,551922100000000.0,117.13991800276,3.663,3.609,-0.5800000000000001,0.05400014
2023-06-26,27530.055,20799.3,3.72,4.3,304.014,3.6,551922100000000.0,117.13991800276,3.611,3.568,-0.5799999999999996,0.042999983
2023-06-27,27530.055,20799.3,3.77,4.38,304.014,3.6,551922100000000.0,117.13991800276,3.603,3.538,-0.6099999999999999,0.06499982
2023-06-28,27530.055,20799.3,3.71,4.32,304.014,3.6,551922100000000.0,117.13991800276,3.611,3.557,-0.6100000000000003,0.05400014
2023-06-29,27530.055,20799.3,3.85,4.49,304.014,3.6,551922100000000.0,117.13991800276,3.626,3.584,-0.6400000000000001,0.041999817
2023-06-30,27530.055,20799.3,3.81,4.49,304.014,3.6,551922100000000.0,117.13991800276,3.675,3.662,-0.6800000000000002,0.013000011
2023-07-03,28074.846,20791.2,3.86,4.56,304.609,3.5,563912300000000.0,117.224251997003,3.607,3.613,-0.6999999999999997,-0.0059998035
2023-07-04,28074.846,20791.2,3.86,4.56,304.609,3.5,563912300000000.0,117.224251997003,3.623,3.619,-0.6999999999999997,0.0039999485
2023-07-05,28074.846,20791.2,3.95,4.59,304.609,3.5,563912300000000.0,117.224251997003,3.644,3.618,-0.6399999999999997,0.026000023
2023-07-06,28074.846,20791.2,4.05,4.68,304.609,3.5,563912300000000.0,117.224251997003,3.713,3.676,-0.6299999999999999,0.03699994
2023-07-07,28074.846,20791.2,4.06,4.64,304.609,3.5,563912300000000.0,117.224251997003,3.761,3.735,-0.5800000000000001,0.026000023
2023-07-10,28074.846,20791.2,4.01,4.54,304.609,3.5,563912300000000.0,117.224251997003,3.863,3.795,-0.5300000000000002,0.06799984
2023-07-11,28074.846,20791.2,3.99,4.52,304.609,3.5,563912300000000.0,117.224251997003,3.758,3.703,-0.5299999999999994,0.05499983
2023-07-12,28074.846,20791.2,3.86,4.36,304.609,3.5,563912300000000.0,117.224251997003,3.756,3.704,-0.5000000000000004,0.052000046
2023-07-13,28074.846,20791.2,3.76,4.21,304.609,3.5,563912300000000.0,117.224251997003,3.657,3.602,-0.4500000000000002,0.055000067
2023-07-14,28074.846,20791.2,3.83,4.35,304.609,3.5,563912300000000.0,117.224251997003,3.685,3.614,-0.5199999999999996,0.07099986
2023-07-17,28074.846,20791.2,3.81,4.34,304.609,3.5,563912300000000.0,117.224251997003,3.66,3.611,-0.5299999999999998,0.049000025
2023-07-18,28074.846,20791.2,3.8,4.35,304.609,3.5,563912300000000.0,117.224251997003,3.651,3.596,-0.5499999999999998,0.055000067
2023-07-19,28074.846,20791.2,3.75,4.34,304.609,3.5,563912300000000.0,117.224251997003,3.575,3.543,-0.5899999999999999,0.032000065
2023-07-20,28074.846,20791.2,3.85,4.43,304.609,3.5,563912300000000.0,117.224251997003,3.606,3.581,-0.5799999999999996,0.024999857
2023-07-21,28074.846,20791.2,3.84,4.44,304.609,3.5,563912300000000.0,117.224251997003,3.636,3.602,-0.6000000000000005,0.03399992
2023-07-24,28074.846,20791.2,3.86,4.48,304.609,3.5,563912300000000.0,117.224251997003,3.64,3.617,-0.6200000000000006,0.023000002
2023-07-25,28074.846,20791.2,3.91,4.53,304.609,3.5,563912300000000.0,117.224251997003,3.684,3.645,-0.6200000000000001,0.039000034
2023-07-26,28074.846,20791.2,3.86,4.47,304.609,3.5,563912300000000.0,117.224251997003,3.658,3.627,-0.6099999999999999,0.030999899
2023-07-27,28074.846,20791.2,4.01,4.58,304.609,3.5,563912300000000.0,117.224251997003,3.637,3.587,-0.5700000000000003,0.05000019
2023-07-28,28074.846,20791.2,3.96,4.52,304.609,3.5,563912300000000.0,117.224251997003,3.728,3.635,-0.5599999999999996,0.092999935
2023-07-31,28074.846,20791.2,3.97,4.51,304.609,3.5,563912300000000.0,117.224251997003,3.761,3.681,-0.5399999999999996,0.07999992
2023-08-01,28074.846,20777.2,4.05,4.57,306.082,3.7,563912300000000.0,118.415469665677,3.727,3.647,-0.5200000000000005,0.07999992
2023-08-02,28074.846,20777.2,4.08,4.54,306.082,3.7,563912300000000.0,118.415469665677,3.793,3.677,-0.45999999999999996,0.11599994
2023-08-03,28074.846,20777.2,4.2,4.58,306.082,3.7,563912300000000.0,118.415469665677,3.861,3.714,-0.3799999999999999,0.14700007
2023-08-04,28074.846,20777.2,4.05,4.45,306.082,3.7,563912300000000.0,118.415469665677,3.876,3.738,-0.40000000000000036,0.13800001
2023-08-07,28074.846,20777.2,4.09,4.44,306.082,3.7,563912300000000.0,118.415469665677,3.814,3.689,-0.35000000000000053,0.125
2023-08-08,28074.846,20777.2,4.02,4.36,306.082,3.7,563912300000000.0,118.415469665677,3.74,3.647,-0.34000000000000075,0.092999935
2023-08-09,28074.846,20777.2,4.0,4.41,306.082,3.7,563912300000000.0,118.415469665677,3.774,3.672,-0.41000000000000014,0.102
2023-08-10,28074.846,20777.2,4.09,4.47,306.082,3.7,563912300000000.0,118.415469665677,3.786,3.687,-0.3799999999999999,0.09899998
2023-08-11,28074.846,20777.2,4.16,4.56,306.082,3.7,563912300000000.0,118.415469665677,3.824,3.698,-0.39999999999999947,0.12599993
2023-08-14,28074.846,20777.2,4.19,4.64,306.082,3.7,563912300000000.0,118.415469665677,3.889,3.747,-0.4499999999999993,0.14199996
2023-08-16,28074.846,20777.2,4.28,4.68,306.082,3.7,563912300000000.0,118.415469665677,3.867,3.712,-0.39999999999999947,0.15500021
2023-08-17,28074.846,20777.2,4.3,4.67,306.082,3.7,563912300000000.0,118.415469665677,3.976,3.788,-0.3700000000000001,0.18799996
2023-08-18,28074.846,20777.2,4.26,4.63,306.082,3.7,563912300000000.0,118.415469665677,3.914,3.729,-0.3700000000000001,0.18499994
2023-08-21,28074.846,20777.2,4.34,4.7,306.082,3.7,563912300000000.0,118.415469665677,3.973,3.795,-0.3600000000000003,0.17799997
2023-08-22,28074.846,20777.2,4.34,4.75,306.082,3.7,563912300000000.0,118.415469665677,3.986,3.802,-0.41000000000000014,0.18400002
2023-08-23,28074.846,20777.2,4.19,4.64,306.082,3.7,563912300000000.0,118.415469665677,3.92,3.771,-0.4499999999999993,0.14900017
2023-08-24,28074.846,20777.2,4.23,4.69,306.082,3.7,563912300000000.0,118.415469665677,3.878,3.759,-0.45999999999999996,0.11899996
2023-08-25,28074.846,20777.2,4.25,4.72,306.082,3.7,563912300000000.0,118.415469665677,3.935,3.789,-0.46999999999999975,0.14599991
2023-08-28,28074.846,20777.2,4.2,4.69,306.082,3.7,563912300000000.0,118.415469665677,3.872,3.759,-0.4900000000000002,0.112999916
2023-08-29,28074.846,20777.2,4.12,4.56,306.082,3.7,563912300000000.0,118.415469665677,3.844,3.74,-0.4399999999999995,0.10400009
2023-08-30,28074.846,20777.2,4.12,4.57,306.082,3.7,563912300000000.0,118.415469665677,3.85,3.732,-0.4500000000000002,0.11799979
2023-08-31,28074.846,20777.2,4.09,4.54,306.082,3.7,563912300000000.0,118.415469665677,3.821,3.711,-0.4500000000000002,0.11000013
2023-09-01,28074.846,20747.8,4.18,4.57,307.276,3.7,563912300000000.0,119.111225118177,3.778,3.689,-0.39000000000000057,0.089000225
2023-09-04,28074.846,20747.8,4.18,4.57,307.276,3.7,563912300000000.0,119.111225118177,3.856,3.738,-0.39000000000000057,0.11800003
2023-09-05,28074.846,20747.8,4.27,4.65,307.276,3.7,563912300000000.0,119.111225118177,3.886,3.765,-0.3800000000000008,0.12099981
2023-09-06,28074.846,20747.8,4.3,4.73,307.276,3.7,563912300000000.0,119.111225118177,3.893,3.765,-0.4300000000000006,0.12799978
2023-09-07,28074.846,20747.8,4.27,4.66,307.276,3.7,563912300000000.0,119.111225118177,3.969,3.847,-0.39000000000000057,0.12200022
2023-09-08,28074.846,20747.8,4.26,4.68,307.276,3.7,563912300000000.0,119.111225118177,3.895,3.795,-0.41999999999999993,0.099999905
2023-09-11,28074.846,20747.8,4.29,4.64,307.276,3.7,563912300000000.0,119.111225118177,3.961,3.865,-0.34999999999999964,0.095999956
2023-09-12,28074.846,20747.8,4.27,4.66,307.276,3.7,563912300000000.0,119.111225118177,3.965,3.863,-0.39000000000000057,0.102
2023-09-13,28074.846,20747.8,4.25,4.64,307.276,3.7,563912300000000.0,119.111225118177,3.949,3.853,-0.3899999999999997,0.095999956
2023-09-14,28074.846,20747.8,4.29,4.68,307.276,3.7,563912300000000.0,119.111225118177,3.917,3.836,-0.3899999999999997,0.08100009
2023-09-15,28074.846,20747.8,4.33,4.72,307.276,3.7,563912300000000.0,119.111225118177,3.928,3.85,-0.3899999999999997,0.07800007
2023-09-18,28074.846,20747.8,4.32,4.74,307.276,3.7,563912300000000.0,119.111225118177,3.982,3.891,-0.41999999999999993,0.09100008
2023-09-19,28074.846,20747.8,4.37,4.79,307.276,3.7,563912300000000.0,119.111225118177,3.952,3.887,-0.41999999999999993,0.06499982
2023-09-20,28074.846,20747.8,4.35,4.82,307.276,3.7,563912300000000.0,119.111225118177,3.963,3.89,-0.47000000000000064,0.072999954
2023-09-21,28074.846,20747.8,4.49,4.85,307.276,3.7,563912300000000.0,119.111225118177,4.031,3.93,-0.35999999999999943,0.10100007
2023-09-22,28074.846,20747.8,4.44,4.8,307.276,3.7,563912300000000.0,119.111225118177,4.001,3.876,-0.35999999999999943,0.125
2023-09-25,28074.846,20747.8,4.55,4.83,307.276,3.7,563912300000000.0,119.111225118177,4.012,3.876,-0.28000000000000025,0.13600016
2023-09-26,28074.846,20747.8,4.56,4.84,307.276,3.7,563912300000000.0,119.111225118177,4.054,3.891,-0.28000000000000025,0.16299987
2023-09-27,28074.846,20747.8,4.61,4.89,307.276,3.7,563912300000000.0,119.111225118177,4.03,3.884,-0.27999999999999936,0.14600015
2023-10-04,28424.722,20732.9,4.73,4.85,307.696,3.9,563912300000000.0,119.511811590829,4.351,4.108,-0.11999999999999922,0.24300003
2023-10-05,28424.722,20732.9,4.72,4.82,307.696,3.9,563912300000000.0,119.511811590829,4.322,4.081,-0.10000000000000053,0.24100018
2023-10-06,28424.722,20732.9,4.78,4.87,307.696,3.9,563912300000000.0,119.511811590829,4.24,4.015,-0.08999999999999986,0.2249999
2023-10-10,28424.722,20732.9,4.66,4.74,307.696,3.9,563912300000000.0,119.511811590829,4.219,3.997,-0.08000000000000007,0.22199988
2023-10-11,28424.722,20732.9,4.58,4.73,307.696,3.9,563912300000000.0,119.511811590829,4.142,3.953,-0.15000000000000036,0.18900013
2023-10-12,28424.722,20732.9,4.7,4.82,307.696,3.9,563912300000000.0,119.511811590829,4.101,3.932,-0.1200000000000001,0.16899991
2023-10-13,28424.722,20732.9,4.63,4.8,307.696,3.9,563912300000000.0,119.511811590829,4.169,3.957,-0.16999999999999993,0.21200013
2023-10-16,28424.722,20732.9,4.71,4.87,307.696,3.9,563912300000000.0,119.511811590829,4.191,3.973,-0.16000000000000014,0.21799994
2023-10-17,28424.722,20732.9,4.83,5.01,307.696,3.9,563912300000000.0,119.511811590829,4.224,3.991,-0.17999999999999972,0.23300004
2023-10-18,28424.722,20732.9,4.91,5.03,307.696,3.9,563912300000000.0,119.511811590829,4.287,4.031,-0.1200000000000001,0.25600004
2023-10-19,28424.722,20732.9,4.98,5.01,307.696,3.9,563912300000000.0,119.511811590829,4.362,4.07,-0.02999999999999936,0.29199982
2023-10-20,28424.722,20732.9,4.93,4.93,307.696,3.9,563912300000000.0,119.511811590829,4.327,4.033,0.0,0.29400015
2023-10-23,28424.722,20732.9,4.86,4.89,307.696,3.9,563912300000000.0,119.511811590829,4.374,4.055,-0.02999999999999936,0.31900024
2023-10-24,28424.722,20732.9,4.83,4.91,307.696,3.9,563912300000000.0,119.511811590829,4.269,4.004,-0.08000000000000007,0.26499987
2023-10-25,28424.722,20732.9,4.95,4.98,307.696,3.9,563912300000000.0,119.511811590829,4.281,4.038,-0.03000000000000025,0.24300003
2023-10-26,28424.722,20732.9,4.86,4.89,307.696,3.9,563912300000000.0,119.511811590829,4.392,4.104,-0.02999999999999936,0.2880001
2023-10-27,28424.722,20732.9,4.84,4.84,307.696,3.9,563912300000000.0,119.511811590829,4.28,4.073,0.0,0.20700026
2023-10-30,28424.722,20732.9,4.88,4.87,307.696,3.9,563912300000000.0,119.511811590829,4.312,4.089,0.009999999999999787,0.22299957
2023-10-31,28424.722,20732.9,4.88,4.9,307.696,3.9,563912300000000.0,119.511811590829,4.325,4.085,-0.020000000000000462,0.23999977
2023-11-01,28424.722,20746.5,4.77,4.76,308.148,3.7,563912300000000.0,118.84768138617,4.288,4.071,0.009999999999999787,0.21700001
2023-11-02,28424.722,20746.5,4.67,4.78,308.148,3.7,563912300000000.0,118.84768138617,4.168,3.979,-0.11000000000000032,0.18900013
2023-11-03,28424.722,20746.5,4.57,4.62,308.148,3.7,563912300000000.0,118.84768138617,4.105,3.949,-0.04999999999999982,0.15600014
2023-11-06,28424.722,20746.5,4.67,4.72,308.148,3.7,563912300000000.0,118.84768138617,4.056,3.877,-0.04999999999999982,0.17900014
2023-11-07,28424.722,20746.5,4.58,4.64,308.148,3.7,563912300000000.0,118.84768138617,4.055,3.887,-0.05999999999999961,0.16799974
2023-11-08,28424.722,20746.5,4.49,4.65,308.148,3.7,563912300000000.0,118.84768138617,4.022,3.868,-0.16000000000000014,0.1539998
2023-11-09,28424.722,20746.5,4.62,4.77,308.148,3.7,563912300000000.0,118.84768138617,3.945,3.847,-0.14999999999999947,0.09800005
2023-11-10,28424.722,20746.5,4.61,4.8,308.148,3.7,563912300000000.0,118.84768138617,3.969,3.862,-0.1899999999999995,0.10700011
2023-11-13,28424.722,20746.5,4.63,4.8,308.148,3.7,563912300000000.0,118.84768138617,4.005,3.877,-0.16999999999999993,0.12800002
2023-11-14,28424.722,20746.5,4.44,4.56,308.148,3.7,563912300000000.0,118.84768138617,3.98,3.857,-0.11999999999999922,0.12299991
2023-11-15,28424.722,20746.5,4.53,4.68,308.148,3.7,563912300000000.0,118.84768138617,3.815,3.744,-0.14999999999999947,0.0710001
2023-11-16,28424.722,20746.5,4.45,4.59,308.148,3.7,563912300000000.0,118.84768138617,3.799,3.701,-0.13999999999999968,0.09800005
2023-11-17,28424.722,20746.5,4.44,4.64,308.148,3.7,563912300000000.0,118.84768138617,3.796,3.681,-0.1999999999999993,0.11500001
2023-11-20,28424.722,20746.5,4.42,4.62,308.148,3.7,563912300000000.0,118.84768138617,3.755,3.667,-0.20000000000000018,0.08800006
2023-11-21,28424.722,20746.5,4.41,4.6,308.148,3.7,563912300000000.0,118.84768138617,3.726,3.644,-0.1899999999999995,0.08200002
2023-11-22,28424.722,20746.5,4.42,4.62,308.148,3.7,563912300000000.0,118.84768138617,3.762,3.666,-0.20000000000000018,0.096000195
2023-11-23,28424.722,20746.5,4.42,4.62,308.148,3.7,563912300000000.0,118.84768138617,3.712,3.644,-0.20000000000000018,0.06799984
2023-11-24,28424.722,20746.5,4.47,4.67,308.148,3.7,563912300000000.0,118.84768138617,3.779,3.677,-0.20000000000000018,0.102
2023-11-27,28424.722,20746.5,4.39,4.6,308.148,3.7,563912300000000.0,118.84768138617,3.767,3.689,-0.20999999999999996,0.07800007
2023-11-28,28424.722,20746.5,4.34,4.49,308.148,3.7,563912300000000.0,118.84768138617,3.726,3.648,-0.15000000000000036,0.07800007
2023-11-29,28424.722,20746.5,4.27,4.4,308.148,3.7,563912300000000.0,118.84768138617,3.641,3.554,-0.13000000000000078,0.08700013
2023-11-30,28424.722,20746.5,4.37,4.48,308.148,3.7,563912300000000.0,118.84768138617,3.699,3.583,-0.11000000000000032,0.11599994
2023-12-01,28424.722,20777.9,4.22,4.31,308.741,3.8,563912300000000.0,118.84768138617,3.699,3.587,-0.08999999999999986,0.11199999
2023-12-04,28424.722,20777.9,4.28,4.4,308.741,3.8,563912300000000.0,118.84768138617,3.626,3.531,-0.1200000000000001,0.09500003
2023-12-05,28424.722,20777.9,4.18,4.33,308.741,3.8,563912300000000.0,118.84768138617,3.579,3.484,-0.15000000000000036,0.09500003
2023-12-06,28424.722,20777.9,4.12,4.33,308.741,3.8,563912300000000.0,118.84768138617,3.533,3.463,-0.20999999999999996,0.06999993
2023-12-07,28424.722,20777.9,4.14,4.31,308.741,3.8,563912300000000.0,118.84768138617,3.576,3.511,-0.16999999999999993,0.06500006
2023-12-08,28424.722,20777.9,4.23,4.45,308.741,3.8,563912300000000.0,118.84768138617,3.534,3.461,-0.21999999999999975,0.072999954
2023-12-11,28424.722,20777.9,4.23,4.42,308.741,3.8,563912300000000.0,118.84768138617,3.566,3.48,-0.1899999999999995,0.085999966
2023-12-12,28424.722,20777.9,4.2,4.42,308.741,3.8,563912300000000.0,118.84768138617,3.527,3.446,-0.21999999999999975,0.08099985
2023-12-13,28424.722,20777.9,4.04,4.18,308.741,3.8,563912300000000.0,118.84768138617,3.525,3.465,-0.13999999999999968,0.06000018
2023-12-14,28424.722,20777.9,3.92,4.09,308.741,3.8,563912300000000.0,118.84768138617,3.332,3.258,-0.16999999999999993,0.07400012
2023-12-15,28424.722,20777.9,3.91,4.13,308.741,3.8,563912300000000.0,118.84768138617,3.358,3.281,-0.21999999999999975,0.07700014
2023-12-18,28424.722,20777.9,3.95,4.15,308.741,3.8,563912300000000.0,118.84768138617,3.336,3.277,-0.20000000000000018,0.059000015
2023-12-19,28424.722,20777.9,3.93,4.15,308.741,3.8,563912300000000.0,118.84768138617,3.328,3.296,-0.2200000000000002,0.032000065
2023-12-20,28424.722,20777.9,3.86,4.06,308.741,3.8,563912300000000.0,118.84768138617,3.28,3.232,-0.19999999999999973,0.04799986
2023-12-21,28424.722,20777.9,3.89,4.06,308.741,3.8,563912300000000.0,118.84768138617,3.297,3.236,-0.16999999999999948,0.06099987
2023-12-22,28424.722,20777.9,3.9,4.04,308.741,3.8,563912300000000.0,118.84768138617,3.301,3.234,-0.14000000000000012,0.06700015
2023-12-26,28424.722,20777.9,3.89,4.05,308.741,3.8,563912300000000.0,118.84768138617,3.271,3.221,-0.1599999999999997,0.049999952
2023-12-27,28424.722,20777.9,3.79,3.97,308.741,3.8,563912300000000.0,118.84768138617,3.26,3.22,-0.18000000000000016,0.03999996
2023-12-28,28424.722,20777.9,3.84,4.02,308.741,3.8,563912300000000.0,118.84768138617,3.183,3.154,-0.17999999999999972,0.029000044
2024-01-02,28708.161,20843.9,3.95,4.09,309.698,3.7,563912300000000.0,118.84768138617,3.306,3.24,-0.13999999999999968,0.065999985
2024-01-03,28708.161,20843.9,3.91,4.07,309.698,3.7,563912300000000.0,118.84768138617,3.338,3.278,-0.16000000000000014,0.059999943
2024-01-04,28708.161,20843.9,3.99,4.14,309.698,3.7,563912300000000.0,118.84768138617,3.288,3.227,-0.14999999999999947,0.06100011
2024-01-05,28708.161,20843.9,4.05,4.17,309.698,3.7,563912300000000.0,118.84768138617,3.344,3.283,-0.1200000000000001,0.06100011
2024-01-08,28708.161,20843.9,4.01,4.11,309.698,3.7,563912300000000.0,118.84768138617,3.344,3.297,-0.10000000000000053,0.04700017
2024-01-09,28708.161,20843.9,4.02,4.09,309.698,3.7,563912300000000.0,118.84768138617,3.323,3.255,-0.07000000000000028,0.06799984
2024-01-10,28708.161,20843.9,4.04,4.1,309.698,3.7,563912300000000.0,118.84768138617,3.346,3.269,-0.05999999999999961,0.0769999
2024-01-11,28708.161,20843.9,3.98,4.02,309.698,3.7,563912300000000.0,118.84768138617,3.307,3.227,-0.03999999999999959,0.07999992
2024-01-12,28708.161,20843.9,3.96,3.92,309.698,3.7,563912300000000.0,118.84768138617,3.306,3.204,0.040000000000000036,0.102
2024-01-15,28708.161,20843.9,3.96,3.92,309.698,3.7,563912300000000.0,118.84768138617,3.293,3.191,0.040000000000000036,0.102
2024-01-16,28708.161,20843.9,4.07,4.02,309.698,3.7,563912300000000.0,118.84768138617,3.322,3.235,0.05000000000000071,0.08700013
2024-01-17,28708.161,20843.9,4.1,4.12,309.698,3.7,563912300000000.0,118.84768138617,3.369,3.277,-0.020000000000000462,0.09200001
2024-01-18,28708.161,20843.9,4.14,4.13,309.698,3.7,563912300000000.0,118.84768138617,3.38,3.285,0.009999999999999787,0.09500003
2024-01-19,28708.161,20843.9,4.15,4.18,309.698,3.7,563912300000000.0,118.84768138617,3.422,3.307,-0.02999999999999936,0.11500001
2024-01-22,28708.161,20843.9,4.11,4.14,309.698,3.7,563912300000000.0,118.84768138617,3.372,3.278,-0.02999999999999936,0.09399986
2024-01-23,28708.161,20843.9,4.14,4.16,309.698,3.7,563912300000000.0,118.84768138617,3.372,3.286,-0.020000000000000462,0.085999966
2024-01-24,28708.161,20843.9,4.18,4.19,309.698,3.7,563912300000000.0,118.84768138617,3.4,3.3,-0.010000000000000675,0.10000014
2024-01-25,28708.161,20843.9,4.14,4.12,309.698,3.7,563912300000000.0,118.84768138617,3.419,3.313,0.019999999999999574,0.10599995
2024-01-26,28708.161,20843.9,4.15,4.15,309.698,3.7,563912300000000.0,118.84768138617,3.386,3.263,0.0,0.12299991
2024-01-29,28708.161,20843.9,4.08,4.1,309.698,3.7,563912300000000.0,118.84768138617,3.436,3.304,-0.019999999999999574,0.13200021
2024-01-30,28708.161,20843.9,4.06,4.14,309.698,3.7,563912300000000.0,118.84768138617,3.35,3.268,-0.08000000000000007,0.08200002
2024-01-31,28708.161,20843.9,3.99,4.05,309.698,3.7,563912300000000.0,118.84768138617,3.345,3.261,-0.05999999999999961,0.08400011
2024-02-01,28708.161,20927.4,3.87,3.96,310.967,3.9,563912300000000.0,118.84768138617,3.339,3.267,-0.08999999999999986,0.07200003
2024-02-02,28708.161,20927.4,4.03,4.14,310.967,3.9,563912300000000.0,118.84768138617,3.287,3.248,-0.10999999999999943,0.039000034
2024-02-05,28708.161,20927.4,4.17,4.27,310.967,3.9,563912300000000.0,118.84768138617,3.374,3.312,-0.09999999999999964,0.062000036
2024-02-06,28708.161,20927.4,4.09,4.14,310.967,3.9,563912300000000.0,118.84768138617,3.382,3.292,-0.04999999999999982,0.089999914
2024-02-07,28708.161,20927.4,4.09,4.16,310.967,3.9,563912300000000.0,118.84768138617,3.378,3.286,-0.07000000000000028,0.09200001
2024-02-08,28708.161,20927.4,4.15,4.22,310.967,3.9,563912300000000.0,118.84768138617,3.4,3.305,-0.0699999999999994,0.09500003
2024-02-13,28708.161,20927.4,4.31,4.44,310.967,3.9,563912300000000.0,118.84768138617,3.453,3.353,-0.13000000000000078,0.10000014
2024-02-14,28708.161,20927.4,4.27,4.38,310.967,3.9,563912300000000.0,118.84768138617,3.502,3.425,-0.11000000000000032,0.07700014
2024-02-15,28708.161,20927.4,4.24,4.36,310.967,3.9,563912300000000.0,118.84768138617,3.477,3.405,-0.1200000000000001,0.07200003
2024-02-16,28708.161,20927.4,4.3,4.43,310.967,3.9,563912300000000.0,118.84768138617,3.482,3.405,-0.1299999999999999,0.07700014
2024-02-19,28708.161,20927.4,4.3,4.43,310.967,3.9,563912300000000.0,118.84768138617,3.467,3.397,-0.1299999999999999,0.06999993
2024-02-20,28708.161,20927.4,4.27,4.38,310.967,3.9,563912300000000.0,118.84768138617,3.489,3.405,-0.11000000000000032,0.08400011
2024-02-21,28708.161,20927.4,4.32,4.43,310.967,3.9,563912300000000.0,118.84768138617,3.474,3.402,-0.10999999999999943,0.07200003
2024-02-22,28708.161,20927.4,4.33,4.49,310.967,3.9,563912300000000.0,118.84768138617,3.424,3.342,-0.16000000000000014,0.08200002
2024-02-23,28708.161,20927.4,4.26,4.45,310.967,3.9,563912300000000.0,118.84768138617,3.468,3.374,-0.1900000000000004,0.09399986
2024-02-26,28708.161,20927.4,4.28,4.48,310.967,3.9,563912300000000.0,118.84768138617,3.402,3.34,-0.20000000000000018,0.062000036
2024-02-27,28708.161,20927.4,4.31,4.5,310.967,3.9,563912300000000.0,118.84768138617,3.43,3.364,-0.1900000000000004,0.065999985
2024-02-28,28708.161,20927.4,4.27,4.44,310.967,3.9,563912300000000.0,118.84768138617,3.442,3.359,-0.17000000000000082,0.082999945
2024-02-29,28708.161,20927.4,4.25,4.43,310.967,3.9,563912300000000.0,118.84768138617,3.475,3.385,-0.17999999999999972,0.089999914
2024-03-04,28708.161,20973.9,4.22,4.39,312.345,3.9,563912300000000.0,118.84768138617,3.434,3.36,-0.16999999999999993,0.07400012
2024-03-05,28708.161,20973.9,4.13,4.32,312.345,3.9,563912300000000.0,118.84768138617,3.409,3.349,-0.1900000000000004,0.059999943
2024-03-06,28708.161,20973.9,4.11,4.32,312.345,3.9,563912300000000.0,118.84768138617,3.381,3.325,-0.20999999999999996,0.055999994
2024-03-07,28708.161,20973.9,4.09,4.28,312.345,3.9,563912300000000.0,118.84768138617,3.399,3.321,-0.1900000000000004,0.07799983
2024-03-08,28708.161,20973.9,4.09,4.25,312.345,3.9,563912300000000.0,118.84768138617,3.334,3.271,-0.16000000000000014,0.0630002
2024-03-11,28708.161,20973.9,4.1,4.26,312.345,3.9,563912300000000.0,118.84768138617,3.342,3.275,-0.16000000000000014,0.06699991
2024-03-12,28708.161,20973.9,4.16,4.33,312.345,3.9,563912300000000.0,118.84768138617,3.335,3.273,-0.16999999999999993,0.062000036
2024-03-13,28708.161,20973.9,4.19,4.37,312.345,3.9,563912300000000.0,118.84768138617,3.331,3.251,-0.17999999999999972,0.08000016
2024-03-14,28708.161,20973.9,4.29,4.46,312.345,3.9,563912300000000.0,118.84768138617,3.354,3.273,-0.16999999999999993,0.08100009
2024-03-15,28708.161,20973.9,4.31,4.51,312.345,3.9,563912300000000.0,118.84768138617,3.41,3.308,-0.20000000000000018,0.102
2024-03-18,28708.161,20973.9,4.34,4.52,312.345,3.9,563912300000000.0,118.84768138617,3.435,3.348,-0.17999999999999972,0.08699989
2024-03-19,28708.161,20973.9,4.3,4.47,312.345,3.9,563912300000000.0,118.84768138617,3.472,3.383,-0.16999999999999993,0.08899999
2024-03-20,28708.161,20973.9,4.27,4.41,312.345,3.9,563912300000000.0,118.84768138617,3.451,3.371,-0.14000000000000057,0.07999992
2024-03-21,28708.161,20973.9,4.27,4.42,312.345,3.9,563912300000000.0,118.84768138617,3.411,3.306,-0.15000000000000036,0.10500002
2024-03-22,28708.161,20973.9,4.22,4.36,312.345,3.9,563912300000000.0,118.84768138617,3.362,3.284,-0.14000000000000057,0.07800007
2024-03-25,28708.161,20973.9,4.25,4.39,312.345,3.9,563912300000000.0,118.84768138617,3.37,3.29,-0.13999999999999968,0.07999992
2024-03-26,28708.161,20973.9,4.24,4.38,312.345,3.9,563912300000000.0,118.84768138617,3.397,3.301,-0.13999999999999968,0.095999956
2024-03-27,28708.161,20973.9,4.2,4.36,312.345,3.9,563912300000000.0,118.84768138617,3.373,3.288,-0.16000000000000014,0.0849998
2024-03-28,28708.161,20973.9,4.2,4.4,312.345,3.9,563912300000000.0,118.84768138617,3.377,3.293,-0.20000000000000018,0.08400011
2024-03-29,28708.161,20973.9,4.2,4.4,312.345,3.9,563912300000000.0,118.84768138617,3.413,3.322,-0.20000000000000018,0.09100008
2024-04-01,29147.044,20959.7,4.33,4.51,313.023,3.9,563912300000000.0,118.84768138617,3.381,3.291,-0.17999999999999972,0.09000015
2024-04-02,29147.044,20959.7,4.36,4.51,313.023,3.9,563912300000000.0,118.84768138617,3.425,3.333,-0.14999999999999947,0.09200001
2024-04-03,29147.044,20959.7,4.36,4.48,313.023,3.9,563912300000000.0,118.84768138617,3.452,3.341,-0.1200000000000001,0.11099982
2024-04-04,29147.044,20959.7,4.31,4.46,313.023,3.9,563912300000000.0,118.84768138617,3.457,3.338,-0.15000000000000036,0.11899996
2024-04-05,29147.044,20959.7,4.39,4.54,313.023,3.9,563912300000000.0,118.84768138617,3.433,3.329,-0.15000000000000036,0.10400009
2024-04-08,29147.044,20959.7,4.42,4.6,313.023,3.9,563912300000000.0,118.84768138617,3.488,3.383,-0.17999999999999972,0.10500002
2024-04-09,29147.044,20959.7,4.36,4.52,313.023,3.9,563912300000000.0,118.84768138617,3.503,3.391,-0.15999999999999925,0.11199999
2024-04-11,29147.044,20959.7,4.56,4.77,313.023,3.9,563912300000000.0,118.84768138617,3.585,3.466,-0.20999999999999996,0.11899996
2024-04-12,29147.044,20959.7,4.5,4.7,313.023,3.9,563912300000000.0,118.84768138617,3.538,3.403,-0.20000000000000018,0.13499999
2024-04-15,29147.044,20959.7,4.63,4.78,313.023,3.9,563912300000000.0,118.84768138617,3.561,3.44,-0.15000000000000036,0.12100005
2024-04-16,29147.044,20959.7,4.67,4.83,313.023,3.9,563912300000000.0,118.84768138617,3.618,3.469,-0.16000000000000014,0.14899993
2024-04-17,29147.044,20959.7,4.59,4.77,313.023,3.9,563912300000000.0,118.84768138617,3.632,3.475,-0.17999999999999972,0.15700006
2024-04-18,29147.044,20959.7,4.64,4.83,313.023,3.9,563912300000000.0,118.84768138617,3.562,3.427,-0.1900000000000004,0.13499999
2024-04-19,29147.044,20959.7,4.62,4.81,313.023,3.9,563912300000000.0,118.84768138617,3.583,3.468,-0.1899999999999995,0.11500001
2024-04-22,29147.044,20959.7,4.62,4.81,313.023,3.9,563912300000000.0,118.84768138617,3.65,3.512,-0.1899999999999995,0.13800001
2024-04-23,29147.044,20959.7,4.61,4.76,313.023,3.9,563912300000000.0,118.84768138617,3.625,3.489,-0.14999999999999947,0.13599992
2024-04-24,29147.044,20959.7,4.65,4.78,313.023,3.9,563912300000000.0,118.84768138617,3.645,3.509,-0.1299999999999999,0.13599992
2024-04-25,29147.044,20959.7,4.7,4.85,313.023,3.9,563912300000000.0,118.84768138617,3.707,3.543,-0.14999999999999947,0.16400003
2024-04-26,29147.044,20959.7,4.67,4.84,313.023,3.9,563912300000000.0,118.84768138617,3.694,3.531,-0.16999999999999993,0.1630001
2024-04-29,29147.044,20959.7,4.63,4.8,313.023,3.9,563912300000000.0,118.84768138617,3.704,3.552,-0.16999999999999993,0.15199995
2024-04-30,29147.044,20959.7,4.69,4.87,313.023,3.9,563912300000000.0,118.84768138617,3.656,3.529,-0.17999999999999972,0.12699986
2024-05-02,29147.044,21020.6,4.58,4.71,313.175,3.9,563912300000000.0,118.84768138617,3.638,3.509,-0.1299999999999999,0.12899995
2024-05-03,29147.044,21020.6,4.5,4.63,313.175,3.9,563912300000000.0,118.84768138617,3.614,3.5,-0.1299999999999999,0.11400008
2024-05-07,29147.044,21020.6,4.47,4.6,313.175,3.9,563912300000000.0,118.84768138617,3.536,3.448,-0.1299999999999999,0.08800006
2024-05-08,29147.044,21020.6,4.48,4.63,313.175,3.9,563912300000000.0,118.84768138617,3.53,3.439,-0.14999999999999947,0.09100008
2024-05-09,29147.044,21020.6,4.45,4.6,313.175,3.9,563912300000000.0,118.84768138617,3.556,3.453,-0.14999999999999947,0.102999926
2024-05-10,29147.044,21020.6,4.5,4.65,313.175,3.9,563912300000000.0,118.84768138617,3.538,3.44,-0.15000000000000036,0.09800005
2024-05-13,29147.044,21020.6,4.48,4.66,313.175,3.9,563912300000000.0,118.84768138617,3.554,3.452,-0.17999999999999972,0.102
2024-05-14,29147.044,21020.6,4.45,4.62,313.175,3.9,563912300000000.0,118.84768138617,3.546,3.454,-0.16999999999999993,0.09200001
2024-05-16,29147.044,21020.6,4.38,4.58,313.175,3.9,563912300000000.0,118.84768138617,3.458,3.375,-0.20000000000000018,0.082999945
2024-05-17,29147.044,21020.6,4.42,4.6,313.175,3.9,563912300000000.0,118.84768138617,3.454,3.379,-0.17999999999999972,0.07500005
2024-05-20,29147.044,21020.6,4.44,4.62,313.175,3.9,563912300000000.0,118.84768138617,3.497,3.412,-0.17999999999999972,0.08500004
2024-05-21,29147.044,21020.6,4.41,4.61,313.175,3.9,563912300000000.0,118.84768138617,3.491,3.411,-0.20000000000000018,0.07999992
2024-05-22,29147.044,21020.6,4.43,4.64,313.175,3.9,563912300000000.0,118.84768138617,3.478,3.409,-0.20999999999999996,0.069000006
2024-05-23,29147.044,21020.6,4.47,4.71,313.175,3.9,563912300000000.0,118.84768138617,3.472,3.402,-0.2400000000000002,0.06999993
2024-05-24,29147.044,21020.6,4.46,4.71,313.175,3.9,563912300000000.0,118.84768138617,3.515,3.423,-0.25,0.09200001
2024-05-27,29147.044,21020.6,4.46,4.71,313.175,3.9,563912300000000.0,118.84768138617,3.498,3.413,-0.25,0.0849998
2024-05-28,29147.044,21020.6,4.54,4.75,313.175,3.9,563912300000000.0,118.84768138617,3.481,3.394,-0.20999999999999996,0.08699989
2024-05-29,29147.044,21020.6,4.61,4.79,313.175,3.9,563912300000000.0,118.84768138617,3.536,3.425,-0.17999999999999972,0.11100006
2024-05-30,29147.044,21020.6,4.55,4.74,313.175,3.9,563912300000000.0,118.84768138617,3.564,3.44,-0.1900000000000004,0.123999834
2024-05-31,29147.044,21020.6,4.51,4.69,313.175,3.9,563912300000000.0,118.84768138617,3.578,3.452,-0.1800000000000006,0.12600017
2024-06-03,29147.044,21068.4,4.41,4.62,313.044,4.1,563912300000000.0,118.84768138617,3.532,3.434,-0.20999999999999996,0.09800005
2024-06-04,29147.044,21068.4,4.33,4.55,313.044,4.1,563912300000000.0,118.84768138617,3.47,3.39,-0.21999999999999975,0.07999992
2024-06-05,29147.044,21068.4,4.29,4.5,313.044,4.1,563912300000000.0,118.84768138617,3.43,3.345,-0.20999999999999996,0.08500004
2024-06-07,29147.044,21068.4,4.43,4.65,313.044,4.1,563912300000000.0,118.84768138617,3.385,3.308,-0.22000000000000064,0.0769999
2024-06-10,29147.044,21068.4,4.47,4.62,313.044,4.1,563912300000000.0,118.84768138617,3.433,3.353,-0.15000000000000036,0.08000016
2024-06-11,29147.044,21068.4,4.39,4.57,313.044,4.1,563912300000000.0,118.84768138617,3.425,3.341,-0.1800000000000006,0.08399987
2024-06-12,29147.044,21068.4,4.31,4.48,313.044,4.1,563912300000000.0,118.84768138617,3.382,3.307,-0.17000000000000082,0.07500005
2024-06-13,29147.044,21068.4,4.24,4.42,313.044,4.1,563912300000000.0,118.84768138617,3.345,3.277,-0.17999999999999972,0.06800008
2024-06-14,29147.044,21068.4,4.2,4.41,313.044,4.1,563912300000000.0,118.84768138617,3.302,3.252,-0.20999999999999996,0.049999952
2024-06-17,29147.044,21068.4,4.28,4.5,313.044,4.1,563912300000000.0,118.84768138617,3.283,3.212,-0.21999999999999975,0.0710001
2024-06-18,29147.044,21068.4,4.22,4.43,313.044,4.1,563912300000000.0,118.84768138617,3.279,3.214,-0.20999999999999996,0.06500006
2024-06-19,29147.044,21068.4,4.22,4.43,313.044,4.1,563912300000000.0,118.84768138617,3.231,3.162,-0.20999999999999996,0.069000006
2024-06-20,29147.044,21068.4,4.25,4.45,313.044,4.1,563912300000000.0,118.84768138617,3.269,3.196,-0.20000000000000018,0.072999954
2024-06-21,29147.044,21068.4,4.25,4.45,313.044,4.1,563912300000000.0,118.84768138617,3.255,3.176,-0.20000000000000018,0.078999996
2024-06-24,29147.044,21068.4,4.25,4.46,313.044,4.1,563912300000000.0,118.84768138617,3.264,3.194,-0.20999999999999996,0.06999993
2024-06-25,29147.044,21068.4,4.23,4.45,313.044,4.1,563912300000000.0,118.84768138617,3.271,3.201,-0.21999999999999975,0.06999993
2024-06-26,29147.044,21068.4,4.32,4.53,313.044,4.1,563912300000000.0,118.84768138617,3.278,3.215,-0.20999999999999996,0.0630002
2024-06-27,29147.044,21068.4,4.29,4.49,313.044,4.1,563912300000000.0,118.84768138617,3.3,3.22,-0.20000000000000018,0.07999992
2024-06-28,29147.044,21068.4,4.36,4.52,313.044,4.1,563912300000000.0,118.84768138617,3.266,3.182,-0.15999999999999925,0.08400011
2024-07-01,29511.664,21095.3,4.48,4.58,313.569,4.2,563912300000000.0,118.84768138617,3.312,3.21,-0.09999999999999964,0.102
2024-07-02,29511.664,21095.3,4.43,4.54,313.569,4.2,563912300000000.0,118.84768138617,3.289,3.169,-0.11000000000000032,0.120000124
2024-07-03,29511.664,21095.3,4.36,4.48,313.569,4.2,563912300000000.0,118.84768138617,3.274,3.16,-0.1200000000000001,0.11399984
2024-07-04,29511.664,21095.3,4.36,4.48,313.569,4.2,563912300000000.0,118.84768138617,3.234,3.128,-0.1200000000000001,0.10599995
2024-07-05,29511.664,21095.3,4.28,4.39,313.569,4.2,563912300000000.0,118.84768138617,3.227,3.115,-0.10999999999999943,0.11199999
2024-07-08,29511.664,21095.3,4.28,4.4,313.569,4.2,563912300000000.0,118.84768138617,3.212,3.119,-0.1200000000000001,0.092999935
2024-07-09,29511.664,21095.3,4.3,4.37,313.569,4.2,563912300000000.0,118.84768138617,3.191,3.114,-0.07000000000000028,0.0769999
2024-07-10,29511.664,21095.3,4.28,4.38,313.569,4.2,563912300000000.0,118.84768138617,3.198,3.12,-0.09999999999999964,0.07800007
2024-07-11,29511.664,21095.3,4.2,4.26,313.569,4.2,563912300000000.0,118.84768138617,3.234,3.163,-0.05999999999999961,0.07099986
2024-07-12,29511.664,21095.3,4.18,4.22,313.569,4.2,563912300000000.0,118.84768138617,3.177,3.101,-0.040000000000000036,0.075999975
2024-07-15,29511.664,21095.3,4.23,4.23,313.569,4.2,563912300000000.0,118.84768138617,3.177,3.076,0.0,0.10100007
2024-07-16,29511.664,21095.3,4.17,4.21,313.569,4.2,563912300000000.0,118.84768138617,3.137,3.035,-0.040000000000000036,0.102
2024-07-17,29511.664,21095.3,4.16,4.19,313.569,4.2,563912300000000.0,118.84768138617,3.139,3.05,-0.03000000000000025,0.08899999
2024-07-18,29511.664,21095.3,4.2,4.24,313.569,4.2,563912300000000.0,118.84768138617,3.138,3.058,-0.040000000000000036,0.07999992
2024-07-19,29511.664,21095.3,4.25,4.28,313.569,4.2,563912300000000.0,118.84768138617,3.156,3.074,-0.03000000000000025,0.08200002
2024-07-22,29511.664,21095.3,4.26,4.29,313.569,4.2,563912300000000.0,118.84768138617,3.145,3.071,-0.03000000000000025,0.07399988
2024-07-23,29511.664,21095.3,4.25,4.26,313.569,4.2,563912300000000.0,118.84768138617,3.171,3.084,-0.009999999999999787,0.08699989
2024-07-24,29511.664,21095.3,4.28,4.24,313.569,4.2,563912300000000.0,118.84768138617,3.131,3.046,0.040000000000000036,0.08500004
2024-07-25,29511.664,21095.3,4.27,4.26,313.569,4.2,563912300000000.0,118.84768138617,3.128,3.024,0.009999999999999787,0.10400009
2024-07-26,29511.664,21095.3,4.2,4.2,313.569,4.2,563912300000000.0,118.84768138617,3.108,3.024,0.0,0.08400011
2024-07-29,29511.664,21095.3,4.17,4.19,313.569,4.2,563912300000000.0,118.84768138617,3.046,2.978,-0.020000000000000462,0.06800008
2024-07-30,29511.664,21095.3,4.15,4.16,313.569,4.2,563912300000000.0,118.84768138617,3.052,2.994,-0.009999999999999787,0.058000088
2024-07-31,29511.664,21095.3,4.09,4.1,313.569,4.2,563912300000000.0,118.84768138617,3.064,3.004,-0.009999999999999787,0.059999943
2024-08-01,29511.664,21186.8,3.99,3.96,314.062,4.2,563912300000000.0,118.84768138617,3.01,2.976,0.03000000000000025,0.03399992
2024-08-02,29511.664,21186.8,3.8,3.7,314.062,4.2,563912300000000.0,118.84768138617,2.976,2.939,0.09999999999999964,0.03700018
2024-08-05,29511.664,21186.8,3.78,3.71,314.062,4.2,563912300000000.0,118.84768138617,2.878,2.806,0.06999999999999984,0.07200003
2024-08-06,29511.664,21186.8,3.9,3.76,314.062,4.2,563912300000000.0,118.84768138617,2.993,2.935,0.14000000000000012,0.058000088
2024-08-07,29511.664,21186.8,3.96,3.81,314.062,4.2,563912300000000.0,118.84768138617,3.001,2.929,0.1499999999999999,0.07200003
2024-08-08,29511.664,21186.8,3.99,3.86,314.062,4.2,563912300000000.0,118.84768138617,2.997,2.911,0.13000000000000034,0.085999966
2024-08-09,29511.664,21186.8,3.94,3.86,314.062,4.2,563912300000000.0,118.84768138617,3.012,2.941,0.08000000000000007,0.0710001
2024-08-12,29511.664,21186.8,3.9,3.82,314.062,4.2,563912300000000.0,118.84768138617,3.0,2.946,0.08000000000000007,0.0539999
2024-08-13,29511.664,21186.8,3.85,3.75,314.062,4.2,563912300000000.0,118.84768138617,2.974,2.918,0.10000000000000009,0.055999994
2024-08-14,29511.664,21186.8,3.83,3.76,314.062,4.2,563912300000000.0,118.84768138617,2.945,2.888,0.07000000000000028,0.05699992
2024-08-16,29511.664,21186.8,3.89,3.87,314.062,4.2,563912300000000.0,118.84768138617,2.973,2.928,0.020000000000000018,0.045000076
2024-08-19,29511.664,21186.8,3.86,3.86,314.062,4.2,563912300000000.0,118.84768138617,2.985,2.927,0.0,0.05799985
2024-08-20,29511.664,21186.8,3.82,3.8,314.062,4.2,563912300000000.0,118.84768138617,2.999,2.944,0.020000000000000018,0.055000067
2024-08-21,29511.664,21186.8,3.79,3.74,314.062,4.2,563912300000000.0,118.84768138617,2.997,2.94,0.04999999999999982,0.05699992
2024-08-22,29511.664,21186.8,3.86,3.82,314.062,4.2,563912300000000.0,118.84768138617,2.98,2.907,0.040000000000000036,0.072999954
2024-08-23,29511.664,21186.8,3.81,3.73,314.062,4.2,563912300000000.0,118.84768138617,3.005,2.92,0.08000000000000007,0.08500004
2024-08-26,29511.664,21186.8,3.82,3.74,314.062,4.2,563912300000000.0,118.84768138617,2.974,2.89,0.07999999999999963,0.08399987
2024-08-27,29511.664,21186.8,3.83,3.72,314.062,4.2,563912300000000.0,118.84768138617,3.073,2.94,0.10999999999999988,0.1329999
2024-08-28,29511.664,21186.8,3.84,3.72,314.062,4.2,563912300000000.0,118.84768138617,3.054,2.919,0.11999999999999966,0.13499999
2024-08-29,29511.664,21186.8,3.87,3.76,314.062,4.2,563912300000000.0,118.84768138617,3.075,2.939,0.11000000000000032,0.13600016
2024-08-30,29511.664,21186.8,3.91,3.79,314.062,4.2,563912300000000.0,118.84768138617,3.088,2.953,0.1200000000000001,0.13499999
2024-09-02,29511.664,21269.5,3.91,3.79,314.732,4.1,563912300000000.0,118.84768138617,3.121,2.989,0.1200000000000001,0.13199997
2024-09-03,29511.664,21269.5,3.84,3.73,314.732,4.1,563912300000000.0,118.84768138617,3.12,2.981,0.10999999999999988,0.13899994
2024-09-04,29511.664,21269.5,3.77,3.63,314.732,4.1,563912300000000.0,118.84768138617,3.052,2.931,0.14000000000000012,0.12100005
2024-09-05,29511.664,21269.5,3.73,3.61,314.732,4.1,563912300000000.0,118.84768138617,3.03,2.905,0.1200000000000001,0.125
2024-09-06,29511.664,21269.5,3.72,3.54,314.732,4.1,563912300000000.0,118.84768138617,2.99,2.881,0.18000000000000016,0.10899997
2024-09-09,29511.664,21269.5,3.7,3.54,314.732,4.1,563912300000000.0,118.84768138617,3.032,2.897,0.16000000000000014,0.13499999
2024-09-10,29511.664,21269.5,3.65,3.42,314.732,4.1,563912300000000.0,118.84768138617,3.01,2.877,0.22999999999999998,0.1329999
2024-09-11,29511.664,21269.5,3.65,3.45,314.732,4.1,563912300000000.0,118.84768138617,2.943,2.82,0.19999999999999973,0.123000145
2024-09-12,29511.664,21269.5,3.68,3.47,314.732,4.1,563912300000000.0,118.84768138617,2.97,2.866,0.20999999999999996,0.10400009
2024-09-13,29511.664,21269.5,3.66,3.42,314.732,4.1,563912300000000.0,118.84768138617,2.928,2.822,0.2400000000000002,0.10599995
2024-09-19,29511.664,21269.5,3.73,3.47,314.732,4.1,563912300000000.0,118.84768138617,2.979,2.843,0.2599999999999998,0.13600016
2024-09-20,29511.664,21269.5,3.73,3.46,314.732,4.1,563912300000000.0,118.84768138617,2.989,2.838,0.27,0.15100002
2024-09-23,29511.664,21269.5,3.75,3.47,314.732,4.1,563912300000000.0,118.84768138617,3.022,2.864,0.2799999999999998,0.15799999
2024-09-24,29511.664,21269.5,3.74,3.44,314.732,4.1,563912300000000.0,118.84768138617,3.026,2.854,0.30000000000000027,0.17199993
2024-09-25,29511.664,21269.5,3.79,3.49,314.732,4.1,563912300000000.0,118.84768138617,2.997,2.812,0.2999999999999998,0.18499994
2024-09-26,29511.664,21269.5,3.79,3.54,314.732,4.1,563912300000000.0,118.84768138617,3.001,2.807,0.25,0.194
2024-09-27,29511.664,21269.5,3.75,3.49,314.732,4.1,563912300000000.0,118.84768138617,3.0,2.826,0.2599999999999998,0.17400002
2024-09-30,29511.664,21269.5,3.81,3.58,314.732,4.1,563912300000000.0,118.84768138617,2.992,2.811,0.22999999999999998,0.181
2024-10-02,29825.182,21331.9,3.79,3.54,315.631,4.1,563912300000000.0,118.84768138617,2.932,2.78,0.25,0.15199995
2024-10-04,29825.182,21331.9,3.98,3.84,315.631,4.1,563912300000000.0,118.84768138617,2.996,2.824,0.14000000000000012,0.17200017
2024-10-07,29825.182,21331.9,4.03,3.89,315.631,4.1,563912300000000.0,118.84768138617,3.101,2.96,0.14000000000000012,0.14100003
2024-10-08,29825.182,21331.9,4.04,3.86,315.631,4.1,563912300000000.0,118.84768138617,3.077,2.932,0.18000000000000016,0.14499998
2024-10-10,29825.182,21331.9,4.09,3.88,315.631,4.1,563912300000000.0,118.84768138617,3.088,2.962,0.20999999999999996,0.12600017
2024-10-11,29825.182,21331.9,4.08,3.85,315.631,4.1,563912300000000.0,118.84768138617,3.085,2.947,0.22999999999999998,0.13800001
2024-10-14,29825.182,21331.9,4.08,3.85,315.631,4.1,563912300000000.0,118.84768138617,3.087,2.938,0.22999999999999998,0.14899993
2024-10-15,29825.182,21331.9,4.03,3.86,315.631,4.1,563912300000000.0,118.84768138617,3.05,2.906,0.17000000000000037,0.14400005
2024-10-16,29825.182,21331.9,4.02,3.84,315.631,4.1,563912300000000.0,118.84768138617,3.008,2.88,0.17999999999999972,0.12799978
2024-10-17,29825.182,21331.9,4.09,3.89,315.631,4.1,563912300000000.0,118.84768138617,3.028,2.897,0.19999999999999973,0.13100004
2024-10-18,29825.182,21331.9,4.08,3.86,315.631,4.1,563912300000000.0,118.84768138617,3.072,2.908,0.2200000000000002,0.16400003
2024-10-21,29825.182,21331.9,4.19,3.95,315.631,4.1,563912300000000.0,118.84768138617,3.054,2.902,0.2400000000000002,0.15199995
2024-10-22,29825.182,21331.9,4.2,3.98,315.631,4.1,563912300000000.0,118.84768138617,3.13,2.943,0.2200000000000002,0.18700004
2024-10-23,29825.182,21331.9,4.24,4.03,315.631,4.1,563912300000000.0,118.84768138617,3.128,2.936,0.20999999999999996,0.19199991
2024-10-24,29825.182,21331.9,4.21,4.02,315.631,4.1,563912300000000.0,118.84768138617,3.074,2.891,0.1900000000000004,0.18299985
2024-10-25,29825.182,21331.9,4.25,4.05,315.631,4.1,563912300000000.0,118.84768138617,3.054,2.882,0.20000000000000018,0.17199993
2024-10-28,29825.182,21331.9,4.28,4.09,315.631,4.1,563912300000000.0,118.84768138617,3.117,2.932,0.1900000000000004,0.18500018
2024-10-29,29825.182,21331.9,4.28,4.08,315.631,4.1,563912300000000.0,118.84768138617,3.118,2.936,0.20000000000000018,0.18199992
2024-10-30,29825.182,21331.9,4.29,4.14,315.631,4.1,563912300000000.0,118.84768138617,3.105,2.937,0.15000000000000036,0.16799998
2024-10-31,29825.182,21331.9,4.28,4.12,315.631,4.1,563912300000000.0,118.84768138617,3.1,2.936,0.16000000000000014,0.1639998
2024-11-01,29825.182,21452.2,4.37,4.18,316.528,4.2,563912300000000.0,118.84768138617,3.09,2.939,0.1900000000000004,0.15100002
2024-11-04,29825.182,21452.2,4.31,4.1,316.528,4.2,563912300000000.0,118.84768138617,3.096,2.935,0.20999999999999996,0.16100001
2024-11-05,29825.182,21452.2,4.26,4.11,316.528,4.2,563912300000000.0,118.84768138617,3.073,2.918,0.14999999999999947,0.15499997
2024-11-06,29825.182,21452.2,4.42,4.2,316.528,4.2,563912300000000.0,118.84768138617,3.134,2.96,0.21999999999999975,0.17400002
2024-11-07,29825.182,21452.2,4.31,4.13,316.528,4.2,563912300000000.0,118.84768138617,3.098,2.922,0.17999999999999972,0.17600012
2024-11-08,29825.182,21452.2,4.3,4.18,316.528,4.2,563912300000000.0,118.84768138617,3.049,2.889,0.1200000000000001,0.16000009
2024-11-11,29825.182,21452.2,4.3,4.18,316.528,4.2,563912300000000.0,118.84768138617,3.038,2.901,0.1200000000000001,0.13700008
2024-11-12,29825.182,21452.2,4.43,4.29,316.528,4.2,563912300000000.0,118.84768138617,3.014,2.9,0.13999999999999968,0.11399984
2024-11-13,29825.182,21452.2,4.44,4.25,316.528,4.2,563912300000000.0,118.84768138617,3.067,2.939,0.1900000000000004,0.12800002
2024-11-14,29825.182,21452.2,4.43,4.3,316.528,4.2,563912300000000.0,118.84768138617,3.074,2.929,0.1299999999999999,0.14499998
2024-11-15,29825.182,21452.2,4.43,4.27,316.528,4.2,563912300000000.0,118.84768138617,3.084,2.941,0.16000000000000014,0.14300013
2024-11-18,29825.182,21452.2,4.42,4.25,316.528,4.2,563912300000000.0,118.84768138617,3.063,2.915,0.16999999999999993,0.148
2024-11-19,29825.182,21452.2,4.39,4.24,316.528,4.2,563912300000000.0,118.84768138617,3.036,2.889,0.14999999999999947,0.14700007
2024-11-20,29825.182,21452.2,4.41,4.26,316.528,4.2,563912300000000.0,118.84768138617,3.017,2.873,0.15000000000000036,0.14400005
2024-11-21,29825.182,21452.2,4.43,4.3,316.528,4.2,563912300000000.0,118.84768138617,2.978,2.829,0.1299999999999999,0.14899993
2024-11-22,29825.182,21452.2,4.41,4.32,316.528,4.2,563912300000000.0,118.84768138617,2.976,2.816,0.08999999999999986,0.16000009
2024-11-25,29825.182,21452.2,4.27,4.21,316.528,4.2,563912300000000.0,118.84768138617,2.92,2.773,0.05999999999999961,0.14700007
2024-11-26,29825.182,21452.2,4.3,4.21,316.528,4.2,563912300000000.0,118.84768138617,2.903,2.773,0.08999999999999986,0.13000011
2024-11-27,29825.182,21452.2,4.25,4.17,316.528,4.2,563912300000000.0,118.84768138617,2.88,2.741,0.08000000000000007,0.13900018
2024-11-28,29825.182,21452.2,4.25,4.17,316.528,4.2,563912300000000.0,118.84768138617,2.788,2.638,0.08000000000000007,0.1500001
2024-11-29,29825.182,21452.2,4.18,4.1,316.528,4.2,563912300000000.0,118.84768138617,2.751,2.607,0.08000000000000007,0.14399981
2024-12-02,29825.182,21485.9,4.19,4.11,317.604,4.1,563912300000000.0,118.84768138617,2.697,2.567,0.08000000000000007,0.13000011
2024-12-03,29825.182,21485.9,4.23,4.13,317.604,4.1,563912300000000.0,118.84768138617,2.713,2.585,0.10000000000000053,0.12800002
2024-12-04,29825.182,21485.9,4.19,4.09,317.604,4.1,563912300000000.0,118.84768138617,2.765,2.626,0.10000000000000053,0.13900018
2024-12-05,29825.182,21485.9,4.17,4.1,317.604,4.1,563912300000000.0,118.84768138617,2.738,2.603,0.07000000000000028,0.13499999
2024-12-06,29825.182,21485.9,4.15,4.05,317.604,4.1,563912300000000.0,118.84768138617,2.744,2.62,0.10000000000000053,0.12400007
2024-12-09,29825.182,21485.9,4.2,4.09,317.604,4.1,563912300000000.0,118.84768138617,2.677,2.579,0.11000000000000032,0.09800005
2024-12-10,29825.182,21485.9,4.22,4.08,317.604,4.1,563912300000000.0,118.84768138617,2.645,2.524,0.13999999999999968,0.12100005
2024-12-11,29825.182,21485.9,4.26,4.09,317.604,4.1,563912300000000.0,118.84768138617,2.692,2.536,0.16999999999999993,0.1559999
2024-12-12,29825.182,21485.9,4.32,4.14,317.604,4.1,563912300000000.0,118.84768138617,2.7,2.549,0.1800000000000006,0.15100002
2024-12-13,29825.182,21485.9,4.4,4.21,317.604,4.1,563912300000000.0,118.84768138617,2.676,2.541,0.1900000000000004,0.13500023
2024-12-16,29825.182,21485.9,4.39,4.22,317.604,4.1,563912300000000.0,118.84768138617,2.721,2.553,0.16999999999999993,0.16799998
2024-12-17,29825.182,21485.9,4.4,4.22,317.604,4.1,563912300000000.0,118.84768138617,2.79,2.621,0.1800000000000006,0.16899991
2024-12-18,29825.182,21485.9,4.5,4.35,317.604,4.1,563912300000000.0,118.84768138617,2.738,2.536,0.15000000000000036,0.2019999
2024-12-19,29825.182,21485.9,4.57,4.35,317.604,4.1,563912300000000.0,118.84768138617,2.814,2.603,0.22000000000000064,0.21099997
2024-12-20,29825.182,21485.9,4.52,4.32,317.604,4.1,563912300000000.0,118.84768138617,2.873,2.629,0.1999999999999993,0.24399996
2024-12-23,29825.182,21485.9,4.59,4.36,317.604,4.1,563912300000000.0,118.84768138617,2.844,2.616,0.22999999999999954,0.22800016
2024-12-24,29825.182,21485.9,4.59,4.36,317.604,4.1,563912300000000.0,118.84768138617,2.876,2.626,0.22999999999999954,0.25
2024-12-26,29825.182,21485.9,4.58,4.35,317.604,4.1,563912300000000.0,118.84768138617,2.904,2.648,0.23000000000000043,0.25600004
2024-12-27,29825.182,21485.9,4.62,4.36,317.604,4.1,563912300000000.0,118.84768138617,2.876,2.634,0.2599999999999998,0.24199986
2024-12-30,29825.182,21485.9,4.55,4.29,317.604,4.1,563912300000000.0,118.84768138617,2.855,2.597,0.2599999999999998,0.25800014
2025-01-02,30042.113,21548.1,4.57,4.29,318.961,4.0,563912300000000.0,118.84768138617,2.749,2.507,0.28000000000000025,0.2420001
2025-01-03,30042.113,21548.1,4.6,4.32,318.961,4.0,563912300000000.0,118.84768138617,2.754,2.482,0.27999999999999936,0.27199984
2025-01-06,30042.113,21548.1,4.62,4.3,318.961,4.0,563912300000000.0,118.84768138617,2.817,2.524,0.3200000000000003,0.29299998
2025-01-07,30042.113,21548.1,4.67,4.33,318.961,4.0,563912300000000.0,118.84768138617,2.794,2.508,0.33999999999999986,0.286
2025-01-08,30042.113,21548.1,4.67,4.31,318.961,4.0,563912300000000.0,118.84768138617,2.796,2.505,0.3600000000000003,0.2909999
2025-01-09,30042.113,21548.1,4.68,4.31,318.961,4.0,563912300000000.0,118.84768138617,2.778,2.5,0.3700000000000001,0.27800012
2025-01-10,30042.113,21548.1,4.77,4.46,318.961,4.0,563912300000000.0,118.84768138617,2.837,2.561,0.3099999999999996,0.27599978
2025-01-13,30042.113,21548.1,4.79,4.49,318.961,4.0,563912300000000.0,118.84768138617,2.871,2.664,0.2999999999999998,0.20700002
2025-01-14,30042.113,21548.1,4.78,4.46,318.961,4.0,563912300000000.0,118.84768138617,2.841,2.646,0.3200000000000003,0.19500017
2025-01-15,30042.113,21548.1,4.66,4.34,318.961,4.0,563912300000000.0,118.84768138617,2.86,2.675,0.3200000000000003,0.18499994
2025-01-16,30042.113,21548.1,4.61,4.29,318.961,4.0,563912300000000.0,118.84768138617,2.802,2.626,0.3200000000000003,0.17600012
2025-01-17,30042.113,21548.1,4.61,4.33,318.961,4.0,563912300000000.0,118.84768138617,2.813,2.588,0.28000000000000025,0.2249999
2025-01-20,30042.113,21548.1,4.61,4.33,318.961,4.0,563912300000000.0,118.84768138617,2.868,2.623,0.28000000000000025,0.24500012
2025-01-21,30042.113,21548.1,4.57,4.33,318.961,4.0,563912300000000.0,118.84768138617,2.818,2.579,0.2400000000000002,0.23900008
2025-01-22,30042.113,21548.1,4.6,4.34,318.961,4.0,563912300000000.0,118.84768138617,2.827,2.577,0.2599999999999998,0.25
2025-01-23,30042.113,21548.1,4.65,4.35,318.961,4.0,563912300000000.0,118.84768138617,2.837,2.578,0.3000000000000007,0.25899982
2025-01-24,30042.113,21548.1,4.63,4.33,318.961,4.0,563912300000000.0,118.84768138617,2.859,2.57,0.2999999999999998,0.28900003
2025-01-31,30042.113,21548.1,4.58,4.27,318.961,4.0,563912300000000.0,118.84768138617,2.859,2.573,0.3100000000000005,0.286
2025-02-03,30042.113,21613.5,4.54,4.28,319.679,4.2,563912300000000.0,118.84768138617,2.835,2.572,0.2599999999999998,0.263
2025-02-04,30042.113,21613.5,4.52,4.25,319.679,4.2,563912300000000.0,118.84768138617,2.844,2.584,0.2699999999999996,0.26
2025-02-05,30042.113,21613.5,4.43,4.19,319.679,4.2,563912300000000.0,118.84768138617,2.818,2.578,0.23999999999999932,0.24000001
2025-02-06,30042.113,21613.5,4.45,4.23,319.679,4.2,563912300000000.0,118.84768138617,2.796,2.582,0.21999999999999975,0.21399999
2025-02-07,30042.113,21613.5,4.49,4.31,319.679,4.2,563912300000000.0,118.84768138617,2.836,2.635,0.1800000000000006,0.20099998
2025-02-10,30042.113,21613.5,4.51,4.3,319.679,4.2,563912300000000.0,118.84768138617,2.83,2.638,0.20999999999999996,0.19199991
2025-02-11,30042.113,21613.5,4.54,4.28,319.679,4.2,563912300000000.0,118.84768138617,2.849,2.633,0.2599999999999998,0.21600008
2025-02-12,30042.113,21613.5,4.62,4.37,319.679,4.2,563912300000000.0,118.84768138617,2.879,2.651,0.25,0.22799993
2025-02-13,30042.113,21613.5,4.52,4.31,319.679,4.2,563912300000000.0,118.84768138617,2.872,2.631,0.20999999999999996,0.24099994
2025-02-14,30042.113,21613.5,4.47,4.26,319.679,4.2,563912300000000.0,118.84768138617,2.846,2.611,0.20999999999999996,0.2349999
2025-02-17,30042.113,21613.5,4.47,4.26,319.679,4.2,563912300000000.0,118.84768138617,2.869,2.623,0.20999999999999996,0.24600005
2025-02-18,30042.113,21613.5,4.55,4.33,319.679,4.2,563912300000000.0,118.84768138617,2.878,2.641,0.21999999999999975,0.23699999
2025-02-19,30042.113,21613.5,4.53,4.3,319.679,4.2,563912300000000.0,118.84768138617,2.873,2.63,0.23000000000000043,0.24299979
2025-02-20,30042.113,21613.5,4.5,4.27,319.679,4.2,563912300000000.0,118.84768138617,2.888,2.628,0.23000000000000043,0.26
2025-02-21,30042.113,21613.5,4.42,4.19,319.679,4.2,563912300000000.0,118.84768138617,2.856,2.618,0.22999999999999954,0.23799992
2025-02-24,30042.113,21613.5,4.4,4.17,319.679,4.2,563912300000000.0,118.84768138617,2.825,2.61,0.23000000000000043,0.21500015
2025-02-25,30042.113,21613.5,4.3,4.08,319.679,4.2,563912300000000.0,118.84768138617,2.797,2.596,0.21999999999999975,0.20099998
2025-02-26,30042.113,21613.5,4.25,4.04,319.679,4.2,563912300000000.0,118.84768138617,2.752,2.591,0.20999999999999996,0.16100001
2025-02-27,30042.113,21613.5,4.29,4.05,319.679,4.2,563912300000000.0,118.84768138617,2.754,2.592,0.2400000000000002,0.16199994
2025-02-28,30042.113,21613.5,4.24,3.99,319.679,4.2,563912300000000.0,118.84768138617,2.706,2.566,0.25,0.1400001
2025-03-04,30042.113,21693.6,4.22,3.94,319.785,4.2,563912300000000.0,118.84768138617,2.703,2.541,0.2799999999999998,0.16200018
2025-03-05,30042.113,21693.6,4.28,4.01,319.785,4.2,563912300000000.0,118.84768138617,2.773,2.565,0.27000000000000046,0.20799994
2025-03-06,30042.113,21693.6,4.29,3.98,319.785,4.2,563912300000000.0,118.84768138617,2.806,2.594,0.31000000000000005,0.2119999
2025-03-07,30042.113,21693.6,4.32,4.01,319.785,4.2,563912300000000.0,118.84768138617,2.773,2.565,0.3100000000000005,0.20799994
2025-03-10,30042.113,21693.6,4.22,3.91,319.785,4.2,563912300000000.0,118.84768138617,2.801,2.596,0.3099999999999996,0.20500016
2025-03-11,30042.113,21693.6,4.28,3.92,319.785,4.2,563912300000000.0,118.84768138617,2.76,2.56,0.3600000000000003,0.20000005
2025-03-12,30042.113,21693.6,4.32,3.98,319.785,4.2,563912300000000.0,118.84768138617,2.763,2.55,0.3400000000000003,0.21300006
2025-03-13,30042.113,21693.6,4.27,3.93,319.785,4.2,563912300000000.0,118.84768138617,2.77,2.57,0.3399999999999994,0.20000005
2025-03-14,30042.113,21693.6,4.31,4.0,319.785,4.2,563912300000000.0,118.84768138617,2.813,2.596,0.3099999999999996,0.21700001
2025-03-17,30042.113,21693.6,4.31,4.03,319.785,4.2,563912300000000.0,118.84768138617,2.805,2.601,0.27999999999999936,0.204
2025-03-18,30042.113,21693.6,4.29,4.01,319.785,4.2,563912300000000.0,118.84768138617,2.788,2.598,0.28000000000000025,0.19000006
2025-03-19,30042.113,21693.6,4.25,3.95,319.785,4.2,563912300000000.0,118.84768138617,2.811,2.621,0.2999999999999998,0.19000006
2025-03-20,30042.113,21693.6,4.24,3.93,319.785,4.2,563912300000000.0,118.84768138617,2.792,2.598,0.31000000000000005,0.194
2025-03-21,30042.113,21693.6,4.25,3.92,319.785,4.2,563912300000000.0,118.84768138617,2.805,2.597,0.33000000000000007,0.20800018
2025-03-24,30042.113,21693.6,4.34,4.01,319.785,4.2,563912300000000.0,118.84768138617,2.816,2.604,0.33000000000000007,0.2119999
2025-03-25,30042.113,21693.6,4.31,3.98,319.785,4.2,563912300000000.0,118.84768138617,2.821,2.612,0.3299999999999996,0.20900011
2025-03-26,30042.113,21693.6,4.35,4.01,319.785,4.2,563912300000000.0,118.84768138617,2.839,2.618,0.33999999999999986,0.22099996
2025-03-27,30042.113,21693.6,4.38,4.0,319.785,4.2,563912300000000.0,118.84768138617,2.838,2.622,0.3799999999999999,0.21600008
2025-03-28,30042.113,21693.6,4.27,3.91,319.785,4.2,563912300000000.0,118.84768138617,2.842,2.629,0.35999999999999943,0.21300006
2025-03-31,30042.113,21693.6,4.23,3.89,319.785,4.2,563912300000000.0,118.84768138617,2.771,2.569,0.3400000000000003,0.2019999
2025-04-01,30485.729,21775.6,4.17,3.85,320.302,4.2,563912300000000.0,118.84768138617,2.787,2.581,0.31999999999999984,0.20599985
2025-04-02,30485.729,21775.6,4.2,3.89,320.302,4.2,563912300000000.0,118.84768138617,2.767,2.584,0.31000000000000005,0.18299985
2025-04-03,30485.729,21775.6,4.06,3.68,320.302,4.2,563912300000000.0,118.84768138617,2.738,2.529,0.37999999999999945,0.20899987
2025-04-04,30485.729,21775.6,4.01,3.66,320.302,4.2,563912300000000.0,118.84768138617,2.692,2.461,0.34999999999999964,0.23099995
2025-04-07,30485.729,21775.6,4.15,3.72,320.302,4.2,563912300000000.0,118.84768138617,2.648,2.405,0.43000000000000016,0.24300003
2025-04-08,30485.729,21775.6,4.26,3.71,320.302,4.2,563912300000000.0,118.84768138617,2.686,2.413,0.5499999999999998,0.273
2025-04-09,30485.729,21775.6,4.34,3.91,320.302,4.2,563912300000000.0,118.84768138617,2.732,2.434,0.4299999999999997,0.2980001
2025-04-10,30485.729,21775.6,4.4,3.85,320.302,4.2,563912300000000.0,118.84768138617,2.702,2.437,0.5500000000000003,0.26499987
2025-04-11,30485.729,21775.6,4.48,3.98,320.302,4.2,563912300000000.0,118.84768138617,2.696,2.411,0.5000000000000004,0.2850001
2025-04-14,30485.729,21775.6,4.38,3.87,320.302,4.2,563912300000000.0,118.84768138617,2.691,2.408,0.5099999999999998,0.283
2025-04-15,30485.729,21775.6,4.35,3.85,320.302,4.2,563912300000000.0,118.84768138617,2.664,2.399,0.49999999999999956,0.2650001
2025-04-16,30485.729,21775.6,4.29,3.77,320.302,4.2,563912300000000.0,118.84768138617,2.629,2.351,0.52,0.27799988
2025-04-17,30485.729,21775.6,4.34,3.82,320.302,4.2,563912300000000.0,118.84768138617,2.645,2.385,0.52,0.26
2025-04-18,30485.729,21775.6,4.34,3.82,320.302,4.2,563912300000000.0,118.84768138617,2.62,2.362,0.52,0.2579999
2025-04-21,30485.729,21775.6,4.42,3.77,320.302,4.2,563912300000000.0,118.84768138617,2.602,2.331,0.6499999999999999,0.2709999
2025-04-22,30485.729,21775.6,4.41,3.82,320.302,4.2,563912300000000.0,118.84768138617,2.621,2.33,0.5900000000000003,0.29100013
2025-04-23,30485.729,21775.6,4.4,3.87,320.302,4.2,563912300000000.0,118.84768138617,2.598,2.337,0.5300000000000002,0.26100016
2025-04-24,30485.729,21775.6,4.32,3.8,320.302,4.2,563912300000000.0,118.84768138617,2.623,2.341,0.5200000000000005,0.28199983
2025-04-25,30485.729,21775.6,4.29,3.76,320.302,4.2,563912300000000.0,118.84768138617,2.576,2.305,0.5300000000000002,0.2709999
2025-04-28,30485.729,21775.6,4.23,3.67,320.302,4.2,563912300000000.0,118.84768138617,2.588,2.316,0.5600000000000005,0.27200007
2025-04-29,30485.729,21775.6,4.19,3.65,320.302,4.2,563912300000000.0,118.84768138617,2.603,2.31,0.5400000000000005,0.29299998
2025-04-30,30485.729,21775.6,4.17,3.58,320.302,4.2,563912300000000.0,118.84768138617,2.563,2.267,0.5899999999999999,0.296
2025-05-02,30485.729,21833.9,4.33,3.82,320.62,4.3,563912300000000.0,118.84768138617,2.593,2.282,0.5100000000000002,0.31099987
2025-05-07,30485.729,21833.9,4.26,3.72,320.62,4.3,563912300000000.0,118.84768138617,2.603,2.253,0.5399999999999996,0.3499999
2025-05-08,30485.729,21833.9,4.37,3.85,320.62,4.3,563912300000000.0,118.84768138617,2.622,2.281,0.52,0.34100008
2025-05-09,30485.729,21833.9,4.37,3.85,320.62,4.3,563912300000000.0,118.84768138617,2.67,2.331,0.52,0.339
2025-05-12,30485.729,21833.9,4.45,3.97,320.62,4.3,563912300000000.0,118.84768138617,2.685,2.33,0.48,0.35500002
2025-05-13,30485.729,21833.9,4.49,4.0,320.62,4.3,563912300000000.0,118.84768138617,2.722,2.37,0.4900000000000002,0.352
2025-05-14,30485.729,21833.9,4.53,4.05,320.62,4.3,563912300000000.0,118.84768138617,2.718,2.351,0.4800000000000004,0.36699986
2025-05-15,30485.729,21833.9,4.45,3.95,320.62,4.3,563912300000000.0,118.84768138617,2.727,2.362,0.5,0.365
2025-05-16,30485.729,21833.9,4.43,3.95,320.62,4.3,563912300000000.0,118.84768138617,2.676,2.319,0.47999999999999954,0.3570001
2025-05-19,30485.729,21833.9,4.46,3.95,320.62,4.3,563912300000000.0,118.84768138617,2.747,2.366,0.5099999999999998,0.38100004
2025-05-20,30485.729,21833.9,4.48,3.95,320.62,4.3,563912300000000.0,118.84768138617,2.713,2.33,0.5300000000000002,0.38300014
2025-05-21,30485.729,21833.9,4.58,4.0,320.62,4.3,563912300000000.0,118.84768138617,2.76,2.345,0.5800000000000001,0.41499996
2025-05-22,30485.729,21833.9,4.54,3.99,320.62,4.3,563912300000000.0,118.84768138617,2.755,2.336,0.5499999999999998,0.41900015
2025-05-23,30485.729,21833.9,4.51,3.96,320.62,4.3,563912300000000.0,118.84768138617,2.766,2.338,0.5499999999999998,0.42799997
2025-05-26,30485.729,21833.9,4.51,3.96,320.62,4.3,563912300000000.0,118.84768138617,2.766,2.348,0.5499999999999998,0.41799998
2025-05-27,30485.729,21833.9,4.43,3.93,320.62,4.3,563912300000000.0,118.84768138617,2.709,2.34,0.49999999999999956,0.3690002
2025-05-28,30485.729,21833.9,4.47,3.95,320.62,4.3,563912300000000.0,118.84768138617,2.706,2.314,0.5199999999999996,0.3920002
2025-05-29,30485.729,21833.9,4.43,3.91,320.62,4.3,563912300000000.0,118.84768138617,2.76,2.341,0.5199999999999996,0.4189999
2025-05-30,30485.729,21833.9,4.41,3.87,320.62,4.3,563912300000000.0,118.84768138617,2.786,2.347,0.54,0.43900013
2025-06-02,30485.729,21938.8,4.46,3.91,321.435,4.1,563912300000000.0,118.84768138617,2.793,2.34,0.5499999999999998,0.45300007
2025-06-04,30485.729,21938.8,4.37,3.84,321.435,4.1,563912300000000.0,118.84768138617,2.894,2.414,0.5300000000000002,0.48000002
2025-06-05,30485.729,21938.8,4.4,3.9,321.435,4.1,563912300000000.0,118.84768138617,2.891,2.412,0.5000000000000004,0.4790001
2025-06-09,30485.729,21938.8,4.49,3.99,321.435,4.1,563912300000000.0,118.84768138617,2.867,2.405,0.5,0.46200013
2025-06-10,30485.729,21938.8,4.47,3.95,321.435,4.1,563912300000000.0,118.84768138617,2.831,2.385,0.5199999999999996,0.4460001
2025-06-11,30485.729,21938.8,4.41,3.89,321.435,4.1,563912300000000.0,118.84768138617,2.837,2.419,0.52,0.41799998
2025-06-12,30485.729,21938.8,4.36,3.85,321.435,4.1,563912300000000.0,118.84768138617,2.827,2.429,0.5100000000000002,0.398
2025-06-13,30485.729,21938.8,4.41,3.9,321.435,4.1,563912300000000.0,118.84768138617,2.819,2.462,0.5100000000000002,0.3570001
2025-06-16,30485.729,21938.8,4.46,3.93,321.435,4.1,563912300000000.0,118.84768138617,2.864,2.483,0.5299999999999998,0.38100004
2025-06-17,30485.729,21938.8,4.39,3.9,321.435,4.1,563912300000000.0,118.84768138617,2.868,2.448,0.48999999999999977,0.42000008
2025-06-18,30485.729,21938.8,4.38,3.89,321.435,4.1,563912300000000.0,118.84768138617,2.876,2.472,0.48999999999999977,0.40400004
2025-06-19,30485.729,21938.8,4.38,3.89,321.435,4.1,563912300000000.0,118.84768138617,2.874,2.475,0.48999999999999977,0.39900017
2025-06-20,30485.729,21938.8,4.38,3.86,321.435,4.1,563912300000000.0,118.84768138617,2.867,2.463,0.52,0.40400004
2025-06-23,30485.729,21938.8,4.34,3.8,321.435,4.1,563912300000000.0,118.84768138617,2.873,2.498,0.54,0.375
2025-06-24,30485.729,21938.8,4.3,3.75,321.435,4.1,563912300000000.0,118.84768138617,2.823,2.461,0.5499999999999998,0.362
2025-06-25,30485.729,21938.8,4.29,3.74,321.435,4.1,563912300000000.0,118.84768138617,2.82,2.46,0.5499999999999998,0.3599999
2025-06-26,30485.729,21938.8,4.26,3.68,321.435,4.1,563912300000000.0,118.84768138617,2.788,2.454,0.5799999999999996,0.3340001
2025-06-27,30485.729,21938.8,4.29,3.72,321.435,4.1,563912300000000.0,118.84768138617,2.785,2.453,0.5699999999999998,0.33200002
2025-06-30,30485.729,21938.8,4.24,3.68,321.435,4.1,563912300000000.0,118.84768138617,2.805,2.452,0.56,0.35300016
2025-07-01,31098.027,22020.0,4.26,3.75,322.169,4.3,563912300000000.0,118.84768138617,2.784,2.454,0.5099999999999998,0.32999992
2025-07-02,31098.027,22020.0,4.3,3.77,322.169,4.3,563912300000000.0,118.84768138617,2.832,2.483,0.5299999999999998,0.34899998
2025-07-03,31098.027,22020.0,4.35,3.84,322.169,4.3,563912300000000.0,118.84768138617,2.814,2.449,0.5099999999999998,0.365
2025-07-04,31098.027,22020.0,4.35,3.84,322.169,4.3,563912300000000.0,118.84768138617,2.828,2.467,0.5099999999999998,0.36100006
2025-07-07,31098.027,22020.0,4.4,3.85,322.169,4.3,563912300000000.0,118.84768138617,2.84,2.482,0.5500000000000003,0.3579998
2025-07-08,31098.027,22020.0,4.42,3.86,322.169,4.3,563912300000000.0,118.84768138617,2.847,2.477,0.56,0.3699999
2025-07-09,31098.027,22020.0,4.34,3.8,322.169,4.3,563912300000000.0,118.84768138617,2.854,2.478,0.54,0.37600017
2025-07-10,31098.027,22020.0,4.35,3.82,322.169,4.3,563912300000000.0,118.84768138617,2.814,2.433,0.5299999999999998,0.3809998
2025-07-11,31098.027,22020.0,4.43,3.86,322.169,4.3,563912300000000.0,118.84768138617,2.823,2.448,0.5699999999999998,0.375
2025-07-14,31098.027,22020.0,4.43,3.86,322.169,4.3,563912300000000.0,118.84768138617,2.886,2.474,0.5699999999999998,0.41199994
2025-07-15,31098.027,22020.0,4.5,3.93,322.169,4.3,563912300000000.0,118.84768138617,2.877,2.463,0.5699999999999998,0.41400003
2025-07-16,31098.027,22020.0,4.46,3.86,322.169,4.3,563912300000000.0,118.84768138617,2.877,2.459,0.6000000000000001,0.41799998
2025-07-17,31098.027,22020.0,4.47,3.89,322.169,4.3,563912300000000.0,118.84768138617,2.905,2.479,0.5799999999999996,0.42599988
2025-07-18,31098.027,22020.0,4.44,3.84,322.169,4.3,563912300000000.0,118.84768138617,2.873,2.474,0.6000000000000005,0.39899993
2025-07-21,31098.027,22020.0,4.38,3.81,322.169,4.3,563912300000000.0,118.84768138617,2.855,2.456,0.5699999999999998,0.39899993
2025-07-22,31098.027,22020.0,4.35,3.77,322.169,4.3,563912300000000.0,118.84768138617,2.839,2.463,0.5799999999999996,0.37599993
2025-07-23,31098.027,22020.0,4.4,3.84,322.169,4.3,563912300000000.0,118.84768138617,2.83,2.458,0.5600000000000005,0.37199998
2025-07-24,31098.027,22020.0,4.43,3.87,322.169,4.3,563912300000000.0,118.84768138617,2.849,2.467,0.5599999999999996,0.38199997
2025-07-25,31098.027,22020.0,4.4,3.86,322.169,4.3,563912300000000.0,118.84768138617,2.855,2.485,0.5400000000000005,0.37000012
2025-07-28,31098.027,22020.0,4.42,3.87,322.169,4.3,563912300000000.0,118.84768138617,2.829,2.464,0.5499999999999998,0.365
2025-07-29,31098.027,22020.0,4.34,3.82,322.169,4.3,563912300000000.0,118.84768138617,2.823,2.46,0.52,0.36299992
2025-07-30,31098.027,22020.0,4.38,3.89,322.169,4.3,563912300000000.0,118.84768138617,2.797,2.454,0.48999999999999977,0.34299994
2025-07-31,31098.027,22020.0,4.37,3.89,322.169,4.3,563912300000000.0,118.84768138617,2.785,2.46,0.48,0.32500005
2025-08-01,31098.027,22087.0,4.23,3.67,323.291,4.3,563912300000000.0,118.84768138617,2.832,2.478,0.5600000000000005,0.3540001
2025-08-04,31098.027,22087.0,4.22,3.66,323.291,4.3,563912300000000.0,118.84768138617,2.778,2.421,0.5599999999999996,0.3570001
2025-08-05,31098.027,22087.0,4.22,3.63,323.291,4.3,563912300000000.0,118.84768138617,2.766,2.425,0.5899999999999999,0.34100008
2025-08-06,31098.027,22087.0,4.22,3.63,323.291,4.3,563912300000000.0,118.84768138617,2.779,2.43,0.5899999999999999,0.34899998
2025-08-07,31098.027,22087.0,4.23,3.66,323.291,4.3,563912300000000.0,118.84768138617,2.772,2.408,0.5700000000000003,0.36400008
2025-08-08,31098.027,22087.0,4.27,3.7,323.291,4.3,563912300000000.0,118.84768138617,2.776,2.409,0.5699999999999994,0.3670001
2025-08-11,31098.027,22087.0,4.27,3.71,323.291,4.3,563912300000000.0,118.84768138617,2.781,2.42,0.5599999999999996,0.36099982
2025-08-12,31098.027,22087.0,4.29,3.69,323.291,4.3,563912300000000.0,118.84768138617,2.801,2.431,0.6000000000000001,0.37000012
2025-08-13,31098.027,22087.0,4.24,3.64,323.291,4.3,563912300000000.0,118.84768138617,2.809,2.417,0.6000000000000001,0.39199996
2025-08-14,31098.027,22087.0,4.29,3.7,323.291,4.3,563912300000000.0,118.84768138617,2.787,2.404,0.5899999999999999,0.3829999
2025-08-18,31098.027,22087.0,4.34,3.73,323.291,4.3,563912300000000.0,118.84768138617,2.837,2.426,0.6099999999999999,0.41099977
2025-08-19,31098.027,22087.0,4.3,3.7,323.291,4.3,563912300000000.0,118.84768138617,2.858,2.444,0.5999999999999996,0.41400003
2025-08-20,31098.027,22087.0,4.29,3.69,323.291,4.3,563912300000000.0,118.84768138617,2.853,2.441,0.6000000000000001,0.41199994
2025-08-21,31098.027,22087.0,4.33,3.75,323.291,4.3,563912300000000.0,118.84768138617,2.845,2.438,0.5800000000000001,0.40700006
2025-08-22,31098.027,22087.0,4.26,3.64,323.291,4.3,563912300000000.0,118.84768138617,2.86,2.456,0.6199999999999997,0.4039998
2025-08-25,31098.027,22087.0,4.28,3.68,323.291,4.3,563912300000000.0,118.84768138617,2.852,2.434,0.6000000000000001,0.41799998
2025-08-26,31098.027,22087.0,4.26,3.63,323.291,4.3,563912300000000.0,118.84768138617,2.86,2.422,0.6299999999999999,0.43799996
2025-08-27,31098.027,22087.0,4.24,3.59,323.291,4.3,563912300000000.0,118.84768138617,2.825,2.402,0.6500000000000004,0.4230001
2025-08-28,31098.027,22087.0,4.22,3.6,323.291,4.3,563912300000000.0,118.84768138617,2.815,2.416,0.6199999999999997,0.39900017
2025-08-29,31098.027,22087.0,4.23,3.58,323.291,4.3,563912300000000.0,118.84768138617,2.815,2.426,0.6500000000000004,0.38899994
2025-09-01,31098.027,22170.3,4.23,3.58,324.245,4.4,563912300000000.0,118.84768138617,2.847,2.435,0.6500000000000004,0.41199994
2025-09-02,31098.027,22170.3,4.28,3.63,324.245,4.4,563912300000000.0,118.84768138617,2.87,2.45,0.6500000000000004,0.41999984
2025-09-03,31098.027,22170.3,4.22,3.58,324.245,4.4,563912300000000.0,118.84768138617,2.913,2.475,0.6399999999999997,0.4380002
2025-09-04,31098.027,22170.3,4.17,3.55,324.245,4.4,563912300000000.0,118.84768138617,2.883,2.472,0.6200000000000001,0.411
2025-09-05,31098.027,22170.3,4.1,3.48,324.245,4.4,563912300000000.0,118.84768138617,2.855,2.46,0.6199999999999997,0.39499998
2025-09-08,31098.027,22170.3,4.05,3.47,324.245,4.4,563912300000000.0,118.84768138617,2.848,2.448,0.5799999999999996,0.4000001
2025-09-09,31098.027,22170.3,4.08,3.48,324.245,4.4,563912300000000.0,118.84768138617,2.818,2.425,0.6000000000000001,0.39300013
2025-09-10,31098.027,22170.3,4.04,3.47,324.245,4.4,563912300000000.0,118.84768138617,2.833,2.43,0.5699999999999998,0.40299988
2025-09-11,31098.027,22170.3,4.01,3.47,324.245,4.4,563912300000000.0,118.84768138617,2.813,2.42,0.5399999999999996,0.3929999
2025-09-12,31098.027,22170.3,4.06,3.52,324.245,4.4,563912300000000.0,118.84768138617,2.813,2.431,0.5399999999999996,0.38199997
2025-09-15,31098.027,22170.3,4.05,3.5,324.245,4.4,563912300000000.0,118.84768138617,2.821,2.443,0.5499999999999998,0.37800002
2025-09-16,31098.027,22170.3,4.04,3.47,324.245,4.4,563912300000000.0,118.84768138617,2.804,2.417,0.5699999999999998,0.38699985
2025-09-17,31098.027,22170.3,4.06,3.51,324.245,4.4,563912300000000.0,118.84768138617,2.787,2.418,0.5499999999999998,0.36899996
2025-09-18,31098.027,22170.3,4.11,3.55,324.245,4.4,563912300000000.0,118.84768138617,2.756,2.403,0.5600000000000005,0.35299993
2025-09-19,31098.027,22170.3,4.14,3.56,324.245,4.4,563912300000000.0,118.84768138617,2.815,2.441,0.5799999999999996,0.37400007
2025-09-22,31098.027,22170.3,4.15,3.59,324.245,4.4,563912300000000.0,118.84768138617,2.833,2.459,0.5600000000000005,0.37399983
2025-09-23,31098.027,22170.3,4.12,3.57,324.245,4.4,563912300000000.0,118.84768138617,2.813,2.46,0.5500000000000003,0.35299993
2025-09-24,31098.027,22170.3,4.16,3.6,324.245,4.4,563912300000000.0,118.84768138617,2.848,2.489,0.56,0.35899997
2025-09-25,31098.027,22170.3,4.18,3.66,324.245,4.4,563912300000000.0,118.84768138617,2.885,2.528,0.5199999999999996,0.35699987
2025-09-26,31098.027,22170.3,4.2,3.66,324.245,4.4,563912300000000.0,118.84768138617,2.943,2.562,0.54,0.38100004
2025-09-29,31098.027,22170.3,4.15,3.63,324.245,4.4,563912300000000.0,118.84768138617,2.939,2.563,0.5200000000000005,0.37599993
2025-09-30,31098.027,22170.3,4.16,3.61,324.245,4.4,563912300000000.0,118.84768138617,2.951,2.582,0.5500000000000003,0.36899996
2025-10-01,31422.526,22245.1,4.12,3.56,324.245,4.4,563912300000000.0,118.84768138617,2.96,2.596,0.56,0.36400008
2025-10-02,31422.526,22245.1,4.1,3.56,324.245,4.4,563912300000000.0,118.84768138617,2.959,2.581,0.5399999999999996,0.37800002
2025-10-10,31422.526,22245.1,4.05,3.52,324.245,4.4,563912300000000.0,118.84768138617,2.964,2.591,0.5299999999999998,0.3729999
2025-10-13,31422.526,22245.1,4.05,3.52,324.245,4.4,563912300000000.0,118.84768138617,2.904,2.554,0.5299999999999998,0.35000014
2025-10-14,31422.526,22245.1,4.03,3.47,324.245,4.4,563912300000000.0,118.84768138617,2.871,2.533,0.56,0.33800006
2025-10-15,31422.526,22245.1,4.05,3.51,324.245,4.4,563912300000000.0,118.84768138617,2.856,2.52,0.54,0.33599997
2025-10-16,31422.526,22245.1,3.99,3.42,324.245,4.4,563912300000000.0,118.84768138617,2.908,2.569,0.5700000000000003,0.339
2025-10-17,31422.526,22245.1,4.02,3.47,324.245,4.4,563912300000000.0,118.84768138617,2.885,2.555,0.5499999999999994,0.32999992
2025-10-20,31422.526,22245.1,4.0,3.47,324.245,4.4,563912300000000.0,118.84768138617,2.892,2.569,0.5299999999999998,0.32299995
2025-10-21,31422.526,22245.1,3.98,3.46,324.245,4.4,563912300000000.0,118.84768138617,2.904,2.6,0.52,0.30400014
2025-10-22,31422.526,22245.1,3.97,3.44,324.245,4.4,563912300000000.0,118.84768138617,2.869,2.572,0.5300000000000002,0.29699993
2025-10-23,31422.526,22245.1,4.01,3.49,324.245,4.4,563912300000000.0,118.84768138617,2.912,2.605,0.5199999999999996,0.30699992
2025-10-24,31422.526,22245.1,4.02,3.49,324.245,4.4,563912300000000.0,118.84768138617,2.913,2.591,0.5299999999999994,0.32200003
2025-10-27,31422.526,22245.1,4.01,3.5,324.245,4.4,563912300000000.0,118.84768138617,2.959,2.62,0.5099999999999998,0.33900023
2025-10-28,31422.526,22245.1,3.99,3.5,324.245,4.4,563912300000000.0,118.84768138617,2.935,2.633,0.4900000000000002,0.30200005
2025-10-29,31422.526,22245.1,4.08,3.6,324.245,4.4,563912300000000.0,118.84768138617,2.984,2.677,0.48,0.30699992
2025-10-30,31422.526,22245.1,4.11,3.61,324.245,4.4,563912300000000.0,118.84768138617,3.05,2.732,0.5000000000000004,0.31799984
2025-10-31,31422.526,22245.1,4.11,3.6,324.245,4.4,563912300000000.0,118.84768138617,3.061,2.716,0.5100000000000002,0.34500003
2025-11-03,31422.526,22277.5,4.13,3.61,325.063,4.5,563912300000000.0,118.84768138617,3.086,2.741,0.52,0.34500003
2025-11-04,31422.526,22277.5,4.1,3.59,325.063,4.5,563912300000000.0,118.84768138617,3.082,2.729,0.5099999999999998,0.35299993
2025-11-05,31422.526,22277.5,4.17,3.65,325.063,4.5,563912300000000.0,118.84768138617,3.125,2.767,0.52,0.35800004
2025-11-06,31422.526,22277.5,4.11,3.58,325.063,4.5,563912300000000.0,118.84768138617,3.203,2.834,0.5300000000000002,0.36899996
2025-11-07,31422.526,22277.5,4.11,3.57,325.063,4.5,563912300000000.0,118.84768138617,3.226,2.894,0.5400000000000005,0.33200002
2025-11-10,31422.526,22277.5,4.13,3.56,325.063,4.5,563912300000000.0,118.84768138617,3.23,2.865,0.5699999999999998,0.365
2025-11-11,31422.526,22277.5,4.13,3.56,325.063,4.5,563912300000000.0,118.84768138617,3.201,2.831,0.5699999999999998,0.3699999
2025-11-12,31422.526,22277.5,4.08,3.55,325.063,4.5,563912300000000.0,118.84768138617,3.282,2.923,0.5300000000000002,0.35899997
2025-11-13,31422.526,22277.5,4.11,3.57,325.063,4.5,563912300000000.0,118.84768138617,3.267,2.932,0.5400000000000005,0.33500004
2025-11-14,31422.526,22277.5,4.14,3.61,325.063,4.5,563912300000000.0,118.84768138617,3.317,2.944,0.5299999999999998,0.3729999
2025-11-17,31422.526,22277.5,4.13,3.6,325.063,4.5,563912300000000.0,118.84768138617,3.301,2.914,0.5299999999999998,0.38700008
2025-11-18,31422.526,22277.5,4.12,3.58,325.063,4.5,563912300000000.0,118.84768138617,3.268,2.872,0.54,0.3959999
2025-11-19,31422.526,22277.5,4.13,3.59,325.063,4.5,563912300000000.0,118.84768138617,3.281,2.869,0.54,0.41199994
2025-11-20,31422.526,22277.5,4.1,3.56,325.063,4.5,563912300000000.0,118.84768138617,3.325,2.908,0.5399999999999996,0.41700006
2025-11-21,31422.526,22277.5,4.06,3.5,325.063,4.5,563912300000000.0,118.84768138617,3.271,2.872,0.5599999999999996,0.39899993
2025-11-24,31422.526,22277.5,4.04,3.49,325.063,4.5,563912300000000.0,118.84768138617,3.289,2.904,0.5499999999999998,0.385
2025-11-25,31422.526,22277.5,4.01,3.46,325.063,4.5,563912300000000.0,118.84768138617,3.264,2.902,0.5499999999999998,0.362
2025-11-26,31422.526,22277.5,4.0,3.47,325.063,4.5,563912300000000.0,118.84768138617,3.251,2.895,0.5299999999999998,0.35599995
2025-11-27,31422.526,22277.5,4.0,3.47,325.063,4.5,563912300000000.0,118.84768138617,3.351,3.013,0.5299999999999998,0.33800006
2025-11-28,31422.526,22277.5,4.02,3.49,325.063,4.5,563912300000000.0,118.84768138617,3.344,2.991,0.5299999999999994,0.35300016
2025-12-01,31422.526,22353.6,4.09,3.55,326.031,4.4,563912300000000.0,118.84768138617,3.387,3.045,0.54,0.342
2025-12-02,31422.526,22353.6,4.09,3.54,326.031,4.4,563912300000000.0,118.84768138617,3.346,3.022,0.5499999999999998,0.32399988
2025-12-03,31422.526,22353.6,4.06,3.5,326.031,4.4,563912300000000.0,118.84768138617,3.368,3.041,0.5599999999999996,0.32700014
2025-12-04,31422.526,22353.6,4.11,3.55,326.031,4.4,563912300000000.0,118.84768138617,3.376,3.025,0.5600000000000005,0.35099983
2025-12-05,31422.526,22353.6,4.14,3.59,326.031,4.4,563912300000000.0,118.84768138617,3.358,2.994,0.5499999999999998,0.36400008
2025-12-08,31422.526,22353.6,4.17,3.59,326.031,4.4,563912300000000.0,118.84768138617,3.401,3.034,0.5800000000000001,0.3670001
2025-12-09,31422.526,22353.6,4.18,3.62,326.031,4.4,563912300000000.0,118.84768138617,3.453,3.084,0.5599999999999996,0.36899996
2025-12-10,31422.526,22353.6,4.13,3.56,326.031,4.4,563912300000000.0,118.84768138617,3.371,3.095,0.5699999999999998,0.27600002
2025-12-11,31422.526,22353.6,4.14,3.55,326.031,4.4,563912300000000.0,118.84768138617,3.378,3.101,0.5899999999999999,0.27699995
2025-12-12,31422.526,22353.6,4.19,3.58,326.031,4.4,563912300000000.0,118.84768138617,3.409,3.093,0.6100000000000003,0.31599998
2025-12-15,31422.526,22353.6,4.18,3.56,326.031,4.4,563912300000000.0,118.84768138617,3.325,3.0,0.6199999999999997,0.32500005
2025-12-16,31422.526,22353.6,4.15,3.52,326.031,4.4,563912300000000.0,118.84768138617,3.313,2.999,0.6300000000000003,0.3139999
2025-12-17,31422.526,22353.6,4.16,3.53,326.031,4.4,563912300000000.0,118.84768138617,3.324,2.996,0.6300000000000003,0.32799983
2025-12-18,31422.526,22353.6,4.12,3.5,326.031,4.4,563912300000000.0,118.84768138617,3.312,2.967,0.6200000000000001,0.34500003
2025-12-19,31422.526,22353.6,4.16,3.53,326.031,4.4,563912300000000.0,118.84768138617,3.342,3.01,0.6300000000000003,0.33200002
2025-12-22,31422.526,22353.6,4.17,3.56,326.031,4.4,563912300000000.0,118.84768138617,3.359,2.999,0.6099999999999999,0.3599999
2025-12-23,31422.526,22353.6,4.18,3.58,326.031,4.4,563912300000000.0,118.84768138617,3.379,2.963,0.5999999999999996,0.4159999
2025-12-24,31422.526,22353.6,4.15,3.56,326.031,4.4,563912300000000.0,118.84768138617,3.345,2.939,0.5900000000000003,0.40600014
2025-12-26,31422.526,22353.6,4.14,3.54,326.031,4.4,563912300000000.0,118.84768138617,3.374,2.958,0.5999999999999996,0.41600013
2025-12-29,31422.526,22353.6,4.12,3.51,326.031,4.4,563912300000000.0,118.84768138617,3.354,2.939,0.6100000000000003,0.4150002
2025-12-30,31422.526,22353.6,4.14,3.5,326.031,4.4,563912300000000.0,118.84768138617,3.385,2.952,0.6399999999999997,0.4330001
2026-01-02,31856.257,22429.3,4.19,3.55,326.588,4.3,563912300000000.0,118.84768138617,3.386,2.935,0.6400000000000006,0.45099998
2026-01-05,31856.257,22429.3,4.17,3.53,326.588,4.3,563912300000000.0,118.84768138617,3.396,2.933,0.6400000000000001,0.46299982
2026-01-06,31856.257,22429.3,4.18,3.54,326.588,4.3,563912300000000.0,118.84768138617,3.398,2.948,0.6399999999999997,0.45000005
2026-01-07,31856.257,22429.3,4.15,3.53,326.588,4.3,563912300000000.0,118.84768138617,3.354,2.91,0.6200000000000006,0.444
2026-01-08,31856.257,22429.3,4.19,3.56,326.588,4.3,563912300000000.0,118.84768138617,3.341,2.902,0.6300000000000003,0.43900013
2026-01-09,31856.257,22429.3,4.18,3.59,326.588,4.3,563912300000000.0,118.84768138617,3.386,2.942,0.5899999999999999,0.444
2026-01-12,31856.257,22429.3,4.19,3.59,326.588,4.3,563912300000000.0,118.84768138617,3.392,2.98,0.6000000000000005,0.41199994
2026-01-13,31856.257,22429.3,4.18,3.57,326.588,4.3,563912300000000.0,118.84768138617,3.412,3.003,0.6099999999999999,0.40899992
2026-01-14,31856.257,22429.3,4.15,3.56,326.588,4.3,563912300000000.0,118.84768138617,3.418,2.996,0.5900000000000003,0.42199993
2026-01-15,31856.257,22429.3,4.17,3.62,326.588,4.3,563912300000000.0,118.84768138617,3.493,3.09,0.5499999999999998,0.40300012
2026-01-16,31856.257,22429.3,4.24,3.67,326.588,4.3,563912300000000.0,118.84768138617,3.488,3.08,0.5700000000000003,0.408
2026-01-19,31856.257,22429.3,4.24,3.67,326.588,4.3,563912300000000.0,118.84768138617,3.565,3.13,0.5700000000000003,0.43499994
2026-01-20,31856.257,22429.3,4.3,3.68,326.588,4.3,563912300000000.0,118.84768138617,3.653,3.191,0.6199999999999997,0.46200013
2026-01-21,31856.257,22429.3,4.26,3.66,326.588,4.3,563912300000000.0,118.84768138617,3.602,3.138,0.5999999999999996,0.464
2026-01-22,31856.257,22429.3,4.26,3.68,326.588,4.3,563912300000000.0,118.84768138617,3.558,3.109,0.5799999999999996,0.44900012
2026-01-23,31856.257,22429.3,4.24,3.67,326.588,4.3,563912300000000.0,118.84768138617,3.59,3.137,0.5700000000000003,0.45299983
2026-01-26,31856.257,22429.3,4.22,3.66,326.588,4.3,563912300000000.0,118.84768138617,3.544,3.096,0.5599999999999996,0.44799995
2026-01-27,31856.257,22429.3,4.24,3.65,326.588,4.3,563912300000000.0,118.84768138617,3.53,3.094,0.5900000000000003,0.43599987
2026-01-28,31856.257,22429.3,4.26,3.66,326.588,4.3,563912300000000.0,118.84768138617,3.518,3.067,0.5999999999999996,0.45099998
2026-01-29,31856.257,22429.3,4.24,3.63,326.588,4.3,563912300000000.0,118.84768138617,3.557,3.106,0.6100000000000003,0.45099998
2026-01-30,31856.257,22429.3,4.26,3.6,326.588,4.3,563912300000000.0,118.84768138617,3.607,3.138,0.6599999999999997,0.4690001
2026-02-02,31856.257,22627.3,4.29,3.64,327.46,4.4,563912300000000.0,118.84768138617,3.603,3.152,0.6499999999999999,0.45099998
2026-02-03,31856.257,22627.3,4.28,3.64,327.46,4.4,563912300000000.0,118.84768138617,3.661,3.189,0.6400000000000001,0.47200012
2026-02-04,31856.257,22627.3,4.29,3.64,327.46,4.4,563912300000000.0,118.84768138617,3.712,3.212,0.6499999999999999,0.5
2026-02-05,31856.257,22627.3,4.21,3.55,327.46,4.4,563912300000000.0,118.84768138617,3.687,3.204,0.6600000000000001,0.48300004
2026-02-06,31856.257,22627.3,4.22,3.57,327.46,4.4,563912300000000.0,118.84768138617,3.71,3.233,0.6499999999999999,0.477
2026-02-09,31856.257,22627.3,4.22,3.56,327.46,4.4,563912300000000.0,118.84768138617,3.754,3.267,0.6599999999999997,0.487
2026-02-10,31856.257,22627.3,4.16,3.5,327.46,4.4,563912300000000.0,118.84768138617,3.681,3.224,0.6600000000000001,0.45700002
2026-02-11,31856.257,22627.3,4.18,3.55,327.46,4.4,563912300000000.0,118.84768138617,3.639,3.2,0.6299999999999999,0.4389999
2026-02-12,31856.257,22627.3,4.09,3.49,327.46,4.4,563912300000000.0,118.84768138617,3.618,3.154,0.5999999999999996,0.464
2026-02-13,31856.257,22627.3,4.04,3.43,327.46,4.4,563912300000000.0,118.84768138617,3.571,3.142,0.6099999999999999,0.42900014
2026-02-19,31856.257,22627.3,4.08,3.5,327.46,4.4,563912300000000.0,118.84768138617,3.588,3.178,0.5800000000000001,0.4100001
2026-02-20,31856.257,22627.3,4.08,3.5,327.46,4.4,563912300000000.0,118.84768138617,3.54,3.143,0.5800000000000001,0.39700007
2026-02-23,31856.257,22627.3,4.03,3.45,327.46,4.4,563912300000000.0,118.84768138617,3.578,3.154,0.5800000000000001,0.42400002
2026-02-24,31856.257,22627.3,4.04,3.47,327.46,4.4,563912300000000.0,118.84768138617,3.593,3.158,0.5699999999999998,0.43499994
2026-02-25,31856.257,22627.3,4.05,3.49,327.46,4.4,563912300000000.0,118.84768138617,3.556,3.124,0.5599999999999996,0.43199992
2026-02-26,31856.257,22627.3,4.02,3.46,327.46,4.4,563912300000000.0,118.84768138617,3.47,3.062,0.5599999999999996,0.408
2026-02-27,31856.257,22627.3,3.97,3.39,327.46,4.4,563912300000000.0,118.84768138617,3.446,3.041,0.5800000000000001,0.4050002
2026-03-03,31856.257,22686.0,4.06,3.5,330.293,4.3,563912300000000.0,118.84768138617,3.594,3.18,0.5599999999999996,0.41400003
2026-03-04,31856.257,22686.0,4.09,3.55,330.293,4.3,563912300000000.0,118.84768138617,3.632,3.223,0.54,0.40899992
2026-03-05,31856.257,22686.0,4.13,3.59,330.293,4.3,563912300000000.0,118.84768138617,3.589,3.189,0.54,0.4000001
2026-03-06,31856.257,22686.0,4.15,3.59,330.293,4.3,563912300000000.0,118.84768138617,3.616,3.227,0.5600000000000005,0.38899994
2026-03-09,31856.257,22686.0,4.12,3.58,330.293,4.3,563912300000000.0,118.84768138617,3.739,3.42,0.54,0.319
2026-03-10,31856.257,22686.0,4.15,3.58,330.293,4.3,563912300000000.0,118.84768138617,3.629,3.283,0.5700000000000003,0.34599996
2026-03-11,31856.257,22686.0,4.21,3.64,330.293,4.3,563912300000000.0,118.84768138617,3.608,3.253,0.5699999999999998,0.35500002
2026-03-12,31856.257,22686.0,4.27,3.75,330.293,4.3,563912300000000.0,118.84768138617,3.649,3.271,0.5199999999999996,0.37800002
2026-03-13,31856.257,22686.0,4.28,3.74,330.293,4.3,563912300000000.0,118.84768138617,3.701,3.338,0.54,0.36299992
2026-03-16,31856.257,22686.0,4.23,3.69,330.293,4.3,563912300000000.0,118.84768138617,3.68,3.3,0.5400000000000005,0.3800001
2026-03-17,31856.257,22686.0,4.2,3.68,330.293,4.3,563912300000000.0,118.84768138617,3.692,3.324,0.52,0.36800003
2026-03-18,31856.257,22686.0,4.26,3.76,330.293,4.3,563912300000000.0,118.84768138617,3.606,3.261,0.5,0.34500003
2026-03-19,31856.257,22686.0,4.25,3.79,330.293,4.3,563912300000000.0,118.84768138617,3.693,3.329,0.45999999999999996,0.36400008
2026-03-20,31856.257,22686.0,4.39,3.9,330.293,4.3,563912300000000.0,118.84768138617,3.736,3.41,0.48999999999999977,0.32599998
2026-03-23,31856.257,22686.0,4.34,3.85,330.293,4.3,563912300000000.0,118.84768138617,3.879,3.617,0.48999999999999977,0.26199985
2026-03-24,31856.257,22686.0,4.39,3.93,330.293,4.3,563912300000000.0,118.84768138617,3.835,3.523,0.4599999999999995,0.31200004
2026-03-25,31856.257,22686.0,4.33,3.88,330.293,4.3,563912300000000.0,118.84768138617,3.859,3.558,0.4500000000000002,0.30099988
2026-03-26,31856.257,22686.0,4.42,4.0,330.293,4.3,563912300000000.0,118.84768138617,3.865,3.552,0.41999999999999993,0.31299996
2026-03-27,31856.257,22686.0,4.44,3.94,330.293,4.3,563912300000000.0,118.84768138617,3.915,3.582,0.5000000000000004,0.33299994
2026-03-30,31856.257,22686.0,4.35,3.85,330.293,4.3,563912300000000.0,118.84768138617,3.891,3.542,0.49999999999999956,0.34899998
2026-03-31,31856.257,22686.0,4.3,3.81,330.293,4.3,563912300000000.0,118.84768138617,3.879,3.552,0.48999999999999977,0.3269999
2026-04-01,31856.257,22686.0,4.33,3.84,332.407,4.3,563912300000000.0,118.84768138617,3.689,3.37,0.4900000000000002,0.319
2026-04-02,31856.257,22686.0,4.31,3.82,332.407,4.3,563912300000000.0,118.84768138617,3.804,3.477,0.48999999999999977,0.3269999
2026-04-03,31856.257,22686.0,4.35,3.88,332.407,4.3,563912300000000.0,118.84768138617,3.747,3.448,0.46999999999999975,0.29900002
2026-04-06,31856.257,22686.0,4.34,3.88,332.407,4.3,563912300000000.0,118.84768138617,3.725,3.432,0.45999999999999996,0.29299998
2026-04-07,31856.257,22686.0,4.33,3.82,332.407,4.3,563912300000000.0,118.84768138617,3.754,3.451,0.5100000000000002,0.30299997
2026-04-08,31856.257,22686.0,4.29,3.78,332.407,4.3,563912300000000.0,118.84768138617,3.628,3.315,0.5100000000000002,0.31299996
2026-04-09,31856.257,22686.0,4.29,3.77,332.407,4.3,563912300000000.0,118.84768138617,3.66,3.338,0.52,0.32200003
2026-04-10,31856.257,22686.0,4.31,3.8,332.407,4.3,563912300000000.0,118.84768138617,3.686,3.36,0.5099999999999998,0.3260002
2026-04-13,31856.257,22686.0,4.3,3.79,332.407,4.3,563912300000000.0,118.84768138617,3.715,3.382,0.5099999999999998,0.33299994
2026-04-14,31856.257,22686.0,4.26,3.76,332.407,4.3,563912300000000.0,118.84768138617,3.658,3.339,0.5,0.319
2026-04-15,31856.257,22686.0,4.29,3.79,332.407,4.3,563912300000000.0,118.84768138617,3.655,3.328,0.5,0.3269999
2026-04-16,31856.257,22686.0,4.32,3.8,332.407,4.3,563912300000000.0,118.84768138617,3.675,3.34,0.5200000000000005,0.33500004
2026-04-17,31856.257,22686.0,4.26,3.72,332.407,4.3,563912300000000.0,118.84768138617,3.717,3.371,0.5399999999999996,0.34599996
2026-04-20,31856.257,22686.0,4.26,3.73,332.407,4.3,563912300000000.0,118.84768138617,3.688,3.348,0.5299999999999998,0.3399999
2026-04-21,31856.257,22686.0,4.3,3.8,332.407,4.3,563912300000000.0,118.84768138617,3.655,3.33,0.5,0.32500005
2026-04-22,31856.257,22686.0,4.3,3.81,332.407,4.3,563912300000000.0,118.84768138617,3.697,3.365,0.48999999999999977,0.33200002
2026-04-23,31856.257,22686.0,4.34,3.84,332.407,4.3,563912300000000.0,118.84768138617,3.791,3.458,0.5,0.33299994
2026-04-24,31856.257,22686.0,4.31,3.8,332.407,4.3,563912300000000.0,118.84768138617,3.817,3.496,0.5099999999999998,0.32099986
2026-04-27,31856.257,22686.0,4.35,3.83,332.407,4.3,563912300000000.0,118.84768138617,3.82,3.492,0.5199999999999996,0.32799983
2026-04-28,31856.257,22686.0,4.36,3.86,332.407,4.3,563912300000000.0,118.84768138617,3.861,3.529,0.5000000000000004,0.33200002
2026-04-29,31856.257,22686.0,4.42,3.94,332.407,4.3,563912300000000.0,118.84768138617,3.843,3.525,0.48,0.31799984
2026-04-30,31856.257,22686.0,4.4,3.91,332.407,4.3,563912300000000.0,118.84768138617,3.923,3.595,0.4900000000000002,0.32800007
2026-05-04,31856.257,22686.0,4.45,3.98,332.407,4.3,563912300000000.0,118.84768138617,3.932,3.615,0.4700000000000002,0.3169999
2026-05-06,31856.257,22686.0,4.36,3.89,332.407,4.3,563912300000000.0,118.84768138617,3.932,3.595,0.4700000000000002,0.3369999
2026-05-07,31856.257,22686.0,4.41,3.94,332.407,4.3,563912300000000.0,118.84768138617,3.888,3.546,0.4700000000000002,0.342
2026-05-08,31856.257,22686.0,4.38,3.92,332.407,4.3,563912300000000.0,118.84768138617,3.909,3.569,0.45999999999999996,0.3399999
2026-05-11,31856.257,22686.0,4.42,3.96,332.407,4.3,563912300000000.0,118.84768138617,3.95,3.598,0.45999999999999996,0.352
2026-05-12,31856.257,22686.0,4.46,4.01,332.407,4.3,563912300000000.0,118.84768138617,4.056,3.674,0.4500000000000002,0.3820002
2026-05-13,31856.257,22686.0,4.46,4.0,332.407,4.3,563912300000000.0,118.84768138617,4.044,3.635,0.45999999999999996,0.40900016
2026-05-14,31856.257,22686.0,4.46,4.0,332.407,4.3,563912300000000.0,118.84768138617,4.085,3.654,0.45999999999999996,0.431
