Date,S&P500,Nikkei225,TaiwanWeighted,USD_KRW,Dollar_Index,VIX
2021-05-17,4163.2900390625,27824.830078125,15353.8896484375,1125.530029296875,90.22000122070312,19.719999313354492
2021-05-18,4127.830078125,28406.83984375,16145.98046875,1135.510009765625,89.75,21.34000015258789
2021-05-20,4159.1201171875,28098.25,16042.3603515625,1130.3699951171875,89.80999755859375,20.670000076293945
2021-05-21,4155.85986328125,28317.830078125,16302.0595703125,1127.050048828125,90.0199966430664,20.149999618530273
2021-05-24,4197.0498046875,28364.609375,16338.2900390625,1126.7900390625,89.83000183105469,18.399999618530273
2021-05-25,4188.1298828125,28553.98046875,16595.669921875,1122.18994140625,89.63999938964844,18.84000015258789
2021-05-26,4195.990234375,28642.189453125,16643.689453125,1121.3800048828125,90.04000091552734,17.360000610351562
2021-05-27,4200.8798828125,28549.009765625,16601.609375,1115.52001953125,89.97000122070312,16.739999771118164
2021-05-28,4204.10986328125,29149.41015625,16870.859375,1117.300048828125,90.02999877929688,16.760000228881836
2021-05-31,4204.10986328125,28860.080078125,17068.4296875,1112.8499755859375,90.02999877929688,16.760000228881836
2021-06-01,4202.0400390625,28814.33984375,17162.380859375,1106.97998046875,89.83000183105469,17.899999618530273
2021-06-02,4208.1201171875,28946.140625,17165.0390625,1107.2099609375,89.9000015258789,17.479999542236328
2021-06-03,4192.85009765625,29058.109375,17246.16015625,1109.8800048828125,90.5,18.040000915527344
2021-06-04,4229.89013671875,28941.51953125,17147.41015625,1115.43994140625,90.13999938964844,16.420000076293945
2021-06-07,4226.52001953125,29019.240234375,17083.91015625,1109.6800537109375,89.94999694824219,16.420000076293945
2021-06-08,4227.259765625,28963.560546875,17076.2109375,1109.3199462890625,90.08000183105469,17.06999969482422
2021-06-09,4219.5498046875,28860.80078125,16966.220703125,1116.8900146484375,90.12000274658203,17.889999389648438
2021-06-10,4239.18017578125,28958.560546875,17159.220703125,1116.4100341796875,90.08000183105469,16.100000381469727
2021-06-11,4247.43994140625,28948.73046875,17213.51953125,1111.260009765625,90.55999755859375,15.649999618530273
2021-06-14,4255.14990234375,29161.80078125,17213.51953125,1115.550048828125,90.5199966430664,16.389999389648438
2021-06-15,4246.58984375,29441.30078125,17371.2890625,1116.3199462890625,90.54000091552734,17.020000457763672
2021-06-16,4223.7001953125,29291.009765625,17307.859375,1116.030029296875,91.12999725341797,18.149999618530273
2021-06-17,4221.85986328125,29018.330078125,17390.609375,1131.949951171875,91.88999938964844,17.75
2021-06-18,4166.4501953125,28964.080078125,17318.5390625,1133.5400390625,92.2300033569336,20.700000762939453
2021-06-21,4224.7900390625,28010.9296875,17062.98046875,1134.25,91.86000061035156,17.889999389648438
2021-06-22,4246.43994140625,28884.130859375,17075.55078125,1130.3399658203125,91.7300033569336,16.65999984741211
2021-06-23,4241.83984375,28874.890625,17336.7109375,1132.510009765625,91.80000305175781,16.31999969482422
2021-06-24,4266.490234375,28875.23046875,17407.9609375,1132.6099853515625,91.81999969482422,15.970000267028809
2021-06-25,4280.7001953125,29066.1796875,17502.990234375,1130.800048828125,91.80999755859375,15.619999885559082
2021-06-28,4290.60986328125,29048.01953125,17590.970703125,1125.3399658203125,91.87999725341797,15.760000228881836
2021-06-29,4291.7998046875,28812.609375,17598.189453125,1129.0400390625,92.05000305175781,16.020000457763672
2021-06-30,4297.5,28791.529296875,17755.4609375,1130.510009765625,92.44000244140625,15.829999923706055
2021-07-01,4319.93994140625,28707.0390625,17713.939453125,1129.5999755859375,92.5999984741211,15.479999542236328
2021-07-02,4352.33984375,28783.279296875,17710.150390625,1132.4100341796875,92.2300033569336,15.069999694824219
2021-07-05,4352.33984375,28598.189453125,17919.330078125,1129.77001953125,92.2300033569336,15.069999694824219
2021-07-06,4343.5400390625,28643.2109375,17913.0703125,1129.43994140625,92.55000305175781,16.440000534057617
2021-07-07,4358.1298828125,28366.94921875,17850.689453125,1135.47998046875,92.63999938964844,16.200000762939453
2021-07-08,4320.81982421875,28118.029296875,17866.08984375,1140.52001953125,92.36000061035156,19.0
2021-07-09,4369.5498046875,27940.419921875,17661.48046875,1146.280029296875,92.12999725341797,16.18000030517578
2021-07-12,4384.6298828125,28569.01953125,17814.330078125,1144.31005859375,92.2300033569336,16.170000076293945
2021-07-13,4369.2099609375,28718.240234375,17847.51953125,1141.0999755859375,92.75,17.1200008392334
2021-07-14,4374.2998046875,28608.490234375,17845.75,1148.699951171875,92.41000366210938,16.329999923706055
2021-07-15,4360.02978515625,28279.08984375,18034.189453125,1143.4100341796875,92.62000274658203,17.010000228881836
2021-07-16,4327.16015625,28003.080078125,17895.25,1140.1199951171875,92.69000244140625,18.450000762939453
2021-07-19,4258.490234375,27652.740234375,17789.25,1141.5,92.88999938964844,22.5
2021-07-20,4323.06005859375,27388.16015625,17528.740234375,1150.0699462890625,92.97000122070312,19.729999542236328
2021-07-21,4358.68994140625,27548.0,17458.7890625,1147.47998046875,92.75,17.90999984741211
2021-07-22,4367.47998046875,27548.0,17572.330078125,1148.68994140625,92.81999969482422,17.690000534057617
2021-07-23,4411.7900390625,27548.0,17572.919921875,1149.9100341796875,92.91000366210938,17.200000762939453
2021-07-26,4422.2998046875,27833.2890625,17403.560546875,1151.1199951171875,92.6500015258789,17.579999923706055
2021-07-27,4401.4599609375,27970.220703125,17269.869140625,1151.760009765625,92.43000030517578,19.360000610351562
2021-07-28,4400.64013671875,27581.66015625,17135.220703125,1153.56005859375,92.31999969482422,18.309999465942383
2021-07-29,4419.14990234375,27782.419921875,17402.810546875,1149.4100341796875,91.86000061035156,17.700000762939453
2021-07-30,4395.259765625,27283.58984375,17247.41015625,1142.1199951171875,92.16999816894531,18.239999771118164
2021-08-02,4387.16015625,27781.01953125,17503.279296875,1150.9300537109375,92.05000305175781,19.459999084472656
2021-08-03,4423.14990234375,27641.830078125,17553.759765625,1149.56005859375,92.08000183105469,18.040000915527344
2021-08-04,4402.66015625,27584.080078125,17623.890625,1148.5799560546875,92.2699966430664,17.969999313354492
2021-08-05,4429.10009765625,27728.119140625,17603.119140625,1144.06005859375,92.23999786376953,17.280000686645508
2021-08-06,4436.52001953125,27820.0390625,17526.279296875,1143.1199951171875,92.80000305175781,16.149999618530273
2021-08-09,4432.35009765625,27820.0390625,17485.150390625,1144.9200439453125,92.94999694824219,16.719999313354492
2021-08-10,4436.75,27888.150390625,17323.640625,1145.8900146484375,93.05999755859375,16.790000915527344
2021-08-11,4442.41015625,28070.509765625,17227.1796875,1152.47998046875,92.91000366210938,16.170000076293945
2021-08-12,4460.830078125,28015.01953125,17219.939453125,1152.8499755859375,93.04000091552734,15.59000015258789
2021-08-13,4468.0,27977.150390625,16982.109375,1162.06005859375,92.5199966430664,15.449999809265137
2021-08-17,4448.080078125,27424.470703125,16661.359375,1164.5,93.12999725341797,17.90999984741211
2021-08-18,4400.27001953125,27585.91015625,16826.26953125,1176.449951171875,93.13999938964844,21.56999969482422
2021-08-19,4405.7998046875,27281.169921875,16375.400390625,1169.6800537109375,93.56999969482422,21.670000076293945
2021-08-20,4441.669921875,27013.25,16341.9404296875,1175.3900146484375,93.5,18.559999465942383
2021-08-23,4479.52978515625,27494.240234375,16741.83984375,1174.239990234375,92.95999908447266,17.149999618530273
2021-08-24,4486.22998046875,27732.099609375,16818.73046875,1167.6099853515625,92.88999938964844,17.219999313354492
2021-08-25,4496.18994140625,27724.80078125,17045.859375,1163.469970703125,92.83000183105469,16.790000915527344
2021-08-26,4470.0,27742.2890625,17066.9609375,1163.3299560546875,93.05999755859375,18.84000015258789
2021-08-27,4509.3701171875,27641.140625,17209.9296875,1170.0,92.69000244140625,16.389999389648438
2021-08-30,4528.7900390625,27789.2890625,17396.51953125,1161.3299560546875,92.6500015258789,16.190000534057617
2021-08-31,4522.68017578125,28089.5390625,17490.2890625,1165.510009765625,92.62999725341797,16.479999542236328
2021-09-01,4524.08984375,28451.01953125,17473.990234375,1158.4100341796875,92.44999694824219,16.110000610351562
2021-09-02,4536.9501953125,28543.509765625,17319.759765625,1155.280029296875,92.2300033569336,16.40999984741211
2021-09-03,4535.43017578125,29128.109375,17516.919921875,1157.1300048828125,92.04000091552734,16.40999984741211
2021-09-06,4535.43017578125,29659.890625,17495.30078125,1154.75,92.04000091552734,16.40999984741211
2021-09-07,4520.02978515625,29916.140625,17428.869140625,1155.5400390625,92.5199966430664,18.139999389648438
2021-09-08,4514.06982421875,30181.2109375,17270.490234375,1161.0,92.6500015258789,17.959999084472656
2021-09-09,4493.27978515625,30008.189453125,17304.330078125,1166.489990234375,92.4800033569336,18.799999237060547
2021-09-10,4458.580078125,30381.83984375,17474.5703125,1169.1300048828125,92.58000183105469,20.950000762939453
2021-09-13,4468.72998046875,30447.369140625,17446.310546875,1169.3800048828125,92.62000274658203,19.3700008392334
2021-09-14,4443.0498046875,30670.099609375,17434.900390625,1171.1099853515625,92.6500015258789,19.459999084472656
2021-09-15,4480.7001953125,30511.7109375,17354.0,1170.800048828125,92.48999786376953,18.18000030517578
2021-09-16,4473.75,30323.33984375,17278.69921875,1165.219970703125,92.86000061035156,18.690000534057617
2021-09-17,4432.990234375,30500.05078125,17276.7890625,1174.4200439453125,93.19999694824219,20.809999465942383
2021-09-23,4448.97998046875,29639.400390625,17078.220703125,1181.030029296875,93.0999984741211,18.6299991607666
2021-09-24,4455.47998046875,30248.810546875,17260.189453125,1174.699951171875,93.33000183105469,17.75
2021-09-27,4443.10986328125,30240.060546875,17313.76953125,1179.199951171875,93.37999725341797,18.760000228881836
2021-09-28,4352.6298828125,30183.9609375,17181.439453125,1176.9599609375,93.7699966430664,23.25
2021-09-29,4359.4599609375,29544.2890625,16855.4609375,1186.8900146484375,94.33999633789062,22.559999465942383
2021-09-30,4307.5400390625,29452.66015625,16934.76953125,1187.4300537109375,94.25,23.139999389648438
2021-10-01,4357.0400390625,28771.0703125,16570.890625,1183.719970703125,94.04000091552734,21.100000381469727
2021-10-05,4345.72021484375,27822.119140625,16460.75,1183.780029296875,93.9800033569336,21.299999237060547
2021-10-06,4363.5498046875,27528.869140625,16393.16015625,1187.1700439453125,94.2699966430664,21.0
2021-10-07,4399.759765625,27678.2109375,16713.859375,1191.3800048828125,94.22000122070312,19.540000915527344
2021-10-08,4391.33984375,28048.939453125,16640.4296875,1191.1500244140625,94.06999969482422,18.770000457763672
2021-10-12,4350.64990234375,28230.609375,16462.83984375,1195.800048828125,94.5199966430664,19.850000381469727
2021-10-13,4363.7998046875,28140.279296875,16347.990234375,1196.8900146484375,94.08000183105469,18.639999389648438
2021-10-14,4438.259765625,28550.9296875,16387.279296875,1186.7099609375,93.95999908447266,16.860000610351562
2021-10-15,4471.3701171875,29068.630859375,16781.189453125,1182.1300048828125,93.94000244140625,16.299999237060547
2021-10-18,4486.4599609375,29025.4609375,16705.4609375,1181.7900390625,93.94999694824219,16.309999465942383
2021-10-19,4519.6298828125,29215.51953125,16900.669921875,1185.6800537109375,93.79000091552734,15.699999809265137
2021-10-20,4536.18994140625,29255.55078125,16887.8203125,1175.6500244140625,93.55999755859375,15.489999771118164
2021-10-21,4549.77978515625,28708.580078125,16889.509765625,1174.5899658203125,93.7699966430664,15.010000228881836
2021-10-22,4544.89990234375,28804.849609375,16888.740234375,1176.550048828125,93.61000061035156,15.430000305175781
2021-10-25,4566.47998046875,28600.41015625,16894.240234375,1176.5400390625,93.80999755859375,15.239999771118164
2021-10-26,4574.7900390625,29106.009765625,17034.33984375,1167.06005859375,93.94999694824219,15.979999542236328
2021-10-27,4551.68017578125,29098.240234375,17074.55078125,1167.3299560546875,93.86000061035156,16.979999542236328
2021-10-28,4596.419921875,28820.08984375,17041.630859375,1172.1700439453125,93.3499984741211,16.530000686645508
2021-10-29,4605.3798828125,28892.689453125,16987.41015625,1167.3699951171875,94.12000274658203,16.260000228881836
2021-11-01,4613.669921875,29647.080078125,17068.240234375,1174.3800048828125,93.87999725341797,16.40999984741211
2021-11-02,4630.64990234375,29520.900390625,17065.970703125,1176.5699462890625,94.08999633789062,16.030000686645508
2021-11-03,4660.56982421875,29520.900390625,17122.16015625,1178.0400390625,93.86000061035156,15.100000381469727
2021-11-04,4680.06005859375,29794.369140625,17078.859375,1179.3399658203125,94.3499984741211,15.4399995803833
2021-11-05,4697.52978515625,29611.5703125,17296.900390625,1185.8299560546875,94.31999969482422,16.479999542236328
2021-11-08,4701.7001953125,29507.05078125,17415.30078125,1180.5,94.05000305175781,17.219999313354492
2021-11-09,4685.25,29285.4609375,17541.359375,1199.8599853515625,93.95999908447266,17.780000686645508
2021-11-10,4646.7099609375,29106.779296875,17559.650390625,1177.5,94.8499984741211,18.729999542236328
2021-11-11,4649.27001953125,29277.859375,17452.51953125,1184.1400146484375,95.18000030517578,17.65999984741211
2021-11-12,4682.85009765625,29609.970703125,17518.130859375,1183.1099853515625,95.12999725341797,16.290000915527344
2021-11-15,4682.7998046875,29776.80078125,17634.470703125,1179.1099853515625,95.41000366210938,16.489999771118164
2021-11-16,4700.89990234375,29808.119140625,17693.130859375,1183.510009765625,95.91999816894531,16.3700008392334
2021-11-17,4688.669921875,29688.330078125,17764.0390625,1184.050048828125,95.83000183105469,17.110000610351562
2021-11-18,4704.5400390625,29598.66015625,17841.369140625,1181.22998046875,95.54000091552734,17.59000015258789
2021-11-19,4697.9599609375,29745.869140625,17818.310546875,1182.9000244140625,96.06999969482422,17.90999984741211
2021-11-22,4682.93994140625,29774.109375,17803.5390625,1191.6300048828125,96.5,19.170000076293945
2021-11-23,4690.7001953125,29774.109375,17666.119140625,1189.5,96.48999786376953,19.3799991607666
2021-11-24,4701.4599609375,29302.66015625,17642.51953125,1189.949951171875,96.83999633789062,18.579999923706055
2021-11-25,4701.4599609375,29499.279296875,17654.189453125,1187.8800048828125,96.83999633789062,18.579999923706055
2021-11-26,4594.6201171875,28751.619140625,17369.390625,1190.219970703125,96.08999633789062,28.6200008392334
2021-11-29,4655.27001953125,28283.919921875,17328.08984375,1194.6099853515625,96.33999633789062,22.959999084472656
2021-11-30,4567.0,27821.759765625,17427.759765625,1190.739990234375,95.98999786376953,27.190000534057617
2021-12-01,4513.0400390625,27935.619140625,17585.990234375,1182.8599853515625,96.05000305175781,31.1200008392334
2021-12-02,4577.10009765625,27753.369140625,17724.880859375,1177.1099853515625,96.12999725341797,27.950000762939453
2021-12-03,4538.43017578125,28029.5703125,17697.140625,1176.77001953125,96.12000274658203,30.670000076293945
2021-12-06,4591.669921875,27927.369140625,17688.2109375,1183.1400146484375,96.29000091552734,27.18000030517578
2021-12-07,4686.75,28455.599609375,17796.919921875,1180.56005859375,96.37000274658203,21.889999389648438
2021-12-08,4701.2099609375,28860.619140625,17832.419921875,1176.8399658203125,95.88999938964844,19.899999618530273
2021-12-09,4667.4501953125,28725.470703125,17914.119140625,1172.56005859375,96.2699966430664,21.579999923706055
2021-12-10,4712.02001953125,28437.76953125,17826.259765625,1177.3299560546875,96.05000305175781,18.690000534057617
2021-12-13,4668.97021484375,28640.490234375,17767.599609375,1178.969970703125,96.31999969482422,20.309999465942383
2021-12-14,4634.08984375,28432.640625,17599.369140625,1185.0999755859375,96.56999969482422,21.889999389648438
2021-12-15,4709.85009765625,28459.720703125,17660.099609375,1184.22998046875,96.51000213623047,19.290000915527344
2021-12-16,4668.669921875,29066.3203125,17785.740234375,1184.4000244140625,96.04000091552734,20.56999969482422
2021-12-17,4620.64013671875,28545.6796875,17812.58984375,1186.1500244140625,96.56999969482422,21.56999969482422
2021-12-20,4568.02001953125,27937.810546875,17669.109375,1186.3900146484375,96.55000305175781,22.8700008392334
2021-12-21,4649.22998046875,28517.58984375,17789.26953125,1190.1199951171875,96.48999786376953,21.010000228881836
2021-12-22,4696.56005859375,28562.2109375,17826.830078125,1191.27001953125,96.08000183105469,18.6299991607666
2021-12-23,4725.7900390625,28798.369140625,17946.66015625,1187.77001953125,96.0199966430664,17.959999084472656
2021-12-24,4725.7900390625,28782.58984375,17961.640625,1185.5,96.0199966430664,17.959999084472656
2021-12-27,4791.18994140625,28676.4609375,18048.939453125,1185.9200439453125,96.08999633789062,17.68000030517578
2021-12-28,4786.35009765625,29069.16015625,18196.810546875,1185.6500244140625,96.19999694824219,17.540000915527344
2021-12-29,4793.06005859375,28906.880859375,18248.279296875,1187.8499755859375,95.93000030517578,16.950000762939453
2021-12-30,4778.72998046875,28791.7109375,18218.83984375,1183.6700439453125,95.97000122070312,17.329999923706055
2022-01-04,4793.5400390625,29301.7890625,18526.349609375,1194.6800537109375,96.29000091552734,16.90999984741211
2022-01-05,4700.580078125,29332.16015625,18499.9609375,1196.5,96.19000244140625,19.729999542236328
2022-01-06,4696.0498046875,28487.869140625,18367.919921875,1199.25,96.25,19.610000610351562
2022-01-07,4677.02978515625,28478.560546875,18169.759765625,1205.780029296875,95.73999786376953,18.760000228881836
2022-01-10,4670.2900390625,28478.560546875,18239.380859375,1196.8800048828125,95.98999786376953,19.399999618530273
2022-01-11,4713.06982421875,28222.48046875,18288.2109375,1198.0899658203125,95.62000274658203,18.40999984741211
2022-01-12,4726.35009765625,28765.66015625,18375.400390625,1189.4300537109375,95.0,17.6200008392334
2022-01-13,4659.02978515625,28489.130859375,18436.9296875,1185.8800048828125,94.79000091552734,20.309999465942383
2022-01-14,4662.85009765625,28124.279296875,18403.330078125,1186.6099853515625,95.16999816894531,19.190000534057617
2022-01-17,4662.85009765625,28333.51953125,18525.439453125,1188.9599609375,95.16999816894531,19.190000534057617
2022-01-18,4577.10986328125,28257.25,18378.640625,1190.06005859375,95.7300033569336,22.790000915527344
2022-01-19,4532.759765625,27467.23046875,18227.4609375,1192.97998046875,95.51000213623047,23.850000381469727
2022-01-20,4482.72998046875,27772.9296875,18218.279296875,1188.1600341796875,95.73999786376953,25.59000015258789
2022-01-21,4397.93994140625,27522.259765625,17899.30078125,1192.4300537109375,95.63999938964844,28.850000381469727
2022-01-24,4410.1298828125,27588.369140625,17989.0390625,1191.5,95.91999816894531,29.899999618530273
2022-01-25,4356.4501953125,27131.33984375,17701.119140625,1195.6600341796875,95.94999694824219,31.15999984741211
2022-01-26,4349.93017578125,27011.330078125,17674.400390625,1196.0999755859375,96.48999786376953,31.959999084472656
2022-01-27,4326.509765625,26170.30078125,17674.400390625,1200.6300048828125,97.26000213623047,30.489999771118164
2022-01-28,4431.85009765625,26717.33984375,17674.400390625,1203.4599609375,97.2699966430664,27.65999984741211
2022-02-03,4477.43994140625,27241.310546875,17674.400390625,1199.9599609375,95.37999725341797,24.350000381469727
2022-02-04,4500.52978515625,27439.990234375,17674.400390625,1200.3299560546875,95.4800033569336,23.219999313354492
2022-02-07,4483.8701171875,27248.869140625,17900.30078125,1197.0899658203125,95.4000015258789,22.860000610351562
2022-02-08,4521.5400390625,27284.51953125,17966.560546875,1196.8499755859375,95.63999938964844,21.440000534057617
2022-02-09,4587.18017578125,27579.869140625,18151.759765625,1196.3599853515625,95.48999786376953,19.959999084472656
2022-02-10,4504.080078125,27696.080078125,18338.05078125,1194.030029296875,95.55000305175781,23.90999984741211
2022-02-11,4418.64013671875,27696.080078125,18310.939453125,1199.3499755859375,96.08000183105469,27.360000610351562
2022-02-14,4401.669921875,27079.58984375,17997.669921875,1199.239990234375,96.37000274658203,28.329999923706055
2022-02-15,4471.06982421875,26865.189453125,17951.810546875,1197.3599853515625,95.98999786376953,25.700000762939453
2022-02-16,4475.009765625,27460.400390625,18231.470703125,1196.8299560546875,95.69999694824219,24.290000915527344
2022-02-17,4380.259765625,27232.869140625,18268.5703125,1196.75,95.80000305175781,28.110000610351562
2022-02-18,4348.8701171875,27122.0703125,18232.349609375,1198.6600341796875,96.04000091552734,27.75
2022-02-21,4348.8701171875,26910.869140625,18221.490234375,1195.0699462890625,96.04000091552734,27.75
2022-02-22,4304.759765625,26449.609375,17969.2890625,1194.6800537109375,96.02999877929688,28.809999465942383
2022-02-23,4225.5,26449.609375,18055.73046875,1192.6800537109375,96.19000244140625,31.020000457763672
2022-02-24,4288.7001953125,25970.8203125,17594.55078125,1192.4000244140625,97.13999938964844,30.31999969482422
2022-02-25,4384.64990234375,26476.5,17652.1796875,1206.0,96.62000274658203,27.59000015258789
2022-02-28,4373.93994140625,26526.8203125,17652.1796875,1197.5899658203125,96.70999908447266,30.149999618530273
2022-03-02,4386.5400390625,26393.029296875,17867.599609375,1205.3699951171875,97.38999938964844,30.739999771118164
2022-03-03,4363.490234375,26577.26953125,17934.400390625,1203.1500244140625,97.79000091552734,30.479999542236328
2022-03-04,4328.8701171875,25985.470703125,17736.51953125,1205.989990234375,98.6500015258789,31.979999542236328
2022-03-07,4201.08984375,25221.41015625,17178.689453125,1216.7099609375,99.29000091552734,36.45000076293945
2022-03-08,4170.7001953125,24790.94921875,16825.25,1232.300048828125,99.05999755859375,35.130001068115234
2022-03-10,4259.52001953125,25690.400390625,17433.19921875,1223.22998046875,98.51000213623047,30.229999542236328
2022-03-11,4204.31005859375,25162.779296875,17264.740234375,1228.5999755859375,99.12000274658203,30.75
2022-03-14,4173.10986328125,25307.849609375,17263.0390625,1236.8900146484375,99.05999755859375,31.770000457763672
2022-03-15,4262.4501953125,25346.48046875,16926.060546875,1242.050048828125,99.06999969482422,29.829999923706055
2022-03-16,4357.85986328125,25762.009765625,16940.830078125,1241.6800537109375,98.37999725341797,26.670000076293945
2022-03-17,4411.669921875,26652.890625,17448.220703125,1223.0,98.01000213623047,25.670000076293945
2022-03-18,4463.1201171875,26827.4296875,17456.51953125,1210.3299560546875,98.2300033569336,23.8700008392334
2022-03-21,4461.18017578125,26827.4296875,17560.359375,1210.3699951171875,98.5,23.530000686645508
2022-03-22,4511.60986328125,27224.109375,17559.7109375,1219.780029296875,98.48999786376953,22.940000534057617
2022-03-23,4456.240234375,28040.16015625,17731.369140625,1214.949951171875,98.62000274658203,23.56999969482422
2022-03-24,4520.16015625,28110.390625,17699.060546875,1218.010009765625,98.79000091552734,21.670000076293945
2022-03-25,4543.06005859375,28149.83984375,17676.94921875,1217.550048828125,98.80999755859375,20.809999465942383
2022-03-28,4575.52001953125,27943.890625,17520.009765625,1224.3800048828125,99.08999633789062,19.6299991607666
2022-03-29,4631.60009765625,28252.419921875,17548.66015625,1223.6600341796875,98.4000015258789,18.899999618530273
2022-03-30,4602.4501953125,28027.25,17740.560546875,1209.1300048828125,97.79000091552734,19.329999923706055
2022-03-31,4530.41015625,27821.4296875,17693.470703125,1210.43994140625,98.30999755859375,20.559999465942383
2022-04-01,4545.85986328125,27665.98046875,17625.58984375,1214.5,98.62999725341797,19.6299991607666
2022-04-04,4582.64013671875,27736.470703125,17625.58984375,1218.780029296875,98.98999786376953,18.56999969482422
2022-04-05,4525.1201171875,27787.98046875,17625.58984375,1213.9000244140625,99.47000122070312,21.030000686645508
2022-04-06,4481.14990234375,27350.30078125,17522.5,1218.75,99.5999984741211,22.100000381469727
2022-04-07,4500.2099609375,26888.5703125,17178.630859375,1217.5999755859375,99.75,21.549999237060547
2022-04-08,4488.27978515625,26985.80078125,17284.5390625,1222.6600341796875,99.80000305175781,21.15999984741211
2022-04-11,4412.52978515625,26821.51953125,17048.369140625,1228.239990234375,99.93000030517578,24.3700008392334
2022-04-12,4397.4501953125,26334.98046875,16990.91015625,1235.050048828125,100.29000091552734,24.260000228881836
2022-04-13,4446.58984375,26843.490234375,17301.650390625,1228.5999755859375,99.87999725341797,21.81999969482422
2022-04-14,4392.58984375,27172.0,17245.650390625,1223.1199951171875,100.31999969482422,22.700000762939453
2022-04-15,4392.58984375,27093.189453125,17004.1796875,1230.0999755859375,100.31999969482422,22.700000762939453
2022-04-18,4391.68994140625,26799.7109375,16898.869140625,1228.0899658203125,100.77999877929688,22.170000076293945
2022-04-19,4462.2099609375,26985.08984375,16993.400390625,1235.3499755859375,100.95999908447266,21.3700008392334
2022-04-20,4459.4501953125,27217.849609375,17148.880859375,1239.5999755859375,100.38999938964844,20.31999969482422
2022-04-21,4393.66015625,27553.060546875,17127.94921875,1234.0899658203125,100.58000183105469,22.68000030517578
2022-04-22,4271.77978515625,27105.259765625,17025.08984375,1242.489990234375,101.22000122070312,28.209999084472656
2022-04-25,4296.1201171875,26590.779296875,16620.900390625,1243.1600341796875,101.75,27.020000457763672
2022-04-26,4175.2001953125,26700.109375,16644.7890625,1249.2099609375,102.30000305175781,33.52000045776367
2022-04-27,4183.9599609375,26386.630859375,16303.349609375,1260.7099609375,102.94999694824219,31.600000381469727
2022-04-28,4287.5,26847.900390625,16419.380859375,1266.280029296875,103.62000274658203,29.989999771118164
2022-04-29,4131.93017578125,26847.900390625,16592.1796875,1272.2900390625,102.95999908447266,33.400001525878906
2022-05-02,4155.3798828125,26818.529296875,16592.1796875,1262.530029296875,103.73999786376953,32.34000015258789
2022-05-03,4175.47998046875,26818.529296875,16498.900390625,1266.75,103.47000122070312,29.25
2022-05-04,4300.169921875,26818.529296875,16565.830078125,1261.06005859375,102.58999633789062,25.420000076293945
2022-05-06,4123.33984375,27003.560546875,16408.19921875,1268.699951171875,103.66000366210938,30.190000534057617
2022-05-10,4001.050048828125,26167.099609375,16061.7001953125,1274.8599853515625,103.91999816894531,32.9900016784668
2022-05-11,3935.179931640625,26213.640625,16006.25,1276.550048828125,103.8499984741211,32.560001373291016
2022-05-12,3930.080078125,25748.720703125,15616.6796875,1278.1500244140625,104.8499984741211,31.770000457763672
2022-05-13,4023.889892578125,26427.650390625,15832.5400390625,1290.75,104.55999755859375,28.8700008392334
2022-05-16,4008.010009765625,26547.05078125,15901.0400390625,1277.5699462890625,104.19000244140625,27.469999313354492
2022-05-17,4088.85009765625,26659.75,16056.08984375,1279.8499755859375,103.36000061035156,26.100000381469727
2022-05-18,3923.679931640625,26911.19921875,16296.8603515625,1266.6600341796875,103.80999755859375,30.959999084472656
2022-05-19,3900.7900390625,26402.83984375,16020.3203125,1275.5799560546875,102.72000122070312,29.350000381469727
2022-05-20,3901.360107421875,26739.029296875,16144.849609375,1263.550048828125,103.1500015258789,29.43000030517578
2022-05-23,3973.75,27001.51953125,16156.41015625,1273.2099609375,102.08000183105469,28.479999542236328
2022-05-24,3941.47998046875,26748.140625,15963.6298828125,1258.8199462890625,101.86000061035156,29.450000762939453
2022-05-25,3978.72998046875,26677.80078125,16104.0302734375,1260.989990234375,102.05999755859375,28.3700008392334
2022-05-26,4057.840087890625,26604.83984375,15968.830078125,1266.5999755859375,101.83000183105469,27.5
2022-05-27,4158.240234375,26781.6796875,16266.2197265625,1258.8900146484375,101.66999816894531,25.719999313354492
2022-05-30,4158.240234375,27369.4296875,16610.619140625,1251.5899658203125,101.66999816894531,25.719999313354492
2022-05-31,4132.14990234375,27279.80078125,16807.76953125,1236.1700439453125,101.75,26.190000534057617
2022-06-02,4176.81982421875,27413.880859375,16552.5703125,1246.949951171875,101.7699966430664,24.719999313354492
2022-06-03,4108.5400390625,27761.5703125,16552.5703125,1240.8399658203125,102.13999938964844,24.790000915527344
2022-06-07,4160.68017578125,27943.94921875,16512.880859375,1254.47998046875,102.31999969482422,24.020000457763672
2022-06-08,4115.77001953125,28234.2890625,16670.509765625,1254.5799560546875,102.54000091552734,23.959999084472656
2022-06-09,4017.820068359375,28246.529296875,16621.33984375,1256.739990234375,103.22000122070312,26.09000015258789
2022-06-10,3900.860107421875,27824.2890625,16460.119140625,1264.02001953125,104.1500015258789,27.75
2022-06-13,3749.6298828125,26987.439453125,16070.98046875,1278.280029296875,105.08000183105469,34.02000045776367
2022-06-14,3735.47998046875,26629.859375,16047.3701171875,1291.800048828125,105.5199966430664,32.689998626708984
2022-06-15,3789.989990234375,26326.16015625,15999.25,1289.47998046875,105.16000366210938,29.6200008392334
2022-06-16,3666.77001953125,26431.19921875,15838.6103515625,1278.1600341796875,103.62999725341797,32.95000076293945
2022-06-17,3674.840087890625,25963.0,15641.259765625,1288.1800537109375,104.69999694824219,31.1299991607666
2022-06-20,3674.840087890625,25771.220703125,15367.580078125,1290.5,104.69999694824219,31.1299991607666
2022-06-21,3764.7900390625,26246.310546875,15728.6396484375,1292.3800048828125,104.44000244140625,30.190000534057617
2022-06-22,3759.889892578125,26149.55078125,15347.75,1291.5999755859375,104.19999694824219,28.950000762939453
2022-06-23,3795.72998046875,26171.25,15176.4404296875,1297.6800537109375,104.43000030517578,29.049999237060547
2022-06-24,3911.739990234375,26491.970703125,15303.3203125,1299.81005859375,104.19000244140625,27.229999542236328
2022-06-27,3900.110107421875,26871.26953125,15548.009765625,1288.2900390625,103.94000244140625,26.950000762939453
2022-06-28,3821.550048828125,27049.470703125,15439.919921875,1286.199951171875,104.51000213623047,28.360000610351562
2022-06-29,3818.830078125,26804.599609375,15240.1298828125,1292.030029296875,105.11000061035156,28.15999984741211
2022-06-30,3785.3798828125,26393.0390625,14825.73046875,1301.72998046875,104.69000244140625,28.709999084472656
2022-07-01,3825.330078125,25935.619140625,14343.080078125,1287.7099609375,105.13999938964844,26.700000762939453
2022-07-04,3825.330078125,26153.810546875,14217.0595703125,1297.8900146484375,105.13999938964844,26.700000762939453
2022-07-05,3831.389892578125,26423.470703125,14349.2001953125,1295.6800537109375,106.5,27.540000915527344
2022-07-06,3845.080078125,26107.650390625,13985.509765625,1308.6600341796875,107.0999984741211,26.729999542236328
2022-07-07,3902.6201171875,26490.529296875,14336.26953125,1304.8499755859375,107.12999725341797,26.079999923706055
2022-07-08,3899.3798828125,26517.189453125,14464.5302734375,1297.6500244140625,107.01000213623047,24.639999389648438
2022-07-11,3854.429931640625,26812.30078125,14340.5302734375,1293.7900390625,108.0199966430664,26.170000076293945
2022-07-12,3818.800048828125,26336.66015625,13950.6201171875,1310.8599853515625,108.06999969482422,27.290000915527344
2022-07-13,3801.780029296875,26478.76953125,14324.6796875,1305.8299560546875,107.95999908447266,26.81999969482422
2022-07-14,3790.3798828125,26643.390625,14438.51953125,1304.8499755859375,108.54000091552734,26.399999618530273
2022-07-15,3863.159912109375,26788.470703125,14550.6201171875,1316.1800537109375,108.05999755859375,24.229999542236328
2022-07-18,3830.85009765625,26788.470703125,14719.6396484375,1318.1199951171875,107.37000274658203,25.299999237060547
2022-07-19,3936.68994140625,26961.6796875,14694.080078125,1318.9100341796875,106.68000030517578,24.5
2022-07-20,3959.89990234375,27680.259765625,14733.2197265625,1305.5,107.08000183105469,23.8799991607666
2022-07-21,3998.949951171875,27803.0,14937.7001953125,1312.8699951171875,106.91000366210938,23.110000610351562
2022-07-22,3961.6298828125,27914.66015625,14949.3603515625,1306.8499755859375,106.7300033569336,23.030000686645508
2022-07-25,3966.840087890625,27699.25,14936.330078125,1309.3199462890625,106.4800033569336,23.360000610351562
2022-07-26,3921.050048828125,27655.2109375,14806.7802734375,1310.4000244140625,107.19000244140625,24.690000534057617
2022-07-27,4023.610107421875,27715.75,14921.58984375,1310.9000244140625,106.44999694824219,23.239999771118164
2022-07-28,4072.429931640625,27815.48046875,14891.900390625,1305.949951171875,106.3499984741211,22.329999923706055
2022-07-29,4130.2900390625,27801.640625,15000.0703125,1295.1500244140625,105.9000015258789,21.329999923706055
2022-08-01,4118.6298828125,27993.349609375,14981.6904296875,1302.280029296875,105.44999694824219,22.84000015258789
2022-08-02,4091.18994140625,27594.73046875,14747.23046875,1306.75,106.23999786376953,23.93000030517578
2022-08-03,4155.169921875,27741.900390625,14777.01953125,1314.6300048828125,106.51000213623047,21.950000762939453
2022-08-04,4151.93994140625,27932.19921875,14702.2001953125,1307.3800048828125,105.69000244140625,21.440000534057617
2022-08-05,4145.18994140625,28175.869140625,15036.0400390625,1302.0799560546875,106.62000274658203,21.149999618530273
2022-08-08,4140.06005859375,28249.240234375,15020.41015625,1302.739990234375,106.44000244140625,21.290000915527344
2022-08-09,4122.47021484375,27999.9609375,15050.2802734375,1299.030029296875,106.37000274658203,21.770000457763672
2022-08-10,4210.240234375,27819.330078125,14939.01953125,1307.56005859375,105.19999694824219,19.739999771118164
2022-08-11,4207.27001953125,27819.330078125,15197.849609375,1296.699951171875,105.08999633789062,20.200000762939453
2022-08-12,4280.14990234375,28546.98046875,15288.9697265625,1306.8299560546875,105.62999725341797,19.530000686645508
2022-08-16,4305.2001953125,28868.91015625,15420.5703125,1313.1800537109375,106.5,19.690000534057617
2022-08-17,4274.0400390625,29222.76953125,15465.4501953125,1311.0,106.56999969482422,19.899999618530273
2022-08-18,4283.740234375,28942.140625,15396.759765625,1314.8299560546875,107.4800033569336,19.559999465942383
2022-08-19,4228.47998046875,28930.330078125,15408.7802734375,1326.9100341796875,108.16999816894531,20.600000381469727
2022-08-22,4137.990234375,28794.5,15245.1396484375,1334.8599853515625,109.05000305175781,23.799999237060547
2022-08-23,4128.72998046875,28452.75,15095.8896484375,1343.3599853515625,108.62000274658203,24.110000610351562
2022-08-24,4140.77001953125,28313.470703125,15069.1904296875,1339.0799560546875,108.68000030517578,22.81999969482422
2022-08-25,4199.1201171875,28479.009765625,15200.0400390625,1340.0,108.47000122070312,21.780000686645508
2022-08-26,4057.659912109375,28641.380859375,15278.4404296875,1334.43994140625,108.80000305175781,25.559999465942383
2022-08-29,4030.610107421875,27878.9609375,14926.1904296875,1341.1800537109375,108.83999633789062,26.209999084472656
2022-08-30,3986.159912109375,28195.580078125,14953.6298828125,1345.72998046875,108.7699966430664,26.209999084472656
2022-08-31,3955.0,28091.529296875,15095.4404296875,1350.18994140625,108.69999694824219,25.8700008392334
2022-09-01,3966.85009765625,27661.470703125,14801.8603515625,1342.260009765625,109.69000244140625,25.559999465942383
2022-09-02,3924.260009765625,27650.83984375,14673.0400390625,1355.0999755859375,109.52999877929688,25.469999313354492
2022-09-05,3924.260009765625,27619.609375,14661.099609375,1361.510009765625,109.52999877929688,25.469999313354492
2022-09-06,3908.18994140625,27626.509765625,14677.2001953125,1361.81005859375,110.20999908447266,26.90999984741211
2022-09-07,3979.8701171875,27430.30078125,14410.0498046875,1378.1099853515625,109.83999633789062,24.639999389648438
2022-09-08,4006.179931640625,28065.279296875,14583.419921875,1374.31005859375,109.70999908447266,23.610000610351562
2022-09-13,3932.68994140625,28614.630859375,14894.41015625,1375.81005859375,109.81999969482422,27.270000457763672
2022-09-14,3946.010009765625,27818.619140625,14658.3095703125,1393.469970703125,109.66000366210938,26.15999984741211
2022-09-15,3901.35009765625,27875.91015625,14670.0400390625,1391.1800537109375,109.73999786376953,26.270000457763672
2022-09-16,3873.330078125,27567.650390625,14561.759765625,1398.6300048828125,109.76000213623047,26.299999237060547
2022-09-19,3899.889892578125,27567.650390625,14425.6796875,1385.22998046875,109.73999786376953,25.760000228881836
2022-09-20,3855.929931640625,27688.419921875,14549.2998046875,1390.1099853515625,110.22000122070312,27.15999984741211
2022-09-21,3789.929931640625,27313.130859375,14424.51953125,1392.510009765625,110.63999938964844,27.989999771118164
2022-09-22,3757.989990234375,27153.830078125,14284.6298828125,1397.56005859375,111.3499984741211,27.350000381469727
2022-09-23,3693.22998046875,27153.830078125,14118.3798828125,1403.6600341796875,113.19000244140625,29.920000076293945
2022-09-26,3655.0400390625,26431.55078125,13778.1904296875,1421.81005859375,114.0999984741211,32.2599983215332
2022-09-27,3647.2900390625,26571.869140625,13826.58984375,1429.77001953125,114.11000061035156,32.599998474121094
2022-09-28,3719.0400390625,26173.98046875,13466.0703125,1426.260009765625,112.5999984741211,30.18000030517578
2022-09-29,3640.469970703125,26422.05078125,13534.259765625,1421.949951171875,112.25,31.84000015258789
2022-09-30,3585.6201171875,25937.2109375,13424.580078125,1430.1700439453125,112.12000274658203,31.6200008392334
2022-10-04,3790.929931640625,26992.2109375,13576.51953125,1433.3399658203125,110.06999969482422,29.06999969482422
2022-10-05,3783.280029296875,27120.529296875,13801.4296875,1416.530029296875,111.06999969482422,28.549999237060547
2022-10-06,3744.52001953125,27311.30078125,13892.0498046875,1416.760009765625,112.26000213623047,30.520000457763672
2022-10-07,3639.659912109375,27116.109375,13702.2802734375,1408.449951171875,112.80000305175781,31.360000610351562
2022-10-11,3588.840087890625,26401.25,13106.0302734375,1428.3499755859375,113.22000122070312,33.630001068115234
2022-10-12,3577.030029296875,26396.830078125,13081.240234375,1430.800048828125,113.31999969482422,33.56999969482422
2022-10-13,3669.909912109375,26237.419921875,12810.73046875,1423.9000244140625,112.36000061035156,31.940000534057617
2022-10-14,3583.070068359375,27090.759765625,13128.1201171875,1430.300048828125,113.30999755859375,32.02000045776367
2022-10-17,3677.949951171875,26775.7890625,12966.0498046875,1440.760009765625,112.04000091552734,31.3700008392334
2022-10-18,3719.97998046875,27156.140625,13124.6796875,1430.1500244140625,112.12999725341797,30.5
2022-10-19,3695.159912109375,27257.380859375,12976.759765625,1425.02001953125,112.9800033569336,30.760000228881836
2022-10-20,3665.780029296875,27006.9609375,12946.099609375,1435.010009765625,112.87999725341797,29.979999542236328
2022-10-21,3752.75,26890.580078125,12819.2001953125,1430.31005859375,112.01000213623047,29.690000534057617
2022-10-24,3797.340087890625,26974.900390625,12856.98046875,1428.1099853515625,111.98999786376953,29.850000381469727
2022-10-25,3859.110107421875,27250.279296875,12666.1201171875,1443.9599609375,110.94999694824219,28.459999084472656
2022-10-26,3830.60009765625,27431.83984375,12729.0498046875,1426.9300537109375,109.69999694824219,27.280000686645508
2022-10-27,3807.300048828125,27345.240234375,12926.3701171875,1412.68994140625,110.58999633789062,27.389999389648438
2022-10-28,3901.06005859375,27105.19921875,12788.419921875,1420.6500244140625,110.66999816894531,25.75
2022-10-31,3871.97998046875,27587.4609375,12949.75,1421.6500244140625,111.52999877929688,25.8799991607666
2022-11-01,3856.10009765625,27678.919921875,13037.2099609375,1424.6700439453125,111.4800033569336,25.809999465942383
2022-11-02,3759.68994140625,27663.390625,13100.169921875,1416.5999755859375,111.3499984741211,25.860000610351562
2022-11-03,3719.889892578125,27663.390625,12986.599609375,1423.0999755859375,112.93000030517578,25.299999237060547
2022-11-04,3770.550048828125,27199.740234375,13026.7099609375,1423.6500244140625,110.87999725341797,24.549999237060547
2022-11-07,3806.800048828125,27527.640625,13223.73046875,1402.1099853515625,110.12000274658203,24.350000381469727
2022-11-08,3828.110107421875,27872.109375,13347.759765625,1392.699951171875,109.62000274658203,25.540000915527344
2022-11-09,3748.570068359375,27716.4296875,13638.8095703125,1374.1500244140625,110.55000305175781,26.09000015258789
2022-11-10,3956.3701171875,27446.099609375,13503.759765625,1370.550048828125,108.20999908447266,23.530000686645508
2022-11-11,3992.929931640625,28263.5703125,14007.5595703125,1349.3699951171875,106.29000091552734,22.520000457763672
2022-11-14,3957.25,27963.470703125,14174.900390625,1313.030029296875,106.66000366210938,23.729999542236328
2022-11-15,3991.72998046875,27990.169921875,14546.3095703125,1324.0799560546875,106.4000015258789,24.540000915527344
2022-11-16,3958.7900390625,28028.30078125,14537.349609375,1316.260009765625,106.27999877929688,24.110000610351562
2022-11-17,3946.56005859375,27930.5703125,14535.23046875,1336.4300537109375,106.69000244140625,23.93000030517578
2022-11-18,3965.340087890625,27899.76953125,14504.990234375,1342.75,106.93000030517578,23.1200008392334
2022-11-21,3949.93994140625,27944.7890625,14449.3896484375,1339.030029296875,107.83999633789062,22.360000610351562
2022-11-22,4003.580078125,28115.740234375,14542.2001953125,1359.75,107.22000122070312,21.290000915527344
2022-11-23,4027.260009765625,28115.740234375,14608.5400390625,1352.68994140625,106.08000183105469,20.350000381469727
2022-11-24,4027.260009765625,28383.08984375,14784.0,1336.81005859375,106.08000183105469,20.350000381469727
2022-11-25,4026.1201171875,28283.029296875,14778.509765625,1317.8900146484375,105.95999908447266,20.5
2022-11-28,3963.93994140625,28162.830078125,14556.8701171875,1334.56005859375,106.68000030517578,22.209999084472656
2022-11-29,3957.6298828125,28027.83984375,14709.6396484375,1340.1199951171875,106.81999969482422,21.889999389648438
2022-11-30,4080.110107421875,27968.990234375,14879.5498046875,1325.3699951171875,105.94999694824219,20.579999923706055
2022-12-01,4076.570068359375,28226.080078125,15012.7998046875,1279.800048828125,104.7300033569336,19.84000015258789
2022-12-02,4071.699951171875,27777.900390625,14970.6796875,1303.25,104.55000305175781,19.059999465942383
2022-12-05,3998.840087890625,27820.400390625,14980.740234375,1299.1700439453125,105.29000091552734,20.75
2022-12-06,3941.260009765625,27885.869140625,14728.8798828125,1304.3699951171875,105.58000183105469,22.170000076293945
2022-12-07,3933.919921875,27686.400390625,14630.009765625,1319.7099609375,105.0999984741211,22.68000030517578
2022-12-08,3963.510009765625,27574.4296875,14553.0400390625,1314.0999755859375,104.7699966430664,22.290000915527344
2022-12-09,3934.3798828125,27901.009765625,14705.4296875,1316.6300048828125,104.80999755859375,22.829999923706055
2022-12-12,3990.56005859375,27842.330078125,14612.58984375,1303.1700439453125,105.12999725341797,25.0
2022-12-13,4019.64990234375,27954.849609375,14522.9599609375,1305.9200439453125,103.9800033569336,22.549999237060547
2022-12-14,3995.320068359375,28156.2109375,14739.3603515625,1288.97998046875,103.7699966430664,21.139999389648438
2022-12-15,3895.75,28051.69921875,14734.1298828125,1295.6800537109375,104.55999755859375,22.829999923706055
2022-12-16,3852.360107421875,27527.119140625,14528.5498046875,1317.0999755859375,104.69999694824219,22.6200008392334
2022-12-19,3817.659912109375,27237.640625,14433.3203125,1308.8599853515625,104.72000122070312,22.420000076293945
2022-12-20,3821.6201171875,26568.029296875,14170.0302734375,1301.3299560546875,103.97000122070312,21.479999542236328
2022-12-21,3878.43994140625,26387.720703125,14234.400390625,1283.6400146484375,104.16000366210938,20.06999969482422
2022-12-22,3822.389892578125,26507.869140625,14442.9404296875,1280.77001953125,104.43000030517578,21.969999313354492
2022-12-23,3844.820068359375,26235.25,14271.6298828125,1290.199951171875,104.30999755859375,20.8700008392334
2022-12-26,3844.820068359375,26405.869140625,14285.1298828125,1279.239990234375,104.30999755859375,20.8700008392334
2022-12-27,3829.25,26447.869140625,14328.4296875,1275.1300048828125,104.18000030517578,21.649999618530273
2022-12-28,3783.219970703125,26340.5,14173.099609375,1272.280029296875,104.45999908447266,22.139999389648438
2022-12-29,3849.280029296875,26093.669921875,14085.01953125,1274.3199462890625,103.83999633789062,21.440000534057617
2023-01-02,3839.5,26094.5,14137.6904296875,1260.9100341796875,103.5199966430664,21.670000076293945
2023-01-03,3824.139892578125,26094.5,14224.1201171875,1270.0999755859375,104.5199966430664,22.899999618530273
2023-01-04,3852.969970703125,25716.859375,14199.1298828125,1279.0799560546875,104.25,22.010000228881836
2023-01-05,3808.10009765625,25820.80078125,14301.0498046875,1271.0799560546875,105.04000091552734,22.459999084472656
2023-01-06,3895.080078125,25973.849609375,14373.33984375,1274.1800537109375,103.87999725341797,21.1299991607666
2023-01-09,3892.090087890625,25973.849609375,14752.2099609375,1252.8800048828125,103.0,21.969999313354492
2023-01-10,3919.25,26175.560546875,14802.9599609375,1239.280029296875,103.23999786376953,20.579999923706055
2023-01-11,3969.610107421875,26446.0,14751.4404296875,1240.1600341796875,103.19000244140625,21.09000015258789
2023-01-12,3983.169921875,26449.8203125,14731.6396484375,1241.5999755859375,102.25,18.829999923706055
2023-01-13,3999.090087890625,26119.51953125,14824.1298828125,1239.1300048828125,102.19999694824219,18.350000381469727
2023-01-16,3999.090087890625,25822.3203125,14927.009765625,1236.5899658203125,102.19999694824219,18.350000381469727
2023-01-17,3990.969970703125,26138.6796875,14932.9296875,1240.7099609375,102.38999938964844,19.360000610351562
2023-01-18,3928.860107421875,26791.119140625,14932.9296875,1237.0,102.36000061035156,20.34000015258789
2023-01-19,3898.85009765625,26405.23046875,14932.9296875,1237.8800048828125,102.05999755859375,20.520000457763672
2023-01-20,3972.610107421875,26553.529296875,14932.9296875,1232.1800537109375,102.01000213623047,19.850000381469727
2023-01-25,4016.219970703125,27395.009765625,14932.9296875,1232.6600341796875,101.63999938964844,19.079999923706055
2023-01-26,4060.429931640625,27362.75,14932.9296875,1232.5899658203125,101.83999633789062,18.729999542236328
2023-01-27,4070.56005859375,27382.560546875,14932.9296875,1231.8499755859375,101.93000030517578,18.510000228881836
2023-01-30,4017.77001953125,27433.400390625,15493.8203125,1228.949951171875,102.27999877929688,19.940000534057617
2023-01-31,4076.60009765625,27327.109375,15265.2001953125,1231.5,102.0999984741211,19.399999618530273
2023-02-01,4119.2099609375,27346.880859375,15420.1298828125,1232.1500244140625,101.22000122070312,17.8700008392334
2023-02-02,4179.759765625,27402.05078125,15595.16015625,1221.949951171875,101.75,18.729999542236328
2023-02-03,4136.47998046875,27509.4609375,15602.66015625,1224.9000244140625,102.91999816894531,18.329999923706055
2023-02-06,4111.080078125,27693.650390625,15392.8203125,1246.75,103.62000274658203,19.43000030517578
2023-02-07,4164.0,27685.470703125,15400.91015625,1261.22998046875,103.43000030517578,18.65999984741211
2023-02-08,4117.85986328125,27606.4609375,15618.169921875,1255.3499755859375,103.41000366210938,19.6299991607666
2023-02-09,4081.5,27584.349609375,15598.7099609375,1260.469970703125,103.22000122070312,20.709999084472656
2023-02-10,4090.4599609375,27670.98046875,15586.650390625,1264.550048828125,103.62999725341797,20.530000686645508
2023-02-13,4137.2900390625,27427.3203125,15544.2802734375,1266.8699951171875,103.3499984741211,20.34000015258789
2023-02-14,4136.1298828125,27602.76953125,15654.48046875,1272.93994140625,103.2300033569336,18.90999984741211
2023-02-15,4147.60009765625,27501.859375,15432.8896484375,1272.25,103.91999816894531,18.229999542236328
2023-02-16,4090.409912109375,27696.439453125,15550.5,1283.719970703125,103.86000061035156,20.170000076293945
2023-02-17,4079.090087890625,27513.130859375,15479.7001953125,1288.9599609375,103.86000061035156,20.020000457763672
2023-02-20,4079.090087890625,27531.939453125,15551.23046875,1293.9200439453125,103.86000061035156,20.020000457763672
2023-02-21,3997.340087890625,27473.099609375,15563.0,1296.1099853515625,104.18000030517578,22.8700008392334
2023-02-22,3991.050048828125,27104.3203125,15418.76953125,1305.8299560546875,104.58999633789062,22.290000915527344
2023-02-23,4012.320068359375,27104.3203125,15615.41015625,1302.8299560546875,104.5999984741211,21.139999389648438
2023-02-24,3970.0400390625,27453.48046875,15503.7900390625,1298.0799560546875,105.20999908447266,21.670000076293945
2023-02-27,3982.239990234375,27423.9609375,15503.7900390625,1313.699951171875,104.66999816894531,20.950000762939453
2023-02-28,3970.14990234375,27445.560546875,15503.7900390625,1318.3499755859375,104.87000274658203,20.700000762939453
2023-03-02,3981.35009765625,27498.869140625,15598.7197265625,1305.72998046875,105.02999877929688,19.59000015258789
2023-03-03,4045.639892578125,27927.470703125,15608.419921875,1311.06005859375,104.5199966430664,18.489999771118164
2023-03-06,4048.419921875,28237.779296875,15763.509765625,1294.780029296875,104.3499984741211,18.610000610351562
2023-03-07,3986.3701171875,28309.16015625,15857.8896484375,1299.0,105.62000274658203,19.59000015258789
2023-03-08,3992.010009765625,28444.189453125,15818.2001953125,1317.9000244140625,105.66000366210938,19.110000610351562
2023-03-09,3918.320068359375,28623.150390625,15770.66015625,1316.449951171875,105.30999755859375,22.610000610351562
2023-03-10,3861.590087890625,28143.970703125,15526.2001953125,1325.550048828125,104.58000183105469,24.799999237060547
2023-03-13,3855.760009765625,27832.9609375,15560.490234375,1319.5400390625,103.5999984741211,26.520000457763672
2023-03-14,3919.2900390625,27222.0390625,15360.419921875,1296.3800048828125,103.5999984741211,23.729999542236328
2023-03-15,3891.929931640625,27229.48046875,15387.58984375,1304.5799560546875,104.6500015258789,26.139999389648438
2023-03-16,3960.280029296875,27010.609375,15221.1201171875,1311.739990234375,104.41999816894531,22.989999771118164
2023-03-17,3916.639892578125,27333.7890625,15452.9599609375,1301.6199951171875,103.70999908447266,25.510000228881836
2023-03-20,3951.570068359375,26945.669921875,15419.9697265625,1307.6500244140625,103.27999877929688,24.149999618530273
2023-03-21,4002.8701171875,26945.669921875,15513.4501953125,1304.93994140625,103.26000213623047,21.3799991607666
2023-03-22,3936.969970703125,27466.609375,15760.4599609375,1303.43994140625,102.3499984741211,22.260000228881836
2023-03-23,3948.719970703125,27419.609375,15863.9501953125,1298.25,102.52999877929688,22.610000610351562
2023-03-24,3970.989990234375,27385.25,15914.7001953125,1286.2900390625,103.12000274658203,21.739999771118164
2023-03-27,3977.530029296875,27476.869140625,15830.3095703125,1294.8299560546875,102.86000061035156,20.600000381469727
2023-03-28,3971.27001953125,27518.25,15701.48046875,1297.800048828125,102.43000030517578,19.969999313354492
2023-03-29,4027.81005859375,27883.779296875,15769.759765625,1296.97998046875,102.63999938964844,19.1200008392334
2023-03-30,4050.830078125,27782.9296875,15849.4296875,1307.1300048828125,102.13999938964844,19.020000457763672
2023-03-31,4109.31005859375,28041.48046875,15868.0595703125,1296.5,102.51000213623047,18.700000762939453
2023-04-03,4124.509765625,28188.150390625,15868.0595703125,1305.47998046875,102.08999633789062,18.549999237060547
2023-04-04,4100.60009765625,28287.419921875,15868.0595703125,1308.050048828125,101.58999633789062,19.0
2023-04-05,4090.3798828125,27813.259765625,15868.0595703125,1312.4100341796875,101.8499984741211,19.079999923706055
2023-04-06,4105.02001953125,27472.630859375,15810.76953125,1316.2099609375,101.81999969482422,18.399999618530273
2023-04-07,4105.02001953125,27518.310546875,15836.5,1317.93994140625,101.81999969482422,18.399999618530273
2023-04-10,4109.10986328125,27633.66015625,15876.169921875,1315.449951171875,102.58000183105469,18.969999313354492
2023-04-11,4108.93994140625,27923.369140625,15913.8798828125,1320.8800048828125,102.19999694824219,19.100000381469727
2023-04-12,4091.949951171875,28082.69921875,15932.9697265625,1322.0899658203125,101.5,19.09000015258789
2023-04-13,4146.22021484375,28156.970703125,15804.759765625,1322.8299560546875,101.01000213623047,17.799999237060547
2023-04-14,4137.64013671875,28493.470703125,15929.4296875,1301.4300537109375,101.55000305175781,17.06999969482422
2023-04-17,4151.31982421875,28514.779296875,15963.5498046875,1303.3800048828125,102.0999984741211,16.950000762939453
2023-04-18,4154.8701171875,28658.830078125,15869.4404296875,1316.0699462890625,101.75,16.829999923706055
2023-04-19,4154.52001953125,28606.759765625,15770.4697265625,1315.9000244140625,101.97000122070312,16.459999084472656
2023-04-20,4129.7900390625,28657.5703125,15707.51953125,1326.760009765625,101.83999633789062,17.170000076293945
2023-04-21,4133.52001953125,28564.369140625,15602.990234375,1323.5999755859375,101.81999969482422,16.770000457763672
2023-04-24,4137.0400390625,28593.51953125,15626.8701171875,1329.3800048828125,101.3499984741211,16.889999389648438
2023-04-25,4071.6298828125,28620.0703125,15370.73046875,1332.800048828125,101.86000061035156,18.760000228881836
2023-04-26,4055.989990234375,28416.470703125,15374.6298828125,1341.0,101.47000122070312,18.84000015258789
2023-04-27,4135.35009765625,28457.6796875,15411.490234375,1337.8299560546875,101.5,17.030000686645508
2023-04-28,4169.47998046875,28856.439453125,15579.1796875,1339.3900146484375,101.66999816894531,15.779999732971191
2023-05-02,4119.580078125,29157.94921875,15636.48046875,1342.7900390625,101.95999908447266,17.780000686645508
2023-05-03,4090.75,29157.94921875,15553.41015625,1342.300048828125,101.33999633789062,18.34000015258789
2023-05-04,4061.219970703125,29157.94921875,15609.0302734375,1335.22998046875,101.4000015258789,20.09000015258789
2023-05-08,4138.1201171875,28949.880859375,15699.5703125,1316.9599609375,101.37000274658203,16.979999542236328
2023-05-09,4119.169921875,29242.8203125,15727.7001953125,1322.4100341796875,101.63999938964844,17.709999084472656
2023-05-10,4137.64013671875,29122.1796875,15641.759765625,1326.050048828125,101.4800033569336,16.940000534057617
2023-05-11,4130.6201171875,29126.720703125,15514.6396484375,1318.050048828125,102.05999755859375,16.93000030517578
2023-05-12,4124.080078125,29388.30078125,15502.3603515625,1329.8800048828125,102.68000030517578,17.030000686645508
2023-05-15,4136.27978515625,29626.33984375,15475.0498046875,1341.52001953125,102.43000030517578,17.1200008392334
2023-05-16,4109.89990234375,29842.990234375,15673.900390625,1335.4000244140625,102.55999755859375,17.989999771118164
2023-05-17,4158.77001953125,30093.58984375,15925.2900390625,1342.4300537109375,102.87999725341797,16.8700008392334
2023-05-18,4198.0498046875,30573.9296875,16101.8798828125,1334.1500244140625,103.58000183105469,16.049999237060547
2023-05-19,4191.97998046875,30808.349609375,16174.919921875,1334.739990234375,103.19999694824219,16.809999465942383
2023-05-22,4192.6298828125,31086.8203125,16180.8896484375,1324.2099609375,103.19999694824219,17.209999084472656
2023-05-23,4145.580078125,30957.76953125,16188.0302734375,1313.8299560546875,103.48999786376953,18.530000686645508
2023-05-24,4115.240234375,30682.6796875,16159.3203125,1319.8399658203125,103.88999938964844,20.030000686645508
2023-05-25,4151.27978515625,30801.130859375,16292.0,1318.52001953125,104.20999908447266,19.139999389648438
2023-05-26,4205.4501953125,30916.310546875,16505.05078125,1330.8900146484375,104.20999908447266,17.950000762939453
2023-05-30,4205.52001953125,31328.16015625,16622.740234375,1324.5899658203125,104.16999816894531,17.459999084472656
2023-05-31,4179.830078125,30887.880859375,16578.9609375,1319.7900390625,104.31999969482422,17.940000534057617
2023-06-01,4221.02001953125,31148.009765625,16512.650390625,1321.739990234375,103.55999755859375,15.649999618530273
2023-06-02,4282.3701171875,31524.220703125,16706.91015625,1312.8499755859375,104.0199966430664,14.600000381469727
2023-06-05,4273.7900390625,32217.4296875,16714.4296875,1305.1400146484375,104.0,14.729999542236328
2023-06-07,4267.52001953125,31913.740234375,16922.48046875,1299.199951171875,104.0999984741211,13.9399995803833
2023-06-08,4293.93017578125,31641.26953125,16733.689453125,1308.3399658203125,103.33999633789062,13.649999618530273
2023-06-09,4298.85986328125,32265.169921875,16886.400390625,1296.3299560546875,103.55999755859375,13.829999923706055
2023-06-12,4338.93017578125,32434.0,16955.369140625,1286.68994140625,103.62999725341797,15.010000228881836
2023-06-13,4369.009765625,33018.6484375,17216.599609375,1284.5799560546875,103.33999633789062,14.609999656677246
2023-06-14,4372.58984375,33502.421875,17238.140625,1267.6199951171875,103.01000213623047,13.880000114440918
2023-06-15,4425.83984375,33485.48828125,17334.98046875,1273.989990234375,102.12000274658203,14.5
2023-06-16,4409.58984375,33706.078125,17288.91015625,1270.050048828125,102.30000305175781,13.539999961853027
2023-06-19,4409.58984375,33370.421875,17274.560546875,1276.31005859375,102.30000305175781,13.539999961853027
2023-06-20,4388.7099609375,33388.91015625,17184.91015625,1283.239990234375,102.54000091552734,13.880000114440918
2023-06-21,4365.68994140625,33575.140625,17202.400390625,1287.5400390625,102.06999969482422,13.199999809265137
2023-06-22,4381.89013671875,33264.87890625,17202.400390625,1288.3800048828125,102.38999938964844,12.90999984741211
2023-06-23,4348.330078125,32781.5390625,17202.400390625,1298.2099609375,102.9000015258789,13.4399995803833
2023-06-26,4328.81982421875,32698.810546875,17059.240234375,1307.6700439453125,102.69000244140625,14.25
2023-06-27,4378.41015625,32538.330078125,16887.900390625,1302.6600341796875,102.48999786376953,13.739999771118164
2023-06-28,4376.85986328125,33193.98828125,16935.630859375,1296.5999755859375,102.91000366210938,13.430000305175781
2023-06-29,4396.43994140625,33234.140625,16942.30078125,1309.010009765625,103.33999633789062,13.539999961853027
2023-06-30,4450.3798828125,33189.0390625,16915.5390625,1323.0699462890625,102.91000366210938,13.59000015258789
2023-07-03,4455.58984375,33753.328125,17084.19921875,1315.300048828125,102.98999786376953,13.569999694824219
2023-07-04,4455.58984375,33422.51953125,17140.76953125,1306.0999755859375,102.98999786376953,13.569999694824219
2023-07-05,4446.81982421875,33338.69921875,17056.4296875,1295.5,103.37000274658203,14.180000305175781
2023-07-06,4411.58984375,32773.01953125,16762.169921875,1302.969970703125,103.16999816894531,15.4399995803833
2023-07-07,4398.9501953125,32388.419921875,16664.2109375,1309.219970703125,102.2699966430664,14.829999923706055
2023-07-10,4409.52978515625,32189.73046875,16652.80078125,1297.3699951171875,101.97000122070312,15.069999694824219
2023-07-11,4439.259765625,32203.5703125,16898.91015625,1299.5400390625,101.7300033569336,14.84000015258789
2023-07-12,4472.16015625,31943.9296875,16962.029296875,1291.510009765625,100.5199966430664,13.539999961853027
2023-07-13,4510.0400390625,32419.330078125,17061.400390625,1274.699951171875,99.7699966430664,13.609999656677246
2023-07-14,4505.419921875,32391.259765625,17283.7109375,1266.8299560546875,99.91000366210938,13.34000015258789
2023-07-17,4522.7900390625,32391.259765625,17334.2890625,1268.3399658203125,99.83999633789062,13.479999542236328
2023-07-18,4554.97998046875,32493.890625,17227.91015625,1265.449951171875,99.94000244140625,13.300000190734863
2023-07-19,4565.72021484375,32896.03125,17116.439453125,1264.93994140625,100.27999877929688,13.760000228881836
2023-07-20,4534.8701171875,32490.51953125,17164.890625,1265.0899658203125,100.87999725341797,13.989999771118164
2023-07-21,4536.33984375,32304.25,17030.69921875,1278.4000244140625,101.06999969482422,13.600000381469727
2023-07-24,4554.64013671875,32700.939453125,17033.609375,1285.6500244140625,101.3499984741211,13.90999984741211
2023-07-25,4567.4599609375,32682.509765625,17198.890625,1280.530029296875,101.3499984741211,13.859999656677246
2023-07-26,4566.75,32668.33984375,17162.55078125,1274.1199951171875,100.88999938964844,13.1899995803833
2023-07-27,4537.41015625,32891.16015625,17241.8203125,1275.1700439453125,101.7699966430664,14.40999984741211
2023-07-28,4582.22998046875,32759.23046875,17292.9296875,1283.8800048828125,101.62000274658203,13.329999923706055
2023-07-31,4588.9599609375,33172.21875,17145.4296875,1272.3900146484375,101.86000061035156,13.630000114440918
2023-08-01,4576.72998046875,33476.578125,17212.869140625,1277.9300537109375,102.30000305175781,13.930000305175781
2023-08-02,4513.39013671875,32707.689453125,16893.73046875,1289.050048828125,102.58999633789062,16.09000015258789
2023-08-03,4501.89013671875,32159.279296875,16893.73046875,1295.3699951171875,102.54000091552734,15.920000076293945
2023-08-04,4478.02978515625,32192.75,16843.6796875,1296.4000244140625,102.0199966430664,17.100000381469727
2023-08-07,4518.43994140625,32254.560546875,16996.0,1303.050048828125,102.05000305175781,15.770000457763672
2023-08-08,4499.3798828125,32377.2890625,16877.0703125,1307.75,102.52999877929688,15.989999771118164
2023-08-09,4467.7099609375,32204.330078125,16870.939453125,1316.6700439453125,102.48999786376953,15.960000038146973
2023-08-10,4468.830078125,32473.650390625,16634.69921875,1313.6400146484375,102.5199966430664,15.850000381469727
2023-08-11,4464.0498046875,32473.650390625,16601.25,1318.3299560546875,102.83999633789062,14.84000015258789
2023-08-14,4489.72021484375,32059.91015625,16393.66015625,1329.6099853515625,103.19000244140625,14.819999694824219
2023-08-16,4404.330078125,31766.8203125,16446.779296875,1338.739990234375,103.41999816894531,16.780000686645508
2023-08-17,4370.35986328125,31626.0,16516.66015625,1343.3299560546875,103.44000244140625,17.889999389648438
2023-08-18,4369.7099609375,31450.759765625,16381.3095703125,1339.0799560546875,103.37999725341797,17.299999237060547
2023-08-21,4399.77001953125,31565.640625,16381.490234375,1339.1700439453125,103.33000183105469,17.1299991607666
2023-08-22,4387.5498046875,31856.7109375,16437.609375,1339.739990234375,103.55999755859375,16.969999313354492
2023-08-23,4436.009765625,32010.259765625,16576.900390625,1339.68994140625,103.36000061035156,15.979999542236328
2023-08-24,4376.31005859375,32287.2109375,16770.869140625,1327.780029296875,103.9800033569336,17.200000762939453
2023-08-25,4405.7099609375,31624.279296875,16481.580078125,1326.6199951171875,104.08000183105469,15.680000305175781
2023-08-28,4433.31005859375,32169.990234375,16509.259765625,1323.6099853515625,104.05999755859375,15.079999923706055
2023-08-29,4497.6298828125,32226.970703125,16623.650390625,1322.8199462890625,103.55000305175781,14.449999809265137
2023-08-30,4514.8701171875,32333.4609375,16719.8203125,1321.0699462890625,103.16000366210938,13.880000114440918
2023-08-31,4507.66015625,32619.33984375,16634.509765625,1323.030029296875,103.62000274658203,13.569999694824219
2023-09-01,4515.77001953125,32710.619140625,16644.939453125,1324.6400146484375,104.23999786376953,13.09000015258789
2023-09-04,4515.77001953125,32939.1796875,16789.689453125,1317.4599609375,104.23999786376953,13.09000015258789
2023-09-05,4496.830078125,33036.76171875,16791.609375,1317.949951171875,104.80999755859375,14.010000228881836
2023-09-06,4465.47998046875,33241.01953125,16738.16015625,1331.72998046875,104.86000061035156,14.449999809265137
2023-09-07,4451.14013671875,32991.078125,16619.140625,1333.4599609375,105.05999755859375,14.399999618530273
2023-09-08,4457.490234375,32606.83984375,16576.01953125,1334.02001953125,105.08999633789062,13.84000015258789
2023-09-11,4487.4599609375,32467.759765625,16432.94921875,1335.3199462890625,104.56999969482422,13.800000190734863
2023-09-12,4461.89990234375,32776.37109375,16572.7109375,1320.43994140625,104.70999908447266,14.229999542236328
2023-09-13,4467.43994140625,32706.51953125,16581.509765625,1324.0999755859375,104.7699966430664,13.479999542236328
2023-09-14,4505.10009765625,33168.1015625,16807.560546875,1329.77001953125,105.41000366210938,12.819999694824219
2023-09-15,4450.31982421875,33533.08984375,16920.919921875,1327.06005859375,105.31999969482422,13.789999961853027
2023-09-18,4453.52978515625,33533.08984375,16698.240234375,1328.4200439453125,105.19999694824219,14.0
2023-09-19,4443.9501953125,33242.58984375,16636.3203125,1329.6600341796875,105.19999694824219,14.109999656677246
2023-09-20,4402.2001953125,33023.78125,16534.75,1328.530029296875,105.16000366210938,15.140000343322754
2023-09-21,4330.0,32571.029296875,16316.669921875,1332.3399658203125,105.36000061035156,17.540000915527344
2023-09-22,4320.06005859375,32402.41015625,16344.48046875,1341.1700439453125,105.58000183105469,17.200000762939453
2023-09-25,4337.43994140625,32678.619140625,16452.23046875,1334.6600341796875,106.0,16.899999618530273
2023-09-26,4273.52978515625,32315.05078125,16276.0703125,1338.449951171875,106.2300033569336,18.940000534057617
2023-09-27,4274.509765625,32371.900390625,16310.3603515625,1353.75,106.66999816894531,18.219999313354492
2023-10-04,4263.75,30526.880859375,16273.3798828125,1359.219970703125,106.80000305175781,18.579999923706055
2023-10-05,4258.18994140625,31075.359375,16453.51953125,1351.1600341796875,106.33000183105469,18.489999771118164
2023-10-06,4308.5,30994.669921875,16520.5703125,1346.06005859375,106.04000091552734,17.450000762939453
2023-10-10,4358.240234375,31746.529296875,16520.5703125,1346.8900146484375,105.83000183105469,17.030000686645508
2023-10-11,4376.9501953125,31936.509765625,16672.029296875,1341.8900146484375,105.81999969482422,16.09000015258789
2023-10-12,4349.60986328125,32494.66015625,16825.91015625,1338.260009765625,106.56999969482422,16.690000534057617
2023-10-13,4327.77978515625,32315.990234375,16782.5703125,1348.3399658203125,106.6500015258789,19.31999969482422
2023-10-16,4373.6298828125,31659.029296875,16652.240234375,1352.0699462890625,106.23999786376953,17.209999084472656
2023-10-17,4373.2001953125,32040.2890625,16642.55078125,1347.760009765625,106.25,17.8799991607666
2023-10-18,4314.60009765625,32042.25,16440.91015625,1352.989990234375,106.56999969482422,19.219999313354492
2023-10-19,4278.0,31430.619140625,16452.73046875,1354.56005859375,106.25,21.399999618530273
2023-10-20,4224.16015625,31259.359375,16440.720703125,1356.22998046875,106.16000366210938,21.709999084472656
2023-10-23,4217.0400390625,30999.55078125,16251.3603515625,1349.3399658203125,105.54000091552734,20.3700008392334
2023-10-24,4247.68017578125,31062.349609375,16309.759765625,1334.43994140625,106.2699966430664,18.969999313354492
2023-10-25,4186.77001953125,31269.919921875,16358.8896484375,1343.6400146484375,106.52999877929688,20.190000534057617
2023-10-26,4137.22998046875,30601.779296875,16073.740234375,1352.6800537109375,106.5999984741211,20.68000030517578
2023-10-27,4117.3701171875,30991.689453125,16134.6103515625,1350.3399658203125,106.55999755859375,21.270000457763672
2023-10-30,4166.81982421875,30696.9609375,16149.6796875,1355.219970703125,106.12000274658203,19.75
2023-10-31,4193.7998046875,30858.849609375,16001.26953125,1348.0699462890625,106.66000366210938,18.139999389648438
2023-11-01,4237.85986328125,31601.650390625,16038.5595703125,1350.1600341796875,106.87999725341797,16.8700008392334
2023-11-02,4317.77978515625,31949.890625,16396.94921875,1347.8399658203125,106.12000274658203,15.65999984741211
2023-11-03,4358.33984375,31949.890625,16507.650390625,1333.6800537109375,105.0199966430664,14.90999984741211
2023-11-06,4365.97998046875,32708.48046875,16649.359375,1307.8399658203125,105.22000122070312,14.890000343322754
2023-11-07,4378.3798828125,32271.8203125,16684.94921875,1297.1099853515625,105.54000091552734,14.8100004196167
2023-11-08,4382.77978515625,32166.48046875,16740.830078125,1304.550048828125,105.58999633789062,14.449999809265137
2023-11-09,4347.35009765625,32646.4609375,16745.650390625,1308.1199951171875,105.91000366210938,15.289999961853027
2023-11-10,4415.240234375,32568.109375,16682.669921875,1315.199951171875,105.86000061035156,14.170000076293945
2023-11-13,4411.5498046875,32585.109375,16839.2890625,1319.6199951171875,105.66000366210938,14.760000228881836
2023-11-14,4495.7001953125,32695.9296875,16915.7109375,1319.0699462890625,104.11000061035156,14.15999984741211
2023-11-15,4502.8798828125,33519.69921875,17128.779296875,1304.239990234375,104.38999938964844,14.180000305175781
2023-11-16,4508.240234375,33424.41015625,17171.1796875,1301.8599853515625,104.37000274658203,14.319999694824219
2023-11-17,4514.02001953125,33585.19921875,17208.94921875,1292.449951171875,103.81999969482422,13.800000190734863
2023-11-20,4547.3798828125,33388.03125,17210.470703125,1294.5,103.47000122070312,13.40999984741211
2023-11-21,4538.18994140625,33354.140625,17416.69921875,1288.1500244140625,103.58999633789062,13.350000381469727
2023-11-22,4556.6201171875,33451.828125,17310.259765625,1295.18994140625,103.91999816894531,12.850000381469727
2023-11-23,4556.6201171875,33451.828125,17294.55078125,1298.7900390625,103.91999816894531,12.850000381469727
2023-11-24,4559.33984375,33625.53125,17287.419921875,1300.1800537109375,103.4000015258789,12.460000038146973
2023-11-27,4550.43017578125,33447.671875,17137.419921875,1289.7900390625,103.19999694824219,12.6899995803833
2023-11-28,4554.89013671875,33408.390625,17341.25,1302.530029296875,102.75,12.6899995803833
2023-11-29,4550.580078125,33321.21875,17370.560546875,1287.530029296875,102.7699966430664,12.979999542236328
2023-11-30,4567.7998046875,33486.890625,17433.849609375,1288.3599853515625,103.5,12.920000076293945
2023-12-01,4594.6298828125,33431.51171875,17438.349609375,1296.6600341796875,103.2699966430664,12.630000114440918
2023-12-04,4569.77978515625,33231.26953125,17421.48046875,1299.18994140625,103.63999938964844,13.079999923706055
2023-12-05,4567.18017578125,32775.8203125,17328.009765625,1307.800048828125,104.05000305175781,12.850000381469727
2023-12-06,4549.33984375,33445.8984375,17360.720703125,1313.3699951171875,104.1500015258789,12.970000267028809
2023-12-07,4585.58984375,32858.30859375,17278.740234375,1313.719970703125,103.54000091552734,13.0600004196167
2023-12-08,4604.3701171875,32307.859375,17383.990234375,1312.760009765625,104.01000213623047,12.350000381469727
2023-12-11,4622.43994140625,32791.80078125,17418.33984375,1316.510009765625,104.0999984741211,12.630000114440918
2023-12-12,4643.7001953125,32843.69921875,17450.630859375,1313.6199951171875,103.87000274658203,12.069999694824219
2023-12-13,4707.08984375,32926.3515625,17468.9296875,1310.1400146484375,102.87000274658203,12.1899995803833
2023-12-14,4719.5498046875,32686.25,17653.109375,1292.010009765625,101.95999908447266,12.479999542236328
2023-12-15,4719.18994140625,32970.55078125,17673.869140625,1291.9200439453125,102.55000305175781,12.279999732971191
2023-12-18,4740.56005859375,32758.98046875,17652.029296875,1276.469970703125,102.51000213623047,12.5600004196167
2023-12-19,4768.3701171875,33219.390625,17576.55078125,1302.9300537109375,102.16999816894531,12.529999732971191
2023-12-20,4698.35009765625,33675.94140625,17635.19921875,1297.760009765625,102.41000366210938,13.670000076293945
2023-12-21,4746.75,33140.46875,17543.740234375,1296.97998046875,101.83999633789062,13.649999618530273
2023-12-22,4754.6298828125,33169.05078125,17596.630859375,1291.7099609375,101.69999694824219,13.029999732971191
2023-12-26,4774.75,33305.8515625,17751.73046875,1294.5799560546875,101.47000122070312,12.989999771118164
2023-12-27,4781.580078125,33681.23828125,17891.5,1293.9200439453125,100.98999786376953,12.430000305175781
2023-12-28,4783.35009765625,33539.62109375,17910.369140625,1294.760009765625,101.2300033569336,12.470000267028809
2024-01-02,4742.830078125,33464.171875,17853.759765625,1293.5400390625,102.19999694824219,13.199999809265137
2024-01-03,4704.81005859375,33464.171875,17559.310546875,1307.6199951171875,102.45999908447266,14.039999961853027
2024-01-04,4688.68017578125,33288.2890625,17549.650390625,1309.530029296875,102.41999816894531,14.130000114440918
2024-01-05,4697.240234375,33377.421875,17519.140625,1311.25,102.41000366210938,13.350000381469727
2024-01-08,4763.5400390625,33377.421875,17572.66015625,1313.1300048828125,102.20999908447266,13.079999923706055
2024-01-09,4756.5,33763.1796875,17535.490234375,1311.800048828125,102.56999969482422,12.760000228881836
2024-01-10,4783.4501953125,34441.71875,17465.630859375,1319.7900390625,102.36000061035156,12.6899995803833
2024-01-11,4780.240234375,35049.859375,17545.3203125,1317.5,102.29000091552734,12.4399995803833
2024-01-12,4783.830078125,35577.109375,17512.830078125,1311.989990234375,102.4000015258789,12.699999809265137
2024-01-15,4783.830078125,35901.7890625,17546.8203125,1312.8499755859375,102.4000015258789,12.699999809265137
2024-01-16,4765.97998046875,35619.1796875,17346.869140625,1319.7099609375,103.36000061035156,13.84000015258789
2024-01-17,4739.2099609375,35477.75,17161.7890625,1337.7900390625,103.44999694824219,14.789999961853027
2024-01-18,4780.93994140625,35466.171875,17227.7890625,1344.050048828125,103.54000091552734,14.130000114440918
2024-01-19,4839.81005859375,35963.26953125,17681.51953125,1337.6600341796875,103.29000091552734,13.300000190734863
2024-01-22,4850.43017578125,36546.94921875,17815.099609375,1333.2099609375,103.33000183105469,13.1899995803833
2024-01-23,4864.60009765625,36517.5703125,17874.58984375,1338.739990234375,103.62000274658203,12.550000190734863
2024-01-24,4868.5498046875,36226.48046875,17875.830078125,1336.780029296875,103.23999786376953,13.140000343322754
2024-01-25,4894.16015625,36236.46875,18002.619140625,1329.8900146484375,103.56999969482422,13.449999809265137
2024-01-26,4890.97021484375,35751.0703125,17995.029296875,1336.030029296875,103.47000122070312,13.260000228881836
2024-01-29,4927.93017578125,36026.94140625,18119.630859375,1336.760009765625,103.61000061035156,13.600000381469727
2024-01-30,4924.97021484375,36065.859375,18034.630859375,1333.2099609375,103.4000015258789,13.3100004196167
2024-01-31,4845.64990234375,36286.7109375,17889.560546875,1326.6199951171875,103.2699966430664,14.350000381469727
2024-02-01,4906.18994140625,36011.4609375,17968.109375,1333.9100341796875,103.05000305175781,13.880000114440918
2024-02-02,4958.60986328125,36158.01953125,18059.9296875,1328.949951171875,103.91999816894531,13.850000381469727
2024-02-05,4942.81005859375,36354.16015625,18096.0703125,1337.72998046875,104.44999694824219,13.670000076293945
2024-02-06,4954.22998046875,36160.66015625,18096.0703125,1333.3900146484375,104.18000030517578,13.0600004196167
2024-02-07,4995.06005859375,36119.921875,18096.0703125,1326.7900390625,104.04000091552734,12.829999923706055
2024-02-08,4997.91015625,36863.28125,18096.0703125,1327.6199951171875,104.1500015258789,12.789999961853027
2024-02-13,4953.169921875,37963.96875,18096.0703125,1328.5,104.95999908447266,15.850000381469727
2024-02-14,5000.6201171875,37703.3203125,18096.0703125,1340.7900390625,104.72000122070312,14.380000114440918
2024-02-15,5029.72998046875,38157.94140625,18644.5703125,1326.0,104.30000305175781,14.010000228881836
2024-02-16,5005.56982421875,38487.23828125,18607.25,1327.6600341796875,104.27999877929688,14.239999771118164
2024-02-19,5005.56982421875,38470.37890625,18635.80078125,1331.5799560546875,104.27999877929688,14.239999771118164
2024-02-20,4975.509765625,38363.609375,18753.16015625,1333.3399658203125,104.08000183105469,15.420000076293945
2024-02-21,4981.7998046875,38262.16015625,18676.310546875,1333.75,104.01000213623047,15.34000015258789
2024-02-22,5087.02978515625,39098.6796875,18852.779296875,1332.8699951171875,103.95999908447266,14.539999961853027
2024-02-23,5088.7998046875,39098.6796875,18889.189453125,1327.1700439453125,103.94000244140625,13.75
2024-02-26,5069.52978515625,39233.7109375,18948.05078125,1330.0,103.83000183105469,13.739999771118164
2024-02-27,5078.18017578125,39239.51953125,18854.41015625,1331.719970703125,103.83000183105469,13.430000305175781
2024-02-28,5069.759765625,39208.03125,18854.41015625,1331.7900390625,103.9800033569336,13.84000015258789
2024-02-29,5096.27001953125,39166.19140625,18966.76953125,1333.3800048828125,104.16000366210938,13.399999618530273
2024-03-04,5130.9501953125,40109.23046875,19305.310546875,1330.9000244140625,103.83000183105469,13.489999771118164
2024-03-05,5078.64990234375,40097.62890625,19386.919921875,1328.93994140625,103.80000305175781,14.460000038146973
2024-03-06,5104.759765625,40090.78125,19499.44921875,1333.4300537109375,103.37000274658203,14.5
2024-03-07,5157.35986328125,39598.7109375,19693.51953125,1327.0899658203125,102.81999969482422,14.4399995803833
2024-03-08,5123.68994140625,39688.94140625,19785.3203125,1321.1800537109375,102.73999786376953,14.739999771118164
2024-03-11,5117.93994140625,38820.48828125,19726.080078125,1315.97998046875,102.87000274658203,15.220000267028809
2024-03-12,5175.27001953125,38797.51171875,19914.55078125,1310.5400390625,102.95999908447266,13.84000015258789
2024-03-13,5165.31005859375,38695.96875,19928.509765625,1311.1500244140625,102.79000091552734,13.75
2024-03-14,5150.47998046875,38807.37890625,19937.919921875,1313.6500244140625,103.36000061035156,14.399999618530273
2024-03-15,5117.08984375,38707.640625,19682.5,1321.9200439453125,103.43000030517578,14.40999984741211
2024-03-18,5149.419921875,39740.44140625,19879.849609375,1329.3399658203125,103.58000183105469,14.329999923706055
2024-03-19,5178.509765625,40003.6015625,19857.19921875,1336.0899658203125,103.80999755859375,13.819999694824219
2024-03-20,5224.6201171875,40003.6015625,19784.44921875,1337.02001953125,103.41000366210938,13.039999961853027
2024-03-21,5241.52978515625,40815.66015625,20199.08984375,1330.1099853515625,104.0,12.920000076293945
2024-03-22,5234.18017578125,40888.4296875,20228.4296875,1334.6800537109375,104.43000030517578,13.0600004196167
2024-03-25,5218.18994140625,40414.12109375,20192.25,1343.5999755859375,104.2300033569336,13.1899995803833
2024-03-26,5203.580078125,40398.03125,20126.490234375,1339.1300048828125,104.29000091552734,13.239999771118164
2024-03-27,5248.490234375,40762.73046875,20200.119140625,1343.06005859375,104.3499984741211,12.779999732971191
2024-03-28,5254.35009765625,40168.0703125,20146.55078125,1349.800048828125,104.55000305175781,13.010000228881836
2024-03-29,5254.35009765625,40369.44140625,20294.44921875,1349.800048828125,104.55000305175781,13.010000228881836
2024-04-01,5243.77001953125,39803.08984375,20222.330078125,1345.31005859375,105.0199966430664,13.649999618530273
2024-04-02,5205.81005859375,39838.91015625,20466.5703125,1355.530029296875,104.81999969482422,14.609999656677246
2024-04-03,5211.490234375,39451.8515625,20337.599609375,1350.72998046875,104.25,14.329999923706055
2024-04-04,5147.2099609375,39773.140625,20337.599609375,1344.8399658203125,104.12000274658203,16.350000381469727
2024-04-05,5204.33984375,38992.078125,20337.599609375,1351.3599853515625,104.30000305175781,16.030000686645508
2024-04-08,5202.39013671875,39347.0390625,20417.69921875,1350.27001953125,104.13999938964844,15.1899995803833
2024-04-09,5209.91015625,39773.12890625,20796.19921875,1354.219970703125,104.1500015258789,14.979999542236328
2024-04-11,5199.06005859375,39442.62890625,20753.220703125,1363.760009765625,105.27999877929688,14.90999984741211
2024-04-12,5123.41015625,39523.55078125,20736.5703125,1367.8399658203125,106.04000091552734,17.309999465942383
2024-04-15,5061.81982421875,39232.80078125,20449.76953125,1379.6099853515625,106.20999908447266,19.229999542236328
2024-04-16,5051.41015625,38471.19921875,19901.9609375,1387.6700439453125,106.26000213623047,18.399999618530273
2024-04-17,5022.2099609375,37961.80078125,20213.330078125,1387.3399658203125,105.94999694824219,18.209999084472656
2024-04-18,5011.1201171875,38079.69921875,20301.19921875,1379.5400390625,106.1500015258789,18.0
2024-04-19,4967.22998046875,37068.3515625,19527.119140625,1379.4000244140625,106.1500015258789,18.709999084472656
2024-04-22,5010.60009765625,37438.609375,19411.220703125,1373.9300537109375,106.08000183105469,16.940000534057617
2024-04-23,5070.5498046875,37552.16015625,19599.279296875,1378.8399658203125,105.69000244140625,15.6899995803833
2024-04-24,5071.6298828125,38460.078125,20131.740234375,1370.47998046875,105.86000061035156,15.970000267028809
2024-04-25,5048.419921875,37628.48046875,19857.419921875,1376.969970703125,105.5999984741211,15.369999885559082
2024-04-26,5099.9599609375,37934.76171875,20120.509765625,1371.699951171875,105.94000244140625,15.029999732971191
2024-04-29,5116.169921875,37934.76171875,20495.51953125,1377.0899658203125,105.58000183105469,14.670000076293945
2024-04-30,5035.68994140625,38405.66015625,20396.599609375,1374.6400146484375,106.22000122070312,15.649999618530273
2024-05-02,5064.2001953125,38236.0703125,20222.439453125,1375.0,105.30000305175781,14.680000305175781
2024-05-03,5127.7900390625,38236.0703125,20330.3203125,1364.6400146484375,105.02999877929688,13.489999771118164
2024-05-07,5187.7001953125,38835.1015625,20653.529296875,1352.1700439453125,105.41000366210938,13.229999542236328
2024-05-08,5187.669921875,38202.37109375,20700.509765625,1357.72998046875,105.55000305175781,13.0
2024-05-09,5214.080078125,38073.98046875,20560.76953125,1361.93994140625,105.2300033569336,12.6899995803833
2024-05-10,5222.68017578125,38229.109375,20708.83984375,1365.4000244140625,105.30999755859375,12.550000190734863
2024-05-13,5221.419921875,38179.4609375,20857.7109375,1370.1099853515625,105.22000122070312,13.600000381469727
2024-05-14,5246.68017578125,38356.05859375,20985.849609375,1363.7900390625,105.01000213623047,13.420000076293945
2024-05-16,5297.10009765625,38920.26171875,21304.259765625,1353.5999755859375,104.45999908447266,12.420000076293945
2024-05-17,5303.27001953125,38787.37890625,21258.470703125,1346.0400390625,104.44999694824219,11.989999771118164
2024-05-20,5308.1298828125,39069.6796875,21271.630859375,1353.3900146484375,104.56999969482422,12.149999618530273
2024-05-21,5321.41015625,38946.9296875,21236.75,1360.1600341796875,104.66000366210938,11.859999656677246
2024-05-22,5307.009765625,38617.1015625,21551.830078125,1363.4200439453125,104.94000244140625,12.289999961853027
2024-05-23,5267.83984375,39103.21875,21607.4296875,1365.81005859375,105.11000061035156,12.770000457763672
2024-05-24,5304.72021484375,38646.109375,21565.33984375,1367.6199951171875,104.72000122070312,11.930000305175781
2024-05-27,5304.72021484375,38900.01953125,21803.76953125,1365.7099609375,104.72000122070312,11.930000305175781
2024-05-28,5306.0400390625,38855.37109375,21858.41015625,1360.9300537109375,104.61000061035156,12.920000076293945
2024-05-29,5266.9501953125,38556.87109375,21662.5,1362.760009765625,105.0999984741211,14.279999732971191
2024-05-30,5235.47998046875,38054.12890625,21364.48046875,1370.550048828125,104.72000122070312,14.470000267028809
2024-05-31,5277.509765625,38487.8984375,21174.220703125,1375.6199951171875,104.66999816894531,12.920000076293945
2024-06-03,5283.39990234375,38923.03125,21536.759765625,1382.0999755859375,104.13999938964844,13.109999656677246
2024-06-04,5291.33984375,38837.4609375,21356.619140625,1370.7900390625,104.11000061035156,13.15999984741211
2024-06-05,5354.02978515625,38490.171875,21484.880859375,1373.719970703125,104.2699966430664,12.630000114440918
2024-06-07,5346.990234375,38683.9296875,21858.380859375,1365.25,104.88999938964844,12.220000267028809
2024-06-10,5360.7900390625,39038.16015625,21858.380859375,1379.050048828125,105.1500015258789,12.739999771118164
2024-06-11,5375.31982421875,39134.7890625,21792.119140625,1373.9599609375,105.2300033569336,12.850000381469727
2024-06-12,5421.02978515625,38876.7109375,22048.9609375,1377.3599853515625,104.6500015258789,12.039999961853027
2024-06-13,5433.740234375,38720.46875,22312.0390625,1370.4100341796875,105.19999694824219,11.9399995803833
2024-06-14,5431.60009765625,38814.55859375,22504.720703125,1373.739990234375,105.55000305175781,12.65999984741211
2024-06-17,5473.22998046875,38102.44140625,22496.529296875,1382.280029296875,105.31999969482422,12.75
2024-06-18,5487.02978515625,38482.109375,22757.4296875,1379.06005859375,105.26000213623047,12.300000190734863
2024-06-19,5487.02978515625,38570.76171875,23209.5390625,1378.6099853515625,105.26000213623047,12.300000190734863
2024-06-20,5473.169921875,38633.01953125,23406.099609375,1381.1500244140625,105.58999633789062,13.279999732971191
2024-06-21,5464.6201171875,38596.46875,23253.390625,1391.8199462890625,105.80000305175781,13.199999809265137
2024-06-24,5447.8701171875,38804.6484375,22813.69921875,1388.3900146484375,105.47000122070312,13.329999923706055
2024-06-25,5469.2998046875,39173.1484375,22875.970703125,1386.1099853515625,105.61000061035156,12.84000015258789
2024-06-26,5477.89990234375,39667.0703125,22986.689453125,1390.8900146484375,106.05000305175781,12.550000190734863
2024-06-27,5482.8701171875,39341.5390625,22905.98046875,1393.3800048828125,105.91000366210938,12.239999771118164
2024-06-28,5460.47998046875,39583.078125,23032.25,1386.949951171875,105.87000274658203,12.4399995803833
2024-07-01,5475.08984375,39631.05859375,23058.5703125,1380.2900390625,105.9000015258789,12.220000267028809
2024-07-02,5509.009765625,40074.69140625,22879.369140625,1383.4200439453125,105.72000122070312,12.029999732971191
2024-07-03,5537.02001953125,40580.76171875,23172.4296875,1383.4200439453125,105.4000015258789,12.09000015258789
2024-07-04,5537.02001953125,40913.6484375,23522.529296875,1385.77001953125,105.4000015258789,12.09000015258789
2024-07-05,5567.18994140625,40912.37109375,23556.58984375,1380.25,104.87999725341797,12.479999542236328
2024-07-08,5572.85009765625,40780.69921875,23878.150390625,1376.5699462890625,105.01000213623047,12.369999885559082
2024-07-09,5576.97998046875,41580.171875,23900.080078125,1382.75,105.12000274658203,12.510000228881836
2024-07-10,5633.91015625,41831.98828125,24007.080078125,1382.4200439453125,105.05000305175781,12.850000381469727
2024-07-11,5584.5400390625,42224.01953125,24390.029296875,1382.989990234375,104.44000244140625,12.920000076293945
2024-07-12,5615.35009765625,41190.6796875,23916.9296875,1371.27001953125,104.08999633789062,12.460000038146973
2024-07-15,5631.22021484375,41190.6796875,23879.359375,1374.1099853515625,104.19000244140625,13.119999885559082
2024-07-16,5667.2001953125,41275.078125,23997.25,1383.68994140625,104.2699966430664,13.1899995803833
2024-07-17,5588.27001953125,41097.69140625,23769.8203125,1382.6400146484375,103.75,14.479999542236328
2024-07-18,5544.58984375,40126.3515625,23398.470703125,1378.6500244140625,104.16999816894531,15.930000305175781
2024-07-19,5505.0,40063.7890625,22869.259765625,1385.239990234375,104.4000015258789,16.520000457763672
2024-07-22,5564.41015625,39599.0,22256.990234375,1388.81005859375,104.30999755859375,14.90999984741211
2024-07-23,5555.740234375,39594.390625,22871.83984375,1387.0999755859375,104.44999694824219,14.720000267028809
2024-07-24,5427.1298828125,39154.8515625,22871.83984375,1384.5699462890625,104.38999938964844,18.040000915527344
2024-07-25,5399.22021484375,37869.51171875,22871.83984375,1382.6500244140625,104.36000061035156,18.459999084472656
2024-07-26,5459.10009765625,37667.41015625,22119.2109375,1381.4300537109375,104.31999969482422,16.389999389648438
2024-07-29,5463.5400390625,38468.62890625,22164.490234375,1382.0899658203125,104.55999755859375,16.600000381469727
2024-07-30,5436.43994140625,38525.94921875,22223.5703125,1381.3599853515625,104.55000305175781,17.690000534057617
2024-07-31,5522.2998046875,39101.8203125,22199.349609375,1383.5,104.0999984741211,16.360000610351562
2024-08-01,5446.68017578125,38126.328125,22642.099609375,1367.9200439453125,104.41999816894531,18.59000015258789
2024-08-02,5346.56005859375,35909.69921875,21638.08984375,1368.969970703125,103.20999908447266,23.389999389648438
2024-08-05,5186.330078125,31458.419921875,19830.880859375,1357.1700439453125,102.69000244140625,38.56999969482422
2024-08-06,5240.02978515625,34675.4609375,20501.01953125,1367.4000244140625,102.97000122070312,27.709999084472656
2024-08-07,5199.5,35089.62109375,21295.279296875,1370.31005859375,103.19999694824219,27.850000381469727
2024-08-08,5319.31005859375,34831.1484375,20870.099609375,1375.3299560546875,103.20999908447266,23.790000915527344
2024-08-09,5344.16015625,35025.0,21469.0,1373.760009765625,103.13999938964844,20.3700008392334
2024-08-12,5344.39013671875,35025.0,21773.259765625,1363.8399658203125,103.13999938964844,20.709999084472656
2024-08-13,5434.43017578125,36232.51171875,21796.5703125,1369.5400390625,102.55999755859375,18.1200008392334
2024-08-14,5455.2099609375,36442.4296875,22027.25,1362.1700439453125,102.56999969482422,16.190000534057617
2024-08-16,5554.25,38062.671875,22349.330078125,1363.510009765625,102.45999908447266,14.800000190734863
2024-08-19,5608.25,37388.62109375,22409.630859375,1348.97998046875,101.88999938964844,14.649999618530273
2024-08-20,5597.1201171875,38062.921875,22429.099609375,1330.8800048828125,101.44000244140625,15.880000114440918
2024-08-21,5620.85009765625,37951.80078125,22237.890625,1327.5799560546875,101.04000091552734,16.270000457763672
2024-08-22,5570.64013671875,38211.01171875,22148.830078125,1333.6600341796875,101.51000213623047,17.549999237060547
2024-08-23,5634.60986328125,38364.26953125,22158.05078125,1339.5400390625,100.72000122070312,15.859999656677246
2024-08-26,5616.83984375,38110.21875,22240.119140625,1323.8800048828125,100.8499984741211,16.149999618530273
2024-08-27,5625.7998046875,38288.62109375,22185.0,1326.6400146484375,100.55000305175781,15.430000305175781
2024-08-28,5592.18017578125,38371.76171875,22370.66015625,1326.3599853515625,101.08999633789062,17.110000610351562
2024-08-29,5591.9599609375,38362.53125,22201.849609375,1336.68994140625,101.33999633789062,15.649999618530273
2024-08-30,5648.39990234375,38647.75,22268.08984375,1332.8800048828125,101.69999694824219,15.0
2024-09-02,5648.39990234375,38700.87109375,22235.099609375,1336.5799560546875,101.69999694824219,15.0
2024-09-03,5528.93017578125,38686.30859375,22092.2109375,1337.550048828125,101.83000183105469,20.719999313354492
2024-09-04,5520.06982421875,37047.609375,21092.75,1340.4100341796875,101.36000061035156,21.31999969482422
2024-09-05,5503.41015625,36657.08984375,21187.7109375,1331.010009765625,101.11000061035156,19.899999618530273
2024-09-06,5408.419921875,36391.46875,21435.189453125,1332.7900390625,101.18000030517578,22.3799991607666
2024-09-09,5471.0498046875,36215.75,21144.439453125,1337.77001953125,101.55000305175781,19.450000762939453
2024-09-10,5495.52001953125,36159.16015625,21064.080078125,1341.27001953125,101.62999725341797,19.079999923706055
2024-09-11,5554.1298828125,35619.76953125,21031.0,1343.3399658203125,101.68000030517578,17.690000534057617
2024-09-12,5595.759765625,36833.26953125,21653.25,1339.1800537109375,101.37000274658203,17.06999969482422
2024-09-13,5626.02001953125,36581.76171875,21759.650390625,1335.68994140625,101.11000061035156,16.559999465942383
2024-09-19,5713.64013671875,37155.328125,22042.689453125,1322.260009765625,100.61000061035156,16.329999923706055
2024-09-20,5702.5498046875,37723.91015625,22159.419921875,1327.6099853515625,100.72000122070312,16.149999618530273
2024-09-23,5718.56982421875,37723.91015625,22285.529296875,1331.5,100.91999816894531,15.890000343322754
2024-09-24,5732.93017578125,37940.58984375,22431.779296875,1333.6199951171875,100.37000274658203,15.390000343322754
2024-09-25,5722.259765625,37870.26171875,22761.599609375,1324.8900146484375,100.91999816894531,15.40999984741211
2024-09-26,5745.3701171875,38925.62890625,22858.810546875,1335.050048828125,100.55999755859375,15.369999885559082
2024-09-27,5738.169921875,39829.55859375,22822.7890625,1313.300048828125,100.41999816894531,16.959999084472656
2024-09-30,5762.47998046875,37919.55078125,22224.5390625,1309.300048828125,100.77999877929688,16.729999542236328
2024-10-02,5709.5400390625,37808.76171875,22390.390625,1324.8399658203125,101.68000030517578,18.899999618530273
2024-10-04,5751.06982421875,38635.62109375,22302.7109375,1334.4100341796875,102.5199966430664,19.209999084472656
2024-10-07,5695.93994140625,39332.73828125,22702.560546875,1345.8800048828125,102.54000091552734,22.639999389648438
2024-10-08,5751.1298828125,38937.5390625,22611.390625,1342.3699951171875,102.55000305175781,21.420000076293945
2024-10-10,5780.0498046875,39380.890625,22659.080078125,1343.02001953125,102.98999786376953,20.93000030517578
2024-10-11,5815.02978515625,39605.80078125,22901.640625,1349.739990234375,102.88999938964844,20.459999084472656
2024-10-14,5859.85009765625,39605.80078125,22975.2890625,1348.3299560546875,103.30000305175781,19.700000762939453
2024-10-15,5815.259765625,39910.55078125,23292.0390625,1357.27001953125,103.26000213623047,20.639999389648438
2024-10-16,5842.47021484375,39180.30078125,23010.98046875,1363.1800537109375,103.58999633789062,19.579999923706055
2024-10-17,5841.47021484375,38911.19140625,23053.83984375,1364.199951171875,103.83000183105469,19.110000610351562
2024-10-18,5864.669921875,38981.75,23487.26953125,1370.050048828125,103.48999786376953,18.030000686645508
2024-10-21,5853.97998046875,38954.6015625,23542.529296875,1369.010009765625,104.01000213623047,18.3700008392334
2024-10-22,5851.2001953125,38411.9609375,23535.4296875,1376.5,104.08000183105469,18.200000762939453
2024-10-23,5797.419921875,38104.859375,23334.759765625,1376.6300048828125,104.43000030517578,19.239999771118164
2024-10-24,5809.85986328125,38143.2890625,23192.51953125,1377.3399658203125,104.05999755859375,19.079999923706055
2024-10-25,5808.1201171875,37913.921875,23348.44921875,1376.3199462890625,104.26000213623047,20.329999923706055
2024-10-28,5823.52001953125,38605.53125,23198.0703125,1387.6600341796875,104.31999969482422,19.799999237060547
2024-10-29,5832.919921875,38903.6796875,22926.58984375,1381.969970703125,104.27999877929688,19.34000015258789
2024-10-30,5813.669921875,39277.390625,22820.4296875,1383.1800537109375,103.98999786376953,20.350000381469727
2024-10-31,5705.4501953125,39081.25,22820.4296875,1378.5699462890625,103.9800033569336,23.15999984741211
2024-11-01,5728.7998046875,38053.671875,22780.080078125,1372.9300537109375,104.27999877929688,21.8799991607666
2024-11-04,5712.68994140625,38053.671875,22965.390625,1379.3399658203125,103.88999938964844,21.979999542236328
2024-11-05,5782.759765625,38474.8984375,23106.7890625,1372.8599853515625,103.41999816894531,20.489999771118164
2024-11-06,5929.0400390625,39480.671875,23217.380859375,1378.0,105.08999633789062,16.270000457763672
2024-11-07,5973.10009765625,39381.41015625,23408.8203125,1399.800048828125,104.51000213623047,15.199999809265137
2024-11-08,5995.5400390625,39500.37109375,23553.890625,1372.0799560546875,105.0,14.9399995803833
2024-11-11,6001.35009765625,39533.3203125,23529.640625,1397.199951171875,105.54000091552734,14.970000267028809
2024-11-12,5983.990234375,39376.08984375,22981.76953125,1400.550048828125,106.0199966430664,14.710000038146973
2024-11-13,5985.3798828125,38721.66015625,22860.23046875,1406.6500244140625,106.4800033569336,14.020000457763672
2024-11-14,5949.169921875,38535.69921875,22715.380859375,1399.0,106.66999816894531,14.3100004196167
2024-11-15,5870.6201171875,38642.91015625,22742.76953125,1400.8299560546875,106.69000244140625,16.139999389648438
2024-11-18,5893.6201171875,38220.8515625,22546.5390625,1394.3499755859375,106.27999877929688,15.579999923706055
2024-11-19,5916.97998046875,38414.4296875,22848.80078125,1389.5,106.20999908447266,16.350000381469727
2024-11-20,5917.10986328125,38352.33984375,22688.359375,1392.1600341796875,106.68000030517578,17.15999984741211
2024-11-21,5948.7099609375,38026.171875,22555.66015625,1397.6199951171875,106.97000122070312,16.8700008392334
2024-11-22,5969.33984375,38283.8515625,22904.3203125,1399.5999755859375,107.48999786376953,15.239999771118164
2024-11-25,5987.3701171875,38780.140625,22948.369140625,1403.510009765625,106.81999969482422,14.600000381469727
2024-11-26,6021.6298828125,38442.0,22678.759765625,1395.56005859375,107.01000213623047,14.100000381469727
2024-11-27,5998.740234375,38134.96875,22334.779296875,1395.27001953125,106.08000183105469,14.100000381469727
2024-11-28,5998.740234375,38349.05859375,22298.900390625,1388.469970703125,106.08000183105469,14.100000381469727
2024-11-29,6032.3798828125,38208.03125,22262.5,1393.300048828125,105.73999786376953,13.510000228881836
2024-12-02,6047.14990234375,38513.01953125,22736.9296875,1399.8599853515625,106.44999694824219,13.34000015258789
2024-12-03,6049.8798828125,39248.859375,23027.4609375,1401.06005859375,106.37000274658203,13.300000190734863
2024-12-04,6086.490234375,39276.390625,23255.330078125,1411.6700439453125,106.33999633789062,13.449999809265137
2024-12-05,6075.10986328125,39395.6015625,23267.939453125,1410.800048828125,105.70999908447266,13.539999961853027
2024-12-06,6090.27001953125,39091.171875,23193.26953125,1399.989990234375,105.97000122070312,12.770000457763672
2024-12-09,6052.85009765625,39160.5,23273.25,1424.219970703125,106.1500015258789,14.1899995803833
2024-12-10,6034.91015625,39367.578125,23125.080078125,1426.5999755859375,106.4000015258789,14.180000305175781
2024-12-11,6084.18994140625,39372.23046875,22903.630859375,1433.949951171875,106.70999908447266,13.579999923706055
2024-12-12,6051.25,39849.140625,23046.80078125,1429.1500244140625,106.95999908447266,13.920000076293945
2024-12-13,6051.08984375,39470.44140625,23020.48046875,1427.8599853515625,107.0,13.8100004196167
2024-12-16,6074.080078125,39457.48828125,23039.900390625,1434.449951171875,106.86000061035156,14.6899995803833
2024-12-17,6050.60986328125,39364.6796875,23018.009765625,1431.3499755859375,106.95999908447266,15.869999885559082
2024-12-18,5872.16015625,39081.7109375,23168.669921875,1436.4200439453125,108.02999877929688,27.6200008392334
2024-12-19,5867.080078125,38813.578125,22932.25,1451.5,108.41000366210938,24.09000015258789
2024-12-20,5930.85009765625,38701.8984375,22510.25,1437.449951171875,107.62000274658203,18.360000610351562
2024-12-23,5974.06982421875,39161.33984375,23104.5390625,1445.4200439453125,108.04000091552734,16.780000686645508
2024-12-24,6040.0400390625,39036.8515625,23120.240234375,1442.699951171875,108.26000213623047,14.270000457763672
2024-12-26,6037.58984375,39568.05859375,23246.939453125,1457.6099853515625,108.12999725341797,14.729999542236328
2024-12-27,5970.83984375,40281.16015625,23275.6796875,1466.989990234375,108.0,15.949999809265137
2024-12-30,5906.93994140625,39894.5390625,23190.19921875,1472.800048828125,108.12999725341797,17.399999618530273
2025-01-02,5868.5498046875,39894.5390625,22832.060546875,1473.52001953125,109.38999938964844,17.93000030517578
2025-01-03,5942.47021484375,39894.5390625,22908.30078125,1471.6500244140625,108.94999694824219,16.1299991607666
2025-01-06,5975.3798828125,39307.05078125,23547.7109375,1465.530029296875,108.26000213623047,16.040000915527344
2025-01-07,5909.02978515625,40083.30078125,23651.26953125,1459.449951171875,108.54000091552734,17.81999969482422
2025-01-08,5918.25,39981.05859375,23407.330078125,1451.8800048828125,109.08999633789062,17.700000762939453
2025-01-09,5918.25,39605.08984375,23081.130859375,1457.969970703125,109.18000030517578,17.700000762939453
2025-01-10,5827.0400390625,39190.3984375,23011.859375,1455.22998046875,109.6500015258789,19.540000915527344
2025-01-13,5836.22021484375,39190.3984375,22488.330078125,1472.25,109.95999908447266,19.190000534057617
2025-01-14,5842.91015625,38474.30078125,22797.51953125,1458.8900146484375,109.2699966430664,18.709999084472656
2025-01-15,5949.91015625,38444.578125,22514.5703125,1460.43994140625,109.08999633789062,16.1200008392334
2025-01-16,5937.33984375,38572.6015625,23025.099609375,1437.219970703125,108.95999908447266,16.600000381469727
2025-01-17,5996.66015625,38451.4609375,23148.080078125,1453.3199462890625,109.3499984741211,15.970000267028809
2025-01-20,5996.66015625,38902.5,23266.8203125,1457.3800048828125,109.3499984741211,15.970000267028809
2025-01-21,6049.240234375,39027.98046875,23300.009765625,1435.530029296875,108.05999755859375,15.0600004196167
2025-01-22,6086.3701171875,39646.25,23525.41015625,1425.7900390625,108.16999816894531,15.100000381469727
2025-01-23,6118.7099609375,39958.87109375,23525.41015625,1434.3399658203125,108.05000305175781,15.020000457763672
2025-01-24,6101.240234375,39931.98046875,23525.41015625,1433.9300537109375,107.44000244140625,14.850000381469727
2025-01-31,6040.52978515625,39572.48828125,23525.41015625,1441.6600341796875,108.37000274658203,16.43000030517578
2025-02-03,5994.56982421875,38520.08984375,22694.7109375,1456.780029296875,108.98999786376953,18.6200008392334
2025-02-04,6037.8798828125,38798.37109375,22793.9609375,1459.050048828125,107.95999908447266,17.209999084472656
2025-02-05,6061.47998046875,38831.48046875,23161.580078125,1450.1600341796875,107.58000183105469,15.770000457763672
2025-02-06,6083.56982421875,39066.53125,23316.599609375,1443.8900146484375,107.69000244140625,15.5
2025-02-07,6025.990234375,38787.01953125,23478.26953125,1442.1500244140625,108.04000091552734,16.540000915527344
2025-02-10,6066.43994140625,38801.171875,23252.140625,1450.6199951171875,108.31999969482422,15.8100004196167
2025-02-11,6068.5,38801.171875,23384.05078125,1453.2099609375,107.95999908447266,16.020000457763672
2025-02-12,6051.97021484375,38963.69921875,23289.75,1450.75,107.94000244140625,15.890000343322754
2025-02-13,6115.06982421875,39461.46875,23399.41015625,1452.1199951171875,107.30999755859375,15.100000381469727
2025-02-14,6114.6298828125,39149.4296875,23152.609375,1438.739990234375,106.56999969482422,14.770000457763672
2025-02-17,6114.6298828125,39174.25,23505.330078125,1432.5999755859375,106.56999969482422,14.770000457763672
2025-02-18,6129.580078125,39270.3984375,23666.109375,1441.2900390625,107.05000305175781,15.350000381469727
2025-02-19,6144.14990234375,39164.609375,23604.080078125,1440.0799560546875,107.16999816894531,15.270000457763672
2025-02-20,6117.52001953125,38678.0390625,23487.4609375,1439.97998046875,106.33999633789062,15.65999984741211
2025-02-21,6013.1298828125,38776.94140625,23730.25,1431.699951171875,106.61000061035156,18.209999084472656
2025-02-24,5983.25,38776.94140625,23565.310546875,1434.2900390625,106.5999984741211,18.979999542236328
2025-02-25,5955.25,38237.7890625,23285.720703125,1428.6500244140625,106.30999755859375,19.43000030517578
2025-02-26,5956.06005859375,38142.37109375,23402.55078125,1429.5,106.41999816894531,19.100000381469727
2025-02-27,5861.56982421875,38256.171875,23053.1796875,1434.4200439453125,107.23999786376953,21.1299991607666
2025-02-28,5954.5,37155.5,23053.1796875,1449.8599853515625,107.61000061035156,19.6299991607666
2025-03-04,5778.14990234375,37331.1796875,22596.880859375,1457.9300537109375,105.73999786376953,23.510000228881836
2025-03-05,5842.6298828125,37418.23828125,22871.900390625,1452.8499755859375,105.73999786376953,21.93000030517578
2025-03-06,5738.52001953125,37704.9296875,22715.4296875,1443.030029296875,104.05999755859375,24.8700008392334
2025-03-07,5770.2001953125,36887.171875,22576.0703125,1446.5,103.83999633789062,23.3700008392334
2025-03-10,5614.56005859375,37028.26953125,22459.150390625,1446.260009765625,103.91000366210938,27.860000610351562
2025-03-11,5572.06982421875,36793.109375,22071.08984375,1457.030029296875,103.44000244140625,26.920000076293945
2025-03-12,5599.2998046875,36819.08984375,22278.359375,1451.02001953125,103.61000061035156,24.229999542236328
2025-03-13,5521.52001953125,36790.03125,21961.6796875,1448.75,103.83000183105469,24.65999984741211
2025-03-14,5638.93994140625,37053.1015625,21968.05078125,1453.22998046875,103.72000122070312,21.770000457763672
2025-03-17,5675.1201171875,37396.51953125,22118.630859375,1449.050048828125,103.37000274658203,20.510000228881836
2025-03-18,5614.66015625,37845.421875,22271.669921875,1442.489990234375,103.23999786376953,21.700000762939453
2025-03-19,5675.2900390625,37751.87890625,21960.830078125,1448.93994140625,103.43000030517578,19.899999618530273
2025-03-20,5662.89013671875,37751.87890625,22377.259765625,1443.3900146484375,103.8499984741211,19.799999237060547
2025-03-21,5667.56005859375,37677.05859375,22209.099609375,1465.8199462890625,104.08999633789062,19.280000686645508
2025-03-24,5767.56982421875,37608.48828125,22106.640625,1464.780029296875,104.26000213623047,17.479999542236328
2025-03-25,5776.64990234375,37780.5390625,22273.189453125,1466.27001953125,104.18000030517578,17.149999618530273
2025-03-26,5712.2001953125,38027.2890625,22260.2890625,1462.0899658203125,104.55000305175781,18.329999923706055
2025-03-27,5693.31005859375,37799.96875,21951.759765625,1465.6800537109375,104.06999969482422,18.690000534057617
2025-03-28,5580.93994140625,37120.328125,21602.890625,1461.8900146484375,104.04000091552734,21.649999618530273
2025-03-31,5611.85009765625,35617.55859375,20695.900390625,1469.4100341796875,104.20999908447266,22.280000686645508
2025-04-01,5633.06982421875,35624.48046875,21280.169921875,1471.9599609375,104.26000213623047,21.770000457763672
2025-04-02,5670.97021484375,35725.87109375,21298.220703125,1469.969970703125,103.80999755859375,21.510000228881836
2025-04-03,5396.52001953125,34735.9296875,21298.220703125,1466.0400390625,102.06999969482422,30.020000457763672
2025-04-04,5074.080078125,33780.578125,21298.220703125,1450.6800537109375,103.0199966430664,45.310001373291016
2025-04-07,5062.25,31136.580078125,19232.349609375,1458.52001953125,103.26000213623047,46.97999954223633
2025-04-08,4982.77001953125,33012.578125,18459.94921875,1469.949951171875,102.95999908447266,52.33000183105469
2025-04-09,5456.89990234375,31714.029296875,17391.759765625,1486.1300048828125,102.9000015258789,33.619998931884766
2025-04-10,5268.0498046875,34609.0,19000.029296875,1443.949951171875,100.87000274658203,40.720001220703125
2025-04-11,5363.35986328125,33585.578125,19528.76953125,1452.0400390625,99.77999877929688,37.560001373291016
2025-04-14,5405.97021484375,33982.359375,19513.08984375,1419.050048828125,99.63999938964844,30.889999389648438
2025-04-15,5396.6298828125,34267.5390625,19857.669921875,1419.4200439453125,100.22000122070312,30.1200008392334
2025-04-16,5275.7001953125,33920.3984375,19468.0,1427.02001953125,99.37999725341797,32.63999938964844
2025-04-17,5282.7001953125,34377.6015625,19338.73046875,1414.22998046875,99.37999725341797,29.649999618530273
2025-04-18,5282.7001953125,34730.28125,19395.029296875,1414.22998046875,99.37999725341797,29.649999618530273
2025-04-21,5158.2001953125,34279.921875,19106.19921875,1414.22998046875,98.27999877929688,33.81999969482422
2025-04-22,5287.759765625,34220.6015625,18793.4296875,1421.6400146484375,98.91999816894531,30.56999969482422
2025-04-23,5375.85986328125,34868.62890625,19639.140625,1429.219970703125,99.83999633789062,28.450000762939453
2025-04-24,5484.77001953125,35039.1484375,19478.810546875,1426.449951171875,99.29000091552734,26.469999313354492
2025-04-25,5525.2099609375,35705.73828125,19872.73046875,1430.06005859375,99.47000122070312,24.84000015258789
2025-04-28,5528.75,35839.98828125,20034.41015625,1437.3599853515625,99.01000213623047,25.149999618530273
2025-04-29,5560.830078125,35839.98828125,20232.630859375,1435.8800048828125,99.23999786376953,24.170000076293945
2025-04-30,5569.06005859375,36045.37890625,20235.029296875,1431.1600341796875,99.47000122070312,24.700000762939453
2025-05-02,5686.669921875,36830.69140625,20787.640625,1435.0999755859375,100.0,22.68000030517578
2025-05-07,5631.27978515625,36779.66015625,20546.490234375,1374.77001953125,99.61000061035156,23.549999237060547
2025-05-08,5663.93994140625,36928.62890625,20543.400390625,1397.2900390625,100.63999938964844,22.479999542236328
2025-05-09,5659.91015625,37503.328125,20915.0390625,1403.8499755859375,100.33999633789062,21.899999618530273
2025-05-12,5844.18994140625,37644.26171875,21129.5390625,1395.1700439453125,101.79000091552734,18.389999389648438
2025-05-13,5886.5498046875,38183.26171875,21330.140625,1416.030029296875,101.0,18.219999313354492
2025-05-14,5892.580078125,38128.12890625,21782.869140625,1416.0,101.04000091552734,18.6200008392334
2025-05-15,5916.93017578125,37755.51171875,21730.25,1407.3299560546875,100.87999725341797,17.829999923706055
2025-05-16,5958.3798828125,37753.71875,21843.689453125,1397.02001953125,101.08999633789062,17.239999771118164
2025-05-19,5963.60009765625,37498.62890625,21523.830078125,1398.1300048828125,100.43000030517578,18.139999389648438
2025-05-20,5940.4599609375,37529.48828125,21526.029296875,1388.550048828125,100.12000274658203,18.09000015258789
2025-05-21,5844.60986328125,37298.98046875,21803.91015625,1392.72998046875,99.55999755859375,20.8700008392334
2025-05-22,5842.009765625,36985.87109375,21670.9609375,1373.8599853515625,99.95999908447266,20.280000686645508
2025-05-23,5802.81982421875,37160.46875,21652.240234375,1381.3399658203125,99.11000061035156,22.290000915527344
2025-05-26,5802.81982421875,37531.53125,21536.5703125,1364.72998046875,98.93000030517578,22.290000915527344
2025-05-27,5921.5400390625,37724.109375,21336.5390625,1368.0999755859375,99.5199966430664,18.959999084472656
2025-05-28,5888.5498046875,37722.3984375,21357.720703125,1374.800048828125,99.87999725341797,19.309999465942383
2025-05-29,5912.169921875,38432.98046875,21347.30078125,1373.5999755859375,99.27999877929688,19.18000030517578
2025-05-30,5911.68994140625,37965.1015625,21347.30078125,1370.4100341796875,99.33000183105469,18.56999969482422
2025-06-02,5935.93994140625,37470.671875,21002.7109375,1381.989990234375,98.69999694824219,18.360000610351562
2025-06-04,5970.81005859375,37747.44921875,21618.08984375,1377.719970703125,98.79000091552734,17.610000610351562
2025-06-05,5939.2998046875,37554.48828125,21674.4296875,1361.0899658203125,98.73999786376953,18.479999542236328
2025-06-09,6005.8798828125,38088.5703125,21790.2890625,1359.18994140625,98.94000244140625,17.15999984741211
2025-06-10,6038.81005859375,38211.51171875,22242.140625,1353.8499755859375,99.05000305175781,16.950000762939453
2025-06-11,6022.240234375,38421.19140625,22470.099609375,1363.8800048828125,98.62999725341797,17.260000228881836
2025-06-12,6045.259765625,38173.08984375,22287.8203125,1365.68994140625,97.91999816894531,18.020000457763672
2025-06-13,5976.97021484375,37834.25,22072.94921875,1349.7900390625,98.18000030517578,20.81999969482422
2025-06-16,6033.10986328125,38311.328125,22049.900390625,1365.1400146484375,98.0,19.110000610351562
2025-06-17,5982.72021484375,38536.73828125,22211.58984375,1357.780029296875,98.81999969482422,21.600000381469727
2025-06-18,5980.8701171875,38885.1484375,22356.73046875,1380.5,98.91000366210938,20.139999389648438
2025-06-19,5980.8701171875,38488.33984375,22003.5,1370.75,98.91000366210938,20.139999389648438
2025-06-20,5967.83984375,38403.23046875,22045.740234375,1374.8900146484375,98.70999908447266,20.6200008392334
2025-06-23,6025.169921875,38354.08984375,21732.01953125,1369.469970703125,98.41999816894531,19.829999923706055
2025-06-24,6092.18017578125,38790.55859375,22188.759765625,1361.93994140625,97.86000061035156,17.479999542236328
2025-06-25,6092.16015625,38942.0703125,22430.609375,1353.780029296875,97.68000030517578,16.760000228881836
2025-06-26,6141.02001953125,39584.578125,22492.33984375,1357.030029296875,97.1500015258789,16.59000015258789
2025-06-27,6173.06982421875,40150.7890625,22580.080078125,1352.760009765625,97.4000015258789,16.31999969482422
2025-06-30,6204.9501953125,40487.390625,22256.01953125,1363.5899658203125,96.87999725341797,16.729999542236328
2025-07-01,6198.009765625,39986.328125,22553.720703125,1348.5,96.81999969482422,16.829999923706055
2025-07-02,6227.419921875,39762.48046875,22577.740234375,1355.5899658203125,96.77999877929688,16.639999389648438
2025-07-03,6279.35009765625,39785.8984375,22712.970703125,1354.75,97.18000030517578,16.3799991607666
2025-07-04,6279.35009765625,39810.87890625,22547.5,1357.0999755859375,97.18000030517578,16.3799991607666
2025-07-07,6229.97998046875,39587.6796875,22428.720703125,1362.199951171875,97.4800033569336,17.790000915527344
2025-07-08,6225.52001953125,39688.80859375,22362.26953125,1374.6400146484375,97.51000213623047,16.809999465942383
2025-07-09,6263.259765625,39821.28125,22527.009765625,1370.300048828125,97.47000122070312,15.9399995803833
2025-07-10,6280.4599609375,39646.359375,22693.25,1373.0,97.6500015258789,15.779999732971191
2025-07-11,6259.75,39569.6796875,22751.029296875,1372.6400146484375,97.8499984741211,16.399999618530273
2025-07-14,6268.56005859375,39459.62109375,22614.970703125,1378.1700439453125,98.08000183105469,17.200000762939453
2025-07-15,6243.759765625,39678.01953125,22835.939453125,1382.010009765625,98.62000274658203,17.3799991607666
2025-07-16,6263.7001953125,39663.3984375,23042.900390625,1386.449951171875,98.38999938964844,17.15999984741211
2025-07-17,6297.35986328125,39901.19140625,23113.279296875,1384.9200439453125,98.7300033569336,16.520000457763672
2025-07-18,6296.7900390625,39819.109375,23383.130859375,1391.5799560546875,98.4800033569336,16.40999984741211
2025-07-21,6305.60009765625,39819.109375,23340.560546875,1390.5699462890625,97.8499984741211,16.649999618530273
2025-07-22,6309.6201171875,39774.921875,22987.919921875,1381.8199462890625,97.38999938964844,16.5
2025-07-23,6358.91015625,41171.3203125,23318.669921875,1379.780029296875,97.20999908447266,15.369999885559082
2025-07-24,6363.35009765625,41826.33984375,23373.73046875,1373.719970703125,97.37999725341797,15.390000343322754
2025-07-25,6388.64013671875,41456.23046875,23364.380859375,1372.0,97.6500015258789,14.930000305175781
2025-07-28,6389.77001953125,40998.26953125,23412.98046875,1382.780029296875,98.66000366210938,15.029999732971191
2025-07-29,6370.85986328125,40674.55078125,23201.51953125,1388.2900390625,98.91000366210938,15.979999542236328
2025-07-30,6362.89990234375,40654.69921875,23461.720703125,1388.8599853515625,99.94000244140625,15.479999542236328
2025-07-31,6339.39013671875,41069.8203125,23542.51953125,1392.52001953125,100.02999877929688,16.719999313354492
2025-08-01,6238.009765625,40799.6015625,23434.380859375,1391.510009765625,98.69000244140625,20.3799991607666
2025-08-04,6329.93994140625,40290.69921875,23378.939453125,1390.1800537109375,98.77999877929688,17.520000457763672
2025-08-05,6299.18994140625,40549.5390625,23660.58984375,1383.5899658203125,98.77999877929688,17.850000381469727
2025-08-06,6345.06005859375,40794.859375,23447.359375,1386.5799560546875,98.18000030517578,16.770000457763672
2025-08-07,6340.0,41059.1484375,24003.76953125,1384.3900146484375,98.4000015258789,16.56999969482422
2025-08-08,6389.4501953125,41820.48046875,24021.259765625,1384.969970703125,98.18000030517578,15.149999618530273
2025-08-11,6373.4501953125,41820.48046875,24135.5,1387.81005859375,98.5199966430664,16.25
2025-08-12,6445.759765625,42718.171875,24158.359375,1389.7900390625,98.0999984741211,14.729999542236328
2025-08-13,6466.580078125,43274.671875,24370.01953125,1383.0899658203125,97.83999633789062,14.489999771118164
2025-08-14,6468.5400390625,42649.26171875,24238.099609375,1378.780029296875,98.25,14.829999923706055
2025-08-18,6449.14990234375,43714.30859375,24482.51953125,1387.97998046875,98.16999816894531,14.989999771118164
2025-08-19,6411.3701171875,43546.2890625,24353.5,1386.9100341796875,98.2699966430664,15.569999694824219
2025-08-20,6395.77978515625,42888.55078125,23625.439453125,1391.3399658203125,98.22000122070312,15.6899995803833
2025-08-21,6370.169921875,42610.171875,23962.130859375,1396.9100341796875,98.62000274658203,16.600000381469727
2025-08-22,6466.91015625,42633.2890625,23764.470703125,1399.6099853515625,97.72000122070312,14.220000267028809
2025-08-25,6439.31982421875,42807.8203125,24277.380859375,1382.8900146484375,98.43000030517578,14.789999961853027
2025-08-26,6465.93994140625,42394.3984375,24305.099609375,1389.050048828125,98.2300033569336,14.619999885559082
2025-08-27,6481.39990234375,42520.26953125,24519.900390625,1393.949951171875,98.2300033569336,14.850000381469727
2025-08-28,6501.85986328125,42828.7890625,24236.44921875,1392.75,97.80999755859375,14.430000305175781
2025-08-29,6460.259765625,42718.46875,24233.099609375,1384.4100341796875,97.7699966430664,15.359999656677246
2025-09-01,6460.259765625,42188.7890625,24071.73046875,1388.8399658203125,97.7699966430664,15.359999656677246
2025-09-02,6415.5400390625,42310.48828125,24016.779296875,1392.93994140625,98.4000015258789,17.170000076293945
2025-09-03,6448.259765625,41938.890625,24100.30078125,1394.5699462890625,98.13999938964844,16.350000381469727
2025-09-04,6502.080078125,42580.26953125,24179.849609375,1389.6300048828125,98.3499984741211,15.300000190734863
2025-09-05,6481.5,43018.75,24494.580078125,1392.06005859375,97.7699966430664,15.180000305175781
2025-09-08,6495.14990234375,43643.80859375,24547.380859375,1385.510009765625,97.44999694824219,15.109999656677246
2025-09-09,6512.60986328125,43459.2890625,24855.1796875,1385.719970703125,97.79000091552734,15.039999961853027
2025-09-10,6532.0400390625,43837.671875,25192.58984375,1387.25,97.77999877929688,15.350000381469727
2025-09-11,6587.47021484375,44372.5,25215.7109375,1387.199951171875,97.54000091552734,14.710000038146973
2025-09-12,6584.2900390625,44768.12109375,25474.640625,1389.5,97.55000305175781,14.760000228881836
2025-09-15,6615.27978515625,44768.12109375,25357.16015625,1393.699951171875,97.30000305175781,15.6899995803833
2025-09-16,6606.759765625,44902.26953125,25629.640625,1385.010009765625,96.62999725341797,16.360000610351562
2025-09-17,6600.35009765625,44790.37890625,25438.25,1377.6400146484375,96.87000274658203,15.720000267028809
2025-09-18,6631.9599609375,45303.4296875,25769.359375,1378.68994140625,97.3499984741211,15.699999809265137
2025-09-19,6664.35986328125,45045.80859375,25578.369140625,1386.75,97.63999938964844,15.449999809265137
2025-09-22,6693.75,45493.66015625,25880.599609375,1396.22998046875,97.33000183105469,16.100000381469727
2025-09-23,6656.919921875,45493.66015625,26247.369140625,1389.3900146484375,97.26000213623047,16.639999389648438
2025-09-24,6637.97021484375,45630.30859375,26196.73046875,1391.8499755859375,97.87000274658203,16.18000030517578
2025-09-25,6604.72021484375,45754.9296875,26023.849609375,1403.6500244140625,98.55000305175781,16.739999771118164
2025-09-26,6643.7001953125,45354.98828125,25580.3203125,1408.9200439453125,98.1500015258789,15.289999961853027
2025-09-29,6661.2099609375,45043.75,25580.3203125,1408.7099609375,97.91000366210938,16.1200008392334
2025-09-30,6688.4599609375,44932.62890625,25820.5390625,1399.3299560546875,97.7699966430664,16.280000686645508
2025-10-01,6711.2001953125,44550.8515625,25982.91015625,1403.1500244140625,97.70999908447266,16.290000915527344
2025-10-02,6715.35009765625,44936.73046875,26378.390625,1401.8199462890625,97.8499984741211,16.6299991607666
2025-10-10,6552.509765625,48088.80078125,27301.919921875,1421.510009765625,98.9800033569336,21.65999984741211
2025-10-13,6654.72021484375,48088.80078125,26923.419921875,1429.030029296875,99.2699966430664,19.030000686645508
2025-10-14,6644.31005859375,46847.3203125,26793.150390625,1426.0699462890625,99.05000305175781,20.809999465942383
2025-10-15,6671.06005859375,47672.671875,27275.7109375,1429.4300537109375,98.79000091552734,20.639999389648438
2025-10-16,6629.06982421875,48277.73828125,27647.869140625,1420.0899658203125,98.38999938964844,25.309999465942383
2025-10-17,6664.009765625,47582.1484375,27302.369140625,1415.719970703125,98.43000030517578,20.780000686645508
2025-10-20,6735.1298828125,49185.5,27688.630859375,1419.739990234375,98.58999633789062,18.229999542236328
2025-10-21,6735.35009765625,49316.05859375,27752.41015625,1419.739990234375,98.93000030517578,17.8700008392334
2025-10-22,6699.39990234375,49307.7890625,27648.91015625,1430.739990234375,98.9000015258789,18.600000381469727
2025-10-23,6738.43994140625,48641.609375,27532.259765625,1430.4000244140625,98.94000244140625,17.299999237060547
2025-10-24,6791.68994140625,49299.6484375,27532.259765625,1435.8399658203125,98.94999694824219,16.3700008392334
2025-10-27,6875.16015625,50512.3203125,27993.630859375,1436.969970703125,98.77999877929688,15.789999961853027
2025-10-28,6890.89013671875,50219.1796875,27949.109375,1430.969970703125,98.69000244140625,16.420000076293945
2025-10-29,6890.58984375,51307.6484375,28294.740234375,1425.969970703125,99.22000122070312,16.920000076293945
2025-10-30,6822.33984375,51325.609375,28287.529296875,1424.010009765625,99.52999877929688,16.90999984741211
2025-10-31,6840.2001953125,52411.33984375,28233.349609375,1424.02001953125,99.80000305175781,17.440000534057617
2025-11-03,6851.97021484375,52411.33984375,28334.58984375,1427.1700439453125,99.87000274658203,17.170000076293945
2025-11-04,6771.5498046875,51497.19921875,28116.560546875,1428.969970703125,100.22000122070312,19.0
2025-11-05,6796.2900390625,50212.26953125,27717.060546875,1439.81005859375,100.19999694824219,18.010000228881836
2025-11-06,6720.31982421875,50883.6796875,27899.44921875,1439.739990234375,99.7300033569336,19.5
2025-11-07,6728.7998046875,50276.37109375,27651.41015625,1447.9000244140625,99.5999984741211,19.079999923706055
2025-11-10,6832.43017578125,50911.76171875,27869.509765625,1454.0,99.62000274658203,17.600000381469727
2025-11-11,6846.60986328125,50842.9296875,27784.94921875,1456.0899658203125,99.45999908447266,17.280000686645508
2025-11-12,6850.919921875,51063.30859375,27947.08984375,1459.8399658203125,99.4800033569336,17.510000228881836
2025-11-13,6737.490234375,51281.828125,27903.560546875,1468.02001953125,99.18000030517578,20.0
2025-11-14,6734.10986328125,50376.53125,27397.5,1468.7099609375,99.2699966430664,19.829999923706055
2025-11-17,6672.41015625,50323.91015625,27447.310546875,1446.530029296875,99.58999633789062,22.3799991607666
2025-11-18,6617.31982421875,48702.98046875,26756.119140625,1461.68994140625,99.55000305175781,24.690000534057617
2025-11-19,6642.16015625,48537.69921875,26580.119140625,1456.550048828125,100.2300033569336,23.65999984741211
2025-11-20,6538.759765625,49823.94140625,27426.359375,1466.1300048828125,100.16000366210938,26.420000076293945
2025-11-21,6602.990234375,48625.87890625,26434.939453125,1473.25,100.18000030517578,23.43000030517578
2025-11-24,6705.1201171875,48625.87890625,26504.240234375,1467.72998046875,100.13999938964844,20.520000457763672
2025-11-25,6765.8798828125,48659.51953125,26912.169921875,1474.8599853515625,99.66000366210938,18.559999465942383
2025-11-26,6812.60986328125,49559.0703125,27409.5390625,1464.9200439453125,99.5999984741211,17.190000534057617
2025-11-27,6812.60986328125,50167.1015625,27554.529296875,1470.5899658203125,99.5999984741211,17.190000534057617
2025-11-28,6849.08984375,50253.91015625,27626.48046875,1461.4000244140625,99.45999908447266,16.350000381469727
2025-12-01,6812.6298828125,49303.28125,27342.529296875,1465.6199951171875,99.41000366210938,17.239999771118164
2025-12-02,6829.3701171875,49303.44921875,27564.26953125,1470.1700439453125,99.36000061035156,16.59000015258789
2025-12-03,6849.72021484375,49864.6796875,27793.0390625,1467.3599853515625,98.8499984741211,16.079999923706055
2025-12-04,6857.1201171875,51028.421875,27795.7109375,1465.030029296875,98.98999786376953,15.779999732971191
2025-12-05,6870.39990234375,50491.87109375,27980.890625,1472.3800048828125,98.98999786376953,15.40999984741211
2025-12-08,6846.509765625,50581.94140625,28303.779296875,1471.81005859375,99.08999633789062,16.65999984741211
2025-12-09,6840.509765625,50655.1015625,28182.599609375,1468.510009765625,99.22000122070312,16.93000030517578
2025-12-10,6886.68017578125,50602.80078125,28400.73046875,1467.9300537109375,98.79000091552734,15.770000457763672
2025-12-11,6901.0,50148.8203125,28024.75,1469.0400390625,98.3499984741211,14.850000381469727
2025-12-12,6827.41015625,50836.55078125,28198.01953125,1470.8499755859375,98.4000015258789,15.739999771118164
2025-12-15,6816.509765625,50168.109375,27866.939453125,1472.9100341796875,98.1500015258789,16.5
2025-12-16,6800.259765625,49383.2890625,27536.66015625,1467.47998046875,98.1500015258789,16.479999542236328
2025-12-17,6721.43017578125,49512.28125,27525.169921875,1471.739990234375,98.37000274658203,17.6200008392334
2025-12-18,6774.759765625,49001.5,27468.529296875,1474.0,98.43000030517578,16.8700008392334
2025-12-19,6834.5,49507.2109375,27696.349609375,1474.3599853515625,98.5999984741211,14.90999984741211
2025-12-22,6878.490234375,50402.390625,28149.640625,1473.719970703125,98.29000091552734,14.079999923706055
2025-12-23,6909.7900390625,50412.87109375,28310.470703125,1476.8399658203125,97.94000244140625,14.0
2025-12-24,6932.0498046875,50344.1015625,28371.98046875,1478.6700439453125,97.9800033569336,13.470000267028809
2025-12-26,6929.93994140625,50750.390625,28556.01953125,1446.52001953125,98.0199966430664,13.600000381469727
2025-12-29,6905.740234375,50526.921875,28810.890625,1441.3299560546875,98.04000091552734,14.199999809265137
2025-12-30,6896.240234375,50339.48046875,28707.130859375,1434.7099609375,98.23999786376953,14.329999923706055
2026-01-02,6858.47021484375,50339.48046875,29349.810546875,1443.6400146484375,98.41999816894531,14.510000228881836
2026-01-05,6902.0498046875,51832.80078125,30105.0390625,1440.47998046875,98.2699966430664,14.899999618530273
2026-01-06,6944.81982421875,52518.078125,30576.30078125,1445.56005859375,98.58000183105469,14.75
2026-01-07,6920.93017578125,51961.98046875,30435.470703125,1444.9599609375,98.68000030517578,15.380000114440918
2026-01-08,6921.4599609375,51117.26171875,30360.55078125,1446.1400146484375,98.93000030517578,15.449999809265137
2026-01-09,6966.27978515625,51939.890625,30288.9609375,1450.0799560546875,99.12999725341797,14.489999771118164
2026-01-12,6977.27001953125,51939.890625,30567.2890625,1455.239990234375,98.86000061035156,15.119999885559082
2026-01-13,6963.740234375,53549.16015625,30707.220703125,1464.9300537109375,99.12999725341797,15.979999542236328
2026-01-14,6926.60009765625,54341.23046875,30941.779296875,1473.010009765625,99.12999725341797,16.75
2026-01-15,6944.47021484375,54110.5,30810.580078125,1462.9000244140625,99.31999969482422,15.84000015258789
2026-01-16,6940.009765625,53936.171875,31408.69921875,1468.8399658203125,99.38999938964844,15.859999656677246
2026-01-19,6940.009765625,53583.5703125,31639.2890625,1471.5799560546875,99.38999938964844,15.859999656677246
2026-01-20,6796.85986328125,52991.1015625,31759.990234375,1471.52001953125,98.63999938964844,20.09000015258789
2026-01-21,6875.6201171875,52774.640625,31246.369140625,1477.780029296875,98.76000213623047,16.899999618530273
2026-01-22,6913.35009765625,53688.890625,31746.080078125,1464.8299560546875,98.36000061035156,15.640000343322754
2026-01-23,6915.60986328125,53846.87109375,31961.509765625,1463.260009765625,97.5999984741211,16.09000015258789
2026-01-26,6950.22998046875,52885.25,32064.51953125,1444.81005859375,97.04000091552734,16.149999618530273
2026-01-27,6978.60009765625,53333.5390625,32317.919921875,1440.97998046875,96.22000122070312,16.350000381469727
2026-01-28,6978.02978515625,53358.7109375,32803.8203125,1432.510009765625,96.44999694824219,16.350000381469727
2026-01-29,6969.009765625,53375.6015625,32536.26953125,1429.27001953125,96.27999877929688,16.8799991607666
2026-01-30,6939.02978515625,53322.8515625,32063.75,1428.760009765625,96.98999786376953,17.440000534057617
2026-02-02,6976.43994140625,52655.1796875,31624.029296875,1448.800048828125,97.61000061035156,16.34000015258789
2026-02-03,6917.81005859375,54720.66015625,32195.359375,1452.5400390625,97.44000244140625,18.0
2026-02-04,6882.72021484375,54293.359375,32289.810546875,1446.6800537109375,97.62000274658203,18.639999389648438
2026-02-05,6798.39990234375,53818.0390625,31801.26953125,1460.1099853515625,97.81999969482422,21.770000457763672
2026-02-06,6932.2998046875,54253.6796875,31782.919921875,1470.6800537109375,97.62999725341797,20.3700008392334
2026-02-09,6964.81982421875,56363.94140625,32404.619140625,1462.4000244140625,96.81999969482422,17.360000610351562
2026-02-10,6941.81005859375,57650.5390625,33072.96875,1458.5400390625,96.80000305175781,17.790000915527344
2026-02-11,6941.47021484375,57650.5390625,33605.7109375,1455.3299560546875,96.83000183105469,17.649999618530273
2026-02-12,6832.759765625,57639.83984375,33605.7109375,1444.18994140625,96.93000030517578,20.81999969482422
2026-02-13,6836.169921875,56941.96875,33605.7109375,1440.9000244140625,96.87999725341797,20.600000381469727
2026-02-19,6861.89013671875,57467.828125,33605.7109375,1440.1600341796875,97.93000030517578,20.229999542236328
2026-02-20,6909.509765625,56825.69921875,33605.7109375,1447.75,97.80000305175781,19.09000015258789
2026-02-23,6837.75,56825.69921875,33773.26171875,1443.43994140625,97.69999694824219,21.010000228881836
2026-02-24,6890.06982421875,57321.08984375,34700.8203125,1442.199951171875,97.87999725341797,19.549999237060547
2026-02-25,6946.1298828125,58583.12109375,35413.0703125,1439.989990234375,97.69999694824219,17.93000030517578
2026-02-26,6908.85986328125,58753.390625,35414.48828125,1426.9300537109375,97.79000091552734,18.6299991607666
2026-02-27,6878.8798828125,58850.26953125,35414.48828125,1432.3199462890625,97.61000061035156,19.860000610351562
2026-03-03,6816.6298828125,56279.05078125,34323.6484375,1452.27001953125,99.05000305175781,23.56999969482422
2026-03-04,6869.5,54245.5390625,32828.87890625,1483.0699462890625,98.7699966430664,21.149999618530273
2026-03-05,6830.7099609375,55278.05859375,33672.94140625,1460.75,99.31999969482422,23.75
2026-03-06,6740.02001953125,55620.83984375,33599.5390625,1479.510009765625,98.98999786376953,29.489999771118164
2026-03-09,6795.990234375,52728.71875,32110.419921875,1483.8900146484375,99.18000030517578,25.5
2026-03-10,6781.47998046875,54248.390625,32771.87109375,1464.469970703125,98.83000183105469,24.93000030517578
2026-03-11,6775.7998046875,55025.37109375,34114.19140625,1472.780029296875,99.2300033569336,24.229999542236328
2026-03-12,6672.6201171875,54452.9609375,33581.859375,1475.3399658203125,99.73999786376953,27.290000915527344
2026-03-13,6632.18994140625,53819.609375,33400.3203125,1470.5799560546875,100.36000061035156,27.190000534057617
2026-03-16,6699.3798828125,53751.1484375,33342.51171875,1501.75,99.70999908447266,23.510000228881836
2026-03-17,6716.08984375,53700.390625,33836.5703125,1488.9100341796875,99.58000183105469,22.3700008392334
2026-03-18,6624.7001953125,55239.3984375,34348.578125,1484.8699951171875,100.08999633789062,25.09000015258789
2026-03-19,6606.490234375,53372.53125,33689.6796875,1505.25,99.2300033569336,24.059999465942383
2026-03-20,6506.47998046875,53372.53125,33543.87890625,1489.8399658203125,99.6500015258789,26.780000686645508
2026-03-23,6581.0,51515.48828125,32722.5,1504.2099609375,98.94999694824219,26.149999618530273
2026-03-24,6556.3701171875,52252.28125,32612.240234375,1485.3599853515625,99.43000030517578,26.950000762939453
2026-03-25,6591.89990234375,53749.62109375,33439.109375,1497.31005859375,99.5999984741211,25.329999923706055
2026-03-26,6477.16015625,53603.6484375,33337.62109375,1500.969970703125,99.9000015258789,27.440000534057617
2026-03-27,6368.85009765625,53373.0703125,33112.58984375,1508.3599853515625,100.1500015258789,31.049999237060547
2026-03-30,6343.72021484375,51885.8515625,32518.16015625,1507.02001953125,100.51000213623047,30.610000610351562
2026-03-31,6528.52001953125,51063.71875,31722.990234375,1516.1300048828125,99.95999908447266,25.25
2026-04-01,6575.31982421875,53739.6796875,33174.8203125,1503.3299560546875,99.6500015258789,24.540000915527344
2026-04-02,6582.68994140625,52463.26953125,32572.4296875,1512.0899658203125,100.02999877929688,23.8700008392334
2026-04-03,6582.68994140625,53123.48828125,32572.4296875,1509.219970703125,100.02999877929688,23.8700008392334
2026-04-06,6611.830078125,53413.6796875,32572.4296875,1509.260009765625,99.9800033569336,24.170000076293945
2026-04-07,6616.85009765625,53429.55859375,33229.8203125,1507.8499755859375,99.63999938964844,25.780000686645508
2026-04-08,6782.81005859375,56308.421875,34761.37890625,1499.1300048828125,99.12999725341797,21.040000915527344
2026-04-09,6824.66015625,55895.3203125,34861.16015625,1477.5999755859375,98.81999969482422,19.489999771118164
2026-04-10,6816.89013671875,56924.109375,35417.828125,1473.280029296875,98.6500015258789,19.229999542236328
2026-04-13,6886.240234375,56502.76953125,35457.2890625,1482.1800537109375,98.37000274658203,19.1200008392334
2026-04-14,6967.3798828125,57877.390625,36296.12109375,1476.8399658203125,98.12000274658203,18.360000610351562
2026-04-15,7022.9501953125,58134.23828125,36722.140625,1469.4200439453125,98.05999755859375,18.170000076293945
2026-04-16,7041.27978515625,59518.33984375,37132.01953125,1474.06005859375,98.22000122070312,17.940000534057617
2026-04-17,7126.06005859375,58475.8984375,36804.33984375,1477.9200439453125,98.0999984741211,17.479999542236328
2026-04-20,7109.14013671875,58824.890625,36958.80078125,1465.1500244140625,98.05000305175781,18.8700008392334
2026-04-21,7064.009765625,59349.171875,37605.109375,1469.260009765625,98.41000366210938,19.5
2026-04-22,7137.89990234375,59585.859375,37878.46875,1485.800048828125,98.58999633789062,18.920000076293945
2026-04-23,7108.39990234375,59140.23046875,37714.1484375,1477.9599609375,98.80000305175781,19.309999465942383
2026-04-24,7165.080078125,59716.1796875,38932.3984375,1479.949951171875,98.51000213623047,18.709999084472656
2026-04-27,7173.91015625,60537.359375,39616.62890625,1474.68994140625,98.4800033569336,18.020000457763672
2026-04-28,7138.7998046875,59917.4609375,39521.73046875,1473.0,98.62000274658203,17.829999923706055
2026-04-29,7135.9501953125,59917.4609375,39303.5,1471.989990234375,98.91999816894531,18.809999465942383
2026-04-30,7209.009765625,59284.921875,38926.62890625,1487.3800048828125,98.08000183105469,16.889999389648438
2026-05-04,7200.75,59513.12109375,40705.140625,1471.72998046875,98.47000122070312,18.290000915527344
2026-05-06,7365.1201171875,59513.12109375,41138.8515625,1473.9599609375,98.0199966430664,17.389999389648438
2026-05-07,7337.10986328125,62833.83984375,41933.78125,1444.449951171875,98.25,17.079999923706055
2026-05-08,7398.93017578125,62713.6484375,41603.94140625,1454.7900390625,97.83999633789062,17.190000534057617
2026-05-11,7412.83984375,62417.87890625,41790.05859375,1460.550048828125,97.94000244140625,18.3799991607666
2026-05-12,7400.9599609375,62742.5703125,41898.3203125,1474.449951171875,98.29000091552734,17.989999771118164
2026-05-13,7444.25,63272.109375,41374.5,1492.989990234375,98.4800033569336,17.8700008392334
2026-05-14,7501.240234375,62654.05078125,41751.75,1489.8399658203125,98.87999725341797,17.260000228881836
