Date,Close,High,Low,Open,Return,Log_Return,Volatility_20,ATR_14,RSI_14,MACD,MACD_Signal,Volume,Transaction_Value,Volume_ROC,Net_Purchase_Foreigner,Net_Purchase_Financial_Investment,Net_Purchase_Investment_Trust,Net_Purchase_Pension_Fund,S&P500,Nikkei225,TaiwanWeighted,USD_KRW,Dollar_Index,VIX,US_GDP,US_M2,US_Interest_Rate_10Y,US_Interest_Rate_3Y,US_CPI,US_UNRATE,KR_GDP,KR_CPI,KR_Interest_Rate_10Y,KR_Interest_Rate_3Y,US_Spread_10Y_3Y,KR_Spread_10Y_3Y,Target
2021-05-17,3134.52001953125,3173.010009765625,3121.320068359375,3163.2099609375,,,,,,0.0,0.0,771305645,14552523724082,0.019237211728172943,-602211401604,-89333134255,-11110077289,6377605324,4163.2900390625,27824.830078125,15353.8896484375,1125.530029296875,90.22000122070312,19.719999313354492,23982.379,20477.1,1.64,0.34,270.654,5.9,524124400000000.0,107.578551405523,2.117,1.107,1.2999999999999998,1.0100001,1
2021-05-18,3173.050048828125,3176.39990234375,3135.3798828125,3135.3798828125,0.012292162454472733,0.012217227277544969,,,,3.0736205706912187,0.6147241141382438,786143415,13898610218787,0.019237211728172943,-350011955199,963421079159,20903911949,21982306938,4127.830078125,28406.83984375,16145.98046875,1135.510009765625,89.75,21.34000015258789,23982.379,20477.1,1.64,0.34,270.654,5.9,524124400000000.0,107.578551405523,2.118,1.099,1.2999999999999998,1.019,0
2021-05-20,3162.280029296875,3174.530029296875,3140.47998046875,3174.530029296875,-0.0033942167206684193,-0.0033999901421061587,,,,4.587553983176349,1.4092900879458647,774252245,13719656585417,-0.015125955103242883,-515824658601,-89663104703,-13354130145,-37324887396,4159.1201171875,28098.25,16042.3603515625,1130.3699951171875,89.80999755859375,20.670000076293945,23982.379,20477.1,1.63,0.34,270.654,5.9,524124400000000.0,107.578551405523,2.135,1.103,1.2899999999999998,1.032,0
2021-05-21,3156.419921875,3198.010009765625,3149.4599609375,3171.909912109375,-0.0018531272903045126,-0.0018548464548970743,,,,5.25393137545052,2.178218345446796,797262205,14789457191323,0.029718945148166753,-130375658375,111994449586,-1411358719,-24386777205,4155.85986328125,28317.830078125,16302.0595703125,1127.050048828125,90.0199966430664,20.149999618530273,23982.379,20477.1,1.63,0.34,270.654,5.9,524124400000000.0,107.578551405523,2.123,1.095,1.2899999999999998,1.0279999,0
2021-05-24,3144.300048828125,3163.27001953125,3137.81005859375,3155.909912109375,-0.0038397530578490047,-0.003847143834860228,,,,4.74932058360173,2.6924387930777827,587968268,11604047358277,-0.2625158143549524,-220747806116,68222464174,14328516188,27536500405,4197.0498046875,28364.609375,16338.2900390625,1126.7900390625,89.83000183105469,18.399999618530273,23982.379,20477.1,1.61,0.32,270.654,5.9,524124400000000.0,107.578551405523,2.12,1.116,1.29,1.0039998,1
2021-05-25,3171.320068359375,3173.10009765625,3148.300048828125,3152.929931640625,0.00859333368687909,0.008556621166980624,,,,6.455290090103517,3.4450090524829298,612976970,11728027229513,0.042534101517192724,71409301708,795297151637,8887584790,24219020276,4188.1298828125,28553.98046875,16595.669921875,1122.18994140625,89.63999938964844,18.84000015258789,23982.379,20477.1,1.56,0.3,270.654,5.9,524124400000000.0,107.578551405523,2.129,1.142,1.26,0.987,0
2021-05-26,3168.429931640625,3183.969970703125,3160.300048828125,3171.909912109375,-0.0009113355500081077,-0.0009117510687209602,,,,7.487759109484159,4.253559063883176,1269999045,13173015885449,1.071854420566567,-17487854129,262613885234,31359371001,-21283929175,4195.990234375,28642.189453125,16643.689453125,1121.3800048828125,90.04000091552734,17.360000610351562,23982.379,20477.1,1.58,0.31,270.654,5.9,524124400000000.0,107.578551405523,2.128,1.161,1.27,0.967,0
2021-05-27,3165.510009765625,3173.860107421875,3142.3701171875,3170.840087890625,-0.000921567444443383,-0.0009219923487927802,,,,7.978414754475125,4.998530202001566,1082006090,20682335393904,-0.14802606012983266,-242880845968,273516701106,46442014655,19782821274,4200.8798828125,28549.009765625,16601.609375,1115.52001953125,89.97000122070312,16.739999771118164,23982.379,20477.1,1.61,0.31,270.654,5.9,524124400000000.0,107.578551405523,2.111,1.124,1.3,0.9870001,1
2021-05-28,3188.72998046875,3198.659912109375,3171.85009765625,3172.090087890625,0.007335301620115198,0.007308529138287466,,,,10.124214820121779,6.023667125625609,966367978,13533299075577,-0.10687380881562325,142857297682,577877259578,44203028082,48899316583,4204.10986328125,29149.41015625,16870.859375,1117.300048828125,90.02999877929688,16.760000228881836,23982.379,20477.1,1.58,0.3,270.654,5.9,524124400000000.0,107.578551405523,2.132,1.162,1.28,0.97,1
2021-05-31,3203.919921875,3204.2900390625,3179.8701171875,3192.06005859375,0.004763633640756604,0.0047523234422306455,,,,12.901754757863728,7.3992846520732325,1123524809,14017446050339,0.1626262816833528,520446004132,-669312049332,17632478084,-98412986613,4204.10986328125,28860.080078125,17068.4296875,1112.8499755859375,90.02999877929688,16.760000228881836,23982.379,20477.1,1.58,0.3,270.654,5.9,524124400000000.0,107.578551405523,2.179,1.227,1.28,0.9519999,1
2021-06-01,3221.8701171875,3233.169921875,3199.179931640625,3207.1201171875,0.005602573019988233,0.005586936981944028,,,,16.362785904865177,9.19198490263162,1472570767,15270803742087,0.3106704500016073,-53072513283,616182547052,-15671866078,53577534239,4202.0400390625,28814.33984375,17162.380859375,1106.97998046875,89.83000183105469,17.899999618530273,23982.379,20477.1,1.62,0.31,270.654,5.9,524124400000000.0,107.578551405523,2.186,1.213,1.31,0.97300005,1
2021-06-02,3224.22998046875,3241.070068359375,3216.10009765625,3224.39990234375,0.000732451401023626,0.0007321832894073601,,,,19.076200701677408,11.16882806244078,1495671343,17740841975268,0.015687243368997184,33590106865,-227929823621,19211081478,-20944470431,4208.1201171875,28946.140625,17165.0390625,1107.2099609375,89.9000015258789,17.479999542236328,23982.379,20477.1,1.59,0.3,270.654,5.9,524124400000000.0,107.578551405523,2.202,1.206,1.29,0.99599993,1
2021-06-03,3247.429931640625,3258.5,3224.9599609375,3224.9599609375,0.00719550134835667,0.007169737245131059,,,,22.8354112405068,13.502144698053982,1584799068,16890461822422,0.05959044773915956,242041662471,349888394094,-8191099696,108430830431,4192.85009765625,29058.109375,17246.16015625,1109.8800048828125,90.5,18.040000915527344,23982.379,20477.1,1.63,0.34,270.654,5.9,524124400000000.0,107.578551405523,2.195,1.191,1.2899999999999998,1.004,0
2021-06-04,3240.080078125,3246.18994140625,3218.669921875,3246.169921875,-0.0022632831717208646,-0.0022658482681691713,,33.2249755859375,77.86992393966739,24.93411595497537,15.788538949438262,1392319539,16051031275689,-0.12145358543333018,175443737827,-613050220280,-57279397704,17727143617,4229.89013671875,28941.51953125,17147.41015625,1115.43994140625,90.13999938964844,16.420000076293945,23982.379,20477.1,1.56,0.32,270.654,5.9,524124400000000.0,107.578551405523,2.173,1.22,1.24,0.95300007,1
2021-06-07,3252.1201171875,3264.409912109375,3233.39990234375,3244.590087890625,0.0037159695971056284,0.003709082438457485,,31.747837611607142,79.19276717057609,27.25470976240831,18.081773112032273,1733348139,19023221710305,0.2449355844312402,-187347266710,131449947543,-26847715030,26215014056,4226.52001953125,29019.240234375,17083.91015625,1109.6800537109375,89.94999694824219,16.420000076293945,23982.379,20477.1,1.57,0.33,270.654,5.9,524124400000000.0,107.578551405523,2.156,1.201,1.24,0.9549999,0
2021-06-08,3247.830078125,3264.669921875,3242.56005859375,3251.830078125,-0.0013191514790081849,-0.0013200223252567964,,30.335693359375,72.36513335153899,28.420018492449344,20.149422188115686,1951319356,19352173579005,0.12575155105641467,-203701047226,373505769488,7059807953,-89992888228,4227.259765625,28963.560546875,17076.2109375,1109.3199462890625,90.08000183105469,17.06999969482422,23982.379,20477.1,1.53,0.32,270.654,5.9,524124400000000.0,107.578551405523,2.116,1.174,1.21,0.9419999,0
2021-06-09,3216.179931640625,3246.489990234375,3216.179931640625,3245.080078125,-0.009745013046571382,-0.009792806437827387,,30.164271763392858,64.33050237961089,26.484336797944707,21.41640511008149,1964923269,17164709655058,0.006971648673586017,-324763476596,-260528637715,-58266548343,-48159158792,4219.5498046875,28860.80078125,16966.220703125,1116.8900146484375,90.12000274658203,17.889999389648438,23982.379,20477.1,1.5,0.31,270.654,5.9,524124400000000.0,107.578551405523,2.103,1.137,1.19,0.96599996,1
2021-06-10,3224.639892578125,3235.389892578125,3210.31005859375,3216.93994140625,0.0026304376985477607,0.0026269841522047685,,28.487827845982142,67.89048624547502,25.340829940592812,22.201290076183756,1896766322,19170539861596,-0.034686823691943314,717210391251,-848516280902,306780245,-325182681546,4239.18017578125,28958.560546875,17159.220703125,1116.4100341796875,90.08000183105469,16.100000381469727,23982.379,20477.1,1.45,0.3,270.654,5.9,524124400000000.0,107.578551405523,2.085,1.282,1.15,0.8030001,1
2021-06-11,3249.320068359375,3251.580078125,3226.97998046875,3226.97998046875,0.0076536222968817125,0.007624481921586922,,28.593558175223215,75.83896971371593,26.12492457404278,22.98601697575556,1645508762,17956256842935,-0.13246627013867873,176536714280,-31327611036,104072059616,171995022551,4247.43994140625,28948.73046875,17213.51953125,1111.260009765625,90.55999755859375,15.649999618530273,23982.379,20477.1,1.47,0.31,270.654,5.9,524124400000000.0,107.578551405523,2.101,1.276,1.16,0.82500005,1
2021-06-14,3252.1298828125,3254.489990234375,3238.510009765625,3249.60009765625,0.0008647392051297498,0.0008643655335867446,,27.677839006696427,72.57131167104231,26.66566853583754,23.721947287771957,1664527170,15262485462973,0.011557767688143095,-10128752286,-262519529792,-11314789723,-17287362717,4255.14990234375,29161.80078125,17213.51953125,1115.550048828125,90.5199966430664,16.389999389648438,23982.379,20477.1,1.51,0.33,270.654,5.9,524124400000000.0,107.578551405523,2.096,1.287,1.18,0.809,1
2021-06-15,3258.6298828125,3262.800048828125,3247.89990234375,3253.169921875,0.001998690161285621,0.0019966954375527906,0.005251676836936239,27.051426478794642,74.69609404139779,27.303964590966643,24.438350748410897,1734497293,14838275276764,0.04203603537453815,-121050344350,-45326434042,15394900708,82451170055,4246.58984375,29441.30078125,17371.2890625,1116.3199462890625,90.54000091552734,17.020000457763672,23982.379,20477.1,1.51,0.34,270.654,5.9,524124400000000.0,107.578551405523,2.071,1.307,1.17,0.76400006,1
2021-06-16,3278.679931640625,3281.9599609375,3256.679931640625,3259.06005859375,0.006152907678738773,0.006134055831882442,0.004780218303970976,26.607857840401785,78.32789033166458,29.0923318957648,25.369146977881677,2345810978,16297981235711,0.35244430041321495,287490222647,28700318768,-17973720444,50013725923,4223.7001953125,29291.009765625,17307.859375,1116.030029296875,91.12999725341797,18.149999618530273,23982.379,20477.1,1.57,0.41,270.654,5.9,524124400000000.0,107.578551405523,2.07,1.286,1.1600000000000001,0.7839999,0
2021-06-17,3264.9599609375,3276.199951171875,3251.320068359375,3276.199951171875,-0.004184602031665707,-0.004193381981037227,0.004827282482209669,26.194283621651785,70.03416043856767,29.067467227813268,26.108811027867997,1848671013,14672132506589,-0.21192669386510132,-321655229264,-503320607072,-98338270839,-28792851743,4221.85986328125,29018.330078125,17390.609375,1131.949951171875,91.88999938964844,17.75,23982.379,20477.1,1.52,0.43,270.654,5.9,524124400000000.0,107.578551405523,2.079,1.327,1.09,0.752,1
2021-06-18,3267.929931640625,3275.760009765625,3262.580078125,3265.679931640625,0.0009096499616099152,0.0009092364808131155,0.004762365113545911,25.391427176339285,67.97730697973563,28.953653914678398,26.67777960523008,1627658120,17492731865668,-0.11955231160429303,-711050008644,197274289786,-37292533187,-17090679275,4166.4501953125,28964.080078125,17318.5390625,1133.5400390625,92.2300033569336,20.700000762939453,23982.379,20477.1,1.45,0.47,270.654,5.9,524124400000000.0,107.578551405523,2.041,1.313,0.98,0.7279999,0
2021-06-21,3240.7900390625,3264.179931640625,3225.56005859375,3264.179931640625,-0.008304918754638013,-0.008339596724348641,0.005131218107117105,25.989990234375,55.052865481214106,26.369522094284093,26.616128103040882,1508634470,17291259635405,-0.07312570652121952,-901895605835,-615505806340,-32492598062,-232964994185,4224.7900390625,28010.9296875,17062.98046875,1134.25,91.86000061035156,17.889999389648438,23982.379,20477.1,1.5,0.48,270.654,5.9,524124400000000.0,107.578551405523,2.006,1.351,1.02,0.6550001,1
2021-06-22,3263.8798828125,3267.6298828125,3245.7900390625,3245.7900390625,0.007124757689232819,0.007099496518677028,0.005035368544316543,26.123552594866073,59.533531667296735,25.886334874951444,26.470169457422998,1666696733,15512033241198,0.10477174301870495,362940809627,-19690436577,14491174619,30694758288,4246.43994140625,28884.130859375,17075.55078125,1130.3399658203125,91.7300033569336,16.65999984741211,23982.379,20477.1,1.48,0.44,270.654,5.9,524124400000000.0,107.578551405523,2.05,1.331,1.04,0.719,1
2021-06-23,3276.18994140625,3281.8798828125,3263.070068359375,3265.72998046875,0.0037716028272285484,0.0037645081665181345,0.005029061116897349,25.019252232142858,57.29727921581551,26.194767398622844,26.415089045662967,1069174741,17865268589384,-0.35850672781033166,-9624757444,128708746749,-75640799123,12102556228,4241.83984375,28874.890625,17336.7109375,1132.510009765625,91.80000305175781,16.31999969482422,23982.379,20477.1,1.5,0.47,270.654,5.9,524124400000000.0,107.578551405523,2.041,1.338,1.03,0.70299983,1
2021-06-24,3286.10009765625,3292.27001953125,3277.85009765625,3281.469970703125,0.003024902837515553,0.003020337024038216,0.004999198979359543,24.113542829241073,61.52689923732088,26.9284547188945,26.517762180309276,1301271218,21426510325089,0.21708002265646487,-101632141063,339712292926,-38810722863,-39545631810,4266.490234375,28875.23046875,17407.9609375,1132.6099853515625,91.81999969482422,15.970000267028809,23982.379,20477.1,1.49,0.48,270.654,5.9,524124400000000.0,107.578551405523,2.06,1.384,1.01,0.676,1
2021-06-25,3302.840087890625,3316.080078125,3289.179931640625,3289.179931640625,0.005094181472534709,0.00508125002825356,0.00489538707729169,24.039969308035715,62.41189157540671,28.53178782647774,26.92056730954297,1198187970,18618608315198,-0.07921734268313008,248467425445,566753931875,-13802120931,47529596847,4280.7001953125,29066.1796875,17502.990234375,1130.800048828125,91.80999755859375,15.619999885559082,23982.379,20477.1,1.54,0.48,270.654,5.9,524124400000000.0,107.578551405523,2.1,1.441,1.06,0.6589999,0
2021-06-28,3301.889892578125,3311.68994140625,3291.300048828125,3305.4599609375,-0.00028769037774001305,-0.00028773176855541836,0.004862750062911228,23.9171142578125,63.449038222092646,29.387012853626857,27.41385641835975,1428764468,13796055583387,0.19243766735531498,-86753852283,-186767468590,-40174369235,-78867363410,4290.60986328125,29048.01953125,17590.970703125,1125.3399658203125,91.87999725341797,15.760000228881836,23982.379,20477.1,1.49,0.47,270.654,5.9,524124400000000.0,107.578551405523,2.137,1.47,1.02,0.66700006,0
2021-06-29,3286.679931640625,3305.419921875,3276.6298828125,3305.260009765625,-0.004606440987535154,-0.004617083331617607,0.004946622395879817,23.712820870535715,69.10154575618222,28.508836001209602,27.632852334929723,1213046625,15509502688918,-0.15098208825277137,67905293320,-412606771064,-23577225658,41611244136,4291.7998046875,28812.609375,17598.189453125,1129.0400390625,92.05000305175781,16.020000457763672,23982.379,20477.1,1.49,0.47,270.654,5.9,524124400000000.0,107.578551405523,2.109,1.459,1.02,0.65,1
2021-06-30,3296.679931640625,3305.72998046875,3288.6298828125,3288.6298828125,0.00304258406902691,0.003037964777468466,0.0049669831694441795,23.282121930803573,69.35726806125555,28.29363948149512,27.7650097642428,1610375510,15646662100364,0.3275462598150338,7018476232,-44630686882,23578735044,32406647880,4297.5,28791.529296875,17755.4609375,1130.510009765625,92.44000244140625,15.829999923706055,23982.379,20477.1,1.45,0.46,270.654,5.9,524124400000000.0,107.578551405523,2.092,1.448,0.99,0.64400005,0
2021-07-01,3282.06005859375,3300.1201171875,3278.10009765625,3297.919921875,-0.004434726254908039,-0.004444588822713015,0.004899845105562544,22.930681501116073,59.300088629734375,26.636345902692483,27.53927699193274,1159231481,16075974682786,-0.2801483419230587,-408829358677,-587137459106,-34953871762,-206602099678,4319.93994140625,28707.0390625,17713.939453125,1129.5999755859375,92.5999984741211,15.479999542236328,23982.379,20633.3,1.48,0.47,271.903,5.4,524124400000000.0,107.799928140409,2.09,1.469,1.01,0.62099993,0
2021-07-02,3281.780029296875,3295.679931640625,3278.18994140625,3282.81005859375,-8.532119823390083e-05,-8.532483829438589e-05,0.004858436335060506,23.038539341517858,58.545203802340225,25.012009896726795,27.033823572891556,1019998165,15437887450990,-0.12010829440198756,-121557811968,-98659682214,15876478533,-75879205953,4352.33984375,28783.279296875,17710.150390625,1132.4100341796875,92.2300033569336,15.069999694824219,23982.379,20633.3,1.44,0.45,271.903,5.4,524124400000000.0,107.799928140409,2.101,1.484,0.99,0.6170001,1
2021-07-05,3293.2099609375,3298.929931640625,3285.2900390625,3285.2900390625,0.003482845144582747,0.0034767940852968894,0.00485098375282506,23.199236188616073,59.69064378058259,24.36613424062989,26.500285706439225,850406170,14529926270282,-0.1662669608822287,1502627218,211013868884,294422140,40500961104,4352.33984375,28598.189453125,17919.330078125,1129.77001953125,92.2300033569336,15.069999694824219,23982.379,20633.3,1.44,0.45,271.903,5.4,524124400000000.0,107.799928140409,2.089,1.462,0.99,0.627,1
2021-07-06,3305.2099609375,3313.510009765625,3295.43994140625,3295.43994140625,0.0036438611999654036,0.0036372384211916732,0.00487281930550807,22.843523297991073,57.78600958679344,24.539694518723536,26.108167468896088,1029465279,14686383269810,0.21055716117393652,223784164541,139889522430,25745969130,-96460495807,4343.5400390625,28643.2109375,17913.0703125,1129.43994140625,92.55000305175781,16.440000534057617,23982.379,20633.3,1.37,0.42,271.903,5.4,524124400000000.0,107.799928140409,2.119,1.465,0.9500000000000002,0.6539999,0
2021-07-07,3285.340087890625,3303.590087890625,3277.659912109375,3303.590087890625,-0.006011682550187802,-0.006029825463230267,0.004497394910999411,22.857107979910715,55.77276027799869,22.81095905743632,25.448725786604136,1147641017,14507060037927,0.1147933207759988,-340497619729,-401209341494,-74941699657,-197577189715,4358.1298828125,28366.94921875,17850.689453125,1135.47998046875,92.63999938964844,16.200000762939453,23982.379,20633.3,1.33,0.41,271.903,5.4,524124400000000.0,107.799928140409,2.039,1.41,0.9200000000000002,0.62900007,0
2021-07-08,3252.679931640625,3295.7099609375,3252.409912109375,3287.679931640625,-0.009941179718465532,-0.009990923192676136,0.005109883521445271,25.008544921875,46.3023124754332,18.59121414836636,24.07722345895658,1516034403,16870624131454,0.32100053984041255,-498287807432,-221490035877,-33715394123,-280861818314,4320.81982421875,28118.029296875,17866.08984375,1140.52001953125,92.36000061035156,19.0,23982.379,20633.3,1.3,0.37,271.903,5.4,524124400000000.0,107.799928140409,2.002,1.358,0.93,0.64400005,0
2021-07-09,3217.949951171875,3245.52001953125,3188.800048828125,3245.52001953125,-0.010677343359520974,-0.010734755226653356,0.00539127861598007,26.544974190848215,44.65854006680179,12.302797738927893,21.722338314950846,1308364633,16473105860696,-0.1369822278366858,-1342149136077,-432248519611,-4799192116,-26594298637,4369.5498046875,27940.419921875,17661.48046875,1146.280029296875,92.12999725341797,16.18000030517578,23982.379,20633.3,1.37,0.41,271.903,5.4,524124400000000.0,107.799928140409,2.033,1.375,0.9600000000000002,0.658,1
2021-07-12,3246.469970703125,3251.449951171875,3227.510009765625,3227.510009765625,0.00886279151758207,0.00882374750389461,0.005776163505250634,27.020699637276785,46.02930842670165,9.510874215633521,19.280045495087382,1135042856,11280079226180,-0.13247207439609843,37207303791,137041608847,30242143340,49719136557,4384.6298828125,28569.01953125,17814.330078125,1144.31005859375,92.2300033569336,16.170000076293945,23982.379,20633.3,1.38,0.43,271.903,5.4,524124400000000.0,107.799928140409,2.022,1.384,0.95,0.63800013,1
2021-07-13,3271.3798828125,3273.89990234375,3253.239990234375,3253.239990234375,0.0076729223846725425,0.0076436352323418,0.006016402297641315,27.636422293526785,48.96258961894572,9.20219921077387,17.26447623822468,1150101046,13494445819170,0.013266626824177008,265170242335,269452323305,25426246024,44228803245,4369.2099609375,28718.240234375,17847.51953125,1141.0999755859375,92.75,17.1200008392334,23982.379,20633.3,1.42,0.47,271.903,5.4,524124400000000.0,107.799928140409,2.035,1.424,0.95,0.61100006,0
2021-07-14,3264.81005859375,3270.090087890625,3250.449951171875,3270.090087890625,-0.002008273100066127,-0.0020102923844576366,0.005867050548254164,27.982840401785715,45.341139060620115,8.331402910760971,15.477861572731939,908953938,12993100764877,-0.2096747140946431,-274029668234,-196724273485,-11427150075,-51982527587,4374.2998046875,28608.490234375,17845.75,1148.699951171875,92.41000366210938,16.329999923706055,23982.379,20633.3,1.37,0.44,271.903,5.4,524124400000000.0,107.799928140409,2.008,1.39,0.9300000000000002,0.6179999,1
2021-07-15,3286.219970703125,3286.580078125,3263.090087890625,3269.330078125,0.0065577818387991815,0.0065363731322576,0.005973429588280654,27.519269670758927,46.43589362339297,9.26212355154712,14.234713968494976,1172430582,13683900975965,0.28986798228712884,100636263856,222169798027,34457350866,-24101485010,4360.02978515625,28279.08984375,18034.189453125,1143.4100341796875,92.62000274658203,17.010000228881836,23982.379,20633.3,1.31,0.43,271.903,5.4,524124400000000.0,107.799928140409,2.024,1.497,0.8800000000000001,0.52699995,0
2021-07-16,3276.909912109375,3282.889892578125,3259.320068359375,3282.889892578125,-0.0028330600741124368,-0.00283708078454255,0.006012738511373431,27.984270368303573,44.82857963091753,9.143086632415816,13.216388501279145,1066507087,14781318750668,-0.09034521670298767,-92540524234,-353107977589,-80135660001,-24267140085,4327.16015625,28003.080078125,17895.25,1140.1199951171875,92.69000244140625,18.450000762939453,23982.379,20633.3,1.31,0.43,271.903,5.4,524124400000000.0,107.799928140409,2.008,1.451,0.8800000000000001,0.5569999,0
2021-07-19,3244.0400390625,3258.8701171875,3236.389892578125,3258.8701171875,-0.010030752730006087,-0.010081399699620226,0.00615296031339853,28.822126116071427,41.77405969674049,6.323531234685561,11.83781704796043,1095559262,12855281198924,0.027240489401454848,-458190929018,-244214638725,-63155167134,-97038084973,4258.490234375,27652.740234375,17789.25,1141.5,92.88999938964844,22.5,23982.379,20633.3,1.19,0.38,271.903,5.4,524124400000000.0,107.799928140409,1.972,1.459,0.8099999999999999,0.513,0
2021-07-20,3232.699951171875,3234.800048828125,3214.419921875,3223.239990234375,-0.003495668288330478,-0.00350179241282529,0.005967554526971378,29.577130998883927,37.72069407584004,3.1377924305488705,10.097812124478118,979670175,15292372447870,-0.10578075602084591,-172988943545,170253827459,1856527725,-15007940147,4323.06005859375,27388.16015625,17528.740234375,1150.0699462890625,92.97000122070312,19.729999542236328,23982.379,20633.3,1.23,0.37,271.903,5.4,524124400000000.0,107.799928140409,1.893,1.41,0.86,0.48300004,0
2021-07-21,3215.909912109375,3252.25,3215.909912109375,3251.1298828125,-0.005193813009590764,-0.005207347741297337,0.005968913474389479,30.599993024553573,37.409071011740956,-0.7332914287380845,7.9315914138348775,990326915,14864747567296,0.01087788550876323,-498545092711,-177327712908,12644971480,-100749921293,4358.68994140625,27548.0,17458.7890625,1147.47998046875,92.75,17.90999984741211,23982.379,20633.3,1.3,0.39,271.903,5.4,524124400000000.0,107.799928140409,1.878,1.383,0.91,0.495,1
2021-07-22,3250.2099609375,3253.75,3235.169921875,3235.169921875,0.010665736841374063,0.01060925909975927,0.0064546116878470795,32.05357142857143,44.67997396576877,-1.0216490595116738,6.140943319165567,712983404,13039249952509,-0.2800524824673679,59859468295,830727811494,671985915,6069902594,4367.47998046875,27548.0,17572.330078125,1148.68994140625,92.81999969482422,17.690000534057617,23982.379,20633.3,1.27,0.37,271.903,5.4,524124400000000.0,107.799928140409,1.921,1.397,0.9,0.52400005,1
2021-07-23,3254.419921875,3264.010009765625,3246.090087890625,3253.43994140625,0.0012952889161306214,0.0012944507531399128,0.006335194586126201,32.108572823660715,43.30027408812988,-0.900090216134231,4.732736612105607,805048259,13209383405119,0.12912622437422128,111649746566,386738797311,-34439268621,-64912956743,4411.7900390625,27548.0,17572.919921875,1149.9100341796875,92.91000366210938,17.200000762939453,23982.379,20633.3,1.3,0.38,271.903,5.4,524124400000000.0,107.799928140409,1.888,1.393,0.92,0.495,0
2021-07-26,3224.949951171875,3265.989990234375,3224.949951171875,3265.989990234375,-0.009055368210180492,-0.00909661726262143,0.00660277209671166,33.590000697544646,36.92662173995691,-3.145475221530887,3.1570942453783086,826066626,12212490543815,0.02610820750809184,-377963894447,-70011365281,-111263276310,-69131916368,4422.2998046875,27833.2890625,17403.560546875,1151.1199951171875,92.6500015258789,17.579999923706055,23982.379,20633.3,1.29,0.38,271.903,5.4,524124400000000.0,107.799928140409,1.863,1.369,0.91,0.49400008,1
2021-07-27,3232.530029296875,3252.85009765625,3230.75,3244.429931640625,0.002350448298351182,0.002347690315568103,0.006595554396414771,33.61500767299107,41.039116198606756,-4.264155529502659,1.6728442904021152,991938990,12348469240739,0.2007978034449729,46132578069,233409101232,7194879810,25434744438,4401.4599609375,27970.220703125,17269.869140625,1151.760009765625,92.43000030517578,19.360000610351562,23982.379,20633.3,1.25,0.37,271.903,5.4,524124400000000.0,107.799928140409,1.868,1.38,0.88,0.48800004,1
2021-07-28,3236.860107421875,3243.2099609375,3210.89990234375,3226.06005859375,0.0013395322195790538,0.0013386358466863635,0.006553908789066031,32.830008370535715,47.0301431441855,-4.746600757634496,0.388955280794793,868602620,11979296757213,-0.12433866522375536,-422234442765,409241365434,-18646221715,-67389286855,4400.64013671875,27581.66015625,17135.220703125,1153.56005859375,92.31999969482422,18.309999465942383,23982.379,20633.3,1.26,0.38,271.903,5.4,524124400000000.0,107.799928140409,1.862,1.419,0.88,0.44299996,1
2021-07-29,3242.64990234375,3252.260009765625,3232.5,3248.489990234375,0.0017887071821853784,0.0017871093505784168,0.006525375316621116,29.6785888671875,55.20218760187539,-4.6086286120307705,-0.6105614977703198,694823189,10491306617501,-0.20006781812378138,-229157290461,235955856767,49331236276,-44195690300,4419.14990234375,27782.419921875,17402.810546875,1149.4100341796875,91.86000061035156,17.700000762939453,23982.379,20633.3,1.28,0.37,271.903,5.4,524124400000000.0,107.799928140409,1.889,1.431,0.91,0.45800006,0
2021-07-30,3202.320068359375,3234.659912109375,3202.320068359375,3234.3701171875,-0.012437307510510198,-0.012515298156708946,0.007044647825975967,30.166434151785715,41.142009596752224,-7.665205526769569,-2.02149030357017,687861015,12808243381658,-0.010020065694727465,-718353137727,-288008520187,-86499495235,-171324280645,4395.259765625,27283.58984375,17247.41015625,1142.1199951171875,92.16999816894531,18.239999771118164,23982.379,20633.3,1.24,0.35,271.903,5.4,524124400000000.0,107.799928140409,1.874,1.417,0.89,0.4569999,1
2021-08-02,3223.0400390625,3223.0400390625,3194.0,3218.419921875,0.006470299739195218,0.006449457206484264,0.007179157982767841,30.281441824776785,40.13551215623754,-8.319731594458062,-3.2811385617477486,561003439,10237986168170,-0.1844232675404638,-145578198234,776000584489,-68769547735,-65728416080,4387.16015625,27781.01953125,17503.279296875,1150.9300537109375,92.05000305175781,19.459999084472656,23982.379,20840.7,1.2,0.33,272.676,5.1,524124400000000.0,108.316473855144,1.907,1.435,0.8699999999999999,0.472,1
2021-08-03,3237.139892578125,3237.139892578125,3213.199951171875,3221.570068359375,0.004374706284978824,0.004365165073981863,0.007206109745383018,30.496442522321427,44.521834455837585,-7.612950522660412,-4.147500953930281,653512911,12491381488029,0.1649000087502137,666721793168,223421985222,-83707110855,-136518112384,4423.14990234375,27641.830078125,17553.759765625,1149.56005859375,92.08000183105469,18.040000915527344,23982.379,20840.7,1.19,0.33,272.676,5.1,524124400000000.0,108.316473855144,1.89,1.442,0.8599999999999999,0.44799995,1
2021-08-04,3280.3798828125,3283.139892578125,3237.550048828125,3246.64990234375,0.013357467291887026,0.013269042872881992,0.0077726893649376445,32.104300362723215,48.93576507373256,-3.5231034474541048,-4.022621452635046,632241743,12357119579176,-0.0325489636730375,912211912321,785870322708,14433237850,-14936701966,4402.66015625,27584.080078125,17623.890625,1148.5799560546875,92.2699966430664,17.969999313354492,23982.379,20840.7,1.19,0.34,272.676,5.1,524124400000000.0,108.316473855144,1.866,1.418,0.8499999999999999,0.44800007,0
2021-08-05,3276.1298828125,3296.169921875,3273.330078125,3283.25,-0.0012955816557307376,-0.0012964216472408497,0.007424268284804266,31.814296177455358,49.855185186192415,-0.6176893179053877,-3.3416350256891145,680941049,11877709071888,0.07702640096005187,68114156834,383524914595,6627720894,-154828982088,4429.10009765625,27728.119140625,17603.119140625,1144.06005859375,92.23999786376953,17.280000686645508,23982.379,20840.7,1.23,0.38,272.676,5.1,524124400000000.0,108.316473855144,1.878,1.414,0.85,0.464,0
2021-08-06,3270.360107421875,3288.169921875,3261.929931640625,3277.06005859375,-0.0017611558750753042,-0.0017627085333334004,0.0069761910799607365,30.794294084821427,55.43310308820105,1.2054045053428126,-2.432227119482729,941361338,15455403584955,0.38244175377948175,52362805528,-143626824848,-13880607477,-39312365084,4436.52001953125,27820.0390625,17526.279296875,1143.1199951171875,92.80000305175781,16.149999618530273,23982.379,20840.7,1.31,0.42,272.676,5.1,524124400000000.0,108.316473855144,1.9,1.433,0.8900000000000001,0.467,0
2021-08-09,3260.419921875,3275.14990234375,3251.739990234375,3258.10009765625,-0.003039477372634436,-0.0030441059653651932,0.0067598528482969685,30.3507080078125,55.75533988850331,1.8270682889874479,-1.580368037788694,707654201,15732538324746,-0.24826506843432739,-203158583662,-423591168581,-35909953547,-172488605688,4432.35009765625,27820.0390625,17485.150390625,1144.9200439453125,92.94999694824219,16.719999313354492,23982.379,20840.7,1.33,0.43,272.676,5.1,524124400000000.0,108.316473855144,1.914,1.436,0.9000000000000001,0.47800004,0
2021-08-10,3243.18994140625,3272.43994140625,3232.4599609375,3272.43994140625,-0.005284589372414716,-0.00529860220467751,0.00662944335109852,30.610700334821427,55.65366894724646,0.9188341414701426,-1.0805276019369268,730349269,21657925207047,0.032070844726038716,-637592624931,-145602942639,-55054217730,-45634063496,4436.75,27888.150390625,17323.640625,1145.8900146484375,93.05999755859375,16.790000915527344,23982.379,20840.7,1.36,0.47,272.676,5.1,524124400000000.0,108.316473855144,1.916,1.432,0.8900000000000001,0.48399997,0
2021-08-11,3220.6201171875,3250.2099609375,3217.64990234375,3235.360107421875,-0.0069591435057805295,-0.006983471277616631,0.006783213819395817,30.233555385044642,43.55423378347331,-1.6036581812031727,-1.185153717790176,618092869,19193401379930,-0.15370235141564847,-1621469249376,272528304746,-87877442390,-169007012133,4442.41015625,28070.509765625,17227.1796875,1152.47998046875,92.91000366210938,16.170000076293945,23982.379,20840.7,1.35,0.45,272.676,5.1,524124400000000.0,108.316473855144,1.934,1.419,0.9000000000000001,0.515,0
2021-08-12,3208.3798828125,3229.590087890625,3202.110107421875,3213.580078125,-0.0038005830956832076,-0.0038078236630241635,0.00659567765097703,30.916416713169642,40.30979071861087,-4.5381234761039195,-1.8557476694529247,643282554,20403905566084,0.04075388386336498,-1884182512841,149273060739,21854301756,-116649079185,4460.830078125,28015.01953125,17219.939453125,1152.8499755859375,93.04000091552734,15.59000015258789,23982.379,20840.7,1.36,0.46,272.676,5.1,524124400000000.0,108.316473855144,1.922,1.413,0.9000000000000001,0.50900006,0
2021-08-13,3171.2900390625,3209.719970703125,3146.760009765625,3205.75,-0.011560303051609488,-0.011627642836883972,0.00699162299539636,32.482125418526785,39.05701241218615,-9.744223439617599,-3.43344282348586,696468122,20201969432850,0.08267839329589521,-2698983656328,-207942413327,-26239495506,71915228815,4468.0,27977.150390625,16982.109375,1162.06005859375,92.5199966430664,15.449999809265137,23982.379,20840.7,1.29,0.44,272.676,5.1,524124400000000.0,108.316473855144,1.924,1.407,0.8500000000000001,0.5170001,0
2021-08-17,3143.090087890625,3179.489990234375,3134.47998046875,3169.739990234375,-0.008892264922009896,-0.008932037061547828,0.006922956680404895,33.704258510044646,33.17528754108058,-15.961600160473154,-5.939074290883319,690842314,22241588390442,-0.008077624549196472,-416474301204,-79915879813,43211717370,-33300382117,4448.080078125,27424.470703125,16661.359375,1164.5,93.12999725341797,17.90999984741211,23982.379,20840.7,1.26,0.43,272.676,5.1,524124400000000.0,108.316473855144,1.886,1.402,0.8300000000000001,0.4840001,1
2021-08-18,3158.929931640625,3175.8798828125,3124.56005859375,3141.97998046875,0.005039576756334929,0.005026920592722539,0.007059713570088294,35.062098911830354,35.94885980465867,-19.38728840148042,-8.62871711300274,622791632,16752626526034,-0.09850392864036406,-262289832287,275581200077,24129415005,92055167772,4400.27001953125,27585.91015625,16826.26953125,1176.449951171875,93.13999938964844,21.56999969482422,23982.379,20840.7,1.27,0.43,272.676,5.1,524124400000000.0,108.316473855144,1.881,1.389,0.8400000000000001,0.49199998,0
2021-08-19,3097.830078125,3158.0,3097.830078125,3140.010009765625,-0.01934194643054088,-0.01953144942737352,0.008136944205504567,38.014944893973215,28.230383262576268,-26.72435680919716,-12.247845052241624,655629079,17170843636716,0.052726217426119826,-271022343806,-153880075947,-82919628540,-21397868332,4405.7998046875,27281.169921875,16375.400390625,1169.6800537109375,93.56999969482422,21.670000076293945,23982.379,20840.7,1.24,0.44,272.676,5.1,524124400000000.0,108.316473855144,1.868,1.36,0.8,0.508,0
2021-08-20,3060.510009765625,3122.090087890625,3049.030029296875,3111.10009765625,-0.012047164440330937,-0.012120319661514172,0.007885608535452643,40.352818080357146,28.48816366437545,-35.14532062386297,-16.827340166565897,672088491,16450579796320,0.025104762017427174,-257002456198,-7044428713,-7836724990,33691528469,4441.669921875,27013.25,16341.9404296875,1175.3900146484375,93.5,18.559999465942383,23982.379,20840.7,1.26,0.44,272.676,5.1,524124400000000.0,108.316473855144,1.853,1.364,0.8200000000000001,0.48900008,1
2021-08-23,3090.2099609375,3111.81005859375,3064.64990234375,3086.81005859375,0.00970424899023592,0.009657465190261416,0.008334649191751725,41.942818777901785,30.384782335949794,-38.9731984977243,-21.256511832797578,570979933,13424032926826,-0.15043935337973224,-27896085295,457016393044,54566012793,31170092028,4479.52978515625,27494.240234375,16741.83984375,1174.239990234375,92.95999908447266,17.149999618530273,23982.379,20840.7,1.25,0.43,272.676,5.1,524124400000000.0,108.316473855144,1.889,1.389,0.8200000000000001,0.5,1
2021-08-24,3138.300048828125,3142.580078125,3115.22998046875,3119.699951171875,0.015562077819474718,0.015442230469749081,0.00909747611453411,43.973545619419646,36.7357409739687,-37.691862772320746,-24.543582020702214,586535144,14946073572844,0.02724300820568426,154569606638,63307766487,12750741873,72488091757,4486.22998046875,27732.099609375,16818.73046875,1167.6099853515625,92.88999938964844,17.219999313354492,23982.379,20840.7,1.29,0.44,272.676,5.1,524124400000000.0,108.316473855144,1.939,1.438,0.8500000000000001,0.50100005,1
2021-08-25,3146.81005859375,3161.0,3124.25,3148.1298828125,0.0027116622481022645,0.0027079923249261045,0.009105561538270003,43.312831333705354,30.23235479451263,-35.57956918538957,-26.750779453639687,624688408,13365595656643,0.06504855572644086,161946805744,-10514475843,333847177982,22790964265,4496.18994140625,27724.80078125,17045.859375,1163.469970703125,92.83000183105469,16.790000915527344,23982.379,20840.7,1.35,0.47,272.676,5.1,524124400000000.0,108.316473855144,1.936,1.435,0.8800000000000001,0.50100005,0
2021-08-26,3128.530029296875,3159.3701171875,3121.0400390625,3151.300048828125,-0.005809066628267967,-0.005826004884640536,0.009135362066279426,44.419276646205354,29.02694028095489,-34.97740909184222,-28.396105381280194,727719083,13335287860349,0.16493130604081907,-364183966521,-100600671524,36180616272,-6940843176,4470.0,27742.2890625,17066.9609375,1163.3299560546875,93.05999755859375,18.84000015258789,23982.379,20840.7,1.34,0.46,272.676,5.1,524124400000000.0,108.316473855144,1.928,1.398,0.8800000000000001,0.53,1
2021-08-27,3133.89990234375,3143.010009765625,3106.969970703125,3116.2900390625,0.0017164204903226121,0.0017149491240876472,0.009133925641416404,45.11928013392857,30.58775642321352,-33.67866234709754,-29.452616774443666,520668771,11039934421080,-0.2845195582152955,-371764647559,629117239461,22670847835,22453595519,4509.3701171875,27641.140625,17209.9296875,1170.0,92.69000244140625,16.389999389648438,23982.379,20840.7,1.31,0.41,272.676,5.1,524124400000000.0,108.316473855144,1.939,1.408,0.9000000000000001,0.531,1
2021-08-30,3144.18994140625,3164.8701171875,3132.77001953125,3160.8701171875,0.003283461304812052,0.003278082516554692,0.008827768313749665,45.74000767299107,33.48206293274416,-31.456465486860907,-29.853386516927117,602858388,11758710379309,0.1578539401204071,-233861142615,152623459792,60716191530,-9562151800,4528.7900390625,27789.2890625,17396.51953125,1161.3299560546875,92.6500015258789,16.190000534057617,23982.379,20840.7,1.29,0.4,272.676,5.1,524124400000000.0,108.316473855144,1.913,1.398,0.89,0.515,1
2021-08-31,3199.27001953125,3199.889892578125,3130.300048828125,3144.489990234375,0.017518050484051084,0.017366378210725907,0.00961001677398714,47.85499790736607,44.36461236191583,-24.96309743554275,-28.875328700650243,661221167,15863630339895,0.0968100969675818,1122966401177,-161243731007,13380085130,-3393268683,4522.68017578125,28089.5390625,17490.2890625,1165.510009765625,92.62999725341797,16.479999542236328,23982.379,20840.7,1.3,0.4,272.676,5.1,524124400000000.0,108.316473855144,1.912,1.395,0.9,0.51699996,1
2021-09-01,3207.02001953125,3215.1298828125,3185.800048828125,3195.669921875,0.0024224276015112345,0.002419498253570729,0.00956931993805265,47.624267578125,48.18597574874986,-18.97298745305079,-26.894860451130356,746705227,13537907689214,0.129282098435908,77536662099,-37506100891,33139018341,5492364899,4524.08984375,28451.01953125,17473.990234375,1158.4100341796875,92.44999694824219,16.110000610351562,23982.379,20981.0,1.31,0.42,273.91,4.7,524124400000000.0,108.759227324917,1.942,1.417,0.8900000000000001,0.525,0
2021-09-02,3175.85009765625,3204.010009765625,3171.780029296875,3198.030029296875,-0.009719278858619673,-0.009766819339641802,0.009208470139020628,48.178553989955354,45.8696485100083,-16.55015445448271,-24.825919251800826,757859615,15378375212484,0.014938141045047315,548159354628,-355194374577,-25417988015,-1048340088150,4536.9501953125,28543.509765625,17319.759765625,1155.280029296875,92.2300033569336,16.40999984741211,23982.379,20981.0,1.29,0.42,273.91,4.7,524124400000000.0,108.759227324917,1.941,1.422,0.8700000000000001,0.51899993,1
2021-09-03,3201.06005859375,3203.080078125,3181.639892578125,3189.7099609375,0.007938019793851225,0.007906679458943107,0.00945216700975775,45.626412527901785,53.89752106690396,-12.452266708972275,-22.35118874323512,641510055,13110992029700,-0.15352389505541864,588157139552,-28768295060,20238800760,-80952479587,4535.43017578125,29128.109375,17516.919921875,1157.1300048828125,92.04000091552734,16.40999984741211,23982.379,20981.0,1.33,0.42,273.91,4.7,524124400000000.0,108.759227324917,1.943,1.437,0.9100000000000001,0.5059999,1
2021-09-06,3203.330078125,3206.25,3186.7900390625,3196.300048828125,0.0007091461858566017,0.0007088948605107323,0.009460013028296972,43.80140904017857,58.46115439824483,-8.918680544510153,-19.664687103490127,726190124,12313477364484,0.13200115624064535,62039912412,29843332688,-12326798015,-261075373,4535.43017578125,29659.890625,17495.30078125,1154.75,92.04000091552734,16.40999984741211,23982.379,20981.0,1.33,0.42,273.91,4.7,524124400000000.0,108.759227324917,1.97,1.459,0.9100000000000001,0.51100004,0
2021-09-07,3187.419921875,3201.760009765625,3176.81005859375,3200.070068359375,-0.004966755177259974,-0.0049791304995580035,0.009491480247967263,42.029994419642854,54.00084065823677,-7.317750224267456,-17.195299727645594,760159709,11943337187144,0.04677781186679986,-311137493676,-145059311913,4953283945,26043735404,4520.02978515625,29916.140625,17428.869140625,1155.5400390625,92.5199966430664,18.139999389648438,23982.379,20981.0,1.38,0.45,273.91,4.7,524124400000000.0,108.759227324917,1.975,1.464,0.9299999999999999,0.51100004,0
2021-09-08,3162.989990234375,3187.550048828125,3157.070068359375,3178.739990234375,-0.007664484830807616,-0.007694007944385918,0.00956167573983112,39.842860630580354,60.200996651075044,-7.928893378038538,-15.342018457724183,859889326,17302711069208,0.13119561036876792,-223230326495,-9102197852,-71674530917,-104172050682,4514.06982421875,30181.2109375,17270.490234375,1161.0,92.6500015258789,17.959999084472656,23982.379,20981.0,1.35,0.43,273.91,4.7,524124400000000.0,108.759227324917,2.016,1.489,0.9200000000000002,0.52700007,0
2021-09-09,3114.699951171875,3158.60009765625,3111.489990234375,3146.639892578125,-0.01526721210360893,-0.015384955936943449,0.010001181436429394,38.3028564453125,58.201895775226625,-12.169548328252404,-14.707524431829828,927368577,17787104851733,0.07847434426695044,-319568958819,-955116662862,158598945404,-168842666965,4493.27978515625,30008.189453125,17304.330078125,1166.489990234375,92.4800033569336,18.799999237060547,23982.379,20981.0,1.3,0.43,273.91,4.7,524124400000000.0,108.759227324917,2.0,1.499,0.8700000000000001,0.50100005,1
2021-09-10,3125.760009765625,3131.5400390625,3103.3798828125,3121.090087890625,0.0035509226465260113,0.0035446330056597463,0.010053536606228543,36.65000697544643,55.70241978750983,-14.471030599963797,-14.660225665456622,723085303,13566490029242,-0.2202827215268045,-517843970667,301388981503,50311008258,-130914665949,4458.580078125,30381.83984375,17474.5703125,1169.1300048828125,92.58000183105469,20.950000762939453,23982.379,20981.0,1.35,0.45,273.91,4.7,524124400000000.0,108.759227324917,2.006,1.501,0.9000000000000001,0.505,1
2021-09-13,3127.860107421875,3139.1298828125,3109.010009765625,3117.35009765625,0.0006718678496393515,0.0006716422474798982,0.009760745600136943,35.060703822544646,48.03553873152087,-15.941745038555837,-14.916529540076466,732269520,13505433023679,0.012701429502018247,142400124348,178253746526,42618707307,-30544190017,4468.72998046875,30447.369140625,17446.310546875,1169.3800048828125,92.62000274658203,19.3700008392334,23982.379,20981.0,1.33,0.44,273.91,4.7,524124400000000.0,108.759227324917,2.037,1.525,0.8900000000000001,0.51199996,1
2021-09-14,3148.830078125,3164.31005859375,3137.320068359375,3137.320068359375,0.006704254660675701,0.006681881088479365,0.009690956329566871,35.039271763392854,50.363077549573205,-15.239523701721737,-14.981128372405522,713227276,15787292366491,-0.026004419793411615,298439132422,584085083508,78284220493,-6916378985,4443.0498046875,30670.099609375,17434.900390625,1171.1099853515625,92.6500015258789,19.459999084472656,23982.379,20981.0,1.28,0.43,273.91,4.7,524124400000000.0,108.759227324917,2.06,1.535,0.8500000000000001,0.525,1
2021-09-15,3153.39990234375,3164.010009765625,3138.800048828125,3147.2099609375,0.0014512768569179268,0.0014502247724477654,0.009627876822656499,34.102120535714285,54.70183306270187,-14.151136121774016,-14.815129922279223,616557070,12162693523272,-0.13553913212932145,298111497723,-123720917305,-18717144264,31425591976,4480.7001953125,30511.7109375,17354.0,1170.800048828125,92.48999786376953,18.18000030517578,23982.379,20981.0,1.31,0.43,273.91,4.7,524124400000000.0,108.759227324917,2.025,1.492,0.8800000000000001,0.5330001,0
2021-09-16,3130.090087890625,3167.679931640625,3126.64990234375,3165.3798828125,-0.007391962698990451,-0.007419418641138124,0.00867416495179138,34.458548409598215,49.325481456251175,-14.996616679366525,-14.851427273696684,612873472,12259518128260,-0.005974463969734334,20681036843,-379050111792,-72822902700,-16414893080,4473.75,30323.33984375,17278.69921875,1165.219970703125,92.86000061035156,18.690000534057617,23982.379,20981.0,1.34,0.46,273.91,4.7,524124400000000.0,108.759227324917,2.043,1.51,0.8800000000000001,0.533,1
2021-09-17,3140.510009765625,3142.1298828125,3112.510009765625,3127.75,0.003328952708202104,0.0033234240115839865,0.008162170752434278,34.28138950892857,49.34877640127782,-14.656909768028981,-14.812523772563145,589244026,14937657948864,-0.03855517831909028,53895512419,-404390159816,141022338882,-14266881529,4432.990234375,30500.05078125,17276.7890625,1174.4200439453125,93.19999694824219,20.809999465942383,23982.379,20981.0,1.37,0.47,273.91,4.7,524124400000000.0,108.759227324917,2.068,1.535,0.9000000000000001,0.5330001,0
2021-09-23,3127.580078125,3131.6298828125,3107.97998046875,3123.639892578125,-0.004117143903512033,-0.004125642675605999,0.007998751941778499,31.634259905133927,35.08880439065807,-15.255174857053134,-14.901053989461143,623841308,14009138133250,0.05871469284951214,576941521325,-582943636,-97357955322,19956033895,4448.97998046875,29639.400390625,17078.220703125,1181.030029296875,93.0999984741211,18.6299991607666,23982.379,20981.0,1.41,0.53,273.91,4.7,524124400000000.0,108.759227324917,2.099,1.558,0.8799999999999999,0.541,0
2021-09-24,3125.239990234375,3146.860107421875,3119.39990234375,3140.72998046875,-0.0007482103838019061,-0.0007484904328902578,0.007196759172285581,31.500714983258927,32.59849326269615,-15.736726597768211,-15.068188511122557,753222478,12558236431734,0.2073943619007672,82639153047,-206722666152,-30186532511,-26700145631,4455.47998046875,30248.810546875,17260.189453125,1174.699951171875,93.33000183105469,17.75,23982.379,20981.0,1.47,0.55,273.91,4.7,524124400000000.0,108.759227324917,2.152,1.575,0.9199999999999999,0.5769999,1
2021-09-27,3133.639892578125,3146.35009765625,3119.260009765625,3121.699951171875,0.0026877623382517424,0.002684156764230675,0.007196252737974249,30.9185791015625,40.05460124181585,-15.264597129621507,-15.107470234822348,883229339,12266966973757,0.1726008779573358,342728101916,97079727898,-16762460345,-8407702634,4443.10986328125,30240.060546875,17313.76953125,1179.199951171875,93.37999725341797,18.760000228881836,23982.379,20981.0,1.48,0.56,273.91,4.7,524124400000000.0,108.759227324917,2.168,1.566,0.9199999999999999,0.602,0
2021-09-28,3097.919921875,3134.4599609375,3095.719970703125,3133.39990234375,-0.011398875406113507,-0.011464340547830786,0.0075305326332758245,31.74072265625,26.845307258895488,-17.570195954205246,-15.600015378698929,894913170,14658731286208,0.013228535878607284,4030086557,-511259609658,14213860306,-28267688072,4352.6298828125,30183.9609375,17181.439453125,1176.9599609375,93.7699966430664,23.25,23982.379,20981.0,1.54,0.55,273.91,4.7,524124400000000.0,108.759227324917,2.256,1.609,0.99,0.6470001,0
2021-09-29,3060.27001953125,3069.0400390625,3030.60009765625,3055.5,-0.012153284556484789,-0.01222773958293486,0.007949237611963488,35.15928431919643,22.28588238855214,-22.179757659528605,-16.915963834864865,821557926,15137007962920,-0.08196911885876035,-662495841355,-300556751726,63653517726,-38252372222,4359.4599609375,29544.2890625,16855.4609375,1186.8900146484375,94.33999633789062,22.559999465942383,23982.379,20981.0,1.55,0.55,273.91,4.7,524124400000000.0,108.759227324917,2.223,1.603,1.0,0.62,1
2021-09-30,3068.820068359375,3079.429931640625,3046.429931640625,3054.8701171875,0.002793887066682599,0.002789991418525721,0.007935539878346368,35.622140066964285,26.34998622239489,-24.85642167986589,-18.50405540386507,885818713,14942853884792,0.0782182058821741,37247595174,-222765442561,28136886966,-60578288848,4307.5400390625,29452.66015625,16934.76953125,1187.4300537109375,94.25,23.139999389648438,23982.379,20981.0,1.52,0.53,273.91,4.7,524124400000000.0,108.759227324917,2.237,1.593,0.99,0.64399993,0
2021-10-01,3019.179931640625,3062.60009765625,3015.010009765625,3056.2099609375,-0.01617564262908644,-0.01630789646945112,0.007335699504611556,37.28857421875,23.942704969521102,-30.63015600179824,-20.929275523451707,855481955,12944006323787,-0.034247140588460345,-303461626983,-360991448255,-35937079966,-27710225559,4357.0400390625,28771.0703125,16570.890625,1183.719970703125,94.04000091552734,21.100000381469727,24813.6,21160.7,1.48,0.49,276.55,4.5,532453300000000.06,108.948978811962,2.258,1.633,0.99,0.6249999,0
2021-10-05,2962.169921875,2998.169921875,2940.590087890625,2998.169921875,-0.01888261417220194,-0.019063167219830018,0.008053921473873968,39.223563058035715,23.209294626876172,-39.352482463227716,-24.61391691140691,840557005,15315537326790,-0.017446247595017894,-620628462550,306744466618,16756778410,-36023313105,4345.72021484375,27822.119140625,16460.75,1183.780029296875,93.9800033569336,21.299999237060547,24813.6,21160.7,1.54,0.54,276.55,4.5,532453300000000.06,108.948978811962,2.291,1.65,1.0,0.6409999,0
2021-10-06,2908.31005859375,2993.469970703125,2908.300048828125,2986.06005859375,-0.018182570447261015,-0.01834990486477443,0.008589850854607504,43.295689174107146,16.79844033653542,-50.0342659929006,-29.69798672770565,901721943,15668592169787,0.07276715039689674,-276928882710,88922961599,42401466027,-38165381241,4363.5498046875,27528.869140625,16393.16015625,1187.1700439453125,94.2699966430664,21.0,24813.6,21160.7,1.53,0.55,276.55,4.5,532453300000000.06,108.948978811962,2.399,1.719,0.98,0.67999995,1
2021-10-07,2959.4599609375,2961.530029296875,2927.60009765625,2936.8701171875,0.01758749972088003,0.017434629448946855,0.009521957523150769,44.94569614955357,27.63724830974509,-53.752659557184415,-34.508921293601404,595381702,11906736775955,-0.33972805406156115,-104997843613,582337542213,61558116275,-19874548407,4399.759765625,27678.2109375,16713.859375,1191.3800048828125,94.22000122070312,19.540000915527344,24813.6,21160.7,1.58,0.57,276.55,4.5,532453300000000.06,108.948978811962,2.387,1.704,1.0100000000000002,0.6830001,0
2021-10-08,2956.300048828125,2978.080078125,2949.010009765625,2977.820068359375,-0.0010677326779491292,-0.0010683031105674238,0.009484669194031809,44.41856166294643,23.163496504733985,-56.30543770821487,-38.8682245765241,668946781,12634091306885,0.12355952282860039,-48546564724,-356361840554,38771882239,-87271234347,4391.33984375,28048.939453125,16640.4296875,1191.1500244140625,94.06999969482422,18.770000457763672,24813.6,21160.7,1.61,0.59,276.55,4.5,532453300000000.06,108.948978811962,2.374,1.701,1.02,0.6730001,0
2021-10-12,2916.3798828125,2950.93994140625,2901.510009765625,2950.219970703125,-0.01350342162712792,-0.013595421976701489,0.009723557825287261,46.531424386160715,19.925864337809813,-60.84833482826616,-43.26424662687251,660180934,12767649889473,-0.013103952734320745,-824220360917,-199897407370,-1468021793,48741145718,4350.64990234375,28230.609375,16462.83984375,1195.800048828125,94.5199966430664,19.850000381469727,24813.6,21160.7,1.59,0.64,276.55,4.5,532453300000000.06,108.948978811962,2.447,1.815,0.9500000000000001,0.63199997,1
2021-10-13,2944.409912109375,2953.330078125,2909.469970703125,2913.340087890625,0.009611240792760878,0.009565346650081439,0.010175278201613671,46.733572823660715,26.718958345832817,-61.478142658432716,-46.907025833184555,752132429,12294514171307,0.13928226379224706,-271076290544,588370956150,82521400617,78568834834,4363.7998046875,28140.279296875,16347.990234375,1196.8900146484375,94.08000183105469,18.639999389648438,24813.6,21160.7,1.56,0.66,276.55,4.5,532453300000000.06,108.948978811962,2.401,1.824,0.9,0.577,1
2021-10-14,2988.639892578125,2988.969970703125,2962.330078125,2968.8701171875,0.015021678974400654,0.014909970861127726,0.01057268248434903,47.800728934151785,32.446407447874805,-57.74265869699957,-49.07415240594756,617170079,12064564380622,-0.1794396103614886,-384533444585,462365711176,89975694541,3857709457,4438.259765625,28550.9296875,16387.279296875,1186.7099609375,93.95999908447266,16.860000610351562,24813.6,21160.7,1.52,0.62,276.55,4.5,532453300000000.06,108.948978811962,2.351,1.813,0.9,0.5380001,1
2021-10-15,3015.06005859375,3021.89990234375,2999.330078125,3012.6201171875,0.00884019720182283,0.008801351426883769,0.010782749924564225,47.852870396205354,37.38791250169664,-52.05036988611846,-49.669395901981744,857797842,12540973320207,0.38988889965289464,86866571209,125465401086,33015446198,33745489001,4471.3701171875,29068.630859375,16781.189453125,1182.1300048828125,93.94000244140625,16.299999237060547,24813.6,21160.7,1.59,0.7,276.55,4.5,532453300000000.06,108.948978811962,2.356,1.795,0.8900000000000001,0.561,0
2021-10-18,3006.679931640625,3021.169921875,2990.43994140625,3017.47998046875,-0.002779422893829042,-0.0027832926617847955,0.010768685854783133,48.08642578125,36.88843361679241,-47.665932997658274,-49.26870332111705,926369474,10649948958411,0.07993915191034029,35920884303,-327654252283,-24634701113,-34005832987,4486.4599609375,29025.4609375,16705.4609375,1181.7900390625,93.94999694824219,16.309999465942383,24813.6,21160.7,1.59,0.72,276.55,4.5,532453300000000.06,108.948978811962,2.4,1.875,0.8700000000000001,0.5250001,1
2021-10-19,3029.0400390625,3034.530029296875,3014.18994140625,3022.22998046875,0.00743681001312102,0.007409293281790946,0.010800646031141977,48.140712193080354,38.77877390240772,-41.903919082758875,-47.79574647344542,845703531,10112026428717,-0.08707750553533455,148731170443,383116502332,-16019561980,-126029147678,4519.6298828125,29215.51953125,16900.669921875,1185.6800537109375,93.79000091552734,15.699999809265137,24813.6,21160.7,1.65,0.71,276.55,4.5,532453300000000.06,108.948978811962,2.379,1.866,0.94,0.5129999,0
2021-10-20,3013.1298828125,3047.239990234375,3012.969970703125,3043.1298828125,-0.005252540753777679,-0.005266383841495047,0.010794127603603484,47.82142857142857,40.500152085097625,-38.18116943054156,-45.87283106486465,680326898,11178213476930,-0.19554918117044018,-69538320207,14730515317,-54094209890,-101425112936,4536.18994140625,29255.55078125,16887.8203125,1175.6500244140625,93.55999755859375,15.489999771118164,24813.6,21160.7,1.65,0.7,276.55,4.5,532453300000000.06,108.948978811962,2.392,1.847,0.95,0.54499996,0
2021-10-21,3007.330078125,3025.8798828125,3002.739990234375,3012.280029296875,-0.0019248439042017784,-0.0019266987968642997,0.010726012172564045,44.665719168526785,43.612773392810226,-35.29203467033676,-43.75667178595907,887369794,10572398217802,0.3043285464806067,53787925576,181133380450,-6690641841,-29574434689,4549.77978515625,28708.580078125,16889.509765625,1174.5899658203125,93.7699966430664,15.010000228881836,24813.6,21160.7,1.68,0.78,276.55,4.5,532453300000000.06,108.948978811962,2.388,1.836,0.8999999999999999,0.55200005,0
2021-10-22,3006.159912109375,3018.699951171875,2996.260009765625,3005.360107421875,-0.00038910461612995384,-0.0003891803369739577,0.010660953708079688,43.911429268973215,42.302958545810505,-32.71962569797188,-41.549262568361634,695272936,9047262545950,-0.21647892377999967,-108832709699,246453310653,-18636676340,-46496006349,4544.89990234375,28804.849609375,16888.740234375,1176.550048828125,93.61000061035156,15.430000305175781,24813.6,21160.7,1.66,0.79,276.55,4.5,532453300000000.06,108.948978811962,2.411,1.889,0.8699999999999999,0.52199996,1
2021-10-25,3020.5400390625,3025.27001953125,2983.2900390625,3001.10009765625,0.0047835535612057445,0.004772148724838245,0.010760941466150833,43.06642368861607,50.182918060195185,-29.184199701162925,-39.076249994921895,791795966,10489293804156,0.13882753808210935,38373541830,338729130333,-32447907640,-34207963034,4566.47998046875,28600.41015625,16894.240234375,1176.5400390625,93.80999755859375,15.239999771118164,24813.6,21160.7,1.64,0.76,276.55,4.5,532453300000000.06,108.948978811962,2.426,1.919,0.8799999999999999,0.5070001,1
2021-10-26,3049.080078125,3051.64990234375,3030.530029296875,3039.820068359375,0.009448654443712678,0.009404295113390318,0.011045937405257845,39.674996512276785,62.6576589389845,-23.804997303222535,-36.02199945658202,564559805,9512681741122,-0.28698827824035666,107286670324,287428216288,-906225057,32517267949,4574.7900390625,29106.009765625,17034.33984375,1167.06005859375,93.94999694824219,15.979999542236328,24813.6,21160.7,1.63,0.77,276.55,4.5,532453300000000.06,108.948978811962,2.457,1.947,0.8599999999999999,0.51,0
2021-10-27,3025.489990234375,3049.02001953125,3019.0,3045.830078125,-0.007736788567760944,-0.0077668727870527626,0.011097928818572838,35.74000767299107,68.71640091560307,-21.201070842513218,-33.05781373376826,607875370,10220672977011,0.07672449334220666,-288523500231,-184116705602,-34139622746,-64910464172,4551.68017578125,29098.240234375,17074.55078125,1167.3299560546875,93.86000061035156,16.979999542236328,24813.6,21160.7,1.54,0.77,276.55,4.5,532453300000000.06,108.948978811962,2.487,2.044,0.77,0.44300008,0
2021-10-28,3009.550048828125,3034.419921875,3009.550048828125,3023.169921875,-0.005268548716968358,-0.005282476460628934,0.010897588313011786,33.715000697544646,59.01449479127764,-20.190912151088924,-30.484433417232395,617256798,12367618427652,0.015433143803803118,-248122879786,-112429997571,24630433875,-14277164595,4596.419921875,28820.08984375,17041.630859375,1172.1700439453125,93.3499984741211,16.530000686645508,24813.6,21160.7,1.57,0.77,276.55,4.5,532453300000000.06,108.948978811962,2.397,2.017,0.8,0.3800001,0
2021-10-29,2970.679931640625,3030.169921875,2965.39990234375,3025.669921875,-0.012915590887958683,-0.012999722321830578,0.010939071487004038,36.26499720982143,52.293142219979686,-22.2701315029517,-28.841573034376257,545833755,11035682384856,-0.11571041944199045,-805789439074,-347873802899,-14504823365,-78611439267,4605.3798828125,28892.689453125,16987.41015625,1167.3699951171875,94.12000274658203,16.260000228881836,24813.6,21160.7,1.55,0.75,276.55,4.5,532453300000000.06,108.948978811962,2.575,2.103,0.8,0.47200012,1
2021-11-01,2978.93994140625,2991.81005859375,2976.8701171875,2984.179931640625,0.0027805115178003437,0.0027766530463447696,0.010938797501320846,33.8607177734375,61.09689723744656,-22.98644068333033,-27.670546564167072,475382111,9410799387549,-0.12907161448818794,-356245223325,764308817002,-33152492975,-65239650602,4613.669921875,29647.080078125,17068.240234375,1174.3800048828125,93.87999725341797,16.40999984741211,24813.6,21335.9,1.58,0.79,278.919,4.1,532453300000000.06,109.497149774538,2.506,2.108,0.79,0.398,1
2021-11-02,3013.489990234375,3034.300048828125,2995.580078125,2995.580078125,0.011598101844179975,0.0115313594222131,0.010722617579966585,34.68214634486607,61.976398682795924,-20.52956858841071,-26.242350969015803,525853038,9662968105172,0.10616917597894204,322429269438,856588969992,-6684518287,-31894286581,4630.64990234375,29520.900390625,17065.970703125,1176.5699462890625,94.08999633789062,16.030000686645508,24813.6,21335.9,1.56,0.73,278.919,4.1,532453300000000.06,109.497149774538,2.48,2.038,0.8300000000000001,0.4419999,0
2021-11-03,2975.7099609375,3020.8701171875,2969.010009765625,3020.360107421875,-0.012536968571094098,-0.012616219435314636,0.01020685697325472,35.203578404017854,47.70705992270998,-21.384505112217084,-25.270781797656063,658648364,12438267928860,0.2525331535690396,-446963595080,-552545512256,-8104683222,148479191333,4660.56982421875,29520.900390625,17122.16015625,1178.0400390625,93.86000061035156,15.100000381469727,24813.6,21335.9,1.6,0.77,278.919,4.1,532453300000000.06,109.497149774538,2.47,2.036,0.8300000000000001,0.43400002,1
2021-11-04,2983.219970703125,3011.56005859375,2978.070068359375,3000.919921875,0.002523770751924781,0.0025205913907163377,0.009227407713459802,35.388584681919646,43.94768960892507,-21.211540012959176,-24.458933440716685,772023904,14658519584987,0.17213363943009807,354163482627,463859081944,-42173723227,-122924237961,4680.06005859375,29794.369140625,17078.859375,1179.3399658203125,94.3499984741211,15.4399995803833,24813.6,21335.9,1.53,0.69,278.919,4.1,532453300000000.06,109.497149774538,2.428,2.04,0.8400000000000001,0.388,0
2021-11-05,2969.27001953125,3003.530029296875,2953.9599609375,3003.530029296875,-0.004676138973616184,-0.004687106314696891,0.008483879595620915,36.734305245535715,43.03640423948106,-21.947115712288905,-23.95656989503113,688027918,12669722983462,-0.10879972182830233,116545670834,-165634704892,-29358873393,-202498090662,4697.52978515625,29611.5703125,17296.900390625,1185.8299560546875,94.31999969482422,16.479999542236328,24813.6,21335.9,1.45,0.66,278.919,4.1,532453300000000.06,109.497149774538,2.35,1.944,0.7899999999999999,0.4059999,0
2021-11-08,2960.199951171875,2968.179931640625,2930.89990234375,2965.360107421875,-0.003054645855618987,-0.0030593208089157845,0.008510757605592638,37.48573521205357,36.518890449639656,-22.996850095562422,-23.76462593513739,560205356,10388089493103,-0.18578106884319767,-116792600808,1238972509,-61968718074,-92859140207,4701.7001953125,29507.05078125,17415.30078125,1180.5,94.05000305175781,17.219999313354492,24813.6,21335.9,1.51,0.75,278.919,4.1,532453300000000.06,109.497149774538,2.329,1.906,0.76,0.42299998,1
2021-11-09,2962.4599609375,2987.280029296875,2949.169921875,2958.14990234375,0.0007634652398160746,0.0007631739484809814,0.007879929412092087,37.76002720424107,39.516730276942106,-23.376933518868555,-23.687087451883624,708773471,9684977252764,0.2652029535397731,-135503238715,402128220031,-19973581817,-108999212547,4685.25,29285.4609375,17541.359375,1199.8599853515625,93.95999908447266,17.780000686645508,24813.6,21335.9,1.46,0.71,278.919,4.1,532453300000000.06,109.497149774538,2.293,1.865,0.75,0.42799997,0
2021-11-10,2930.169921875,2958.610107421875,2924.360107421875,2947.4599609375,-0.010899738557911709,-0.01095957591316563,0.008011511537466971,38.82859584263393,35.61307227149655,-25.98415944788212,-24.146501851083322,570931752,9663221463613,-0.19447923016294721,-20829351340,-74099919833,-43718722130,-91145253523,4646.7099609375,29106.779296875,17559.650390625,1177.5,94.8499984741211,18.729999542236328,24813.6,21335.9,1.56,0.83,278.919,4.1,532453300000000.06,109.497149774538,2.309,1.877,0.7300000000000001,0.43200004,0
2021-11-11,2924.919921875,2925.18994140625,2903.719970703125,2911.409912109375,-0.0017917049659156303,-0.001793311989085882,0.007175847673210134,39.115025111607146,35.07936977679968,-28.14954546693434,-24.947110574253525,572859058,13468395643103,0.003375720466147758,86251525234,1630896679,-62549569930,-140987179050,4649.27001953125,29277.859375,17452.51953125,1184.1400146484375,95.18000030517578,17.65999984741211,24813.6,21335.9,1.56,0.83,278.919,4.1,532453300000000.06,109.497149774538,2.341,1.913,0.7300000000000001,0.4280001,1
2021-11-12,2968.800048828125,2973.840087890625,2938.27001953125,2945.949951171875,0.015002163520769551,0.014890744039035118,0.007725224822402853,39.610752650669646,41.42640879856367,-26.0248714460904,-25.162662748620903,665733196,12472956374638,0.1621238884207361,432432182659,428035846231,41068917722,104466615415,4682.85009765625,29609.970703125,17518.130859375,1183.1099853515625,95.12999725341797,16.290000915527344,24813.6,21335.9,1.58,0.85,278.919,4.1,532453300000000.06,109.497149774538,2.344,1.968,0.7300000000000001,0.37600005,1
2021-11-15,2999.52001953125,3003.7099609375,2979.9599609375,2989.679931640625,0.010347605159616968,0.010294435166860613,0.008090933383166507,39.88218470982143,41.84653992664224,-21.613065117874612,-24.452743222471646,639395683,11402053251342,-0.03956166397927374,399674833676,412012012019,-27218753923,46850207009,4682.7998046875,29776.80078125,17634.470703125,1179.1099853515625,95.41000366210938,16.489999771118164,24813.6,21335.9,1.63,0.87,278.919,4.1,532453300000000.06,109.497149774538,2.298,1.912,0.7599999999999999,0.38600016,0
2021-11-16,2997.2099609375,3011.8798828125,2985.340087890625,2995.679931640625,-0.0007701427490759416,-0.0007704394613532391,0.007894705802723626,39.629307338169646,44.99717110292435,-18.094497140365092,-23.181094006050337,579646335,11101212743890,-0.09344659275718004,647756674326,80778392240,-30896179005,-64277193849,4700.89990234375,29808.119140625,17693.130859375,1183.510009765625,95.91999816894531,16.3700008392334,24813.6,21335.9,1.63,0.87,278.919,4.1,532453300000000.06,109.497149774538,2.333,1.963,0.7599999999999999,0.3699999,0
2021-11-17,2962.419921875,3004.669921875,2957.699951171875,3004.02001953125,-0.011607474790193861,-0.011675367411650187,0.008220502210923304,41.2078857421875,42.18381171021254,-17.906853013223554,-22.12624580748498,541489534,10661680483275,-0.06582772752285238,103201400497,-626700075965,-53528001362,-100067061839,4688.669921875,29688.330078125,17764.0390625,1184.050048828125,95.83000183105469,17.110000610351562,24813.6,21335.9,1.6,0.85,278.919,4.1,532453300000000.06,109.497149774538,2.359,1.974,0.7500000000000001,0.385,0
2021-11-18,2947.3798828125,2964.47998046875,2937.530029296875,2959.260009765625,-0.005076943667385536,-0.005089875132667991,0.008272599117463772,38.50645228794643,45.804218247300405,-18.755546878559926,-21.45210602169997,541652823,10119317376788,0.0003015552282124023,-47192524618,-30463646272,-59264681396,-55339209177,4704.5400390625,29598.66015625,17841.369140625,1181.22998046875,95.54000091552734,17.59000015258789,24813.6,21335.9,1.59,0.84,278.919,4.1,532453300000000.06,109.497149774538,2.338,1.953,0.7500000000000001,0.3850001,1
2021-11-19,2971.02001953125,2974.639892578125,2948.070068359375,2951.06005859375,0.008020729481328814,0.007988734399356677,0.008514108402470256,38.944301060267854,48.64866441055275,-17.320916671518262,-20.625868151663628,657093788,11002168877105,0.21312722854580235,232313455373,124433569234,-13598996846,-12703046628,4697.9599609375,29745.869140625,17818.310546875,1182.9000244140625,96.06999969482422,17.90999984741211,24813.6,21335.9,1.54,0.86,278.919,4.1,532453300000000.06,109.497149774538,2.372,1.966,0.68,0.40600002,1
2021-11-22,3013.25,3018.010009765625,2980.72998046875,2983.3798828125,0.014213966984784276,0.014113895714427938,0.009062241507528086,38.346435546875,49.96009745476156,-12.630755911553933,-19.02684570364169,530959176,12945532600397,-0.19195830839295658,796949842169,563230432216,-22714584305,54195787091,4682.93994140625,29774.109375,17803.5390625,1191.6300048828125,96.5,19.170000076293945,24813.6,21335.9,1.63,0.95,278.919,4.1,532453300000000.06,109.497149774538,2.386,2.018,0.6799999999999999,0.36800003,0
2021-11-23,2997.330078125,3016.360107421875,2992.139892578125,3013.159912109375,-0.005283306023396661,-0.005297312038488791,0.008842545425423714,36.372157505580354,53.8765132917532,-10.08215357498284,-17.23790727790992,524233416,10830503621150,-0.012667188559897902,282388382183,-562487651572,-101364936853,-26648431909,4690.7001953125,29774.109375,17666.119140625,1189.5,96.48999786376953,19.3799991607666,24813.6,21335.9,1.67,0.95,278.919,4.1,532453300000000.06,109.497149774538,2.4,2.031,0.72,0.3690002,0
2021-11-24,2994.2900390625,3017.89990234375,2981.02001953125,3006.340087890625,-0.0010142490093723033,-0.0010147637079499223,0.008692421790571087,36.445713588169646,52.01721144974256,-8.212999264137125,-15.432925675155362,556640473,10963458592619,0.06181799177792202,318589823672,-512961743387,-70825235266,24494452562,4701.4599609375,29302.66015625,17642.51953125,1189.949951171875,96.83999633789062,18.579999923706055,24813.6,21335.9,1.64,0.97,278.919,4.1,532453300000000.06,109.497149774538,2.394,2.013,0.6699999999999999,0.38100004,0
2021-11-25,2980.27001953125,2996.739990234375,2973.239990234375,2996.739990234375,-0.0046822516684588145,-0.004693247746498491,0.008676408368214579,34.583565848214285,52.00393171972709,-7.773372809253033,-13.901015101974897,595969686,9401090529106,0.07065460545482116,-92544623479,-57673826347,-14857127615,-1266130125,4701.4599609375,29499.279296875,17654.189453125,1187.8800048828125,96.83999633789062,18.579999923706055,24813.6,21335.9,1.64,0.97,278.919,4.1,532453300000000.06,109.497149774538,2.348,1.933,0.6699999999999999,0.41500008,0
2021-11-26,2936.43994140625,2985.77001953125,2930.31005859375,2973.0400390625,-0.014706747320799352,-0.014815963663352182,0.008822520714229697,35.804268973214285,46.158079280448646,-10.83676717156004,-13.288165515891928,595597647,11901297731572,-0.0006242582613505965,-180767543511,-275960104525,-18806626288,-56177072744,4594.6201171875,28751.619140625,17369.390625,1190.219970703125,96.08999633789062,28.6200008392334,24813.6,21335.9,1.48,0.81,278.919,4.1,532453300000000.06,109.497149774538,2.255,1.863,0.6699999999999999,0.39200008,0
2021-11-29,2909.320068359375,2930.219970703125,2890.780029296875,2906.14990234375,-0.009235630078607171,-0.009278542932604458,0.008991341579491507,36.343540736607146,42.04683888327403,-15.276775223584991,-13.68588745743054,844400434,13092783140665,0.41773634978782925,45504189683,681485852301,70910742127,-35998078677,4655.27001953125,28283.919921875,17328.08984375,1194.6099853515625,96.33999633789062,22.959999084472656,24813.6,21335.9,1.52,0.83,278.919,4.1,532453300000000.06,109.497149774538,2.266,1.844,0.6900000000000001,0.42200005,0
2021-11-30,2839.010009765625,2942.929931640625,2822.72998046875,2932.7099609375,-0.02416717890836928,-0.024463997105961414,0.0098719422722474,42.207833426339285,37.750627738050014,-24.19009930916218,-15.786729827776869,983556318,19852270868593,0.1647984515365608,-134042212781,-431415568025,-27977279770,-102395381643,4567.0,27821.759765625,17427.759765625,1190.739990234375,95.98999786376953,27.190000534057617,24813.6,21335.9,1.43,0.81,278.919,4.1,532453300000000.06,109.497149774538,2.213,1.799,0.6199999999999999,0.41400003,1
2021-12-01,2899.719970703125,2905.739990234375,2837.030029296875,2860.1201171875,0.02138420108723471,0.021158767212065825,0.010965453714580069,45.226405552455354,47.05305298332026,-26.05484238621966,-17.840352339465426,563927192,12534484740158,-0.42664473637187295,943893334995,-136518167179,80333184394,123337646689,4513.0400390625,27935.619140625,17585.990234375,1182.8599853515625,96.05000305175781,31.1200008392334,24813.6,21498.8,1.43,0.85,280.845,3.9,532453300000000.06,109.676359512304,2.182,1.813,0.58,0.36899996,1
2021-12-02,2945.27001953125,2945.27001953125,2874.639892578125,2874.639892578125,0.015708430223722702,0.01558632984393063,0.011576805376103965,46.77711704799107,47.259043288681646,-23.585280020003665,-18.989337875573074,534461669,11918441491698,-0.05225058024866447,888751384824,-11516510161,29019396019,36534783266,4577.10009765625,27753.369140625,17724.880859375,1177.1099853515625,96.12999725341797,27.950000762939453,24813.6,21498.8,1.44,0.9,280.845,3.9,532453300000000.06,109.676359512304,2.198,1.845,0.5399999999999999,0.35299993,1
2021-12-03,2968.330078125,2975.43994140625,2927.550048828125,2935.929931640625,0.007829522740132377,0.00779903108031386,0.011683259396475484,47.704258510044646,46.30074266599952,-19.542110756715374,-19.099892451801537,486749001,10344372944198,-0.08927238521945335,154716143993,-95991409161,28709849560,153726018332,4538.43017578125,28029.5703125,17697.140625,1176.77001953125,96.12000274658203,30.670000076293945,24813.6,21498.8,1.35,0.86,280.845,3.9,532453300000000.06,109.676359512304,2.234,1.9,0.4900000000000001,0.334,1
2021-12-06,2973.25,2983.5,2932.489990234375,2954.820068359375,0.0016574712870569552,0.0016560991974467736,0.011666175143494863,49.45213099888393,47.175733060441736,-15.759211033264819,-18.431756168094196,479907913,9657402253160,-0.014054652368973186,4737894467,58739564438,26832483356,81685032625,4591.669921875,27927.369140625,17688.2109375,1183.1400146484375,96.29000091552734,27.18000030517578,24813.6,21498.8,1.43,0.91,280.845,3.9,532453300000000.06,109.676359512304,2.213,1.865,0.5199999999999999,0.34800005,1
2021-12-07,2991.719970703125,2992.31005859375,2960.89990234375,2973.840087890625,0.006212047659337472,0.006192832427508247,0.011742409599919918,48.34071568080357,53.59192383551968,-11.142420583779312,-16.97388905123122,541370062,10215647036599,0.12807071384963797,212105851668,-113689382175,62064163927,-70673934326,4686.75,28455.599609375,17796.919921875,1180.56005859375,96.37000274658203,21.889999389648438,24813.6,21498.8,1.48,0.99,280.845,3.9,532453300000000.06,109.676359512304,2.24,1.872,0.49,0.36800003,1
2021-12-08,3001.800048828125,3036.1298828125,2995.340087890625,3017.929931640625,0.0033693254127094008,0.0033636619536333004,0.011440155701978991,49.587855747767854,56.75355500494158,-6.594189120977262,-14.89794906518043,488246121,11115220654811,-0.0981287011027957,-79830040520,894806053714,-18054821210,-18674514016,4701.2099609375,28860.619140625,17832.419921875,1176.8399658203125,95.88999938964844,19.899999618530273,24813.6,21498.8,1.52,0.99,280.845,3.9,532453300000000.06,109.676359512304,2.185,1.831,0.53,0.35399997,1
2021-12-09,3029.570068359375,3029.570068359375,3001.550048828125,3007.0,0.009251122353099772,0.009208592816779586,0.011552226316011866,49.642142159598215,57.19235002504207,-0.740340244539766,-12.066427301052299,513445799,12614031150535,0.051612653774672834,325989585112,962379093948,-123678697930,-239506736728,4667.4501953125,28725.470703125,17914.119140625,1172.56005859375,96.2699966430664,21.579999923706055,24813.6,21498.8,1.49,0.99,280.845,3.9,532453300000000.06,109.676359512304,2.188,1.794,0.5,0.39399993,0
2021-12-10,3010.22998046875,3017.639892578125,2998.2900390625,3008.699951171875,-0.006383773094608913,-0.006404236509758208,0.01125561954548154,48.52000209263393,49.60691174358316,2.3116464821296177,-9.190812544415916,451599491,8434890985993,-0.12045343076222148,-280733847232,-81509342621,239344988951,103956897223,4712.02001953125,28437.76953125,17826.259765625,1177.3299560546875,96.05000305175781,18.690000534057617,24813.6,21498.8,1.48,0.98,280.845,3.9,532453300000000.06,109.676359512304,2.201,1.805,0.5,0.39600003,0
2021-12-13,3001.659912109375,3043.830078125,3000.510009765625,3019.669921875,-0.0028469812655445015,-0.002851041625050451,0.011047317264086356,49.88427734375,50.57456815865403,3.9928084474945535,-6.554088346033822,375828375,8629448910198,-0.1677838826439244,-133918235772,386439102340,53113320584,74417427555,4668.97021484375,28640.490234375,17767.599609375,1178.969970703125,96.31999969482422,20.309999465942383,24813.6,21498.8,1.42,0.95,280.845,3.9,532453300000000.06,109.676359512304,2.169,1.79,0.47,0.37899995,0
2021-12-14,2987.949951171875,3001.699951171875,2976.159912109375,2983.949951171875,-0.004567459785231098,-0.004577922500519231,0.011094644607749317,49.074288504464285,49.181840120929756,4.1707839473106105,-4.409113887364936,581569904,9856789517126,0.5474347938736663,181477169031,-169816180633,-19254416379,84078753634,4634.08984375,28432.640625,17599.369140625,1185.0999755859375,96.56999969482422,21.889999389648438,24813.6,21498.8,1.44,0.98,280.845,3.9,532453300000000.06,109.676359512304,2.169,1.784,0.45999999999999996,0.38499987,1
2021-12-15,2989.389892578125,2992.300048828125,2973.0,2979.830078125,0.0004819161732227961,0.0004818000889175613,0.010758158605739518,48.7742919921875,51.216371900132145,4.377560260800692,-2.6517790577318103,432874423,8253059437129,-0.25567946342697956,-22297916721,-36134647268,-35304399498,-68137285421,4709.85009765625,28459.720703125,17660.099609375,1184.22998046875,96.51000213623047,19.290000915527344,24813.6,21498.8,1.47,1.0,280.845,3.9,532453300000000.06,109.676359512304,2.166,1.808,0.47,0.35799992,1
2021-12-16,3006.409912109375,3018.199951171875,2989.6298828125,3013.260009765625,0.005693475974313689,0.005677329397752537,0.010735558264098076,46.8707275390625,60.05113295620732,5.847400124167507,-0.9519432213519472,402825154,8524314062950,-0.06941798222160145,187222572931,96491398788,-40268165914,-26647170115,4668.669921875,29066.3203125,17785.740234375,1184.4000244140625,96.04000091552734,20.56999969482422,24813.6,21498.8,1.44,0.92,280.845,3.9,532453300000000.06,109.676359512304,2.147,1.766,0.5199999999999999,0.38100004,1
2021-12-17,3017.72998046875,3017.72998046875,2984.18994140625,2985.199951171875,0.0037653110155668745,0.0037582399762613977,0.01063160813672971,46.00502232142857,66.31351402189159,7.835372420440308,0.8055199070065039,451824159,11650002805031,0.12163839450800529,531812406165,141118142870,-24040035768,-5354039544,4620.64013671875,28545.6796875,17812.58984375,1186.1500244140625,96.56999969482422,21.56999969482422,24813.6,21498.8,1.41,0.93,280.845,3.9,532453300000000.06,109.676359512304,2.153,1.767,0.47999999999999987,0.38600016,0
2021-12-20,2963.0,3001.330078125,2962.070068359375,3001.330078125,-0.018136142339762462,-0.018302618059314164,0.010957816979207377,41.39501953125,69.57591297315757,4.93768421151799,1.631952767908801,377584565,8621305733909,-0.16431081101176792,-559589143684,-287247027624,-66185778621,-106283976002,4568.02001953125,27937.810546875,17669.109375,1186.3900146484375,96.55000305175781,22.8700008392334,24813.6,21498.8,1.43,0.91,280.845,3.9,532453300000000.06,109.676359512304,2.107,1.74,0.5199999999999999,0.3670001,1
2021-12-21,2975.030029296875,2984.56005859375,2955.89990234375,2981.669921875,0.004060084136643605,0.0040518642365245374,0.010957116203084155,38.53431919642857,64.04984650700968,3.570806222950523,2.0197234589171456,410979633,9108501429680,0.08844394367656427,32862902173,587856045779,-7705658173,22998520112,4649.22998046875,28517.58984375,17789.26953125,1190.1199951171875,96.48999786376953,21.010000228881836,24813.6,21498.8,1.48,0.96,280.845,3.9,532453300000000.06,109.676359512304,2.099,1.72,0.52,0.37899995,1
2021-12-22,2984.47998046875,3000.7900390625,2976.64990234375,2993.5,0.0031764221129924053,0.003171387941890325,0.010984169003837555,35.329310825892854,58.45369637352828,3.213039730256696,2.2583867131850557,461755372,8835649524455,0.12354806643179805,423257816009,68773296055,-3223582816,-17010996427,4696.56005859375,28562.2109375,17826.830078125,1191.27001953125,96.08000183105469,18.6299991607666,24813.6,21498.8,1.46,0.96,280.845,3.9,532453300000000.06,109.676359512304,2.147,1.757,0.5,0.3900001,1
2021-12-23,2998.169921875,3000.699951171875,2980.909912109375,2998.02001953125,0.004587044140299312,0.004576555715009497,0.01097857061105803,33.322178431919646,56.70437640698435,3.9881976076449064,2.604348892077026,483838948,9319626829913,0.047825271429652094,235095269005,587406124324,-12584084060,-23048344276,4725.7900390625,28798.369140625,17946.66015625,1187.77001953125,96.0199966430664,17.959999084472656,24813.6,21498.8,1.5,0.97,280.845,3.9,532453300000000.06,109.676359512304,2.212,1.805,0.53,0.40699995,1
2021-12-24,3012.429931640625,3025.77001953125,3009.47998046875,3009.47998046875,0.004756238017592729,0.0047449628549896695,0.010418122437030494,31.650041852678573,58.448315980210175,5.687616124136639,3.2210023384889483,537548258,8583472759012,0.11100658643131811,195000137299,808806897305,10697774810,19905149579,4725.7900390625,28782.58984375,17961.640625,1185.5,96.0199966430664,17.959999084472656,24813.6,21498.8,1.5,0.97,280.845,3.9,532453300000000.06,109.676359512304,2.206,1.798,0.53,0.4080001,0
2021-12-27,2999.550048828125,3017.31005859375,2999.300048828125,3013.93994140625,-0.004275579218363856,-0.004284745644374409,0.010209568041344859,30.692888532366073,51.730097833170056,5.926798200457597,3.7621615108826783,475363053,8280394735651,-0.11568301836074413,51606672474,410032129748,-8054560474,-12398073000,4791.18994140625,28676.4609375,18048.939453125,1185.9200439453125,96.08999633789062,17.68000030517578,24813.6,21498.8,1.48,0.98,280.845,3.9,532453300000000.06,109.676359512304,2.211,1.776,0.5,0.43499994,1
2021-12-28,3020.239990234375,3020.2900390625,2991.550048828125,3006.77001953125,0.006897681675400946,0.00687400149900316,0.00822197386932421,29.5736083984375,53.8919267639657,7.697129361601583,4.549155081026459,607046190,12096893607293,0.27701592744524883,452754553471,1454107322584,4801035066,-3830735006,4786.35009765625,29069.16015625,18196.810546875,1185.6500244140625,96.19999694824219,17.540000915527344,24813.6,21498.8,1.49,0.99,280.845,3.9,532453300000000.06,109.676359512304,2.198,1.786,0.5,0.41199994,0
2021-12-29,2993.2900390625,3007.719970703125,2988.669921875,3002.89990234375,-0.008923115798418313,-0.008963165217937337,0.0074625090899495,29.827183314732142,42.31615240392023,6.846570726433129,5.008638210107793,545831859,10908667230981,-0.10083965933465455,-127818636959,-1494159005423,28764782934,-88127063587,4793.06005859375,28906.880859375,18248.279296875,1187.8499755859375,95.93000030517578,16.950000762939453,24813.6,21498.8,1.55,0.99,280.845,3.9,532453300000000.06,109.676359512304,2.18,1.783,0.56,0.39700007,0
2021-12-30,2977.64990234375,3005.360107421875,2975.739990234375,2999.75,-0.005225065568202791,-0.005238763960800121,0.006832803503706394,29.7086181640625,42.98990994171215,4.854508801355678,4.97781232835737,461038202,8727458062998,-0.15534757746707484,-218408541187,-928808475500,111152203429,-46853305425,4778.72998046875,28791.7109375,18218.83984375,1183.6700439453125,95.97000122070312,17.329999923706055,24813.6,21498.8,1.52,0.98,280.845,3.9,532453300000000.06,109.676359512304,2.248,1.799,0.54,0.44899988,1
2022-01-04,2989.239990234375,2995.25,2973.080078125,2991.969970703125,0.003892360845209497,0.003884805208564638,0.006668217627319993,28.197893415178573,47.36195262798719,4.163019902027372,4.81485384309137,621549385,9991473942836,0.42614160976324267,88320676077,-763984512464,44849452345,-15769338988,4793.5400390625,29301.7890625,18526.349609375,1194.6800537109375,96.29000091552734,16.90999984741211,25250.347,21650.0,1.66,1.02,282.543,4.0,535547699999999.94,110.361573215523,2.32,1.868,0.6399999999999999,0.4519999,0
2022-01-05,2953.969970703125,2986.199951171875,2936.72998046875,2984.050048828125,-0.01179899226775849,-0.011869152805533268,0.007194000210645737,30.124319893973215,43.388078760446476,0.7602504610063079,4.003933166674358,787346121,15428422516445,0.26674748620336897,620306631463,-1054513731623,12124810322,-79401996162,4700.580078125,29332.16015625,18499.9609375,1196.5,96.19000244140625,19.729999542236328,25250.347,21650.0,1.71,1.1,282.543,4.0,535547699999999.94,110.361573215523,2.375,1.913,0.6099999999999999,0.462,0
2022-01-06,2920.530029296875,2952.5400390625,2915.3798828125,2925.39990234375,-0.01132033898038931,-0.011384901728279289,0.00742577207178834,31.502179827008927,38.084878081751974,-4.5819744891355185,2.286751635512383,786045066,13297135242112,-0.0016524562264275122,179393172726,-362186764838,95488036360,-141574797738,4696.0498046875,28487.869140625,18367.919921875,1199.25,96.25,19.610000610351562,25250.347,21650.0,1.73,1.15,282.543,4.0,535547699999999.94,110.361573215523,2.481,2.013,0.5800000000000001,0.46799994,1
2022-01-07,2954.889892578125,2959.030029296875,2933.10009765625,2933.780029296875,0.011764940930780954,0.01169627207847105,0.007913294540386662,32.19431849888393,41.58993594791663,-5.97430437932735,0.6345404325444364,546172478,10582421237357,-0.3051639128283772,654784683881,-383446532982,43976967672,-60387661544,4677.02978515625,28478.560546875,18169.759765625,1205.780029296875,95.73999786376953,18.760000228881836,25250.347,21650.0,1.76,1.17,282.543,4.0,535547699999999.94,110.361573215523,2.458,2.015,0.5900000000000001,0.44299984,0
2022-01-10,2926.719970703125,2951.1201171875,2910.89990234375,2947.3701171875,-0.009533323710556929,-0.009579056731597728,0.0077781874676083095,32.940743582589285,35.918287787818414,-9.244251145098133,-1.3412178829840777,477399917,10397827640756,-0.12591729493920045,-87916196179,-287280619721,-16846330971,-134251061190,4670.2900390625,28478.560546875,18239.380859375,1196.8800048828125,95.98999786376953,19.399999618530273,25250.347,21650.0,1.78,1.21,282.543,4.0,535547699999999.94,110.361573215523,2.484,2.058,0.5700000000000001,0.42599988,1
2022-01-11,2927.3798828125,2943.570068359375,2909.820068359375,2930.929931640625,0.00022547839081998866,0.00022545297438812426,0.007709326638921771,31.375749860491073,43.38111872249694,-11.64818509650604,-3.4026113256884702,566171897,10646541507362,0.18594888025504197,482015439035,-113687863753,32990502741,-94054348734,4713.06982421875,28222.48046875,18288.2109375,1198.0899658203125,95.62000274658203,18.40999984741211,25250.347,21650.0,1.75,1.22,282.543,4.0,535547699999999.94,110.361573215523,2.485,2.038,0.53,0.4469998,1
2022-01-12,2972.47998046875,2972.580078125,2950.31005859375,2950.780029296875,0.015406301696969882,0.015288829634579604,0.008550265523305154,32.557181222098215,49.57801560271653,-9.801137694443696,-4.682316599439516,519500914,10895354474281,-0.0824325319700564,457931826345,595325449991,16117795421,32324289076,4726.35009765625,28765.66015625,18375.400390625,1189.4300537109375,95.0,17.6200008392334,25250.347,21650.0,1.74,1.21,282.543,4.0,535547699999999.94,110.361573215523,2.428,1.998,0.53,0.42999995,0
2022-01-13,2962.090087890625,2982.139892578125,2958.389892578125,2979.909912109375,-0.0034953616664851195,-0.0035014847154190396,0.008526523348929047,32.413609095982146,46.30639048535791,-9.071150246701563,-5.560083328891926,604870641,11458978734387,0.16433027295886538,373496060508,-178734668142,9206682486,-174713235080,4659.02978515625,28489.130859375,18436.9296875,1185.8800048828125,94.79000091552734,20.309999465942383,25250.347,21650.0,1.7,1.18,282.543,4.0,535547699999999.94,110.361573215523,2.397,1.953,0.52,0.44400012,0
2022-01-14,2921.919921875,2944.969970703125,2914.72998046875,2937.610107421875,-0.01356142616318301,-0.013654222222626284,0.009018277133851282,34.382899693080354,38.4318899370184,-11.60030551542377,-6.768127766198295,532668250,10799738387436,-0.11936831796073233,-245690698361,-496535813545,-34253202934,-14422584741,4662.85009765625,28124.279296875,18403.330078125,1186.6099853515625,95.16999816894531,19.190000534057617,25250.347,21650.0,1.78,1.26,282.543,4.0,535547699999999.94,110.361573215523,2.453,2.044,0.52,0.40900016,0
2022-01-17,2890.10009765625,2919.669921875,2875.97998046875,2918.550048828125,-0.01089003979216896,-0.010949770316534208,0.009122391425911891,35.69288853236607,32.379805646615,-15.98797376317907,-8.61209696559445,593260741,10396512579668,0.11375277388881355,-252669002554,29283981316,-79451024468,-75722148548,4662.85009765625,28333.51953125,18525.439453125,1188.9599609375,95.16999816894531,19.190000534057617,25250.347,21650.0,1.78,1.26,282.543,4.0,535547699999999.94,110.361573215523,2.568,2.148,0.52,0.42000008,0
2022-01-18,2864.239990234375,2902.7900390625,2857.260009765625,2898.97998046875,-0.008947824140363325,-0.008988096331096568,0.009146150227364208,37.658604213169646,31.2126697446119,-21.306321002188724,-11.150941772913306,554040958,10040965253936,-0.06610884605964518,13357344547,-33213666899,-58749434050,-38083270563,4577.10986328125,28257.25,18378.640625,1190.06005859375,95.7300033569336,22.790000915527344,25250.347,21650.0,1.87,1.35,282.543,4.0,535547699999999.94,110.361573215523,2.553,2.127,0.52,0.42599988,0
2022-01-19,2842.280029296875,2871.7900390625,2832.179931640625,2840.340087890625,-0.007666941671219063,-0.00769648376371843,0.008470943290525427,38.43504115513393,25.377716164981777,-26.982101950818105,-14.317173808494267,463829499,9649066534496,-0.16282453074525227,34395105443,153995346252,-27438992917,-119236996865,4532.759765625,27467.23046875,18227.4609375,1192.97998046875,95.51000213623047,23.850000381469727,25250.347,21650.0,1.83,1.33,282.543,4.0,535547699999999.94,110.361573215523,2.537,2.073,0.5,0.464,1
2022-01-20,2862.679931640625,2862.699951171875,2830.969970703125,2842.280029296875,0.007177302072096214,0.007151667822996242,0.008616150342129621,38.446463448660715,31.595388139258546,-29.494107897954564,-17.352560626386328,395669124,8872018415152,-0.14695135852064467,-278365055282,290694613521,-19913942285,-102047818141,4482.72998046875,27772.9296875,18218.279296875,1188.1600341796875,95.73999786376953,25.59000015258789,25250.347,21650.0,1.83,1.34,282.543,4.0,535547699999999.94,110.361573215523,2.558,2.119,0.49,0.43900013,0
2022-01-21,2834.2900390625,2847.949951171875,2817.110107421875,2837.489990234375,-0.00991724302264363,-0.00996674644077317,0.008707511128977927,39.585728236607146,30.499479943624024,-33.390809311225894,-20.560210363354244,532753367,10718107702468,0.3464618154031145,-222523979690,-195530412748,-47071495291,-198122074646,4397.93994140625,27522.259765625,17899.30078125,1192.4300537109375,95.63999938964844,28.850000381469727,25250.347,21650.0,1.75,1.28,282.543,4.0,535547699999999.94,110.361573215523,2.54,2.132,0.47,0.408,0
2022-01-24,2792.0,2828.110107421875,2780.679931640625,2823.760009765625,-0.014920857950193489,-0.015033293779029459,0.008959465507796666,41.831455775669646,25.238498350755478,-39.436822830185065,-24.33553285672041,473993186,9304491107906,-0.1102952785280098,-435676904593,781067396543,-14408558587,-55525174994,4410.1298828125,27588.369140625,17989.0390625,1191.5,95.91999816894531,29.899999618530273,25250.347,21650.0,1.75,1.25,282.543,4.0,535547699999999.94,110.361573215523,2.54,2.112,0.5,0.42799997,0
2022-01-25,2720.389892578125,2789.6201171875,2703.989990234375,2786.409912109375,-0.025648319277175813,-0.025982972005221303,0.010030586167036242,44.36717006138393,23.128218033683822,-49.436792728206456,-29.35578483101762,639958796,11700945453437,0.35014345121830504,-441054307565,-24174190770,-7241273158,-145758734200,4356.4501953125,27131.33984375,17701.119140625,1195.6600341796875,95.94999694824219,31.15999984741211,25250.347,21650.0,1.78,1.28,282.543,4.0,535547699999999.94,110.361573215523,2.576,2.174,0.5,0.40199995,0
2022-01-26,2709.239990234375,2744.139892578125,2708.10009765625,2729.75,-0.004098641291885974,-0.004107063743722651,0.010031423580144043,44.185006277901785,24.378501535317042,-57.59759562469662,-35.00414698975342,472650641,8978726558031,-0.26143582375262797,-242517358356,257821659786,-23358422092,-160363069229,4349.93017578125,27011.330078125,17674.400390625,1196.0999755859375,96.48999786376953,31.959999084472656,25250.347,21650.0,1.85,1.39,282.543,4.0,535547699999999.94,110.361573215523,2.573,2.156,0.4600000000000002,0.41700006,0
2022-01-27,2614.489990234375,2722.860107421875,2614.489990234375,2709.239990234375,-0.034972907657325414,-0.03559910307074346,0.011719202414712089,49.175728934151785,13.995589435303117,-70.89340877009818,-42.181999345822376,487726708,20548835072170,0.03189685084971661,-1714190516763,103258119917,200338056298,1223072786568,4326.509765625,26170.30078125,17674.400390625,1200.6300048828125,97.26000213623047,30.489999771118164,25250.347,21650.0,1.81,1.43,282.543,4.0,535547699999999.94,110.361573215523,2.612,2.217,0.3800000000000001,0.39499998,1
2022-01-28,2663.340087890625,2668.590087890625,2591.530029296875,2617.8701171875,0.01868436973892207,0.018511961155564815,0.013039294330757843,51.537876674107146,23.3096944728412,-76.60558040978503,-49.06671555861491,434186972,13753057379762,-0.10977404993781892,-706679771842,54909638756,92740256495,70663000432,4431.85009765625,26717.33984375,17674.400390625,1203.4599609375,97.2699966430664,27.65999984741211,25250.347,21650.0,1.78,1.38,282.543,4.0,535547699999999.94,110.361573215523,2.586,2.189,0.40000000000000013,0.39700007,1
2022-02-03,2707.820068359375,2735.340087890625,2702.780029296875,2706.340087890625,0.0167008264062809,0.016562901130634664,0.013970243615322016,54.27001953125,29.565184986909514,-76.6596699429756,-54.58530643548705,435709933,12472536011223,0.0035076156085125376,83879394550,-109170726819,40325620859,133617014452,4477.43994140625,27241.310546875,17674.400390625,1199.9599609375,95.37999725341797,24.350000381469727,25250.347,21724.8,1.82,1.42,284.5,3.9,535547699999999.94,111.004619921622,2.566,2.158,0.40000000000000013,0.408,1
2022-02-04,2750.260009765625,2751.800048828125,2712.8701171875,2714.830078125,0.015673102471673417,0.015551547848048278,0.01458001991513366,54.182861328125,29.21467675881469,-72.44291091870309,-58.15682733213026,536148768,11393256143290,0.23051766185004552,194499581665,-139629744324,64397907539,181831395206,4500.52978515625,27439.990234375,17674.400390625,1200.3299560546875,95.4800033569336,23.219999313354492,25250.347,21724.8,1.93,1.55,284.5,3.9,535547699999999.94,111.004619921622,2.619,2.194,0.3799999999999999,0.42499995,0
2022-02-07,2745.06005859375,2750.699951171875,2718.93994140625,2750.699951171875,-0.0018907125702337657,-0.0018925022234143457,0.01447287824878028,54.7550048828125,29.50109740400194,-68.72843301973717,-60.27114846965165,417838468,11291947751742,-0.220666925042715,-6922551900,-751670257353,23468378092,-77974659508,4483.8701171875,27248.869140625,17900.30078125,1197.0899658203125,95.4000015258789,22.860000610351562,25250.347,21724.8,1.92,1.54,284.5,3.9,535547699999999.94,111.004619921622,2.638,2.237,0.3799999999999999,0.40100002,1
2022-02-08,2746.469970703125,2779.85009765625,2726.719970703125,2767.760009765625,0.000513617946158007,0.0005134860896080276,0.014383214215171867,55.167149135044646,32.119189644181716,-64.92252791045757,-61.20142435781284,560534109,11785877200608,0.34150910442262106,-93899152343,64756906579,-15612444050,24136411675,4521.5400390625,27284.51953125,17966.560546875,1196.8499755859375,95.63999938964844,21.440000534057617,25250.347,21724.8,1.96,1.59,284.5,3.9,535547699999999.94,111.004619921622,2.733,2.303,0.3699999999999999,0.43000007,1
2022-02-09,2768.85009765625,2773.3798828125,2753.510009765625,2772.6298828125,0.00814868802202695,0.008115666729307792,0.014210963253415212,53.807861328125,37.400500895035286,-59.415526282590235,-60.844244742768325,539123929,10337571131580,-0.038196034204227125,235534907513,195991064945,-14948760224,14708496962,4587.18017578125,27579.869140625,18151.759765625,1196.3599853515625,95.48999786376953,19.959999084472656,25250.347,21724.8,1.94,1.61,284.5,3.9,535547699999999.94,111.004619921622,2.691,2.279,0.32999999999999985,0.41199994,1
2022-02-10,2771.929931640625,2788.27001953125,2761.760009765625,2787.43994140625,0.0011123151762466588,0.0011116970120741332,0.014161404537021758,52.449288504464285,39.93104895492244,-54.178139090692184,-59.5110236123531,509611246,12776154092019,-0.054741927435389304,836537884237,-432229062404,-82978741218,-6785666970,4504.080078125,27696.080078125,18338.05078125,1194.030029296875,95.55000305175781,23.90999984741211,25250.347,21724.8,2.03,1.82,284.5,3.9,535547699999999.94,111.004619921622,2.686,2.264,0.20999999999999974,0.42200017,0
2022-02-11,2747.7099609375,2766.699951171875,2735.080078125,2739.139892578125,-0.008737584030051537,-0.008775980542849228,0.014205939160164669,52.252127511160715,39.735141807304444,-51.3894358016687,-57.886706050216226,480520356,10992603318314,-0.05708447415228357,608078206414,-382430082849,-8117221504,-256540910457,4418.64013671875,27696.080078125,18310.939453125,1199.3499755859375,96.08000183105469,27.360000610351562,25250.347,21724.8,1.92,1.71,284.5,3.9,535547699999999.94,111.004619921622,2.747,2.343,0.20999999999999996,0.40400004,0
2022-02-14,2704.47998046875,2724.719970703125,2688.239990234375,2715.10009765625,-0.01573309449808169,-0.015858173281495316,0.013776996469026158,54.233555385044646,33.63944346733605,-52.06746516188741,-56.72285787255046,616343422,11579386551903,0.28265829803888676,68413753630,40712970536,-34969741950,174300862869,4401.669921875,27079.58984375,17997.669921875,1199.239990234375,96.37000274658203,28.329999923706055,25250.347,21724.8,1.98,1.8,284.5,3.9,535547699999999.94,111.004619921622,2.714,2.347,0.17999999999999994,0.3670001,0
2022-02-15,2676.5400390625,2716.449951171875,2665.469970703125,2712.449951171875,-0.010330984739405413,-0.010384719773174868,0.013830710426246099,54.6199951171875,33.670779230625385,-54.23415055444502,-56.22511640892938,589039193,9435833780019,-0.044300349489249546,-220897923389,150713966229,-1497511295,-16698015189,4471.06982421875,26865.189453125,17951.810546875,1197.3599853515625,95.98999786376953,25.700000762939453,25250.347,21724.8,2.05,1.8,284.5,3.9,535547699999999.94,111.004619921622,2.71,2.345,0.24999999999999978,0.365,1
2022-02-16,2729.679931640625,2730.429931640625,2711.340087890625,2719.610107421875,0.01985395017544289,0.019659430941564117,0.014719748818835258,54.639979771205354,43.690763550511605,-51.07456334233075,-55.19500579560965,422366402,8389883428213,-0.2829570476475918,-43736822981,241758463019,33292796126,-73387945,4475.009765625,27460.400390625,18231.470703125,1196.8299560546875,95.69999694824219,24.290000915527344,25250.347,21724.8,2.03,1.75,284.5,3.9,535547699999999.94,111.004619921622,2.702,2.325,0.2799999999999998,0.37699986,1
2022-02-17,2744.090087890625,2770.659912109375,2711.989990234375,2735.110107421875,0.005279064436444436,0.0052651790223417665,0.014728741785308348,52.544259207589285,52.71368190356919,-46.867528836060956,-53.529510403699916,611421577,11812904600162,0.4476094076251833,651482556155,106246431488,196351209504,57924021026,4380.259765625,27232.869140625,18268.5703125,1196.75,95.80000305175781,28.110000610351562,25250.347,21724.8,1.97,1.7,284.5,3.9,535547699999999.94,111.004619921622,2.708,2.295,0.27,0.41299987,1
2022-02-18,2744.52001953125,2747.080078125,2711.8798828125,2714.52001953125,0.0001566754832584838,0.00015666321093678787,0.014661525172705586,52.484287806919646,54.141240110939734,-43.00301974630065,-51.42421227222007,513521173,8508342024254,-0.1601193148602278,-150679374990,50821320773,4237746398,46983639959,4348.8701171875,27122.0703125,18232.349609375,1198.6600341796875,96.04000091552734,27.75,25250.347,21724.8,1.92,1.68,284.5,3.9,535547699999999.94,111.004619921622,2.728,2.322,0.24,0.4059999,0
2022-02-21,2743.800048828125,2746.6201171875,2694.89990234375,2706.64990234375,-0.00026233027924782437,-0.0002623646938543233,0.014607238817405726,48.4378662109375,69.47853166851037,-39.542641116722734,-49.047898041120604,495301161,7896733628442,-0.035480546777766464,-64893738307,-120560198403,4446137403,-3088714968,4348.8701171875,26910.869140625,18221.490234375,1195.0699462890625,96.04000091552734,27.75,25250.347,21724.8,1.92,1.68,284.5,3.9,535547699999999.94,111.004619921622,2.77,2.363,0.24,0.40700006,0
2022-02-22,2706.7900390625,2721.840087890625,2690.090087890625,2705.080078125,-0.013488595782127799,-0.013580393304611745,0.014676762907645335,46.77000209263393,56.787154475637394,-39.33325532138588,-47.10496949717366,648400532,10590490331638,0.3091035980834296,-330430394449,-247967078248,-9056908471,-79212746303,4304.759765625,26449.609375,17969.2890625,1194.6800537109375,96.02999877929688,28.809999465942383,25250.347,21724.8,1.94,1.74,284.5,3.9,535547699999999.94,111.004619921622,2.717,2.327,0.19999999999999996,0.3900001,1
2022-02-23,2719.530029296875,2729.56005859375,2705.31005859375,2727.429931640625,0.004706678408934684,0.004695636631287839,0.014666118141405426,43.359287806919646,52.03051444440682,-37.704668878178836,-45.2249093733747,537841009,9138533730564,-0.17051115405315553,-266792126670,180822311274,-16944487610,27437427144,4225.5,26449.609375,18055.73046875,1192.6800537109375,96.19000244140625,31.020000457763672,25250.347,21724.8,1.99,1.78,284.5,3.9,535547699999999.94,111.004619921622,2.722,2.317,0.20999999999999996,0.40499997,0
2022-02-24,2648.800048828125,2694.550048828125,2642.6298828125,2689.280029296875,-0.026008163067438916,-0.026352356347452394,0.015393200329649895,45.710728236607146,33.97863921366647,-41.641305646641285,-44.50818862802802,926399613,13586138013425,0.7224413860193395,-674201930866,-308816035026,-10002877715,-105831100020,4288.7001953125,25970.8203125,17594.55078125,1192.4000244140625,97.13999938964844,30.31999969482422,25250.347,21724.8,1.96,1.73,284.5,3.9,535547699999999.94,111.004619921622,2.624,2.226,0.22999999999999998,0.398,1
2022-02-25,2676.760009765625,2694.81005859375,2665.9599609375,2678.469970703125,0.010555708404592412,0.010500385886337626,0.014622879358222813,46.728585379464285,39.93810877864106,-42.0205961950478,-44.01067014143198,664347310,12221012186710,-0.28287177512022554,-124180102105,270657432245,-12954380257,-71273021361,4384.64990234375,26476.5,17652.1796875,1206.0,96.62000274658203,27.59000015258789,25250.347,21724.8,1.97,1.76,284.5,3.9,535547699999999.94,111.004619921622,2.671,2.244,0.20999999999999996,0.42700005,1
2022-02-28,2699.179931640625,2699.179931640625,2658.25,2663.0,0.008375768389099258,0.008340886281999273,0.01473953549201754,45.857142857142854,43.43940475722749,-40.050410165223184,-43.218618146190224,613470298,12894247765178,-0.07658194928191997,96475605521,-276732779880,-14472234195,-24186352150,4373.93994140625,26526.8203125,17652.1796875,1197.5899658203125,96.70999908447266,30.149999618530273,25250.347,21724.8,1.83,1.62,284.5,3.9,535547699999999.94,111.004619921622,2.675,2.242,0.20999999999999996,0.43299985,1
2022-03-02,2703.52001953125,2716.4599609375,2692.239990234375,2698.31005859375,0.0016079283339911488,0.0016066370012891612,0.012156300316702484,45.665004185267854,40.45913062824724,-37.704184353826804,-42.11573138771754,527950387,10996672546245,-0.13940350703009907,-307375772823,-128905229660,-11113489918,441986105,4386.5400390625,26393.029296875,17867.599609375,1205.3699951171875,97.38999938964844,30.739999771118164,25250.347,21786.8,1.86,1.67,287.674,3.7,535547699999999.94,111.805792866925,2.613,2.187,0.19000000000000017,0.42599988,1
2022-03-03,2747.080078125,2748.2099609375,2726.35009765625,2729.860107421875,0.016112349188855957,0.01598392295307385,0.011983927687268102,46.963570731026785,46.75462151971141,-31.96141946444095,-40.084869003062224,614514855,10592861510194,0.16396326270710726,132683193535,135704305718,3437176906,48247280612,4363.490234375,26577.26953125,17934.400390625,1203.1500244140625,97.79000091552734,30.479999542236328,25250.347,21786.8,1.86,1.69,287.674,3.7,535547699999999.94,111.805792866925,2.648,2.195,0.17000000000000015,0.45300007,0
2022-03-04,2713.429931640625,2736.580078125,2702.340087890625,2736.580078125,-0.012249423215701327,-0.012325065753273972,0.01181871358093837,47.527151925223215,45.63066856114002,-29.78221171265659,-38.0243375449811,765675798,12427423966429,0.24598419675306293,-589042923097,-321650703144,-52215422773,-86326785181,4328.8701171875,25985.470703125,17736.51953125,1205.989990234375,98.6500015258789,31.979999542236328,25250.347,21786.8,1.74,1.62,287.674,3.7,535547699999999.94,111.805792866925,2.658,2.214,0.11999999999999988,0.444,0
2022-03-07,2651.31005859375,2680.169921875,2644.10009765625,2680.169921875,-0.022893487066870888,-0.023159612479262553,0.012315071500266237,48.23142787388393,43.534312817370406,-32.69088825602239,-36.957647687189365,571562292,12089299502161,-0.25351918724222233,-1190747396147,-630788040830,-70355650626,-143030830376,4201.08984375,25221.41015625,17178.689453125,1216.7099609375,99.29000091552734,36.45000076293945,25250.347,21786.8,1.78,1.68,287.674,3.7,535547699999999.94,111.805792866925,2.707,2.288,0.10000000000000009,0.4189999,0
2022-03-08,2622.39990234375,2647.179931640625,2605.81005859375,2617.330078125,-0.010904102353586631,-0.010963987806955717,0.012483319930133173,47.840000697544646,43.4318291407158,-36.90344344520008,-36.94680683879151,540370226,11679452446651,-0.0545733447370248,-477359344196,-148483837735,-36589533158,-38860446130,4170.7001953125,24790.94921875,16825.25,1232.300048828125,99.05999755859375,35.130001068115234,25250.347,21786.8,1.86,1.78,287.674,3.7,535547699999999.94,111.805792866925,2.722,2.287,0.08000000000000007,0.43499994,1
2022-03-10,2680.320068359375,2682.7900390625,2660.860107421875,2660.860107421875,0.022086702323264706,0.021846324115892792,0.013596816382002391,48.30430385044643,44.08042133716225,-35.16291425661211,-36.59002832235563,613810463,13694703490818,0.13590726036782041,-427766701209,738399274273,36204311610,-57218430427,4259.52001953125,25690.400390625,17433.19921875,1223.22998046875,98.51000213623047,30.229999542236328,25250.347,21786.8,1.98,1.88,287.674,3.7,535547699999999.94,111.805792866925,2.726,2.267,0.10000000000000009,0.4590001,0
2022-03-11,2661.280029296875,2672.6201171875,2647.280029296875,2665.949951171875,-0.007103643810029925,-0.007128994815401693,0.0134727143506336,46.473597935267854,40.17791471445036,-34.9173983302926,-36.25550232394303,797034211,12363206013444,0.29850215831201954,-689442736381,-289524569197,10413002985,-95110810460,4204.31005859375,25162.779296875,17264.740234375,1228.5999755859375,99.12000274658203,30.75,25250.347,21786.8,2.0,1.91,287.674,3.7,535547699999999.94,111.805792866925,2.7,2.255,0.09000000000000008,0.44499993,0
2022-03-14,2645.64990234375,2661.760009765625,2633.31005859375,2654.929931640625,-0.005873161328781573,-0.005890476169298372,0.01347908886126462,45.99143763950893,38.681166954548246,-35.57397121242502,-36.11919610163943,636324491,12037826871926,-0.20163465731083907,-639141224631,-16641412285,-35560509712,81648855559,4173.10986328125,25307.849609375,17263.0390625,1236.8900146484375,99.05999755859375,31.770000457763672,25250.347,21786.8,2.14,2.04,287.674,3.7,535547699999999.94,111.805792866925,2.739,2.283,0.10000000000000009,0.4560001,0
2022-03-15,2621.530029296875,2641.969970703125,2615.080078125,2630.31005859375,-0.009116804542244061,-0.009158616929028954,0.013488985530442144,44.48069545200893,36.714124118728165,-37.607071221112164,-36.41677112553398,604181621,9583002317208,-0.0505133315700087,-679033381195,-23833846539,-9864829314,106018559912,4262.4501953125,25346.48046875,16926.060546875,1242.050048828125,99.06999969482422,29.829999923706055,25250.347,21786.8,2.15,2.04,287.674,3.7,535547699999999.94,111.805792866925,2.753,2.285,0.10999999999999988,0.46799994,1
2022-03-16,2659.22998046875,2659.89990234375,2630.030029296875,2649.85009765625,0.014380896175347768,0.01427847188877576,0.013583572825533768,43.384974888392854,44.83985501180863,-35.7639817188101,-36.2862132441892,736353564,9310850792342,0.2187619391355169,-131871761121,273765018986,-1964919376,55278748888,4357.85986328125,25762.009765625,16940.830078125,1241.6800537109375,98.37999725341797,26.670000076293945,25250.347,21786.8,2.19,2.14,287.674,3.7,535547699999999.94,111.805792866925,2.768,2.268,0.04999999999999982,0.5,1
2022-03-17,2694.510009765625,2714.0,2694.510009765625,2703.27001953125,0.01326700945611936,0.013179773413378683,0.013733585046638764,45.564976283482146,47.41197398286603,-31.09803767231233,-35.24857812981383,546079006,11900904843703,-0.25840108244522597,463512579367,196816749376,30266992262,-30377624559,4411.669921875,26652.890625,17448.220703125,1223.0,98.01000213623047,25.670000076293945,25250.347,21786.8,2.2,2.14,287.674,3.7,535547699999999.94,111.805792866925,2.704,2.217,0.06000000000000005,0.487,1
2022-03-18,2707.02001953125,2708.159912109375,2688.7099609375,2695.639892578125,0.0046427772471748785,0.004632032800106088,0.013012833083828192,41.461390904017854,56.846824239702734,-26.090040416147986,-33.41687058708066,644017432,11442603703912,0.17934845493767249,-103084892427,-14116755494,-22578706555,52889687520,4463.1201171875,26827.4296875,17456.51953125,1210.3299560546875,98.2300033569336,23.8700008392334,25250.347,21786.8,2.14,2.15,287.674,3.7,535547699999999.94,111.805792866925,2.737,2.231,-0.009999999999999787,0.50600004,0
2022-03-21,2686.050048828125,2717.81005859375,2683.68994140625,2717.81005859375,-0.007746514821399875,-0.007776674925432973,0.01303986015956246,40.612112862723215,51.110795842660025,-23.541891620072875,-31.441874793679105,502401733,8693849794167,-0.2198942015594385,-491534894692,-182928566934,-20744308131,-59103540625,4461.18017578125,26827.4296875,17560.359375,1210.3699951171875,98.5,23.530000686645508,25250.347,21786.8,2.32,2.34,287.674,3.7,535547699999999.94,111.805792866925,2.741,2.268,-0.020000000000000018,0.47300005,1
2022-03-22,2710.0,2712.139892578125,2686.580078125,2686.679931640625,0.00891642029616091,0.008876903744455997,0.01322743523954075,39.55210658482143,51.28902275793107,-19.366657665048933,-29.026831367953072,489441786,9367506018394,-0.025795983868550865,219517391733,286692657816,16898216819,46538185790,4511.60986328125,27224.109375,17559.7109375,1219.780029296875,98.48999786376953,22.940000534057617,25250.347,21786.8,2.38,2.38,287.674,3.7,535547699999999.94,111.805792866925,2.832,2.399,0.0,0.4330001,1
2022-03-23,2735.050048828125,2742.27001953125,2720.830078125,2727.1201171875,0.009243560453182642,0.009201100203614362,0.013409399323581296,40.127110072544646,53.57961906314078,-13.876465826076583,-25.996758259577774,883375917,11838671696715,0.8048641171802198,57070890859,232957851846,-31053440149,55324695611,4456.240234375,28040.16015625,17731.369140625,1214.949951171875,98.62000274658203,23.56999969482422,25250.347,21786.8,2.32,2.32,287.674,3.7,535547699999999.94,111.805792866925,2.828,2.426,0.0,0.40199995,0
2022-03-24,2729.659912109375,2729.659912109375,2705.139892578125,2716.25,-0.001970763467768921,-0.0019727079772907667,0.013044182017585601,39.0714111328125,47.834608033494035,-9.84687952722561,-22.766782513107344,960897734,13177858819418,0.08775631699726305,1021864931280,-180997915324,11682574885,-25887459164,4520.16015625,28110.390625,17699.060546875,1218.010009765625,98.79000091552734,21.670000076293945,25250.347,21786.8,2.34,2.35,287.674,3.7,535547699999999.94,111.805792866925,2.856,2.455,-0.010000000000000231,0.40100002,1
2022-03-25,2729.97998046875,2740.949951171875,2722.360107421875,2740.830078125,0.00011725576433718743,0.00011724889041738484,0.013005326301179754,37.203543526785715,52.24309870507863,-6.552048574646051,-19.523835725415086,602771056,10824995141702,-0.3727000963039008,-554858526687,-114144174663,-27391188381,4344033625,4543.06005859375,28149.83984375,17676.94921875,1217.550048828125,98.80999755859375,20.809999465942383,25250.347,21786.8,2.48,2.51,287.674,3.7,535547699999999.94,111.805792866925,2.871,2.505,-0.029999999999999805,0.36599994,0
2022-03-28,2729.56005859375,2737.4599609375,2707.739990234375,2721.219970703125,-0.00015381866460717486,-0.00015383049591123144,0.011412926489106483,34.374267578125,62.735569411618854,-3.929459133740238,-16.404960407080118,768042550,9801744222798,0.27418618122898053,-264305353301,138182395834,-22403068883,3622736751,4575.52001953125,27943.890625,17520.009765625,1224.3800048828125,99.08999633789062,19.6299991607666,25250.347,21786.8,2.46,2.55,287.674,3.7,535547699999999.94,111.805792866925,3.031,2.747,-0.08999999999999986,0.28399992,1
2022-03-29,2741.070068359375,2754.179931640625,2733.219970703125,2745.6201171875,0.0042168003335874005,0.004207934545826776,0.011237180682459194,32.88282993861607,70.47376592480771,-0.9117662385219774,-13.30632157336849,732159279,10020299985146,-0.04672042063294535,-283226870969,425428489842,-44492193300,-34173799635,4631.60009765625,28252.419921875,17548.66015625,1223.6600341796875,98.4000015258789,18.899999618530273,25250.347,21786.8,2.41,2.54,287.674,3.7,535547699999999.94,111.805792866925,2.972,2.7,-0.1299999999999999,0.27199984,1
2022-03-30,2746.739990234375,2760.60009765625,2740.02001953125,2758.31005859375,0.0020685067267884882,0.0020663703123668916,0.011113855472257808,30.039254324776785,63.97960630843763,1.9152150254071785,-10.262014253613355,840134353,11099514114188,0.14747484201453376,-9345471822,225176255496,-62164841449,-28467342413,4602.4501953125,28027.25,17740.560546875,1209.1300048828125,97.79000091552734,19.329999923706055,25250.347,21786.8,2.35,2.49,287.674,3.7,535547699999999.94,111.805792866925,2.885,2.615,-0.14000000000000012,0.26999998,1
2022-03-31,2757.64990234375,2765.199951171875,2743.199951171875,2743.239990234375,0.003971949346557535,0.003964081981388116,0.011134524263847445,29.250680106026785,71.00202714566186,4.978566952875553,-7.213898012315575,1030288741,9729367389375,0.22633807000152517,-173867006193,163084812826,-3976002544,6568850207,4530.41015625,27821.4296875,17693.470703125,1210.43994140625,98.30999755859375,20.559999465942383,25250.347,21786.8,2.32,2.45,287.674,3.7,535547699999999.94,111.805792866925,2.969,2.663,-0.13000000000000034,0.306,0
2022-04-01,2739.85009765625,2745.85009765625,2729.679931640625,2745.85009765625,-0.006454700675517899,-0.0064756223332082755,0.010665550939743378,29.216395786830358,70.3368640315739,5.90196575912114,-4.590725258028232,1305564027,10689584093613,0.26718265962298826,-72594005014,-609557628380,-24363171288,-114608329473,4545.85986328125,27665.98046875,17625.58984375,1214.5,98.62999725341797,19.6299991607666,25861.292,21769.5,2.39,2.61,288.561,3.7,543997600000000.0,112.63859106007,3.007,2.784,-0.21999999999999975,0.22300005,1
2022-04-04,2757.89990234375,2758.3798828125,2722.449951171875,2729.860107421875,0.006587880374528732,0.006566275127226708,0.010361031930595243,29.599260602678573,80.23326177864813,7.998037952656887,-2.0729726158912083,1022970584,9744917655977,-0.21645314757129108,23158344197,21387342238,29312275520,-22586713153,4582.64013671875,27736.470703125,17625.58984375,1218.780029296875,98.98999786376953,18.56999969482422,25861.292,21769.5,2.42,2.61,288.561,3.7,543997600000000.0,112.63859106007,3.065,2.837,-0.18999999999999995,0.22800016,1
2022-04-05,2759.199951171875,2769.179931640625,2750.5,2765.5,0.00047139086774694583,0.0004712797979753281,0.00869721010765147,28.192836216517858,76.42895407751638,9.652821623879845,0.2721862320630024,1605993694,9933180821147,0.569931451714158,11939645240,-191823533618,-22741924616,-12253204682,4525.1201171875,27787.98046875,17625.58984375,1213.9000244140625,99.47000122070312,21.030000686645508,25861.292,21769.5,2.54,2.69,288.561,3.7,543997600000000.0,112.63859106007,3.08,2.879,-0.1499999999999999,0.20099998,0
2022-04-06,2735.030029296875,2747.85009765625,2730.659912109375,2739.070068359375,-0.008759757285706882,-0.008798349497119369,0.008539435389176576,26.319266183035715,61.380779189432346,8.911215956047272,1.9999921768598565,1321644983,11014544531112,-0.17705468711510397,-589421142028,-442441268988,-8481321855,-96173913723,4481.14990234375,27350.30078125,17522.5,1218.75,99.5999984741211,22.100000381469727,25861.292,21769.5,2.61,2.67,288.561,3.7,543997600000000.0,112.63859106007,3.129,2.941,-0.06000000000000005,0.18799996,0
2022-04-07,2695.860107421875,2718.5,2693.360107421875,2714.699951171875,-0.014321569216945607,-0.014425112681586078,0.007957415826773135,27.906406947544642,47.27380729441879,5.103967423346603,2.620787226157206,999275955,12291042906435,-0.24391499392541482,-769583081966,-382997421879,-59294838223,-18955363726,4500.2099609375,26888.5703125,17178.630859375,1217.5999755859375,99.75,21.549999237060547,25861.292,21769.5,2.66,2.66,288.561,3.7,543997600000000.0,112.63859106007,3.128,2.905,0.0,0.22300005,1
2022-04-08,2700.389892578125,2712.0,2685.52001953125,2706.639892578125,0.0016802745601596225,0.0016788644781897952,0.007766710560812589,27.360682896205358,53.80894079073653,2.4242659082151476,2.5814829625687943,948355122,10296234348228,-0.050957728688668436,-458770365621,-3067762383,6024976984,18636822200,4488.27978515625,26985.80078125,17284.5390625,1222.6600341796875,99.80000305175781,21.15999984741211,25861.292,21769.5,2.72,2.73,288.561,3.7,543997600000000.0,112.63859106007,3.169,2.987,-0.009999999999999787,0.18199992,0
2022-04-11,2693.10009765625,2711.02001953125,2683.9599609375,2687.5400390625,-0.002699534219821609,-0.002703184533234248,0.00765563328496044,27.429983956473215,45.07518625816036,-0.2843643997812251,2.0083134900987907,742601512,8831630373027,-0.21695840010447054,-135729827164,-41938584939,32476703632,15031592938,4412.52978515625,26821.51953125,17048.369140625,1228.239990234375,99.93000030517578,24.3700008392334,25861.292,21769.5,2.79,2.73,288.561,3.7,543997600000000.0,112.63859106007,3.305,3.186,0.06000000000000005,0.11899996,0
2022-04-12,2666.760009765625,2685.080078125,2658.39990234375,2674.169921875,-0.009780582576023877,-0.009828726649043143,0.0077032394176715265,27.603567940848215,30.248053870227892,-4.504473624958791,0.7057560670872745,870969540,9853720362264,0.1728625998272948,-468298119861,-92536245916,-4940087640,-50276354221,4397.4501953125,26334.98046875,16990.91015625,1235.050048828125,100.29000091552734,24.260000228881836,25861.292,21769.5,2.72,2.58,288.561,3.7,543997600000000.0,112.63859106007,3.313,3.105,0.14000000000000012,0.20799994,1
2022-04-13,2716.489990234375,2717.6298828125,2672.60009765625,2677.530029296875,0.018648089924342637,0.01847634613906499,0.008133415852909484,29.100690569196427,46.968375430487995,-3.7924300047279758,-0.19388114727577554,733240925,9645445517007,-0.15813252780344078,-63259789179,326598915824,63421809617,151034643309,4446.58984375,26843.490234375,17301.650390625,1228.5999755859375,99.87999725341797,21.81999969482422,25861.292,21769.5,2.7,2.57,288.561,3.7,543997600000000.0,112.63859106007,3.287,3.001,0.13000000000000034,0.286,1
2022-04-14,2716.7099609375,2720.300048828125,2702.610107421875,2719.340087890625,8.097607718626776e-05,8.097279880070886e-05,0.007617581822668406,29.036411830357142,46.94392529670137,-3.173794975468809,-0.7898639129143822,665351048,11419812319490,-0.0925887722374471,-254943274782,86408514458,77558545291,-104587902957,4392.58984375,27172.0,17245.650390625,1223.1199951171875,100.31999969482422,22.700000762939453,25861.292,21769.5,2.83,2.67,288.561,3.7,543997600000000.0,112.63859106007,3.22,2.888,0.16000000000000014,0.33200002,0
2022-04-15,2696.06005859375,2705.409912109375,2685.010009765625,2695.52001953125,-0.007601069912013703,-0.0076301052706886545,0.0077521800410903854,29.177839006696427,42.94258028678997,-4.300226464577008,-1.4919364232469075,693717683,9570267540535,0.04263408780262412,-321038895631,-503204524886,42198386535,9349143213,4392.58984375,27093.189453125,17004.1796875,1230.0999755859375,100.31999969482422,22.700000762939453,25861.292,21769.5,2.83,2.67,288.561,3.7,543997600000000.0,112.63859106007,3.301,2.944,0.16000000000000014,0.3570001,0
2022-04-18,2693.2099609375,2701.110107421875,2681.3701171875,2685.0400390625,-0.0010571343346619244,-0.0010576934952693379,0.007549626227963909,28.829275948660715,39.53552428872953,-5.361111045834605,-2.265771347764447,1024914928,9050332417145,0.4774236740913522,-96162606678,-52159447197,36772639383,41543679644,4391.68994140625,26799.7109375,16898.869140625,1228.0899658203125,100.77999877929688,22.170000076293945,25861.292,21769.5,2.85,2.68,288.561,3.7,543997600000000.0,112.63859106007,3.355,2.99,0.16999999999999993,0.365,1
2022-04-19,2718.889892578125,2723.97998046875,2705.320068359375,2707.760009765625,0.009535064853126274,0.0094898930393572,0.007588138073264316,29.55712890625,44.40061651433789,-4.082651586361408,-2.629147395483839,1257385350,9779975371254,0.2268192370401303,31640085566,150318191845,24210659811,127616201946,4462.2099609375,26985.08984375,16993.400390625,1235.3499755859375,100.95999908447266,21.3700008392334,25861.292,21769.5,2.93,2.81,288.561,3.7,543997600000000.0,112.63859106007,3.35,2.981,0.1200000000000001,0.36899996,0
2022-04-20,2718.68994140625,2724.4599609375,2702.840087890625,2718.489990234375,-7.354147456317683e-05,-7.354417887000392e-05,0.007284080114772528,29.529976981026785,41.814412133423346,-3.0504341365376604,-2.7134047436946034,1736282680,12283912938601,0.38086759162574935,94290153124,-252710464996,43688028366,52097206739,4459.4501953125,27217.849609375,17148.880859375,1239.5999755859375,100.38999938964844,20.31999969482422,25861.292,21769.5,2.85,2.79,288.561,3.7,543997600000000.0,112.63859106007,3.313,2.957,0.06000000000000005,0.35599995,1
2022-04-21,2728.2099609375,2737.5400390625,2725.0400390625,2725.7099609375,0.0035016937335361487,0.0034955770789760455,0.0073205254783352495,28.878557477678573,47.466221961464555,-1.447522221658346,-2.460228239287352,1002973383,11482591241019,-0.4223444174424409,-57715515912,510369492186,14471454289,75904767497,4393.66015625,27553.060546875,17127.94921875,1234.0899658203125,100.58000183105469,22.68000030517578,25861.292,21769.5,2.9,2.87,288.561,3.7,543997600000000.0,112.63859106007,3.296,2.927,0.029999999999999805,0.36899996,0
2022-04-22,2704.7099609375,2708.580078125,2690.47998046875,2704.719970703125,-0.008613706546223732,-0.008651018936287053,0.007569774201101002,29.007132393973215,38.6901820235638,-2.0498274482160923,-2.3781480810731,1239909929,12120588065484,0.2362341314495282,-156512116607,-597163274665,163067146,-63253995454,4271.77978515625,27105.259765625,17025.08984375,1242.489990234375,101.22000122070312,28.209999084472656,25861.292,21769.5,2.9,2.88,288.561,3.7,543997600000000.0,112.63859106007,3.314,2.971,0.020000000000000018,0.34299994,0
2022-04-25,2657.1298828125,2680.35009765625,2657.0400390625,2676.669921875,-0.01759156390599015,-0.01774813439688452,0.00849724659980229,31.077845982142858,31.865780079549936,-6.293920938273914,-3.161302652513263,1018005341,11698115888010,-0.1789683127862105,-709878216476,-237389341921,-34074930524,-7669727215,4296.1201171875,26590.779296875,16620.900390625,1243.1600341796875,101.75,27.020000457763672,25861.292,21769.5,2.81,2.79,288.561,3.7,543997600000000.0,112.63859106007,3.188,2.857,0.020000000000000018,0.33099985,1
2022-04-26,2668.31005859375,2678.050048828125,2663.830078125,2674.0,0.004207613580942571,0.0041987863273713075,0.008496932207850865,30.5335693359375,37.57263337301699,-8.655473941515993,-4.260136910313809,889941868,10807853191333,-0.1257984293817177,-245268167021,140367609713,31248811925,135385930378,4175.2001953125,26700.109375,16644.7890625,1249.2099609375,102.30000305175781,33.52000045776367,25861.292,21769.5,2.77,2.72,288.561,3.7,543997600000000.0,112.63859106007,3.19,2.83,0.04999999999999982,0.36000013,0
2022-04-27,2639.06005859375,2641.820068359375,2615.5,2630.580078125,-0.01096199443006829,-0.01102251981674945,0.008721438457771851,31.329293387276785,39.01437061395017,-12.740388984608671,-5.956187325172783,1072367495,12558710512739,0.2049860036476001,-681077661566,-99438283026,-157841836820,97485725465,4183.9599609375,26386.630859375,16303.349609375,1260.7099609375,102.94999694824219,31.600000381469727,25861.292,21769.5,2.82,2.75,288.561,3.7,543997600000000.0,112.63859106007,3.185,2.899,0.06999999999999984,0.286,1
2022-04-28,2667.489990234375,2667.489990234375,2638.3701171875,2656.5400390625,0.010772749012682326,0.010715136347231402,0.009087372452345553,31.517857142857142,44.17535736761664,-13.52771660561848,-7.470493181261922,899168711,12463396003912,-0.1615106619769373,-37759147510,-53021344877,122258213424,115356603569,4287.5,26847.900390625,16419.380859375,1266.280029296875,103.62000274658203,29.989999771118164,25861.292,21769.5,2.85,2.8,288.561,3.7,543997600000000.0,112.63859106007,3.166,2.925,0.050000000000000266,0.24099994,1
2022-04-29,2695.050048828125,2696.10009765625,2664.06005859375,2669.179931640625,0.010331832057344892,0.010278823484985806,0.009387574744120797,31.873570033482142,50.32210346832884,-11.791883525077537,-8.334771250025046,975253172,12664752150376,0.08461644635675047,14302129054,206089251877,79552561995,116589483205,4131.93017578125,26847.900390625,16592.1796875,1272.2900390625,102.95999908447266,33.400001525878906,25861.292,21769.5,2.89,2.87,288.561,3.7,543997600000000.0,112.63859106007,3.242,2.958,0.020000000000000018,0.28400016,0
2022-05-02,2687.449951171875,2689.909912109375,2667.85009765625,2669.2099609375,-0.0028200209712448965,-0.0028240047216531896,0.00923201972003034,31.337838309151785,53.64323422695305,-10.903795499795251,-8.848576099979088,873722720,9075648672047,-0.10410676418697151,-68119155591,-95990371425,35822074212,-5161221983,4155.3798828125,26818.529296875,16592.1796875,1262.530029296875,103.73999786376953,32.34000015258789,25861.292,21719.5,2.99,2.93,291.298,3.6,543997600000000.0,113.387055258971,3.38,3.086,0.06000000000000005,0.29400015,0
2022-05-03,2680.4599609375,2702.10009765625,2680.4599609375,2690.159912109375,-0.0026009750363265027,-0.0026043634486220897,0.009226684541926938,29.25,42.53140444758436,-10.641346319199329,-9.207130143823136,883402977,9199338259039,0.011079323884355397,115033804975,-176100100045,15882503585,-45937944071,4175.47998046875,26818.529296875,16498.900390625,1266.75,103.47000122070312,29.25,25861.292,21719.5,2.97,2.95,291.298,3.6,543997600000000.0,113.387055258971,3.406,3.139,0.020000000000000018,0.26699996,0
2022-05-04,2677.570068359375,2696.030029296875,2667.22998046875,2690.449951171875,-0.0010781330891860286,-0.001078714692733293,0.009063012283956421,30.0435791015625,41.97558795234515,-10.544987579162353,-9.47470163089098,1181019910,9903933505101,0.3368982681162054,30611358580,64416224156,-29875135904,-58398123890,4300.169921875,26818.529296875,16565.830078125,1261.06005859375,102.58999633789062,25.420000076293945,25861.292,21719.5,2.93,2.85,291.298,3.6,543997600000000.0,113.387055258971,3.434,3.178,0.08000000000000007,0.25600004,0
2022-05-06,2644.510009765625,2652.510009765625,2635.969970703125,2650.889892578125,-0.01234703770572354,-0.012423895676548483,0.00891758710170268,30.750732421875,39.94303486970893,-12.986591672603936,-10.177079639233572,1333935834,10595418478532,0.12947785444192883,-486320025981,-153398176099,-34421446420,11477544006,4123.33984375,27003.560546875,16408.19921875,1268.699951171875,103.66000366210938,30.190000534057617,25861.292,21719.5,3.12,2.94,291.298,3.6,543997600000000.0,113.387055258971,3.431,3.146,0.18000000000000016,0.2850001,0
2022-05-10,2596.56005859375,2602.75,2553.010009765625,2590.1298828125,-0.01813188492189699,-0.018298282011498492,0.009691501954785034,35.87644740513393,33.965981203634854,-18.576601335904343,-11.856983978567726,841463317,10842463041698,-0.05734526287592501,-317712396806,95595950994,3521954987,663569341,4001.050048828125,26167.099609375,16061.7001953125,1274.8599853515625,103.91999816894531,32.9900016784668,25861.292,21719.5,2.99,2.81,291.298,3.6,543997600000000.0,113.387055258971,3.403,3.046,0.18000000000000016,0.3570001,0
2022-05-11,2592.27001953125,2599.110107421875,2579.090087890625,2586.52001953125,-0.0016522009757876654,-0.0016535673650603896,0.009690109970982115,35.108590262276785,27.389328099427928,-23.086764714291803,-14.102940125712541,679509759,8608259453968,-0.19246656952010666,-289980981821,-129382417854,25660467127,666345710,3935.179931640625,26213.640625,16006.25,1276.550048828125,103.8499984741211,32.560001373291016,25861.292,21719.5,2.91,2.81,291.298,3.6,543997600000000.0,113.387055258971,3.269,2.928,0.10000000000000009,0.34100008,0
2022-05-12,2550.080078125,2591.570068359375,2546.800048828125,2569.5,-0.01627528810207779,-0.016409185402604456,0.010077197746523717,36.812168666294646,23.81755014891513,-29.72285083843508,-17.22692226825705,900330795,12167915258889,0.3249711031743989,-282071993178,-41551434071,32749485050,-102547161335,3930.080078125,25748.720703125,15616.6796875,1278.1500244140625,104.8499984741211,31.770000457763672,25861.292,21719.5,2.84,2.73,291.298,3.6,543997600000000.0,113.387055258971,3.169,2.9,0.10999999999999988,0.26899981,1
2022-05-13,2604.239990234375,2605.840087890625,2565.9599609375,2570.010009765625,0.021238514262343244,0.021016120384490942,0.010363881162464299,39.44859095982143,33.093319180644556,-30.262892837647087,-19.834116382135058,788539195,10342060894273,-0.1241672512157046,68441056844,628552831291,41361508960,125622094098,4023.889892578125,26427.650390625,15832.5400390625,1290.75,104.55999755859375,28.8700008392334,25861.292,21719.5,2.93,2.79,291.298,3.6,543997600000000.0,113.387055258971,3.221,2.911,0.14000000000000012,0.30999994,0
2022-05-16,2596.580078125,2629.199951171875,2593.610107421875,2624.68994140625,-0.002941323433362064,-0.0029456576260600124,0.010352296069447691,39.295724051339285,34.58766344941246,-30.95217351427118,-22.057727808562284,780198956,8528536948653,-0.01057682237342683,1773840081,-104803349360,-20564999388,14083306124,4008.010009765625,26547.05078125,15901.0400390625,1277.5699462890625,104.19000244140625,27.469999313354492,25861.292,21719.5,2.88,2.75,291.298,3.6,543997600000000.0,113.387055258971,3.277,3.046,0.1299999999999999,0.23099995,1
2022-05-17,2620.43994140625,2621.840087890625,2603.580078125,2603.580078125,0.009188957229649297,0.009146995621897308,0.010571766807860379,37.695016043526785,44.39111487984427,-29.236125993301357,-23.4934074455101,873519449,9658877230199,0.1196111482620339,-52423752269,475989183573,-3381491417,64122542669,4088.85009765625,26659.75,16056.08984375,1279.8499755859375,103.36000061035156,26.100000381469727,25861.292,21719.5,2.98,2.89,291.298,3.6,543997600000000.0,113.387055258971,3.287,3.031,0.08999999999999986,0.25600004,1
2022-05-18,2625.97998046875,2644.1298828125,2618.0,2634.75,0.0021141637230299715,0.0021119320238042368,0.010601239691953939,38.067138671875,43.415344043944295,-27.116528654299145,-24.218031687267914,870268210,10047167987534,-0.003721999554471278,297282181606,-317932456648,21969619339,-277833480350,3923.679931640625,26911.19921875,16296.8603515625,1266.6600341796875,103.80999755859375,30.959999084472656,25861.292,21719.5,2.89,2.84,291.298,3.6,543997600000000.0,113.387055258971,3.32,3.069,0.050000000000000266,0.25099993,0
2022-05-19,2592.340087890625,2597.7900390625,2568.5400390625,2576.239990234375,-0.012810414713108398,-0.012893175636569897,0.010587683114967338,38.39784458705357,42.830392407368144,-27.830379393172734,-24.940501228448877,677595162,9883989670611,-0.22139502027771418,-90912806727,-354620109814,-31408995769,32551119920,3900.7900390625,26402.83984375,16020.3203125,1275.5799560546875,102.72000122070312,29.350000381469727,25861.292,21719.5,2.84,2.78,291.298,3.6,543997600000000.0,113.387055258971,3.307,3.046,0.06000000000000005,0.26099992,1
2022-05-20,2639.2900390625,2641.679931640625,2605.3798828125,2605.780029296875,0.01811103079846199,0.017948979762880964,0.011520466319972073,39.842128208705354,45.905212295671845,-24.32721358919798,-24.817843700598697,755652901,9634339029530,0.11519819410989252,196631339178,741776618550,17237605561,92764970980,3901.360107421875,26739.029296875,16144.849609375,1263.550048828125,103.1500015258789,29.43000030517578,25861.292,21719.5,2.78,2.73,291.298,3.6,543997600000000.0,113.387055258971,3.245,3.011,0.04999999999999982,0.23399997,1
2022-05-23,2647.3798828125,2653.8701171875,2634.2900390625,2651.6298828125,0.0030651590504520154,0.003060471027697035,0.011510978824854924,38.95213099888393,42.66317968835131,-20.659991152019302,-23.98627319088282,644204838,7815203608813,-0.1474857872609424,-30385454407,344672244071,-39269196545,-58483783111,3973.75,27001.51953125,16156.41015625,1273.2099609375,102.08000183105469,28.479999542236328,25861.292,21719.5,2.86,2.8,291.298,3.6,543997600000000.0,113.387055258971,3.258,3.018,0.06000000000000005,0.24000001,0
2022-05-24,2605.8701171875,2646.989990234375,2605.8701171875,2638.93994140625,-0.015679565254118843,-0.015803789873777882,0.011850825910893275,39.97426060267857,38.63090900059133,-20.862690020018817,-23.36155655671002,851235794,8703525826182,0.32137441973076264,-325411915774,-168172875485,-13824499693,-36501837642,3941.47998046875,26748.140625,15963.6298828125,1258.8199462890625,101.86000061035156,29.450000762939453,25861.292,21719.5,2.76,2.66,291.298,3.6,543997600000000.0,113.387055258971,3.214,2.967,0.09999999999999964,0.24699998,1
2022-05-25,2617.219970703125,2630.169921875,2602.93994140625,2621.75,0.004355494712021457,0.004346036997002269,0.011309371627050369,40.37353515625,41.29258977139565,-19.878346801164753,-22.66491460560097,712611488,8353418910949,-0.16285065428063994,-165483309701,550995729373,-6668480093,36048417829,3978.72998046875,26677.80078125,16104.0302734375,1260.989990234375,102.05999755859375,28.3700008392334,25861.292,21719.5,2.75,2.63,291.298,3.6,543997600000000.0,113.387055258971,3.177,2.946,0.1200000000000001,0.23099995,0
2022-05-26,2612.449951171875,2641.909912109375,2602.010009765625,2616.989990234375,-0.001822552014979717,-0.001824214883653634,0.011250508379612738,41.1663818359375,41.07990138571002,-19.261118238445306,-21.984155332169838,595849280,8613523897667,-0.16385114465064587,37674326836,-33188699677,-31192976555,-79709902515,4057.840087890625,26604.83984375,15968.830078125,1266.5999755859375,101.83000183105469,27.5,25861.292,21719.5,2.75,2.63,291.298,3.6,543997600000000.0,113.387055258971,3.238,2.955,0.1200000000000001,0.283,1
2022-05-27,2638.050048828125,2644.7099609375,2631.489990234375,2640.75,0.009799268171536202,0.009751566716268105,0.011241079013094783,40.499232700892854,49.096658250043355,-16.51586165133267,-20.890496596002404,590813776,8028158869516,-0.008450969345805026,275985972849,498058890065,15844165435,27692204110,4158.240234375,26781.6796875,16266.2197265625,1258.8900146484375,101.66999816894531,25.719999313354492,25861.292,21719.5,2.74,2.64,291.298,3.6,543997600000000.0,113.387055258971,3.212,2.947,0.10000000000000009,0.26499987,1
2022-05-30,2669.659912109375,2672.739990234375,2654.179931640625,2662.31005859375,0.011982283389692316,0.011911064180108094,0.011304188464055022,36.441371372767854,60.71157449774011,-11.655220113052565,-19.043441299412436,469797632,7473951584916,-0.20482959083878916,354086528028,315361145945,55589726873,20914943865,4158.240234375,27369.4296875,16610.619140625,1251.5899658203125,101.66999816894531,25.719999313354492,25861.292,21719.5,2.74,2.64,291.298,3.6,543997600000000.0,113.387055258971,3.211,2.942,0.10000000000000009,0.26900005,1
2022-05-31,2685.89990234375,2685.89990234375,2654.320068359375,2666.8798828125,0.006083168182101195,0.00606474040959963,0.011141412700866542,37.26707240513393,63.25567891163987,-6.418704357947718,-16.518493911119492,671679086,13970895517957,0.42972003315674434,1057344614578,-572452758116,8223461867,-5244614539,4132.14990234375,27279.80078125,16807.76953125,1236.1700439453125,101.75,26.190000534057617,25861.292,21719.5,2.85,2.71,291.298,3.6,543997600000000.0,113.387055258971,3.326,3.027,0.14000000000000012,0.29900002,0
2022-06-02,2658.989990234375,2674.0,2653.590087890625,2670.739990234375,-0.010018955690006548,-0.010069483198433456,0.011348129817950853,36.327061244419646,66.11623035665643,-4.389533101471443,-14.092701749189883,525259148,7860485371460,-0.21799091419082828,-90906228346,-669116072115,-24754697807,3008796346,4176.81982421875,27413.880859375,16552.5703125,1246.949951171875,101.7699966430664,24.719999313354492,25861.292,21651.2,2.92,2.83,294.957,3.6,543997600000000.0,114.082810711471,3.421,3.125,0.08999999999999986,0.296,1
2022-06-03,2670.64990234375,2681.510009765625,2663.0,2679.570068359375,0.0043850906367448594,0.004375504141681287,0.011388309839361378,33.95277622767857,61.24109750039878,-1.8195679533250768,-11.638074990016923,562469813,7566757988438,0.07084248821117156,-8818167402,213500738539,5650424951,64349511742,4108.5400390625,27761.5703125,16552.5703125,1240.8399658203125,102.13999938964844,24.790000915527344,25861.292,21651.2,2.96,2.87,294.957,3.6,543997600000000.0,114.082810711471,3.405,3.121,0.08999999999999986,0.28399992,0
2022-06-07,2626.340087890625,2662.0400390625,2622.780029296875,2659.27001953125,-0.01659139762731121,-0.016730576459998654,0.011975719079704527,34.829921177455354,54.48140520326375,-3.320012731484894,-9.974462538310519,524710380,8948923639761,-0.06713148355216714,-208898549689,-686304371143,-22724924942,-38812499655,4160.68017578125,27943.94921875,16512.880859375,1254.47998046875,102.31999969482422,24.020000457763672,25861.292,21651.2,2.98,2.91,294.957,3.6,543997600000000.0,114.082810711471,3.538,3.232,0.06999999999999984,0.306,0
2022-06-08,2626.14990234375,2639.52001953125,2621.9599609375,2633.530029296875,-7.241466851604095e-05,-7.241729058473402e-05,0.01166827528059428,34.27992466517857,50.92583209297907,-4.472911473309523,-8.87415232531032,576389702,7964335124403,0.09849113714884017,-124454248340,10901849654,1844518710,27990548527,4115.77001953125,28234.2890625,16670.509765625,1254.5799560546875,102.54000091552734,23.959999084472656,25861.292,21651.2,3.03,2.94,294.957,3.6,543997600000000.0,114.082810711471,3.472,3.209,0.08999999999999986,0.26299977,0
2022-06-09,2625.43994140625,2627.8798828125,2606.610107421875,2618.919921875,-0.00027034288365124226,-0.00027037943287597634,0.010878225373292956,33.932774135044646,49.911042905309756,-5.381841428747066,-8.17569014599767,814882844,10857975089630,0.41377065060749474,-937286496836,632435852523,43615125400,-106421165474,4017.820068359375,28246.529296875,16621.33984375,1256.739990234375,103.22000122070312,26.09000015258789,25861.292,21651.2,3.04,2.99,294.957,3.6,543997600000000.0,114.082810711471,3.471,3.171,0.04999999999999982,0.29999995,0
2022-06-10,2595.8701171875,2602.800048828125,2583.739990234375,2596.3701171875,-0.011262807330839841,-0.011326713036847454,0.011192010885817226,32.80848911830357,50.58938143279323,-8.39148088787897,-8.218848294373931,724089803,8285964062392,-0.11141852067264779,-851670598062,-292623268513,-20851861952,97591011429,3900.860107421875,27824.2890625,16460.119140625,1264.02001953125,104.1500015258789,27.75,25861.292,21651.2,3.15,3.21,294.957,3.6,543997600000000.0,114.082810711471,3.495,3.275,-0.06000000000000005,0.21999979,0
2022-06-13,2504.510009765625,2550.320068359375,2504.510009765625,2550.2099609375,-0.03519440622894465,-0.03582865517045209,0.013334228789753898,35.8099365234375,30.402994897513636,-17.941816886517245,-10.163442012802594,660309279,10335873891430,-0.08808372074257753,-500936156417,-19960737892,-28707886347,-21452791231,3749.6298828125,26987.439453125,16070.98046875,1278.280029296875,105.08000183105469,34.02000045776367,25861.292,21651.2,3.43,3.56,294.957,3.6,543997600000000.0,114.082810711471,3.654,3.514,-0.1299999999999999,0.1400001,0
2022-06-14,2492.969970703125,2503.169921875,2457.389892578125,2472.9599609375,-0.004607703310229527,-0.004618351496840659,0.012309183247305167,37.77708217075893,27.771830393888635,-26.140381632470508,-13.358829936736178,671756827,9992819780261,0.017336645666007566,-281091726857,196842397908,1888361783,37630740420,3735.47998046875,26629.859375,16047.3701171875,1291.800048828125,105.5199966430664,32.689998626708984,25861.292,21651.2,3.49,3.6,294.957,3.6,543997600000000.0,114.082810711471,3.691,3.548,-0.10999999999999988,0.14299989,0
2022-06-15,2447.3798828125,2495.5400390625,2436.0400390625,2490.010009765625,-0.018287459707252984,-0.01845674230724035,0.012837071540415516,39.062098911830354,27.449363403813052,-35.90267861123084,-17.867599671635112,714143493,9936928113647,0.06309822884762428,-460947268291,165801242824,-57685217468,-51168852286,3789.989990234375,26326.16015625,15999.25,1289.47998046875,105.16000366210938,29.6200008392334,25861.292,21651.2,3.33,3.35,294.957,3.6,543997600000000.0,114.082810711471,3.795,3.666,-0.020000000000000018,0.12900019,1
2022-06-16,2451.409912109375,2500.360107421875,2447.330078125,2481.659912109375,0.0016466709255793521,0.001645316649504973,0.01257158585214978,40.904959542410715,25.90599350641979,-42.82057073203305,-22.858193883714698,584041265,9588186586438,-0.18217939290248497,145687672170,13518358975,-7955205617,682634490,3666.77001953125,26431.19921875,15838.6103515625,1278.1600341796875,103.62999725341797,32.95000076293945,25861.292,21651.2,3.28,3.33,294.957,3.6,543997600000000.0,114.082810711471,3.767,3.728,-0.050000000000000266,0.039000034,0
2022-06-17,2440.929931640625,2441.340087890625,2396.469970703125,2409.719970703125,-0.004275082848030243,-0.004284247142781466,0.012506946693993914,41.979248046875,25.483116738089592,-48.58859780729654,-28.004274668431066,634896746,11201571607435,0.08707515041766789,-390174301940,400824600077,-14867217619,-22663672667,3674.840087890625,25963.0,15641.259765625,1288.1800537109375,104.69999694824219,31.1299991607666,25861.292,21651.2,3.25,3.35,294.957,3.6,543997600000000.0,114.082810711471,3.795,3.745,-0.10000000000000009,0.05000019,0
2022-06-20,2391.030029296875,2449.889892578125,2372.35009765625,2449.889892578125,-0.020442988427042064,-0.020654838520615067,0.012922254161177593,45.21351841517857,16.98472634815886,-56.53461011525451,-33.71034175779576,592701890,9092289259636,-0.0664593987382005,-665852399783,499824552251,2030978847,-9230276569,3674.840087890625,25771.220703125,15367.580078125,1290.5,104.69999694824219,31.1299991607666,25861.292,21651.2,3.25,3.35,294.957,3.6,543997600000000.0,114.082810711471,3.784,3.675,-0.10000000000000009,0.10899997,1
2022-06-21,2408.929931640625,2423.47998046875,2385.60009765625,2402.989990234375,0.007486272495295099,0.007458389431031975,0.012173882684968157,45.441371372767854,13.826655177366078,-60.68793683491958,-39.10586077322053,479678348,7440755424721,-0.19069205600137362,-320130504579,500888893826,2370695805,-11902729084,3764.7900390625,26246.310546875,15728.6396484375,1292.3800048828125,104.44000244140625,30.190000534057617,25861.292,21651.2,3.31,3.35,294.957,3.6,543997600000000.0,114.082810711471,3.775,3.663,-0.040000000000000036,0.11199999,0
2022-06-22,2342.81005859375,2418.050048828125,2342.81005859375,2417.110107421875,-0.02744781912433769,-0.02783154850157405,0.013081222390685605,48.55995396205357,8.187262565577129,-68.52488710808348,-44.98966604019312,532138957,8690134078974,0.10936622263383877,-320221766684,35768962223,-42851418825,-33092079769,3759.889892578125,26149.55078125,15347.75,1291.5999755859375,104.19999694824219,28.950000762939453,25861.292,21651.2,3.16,3.2,294.957,3.6,543997600000000.0,114.082810711471,3.682,3.522,-0.040000000000000036,0.15999985,0
2022-06-23,2314.320068359375,2361.22998046875,2306.47998046875,2347.840087890625,-0.012160606076395242,-0.012235151205536013,0.012965880859615161,50.16282435825893,8.15585179283623,-76.15674324270003,-51.2230814806945,749660688,10212365984694,0.40876866491095853,-296146879581,974377046701,19624388395,-25009595847,3795.72998046875,26171.25,15176.4404296875,1297.6800537109375,104.43000030517578,29.049999237060547,25861.292,21651.2,3.09,3.12,294.957,3.6,543997600000000.0,114.082810711471,3.726,3.608,-0.03000000000000025,0.11800003,1
2022-06-24,2366.60009765625,2373.47998046875,2319.989990234375,2327.110107421875,0.022589800784960756,0.02233842980702205,0.014274709623629206,52.779959542410715,16.401088643275088,-77.09774792570943,-56.39801476969749,654445552,8469155606714,-0.12701097646459492,-33735936565,551765297515,8901879106,16210429718,3911.739990234375,26491.970703125,15303.3203125,1299.81005859375,104.19000244140625,27.229999542236328,25861.292,21651.2,3.13,3.13,294.957,3.6,543997600000000.0,114.082810711471,3.635,3.523,0.0,0.11199999,1
2022-06-27,2401.919921875,2418.93994140625,2365.860107421875,2383.199951171875,0.014924289174892191,0.014814017765714083,0.014940835632572405,53.152099609375,24.697810561339907,-74.13885965790223,-59.94618374733844,510587331,7656358037502,-0.21981694361030668,266273068853,-286643384372,47490242726,-34119249417,3900.110107421875,26871.26953125,15548.009765625,1288.2900390625,103.94000244140625,26.950000762939453,25861.292,21651.2,3.2,3.21,294.957,3.6,543997600000000.0,114.082810711471,3.72,3.568,-0.009999999999999787,0.15199995,1
2022-06-28,2422.090087890625,2422.10009765625,2393.9599609375,2405.199951171875,0.008397518098721468,0.008362455101626916,0.014875647023141094,53.90781947544643,27.985161702569258,-69.36673897210176,-61.830294792291106,564985557,7193433718663,0.10654049306993096,-35441901944,-36734927724,-2866212353,-47597426134,3821.550048828125,27049.470703125,15439.919921875,1286.199951171875,104.51000213623047,28.360000610351562,25861.292,21651.2,3.2,3.21,294.957,3.6,543997600000000.0,114.082810711471,3.68,3.552,-0.009999999999999787,0.12800002,0
2022-06-29,2377.989990234375,2393.25,2375.449951171875,2387.10009765625,-0.018207455567706088,-0.018375251161417958,0.014681985055829726,55.71998814174107,25.589422641093194,-68.35535033931365,-63.13530590169562,422127378,7965810495235,-0.25285279814683825,-232925576404,-407337058782,-20592893721,-39956101845,3818.830078125,26804.599609375,15240.1298828125,1292.030029296875,105.11000061035156,28.15999984741211,25861.292,21651.2,3.1,3.13,294.957,3.6,543997600000000.0,114.082810711471,3.667,3.552,-0.029999999999999805,0.11500001,0
2022-06-30,2332.639892578125,2368.570068359375,2332.590087890625,2368.570068359375,-0.01907076894456583,-0.019254961615866904,0.014698072843250141,55.98427036830357,24.816776623271068,-70.40164509430224,-64.58857374021694,515396401,8923480624878,0.22094994985139293,-233941442187,-236940985607,4308252334,-1820926959,3785.3798828125,26393.0390625,14825.73046875,1301.72998046875,104.69000244140625,28.709999084472656,25861.292,21651.2,2.98,2.99,294.957,3.6,543997600000000.0,114.082810711471,3.636,3.55,-0.010000000000000231,0.085999966,0
2022-07-01,2305.419921875,2354.969970703125,2291.489990234375,2342.919921875,-0.011669169677553826,-0.011737788779017887,0.014720822965852285,53.992832728794646,28.2885022431076,-73.3739632052202,-66.3456516332176,530345985,8687669165705,0.029005992224613975,-340027562088,132817377964,-26655350673,-34806063444,3825.330078125,25935.619140625,14343.080078125,1287.7099609375,105.13999938964844,26.700000762939453,26336.304,21652.8,2.88,2.85,294.913,3.5,540608000000000.0,114.630981674047,3.49,3.439,0.029999999999999805,0.05100012,0
2022-07-04,2300.340087890625,2318.31005859375,2276.6298828125,2310.72998046875,-0.0022034311129937034,-0.002205862239197818,0.014522214878425012,53.60426548549107,28.69278871237269,-75.27176086688405,-68.13087347995089,467959552,7339364788057,-0.11763345959902005,-138456356608,425366813092,-52661646294,-147926073,3825.330078125,26153.810546875,14217.0595703125,1297.8900146484375,105.13999938964844,26.700000762939453,26336.304,21652.8,2.88,2.85,294.913,3.5,540608000000000.0,114.630981674047,3.489,3.43,0.029999999999999805,0.059000015,1
2022-07-05,2341.780029296875,2344.080078125,2309.6201171875,2322.110107421875,0.018014702097484125,0.017854360163026755,0.015393593159598734,52.478550502232146,38.21113482310039,-72.59509122048803,-69.02371702805833,323904543,6890579318763,-0.3078364537796634,132426960750,73079054413,45878203856,29734171943,3831.389892578125,26423.470703125,14349.2001953125,1295.6800537109375,106.5,27.540000915527344,26336.304,21652.8,2.82,2.82,294.913,3.5,540608000000000.0,114.630981674047,3.379,3.301,0.0,0.07799983,0
2022-07-06,2292.010009765625,2332.139892578125,2290.330078125,2330.110107421875,-0.02125307198310744,-0.02148217036210855,0.015720124718580815,52.365687779017854,33.8539744968262,-73.64094885363374,-69.94716339317341,410732087,8919471617948,0.26806522438927316,-47680124827,-467258322297,-11155880170,-46618887491,3845.080078125,26107.650390625,13985.509765625,1308.6600341796875,107.0999984741211,26.729999542236328,26336.304,21652.8,2.93,2.99,294.913,3.5,540608000000000.0,114.630981674047,3.295,3.239,-0.06000000000000005,0.055999994,1
2022-07-07,2334.27001953125,2344.139892578125,2307.89990234375,2308.969970703125,0.018437969112511166,0.018270050669470538,0.016645173970275186,52.164969308035715,39.849640131652016,-70.24997101962526,-70.0077249184638,340172962,7652635944561,-0.1717886847247948,144817694875,216882446871,20036476655,68206529585,3902.6201171875,26490.529296875,14336.26953125,1304.8499755859375,107.12999725341797,26.079999923706055,26336.304,21652.8,3.01,3.05,294.913,3.5,540608000000000.0,114.630981674047,3.307,3.262,-0.040000000000000036,0.044999838,1
2022-07-08,2350.610107421875,2367.840087890625,2348.739990234375,2352.489990234375,0.0070000847176652226,0.006975697865185579,0.016831885504519046,49.02427455357143,45.89094677986832,-65.48916973937366,-69.10401388264577,411424871,7008117581875,0.20945788454521552,242703482816,-180199309250,3027674564,-30458087045,3899.3798828125,26517.189453125,14464.5302734375,1297.6500244140625,107.01000213623047,24.639999389648438,26336.304,21652.8,3.09,3.14,294.913,3.5,540608000000000.0,114.630981674047,3.36,3.315,-0.050000000000000266,0.044999838,0
2022-07-11,2340.27001953125,2363.260009765625,2337.820068359375,2357.429931640625,-0.004398895358263322,-0.004408598965674936,0.015185088606647485,48.135707310267854,42.91113529820111,-61.83773221775209,-67.65075754966705,377108087,6301233630004,-0.08340960019405341,-20238969708,-70923384020,-26172720240,-44162093266,3854.429931640625,26812.30078125,14340.5302734375,1293.7900390625,108.0199966430664,26.170000076293945,26336.304,21652.8,2.99,3.09,294.913,3.5,540608000000000.0,114.630981674047,3.385,3.324,-0.09999999999999964,0.06100011,0
2022-07-12,2317.760009765625,2333.02001953125,2303.739990234375,2330.8798828125,-0.009618552379752177,-0.009665109436213588,0.0152483520142944,45.37071010044643,47.157732612736396,-60.0678861383235,-66.13418326739834,379308230,6369257946374,0.005834250380315931,-44517399796,-144719520456,-47019806894,6134731919,3818.800048828125,26336.66015625,13950.6201171875,1310.8599853515625,108.06999969482422,27.290000915527344,26336.304,21652.8,2.96,3.07,294.913,3.5,540608000000000.0,114.630981674047,3.349,3.291,-0.10999999999999988,0.058000088,1
2022-07-13,2328.610107421875,2341.18994140625,2312.489990234375,2324.449951171875,0.00468128607385343,0.0046703629305078695,0.014939678323507514,43.50999232700893,51.68900903313381,-57.13118542387565,-64.33358369869381,308806098,5998501221291,-0.18587029340228134,-100976800886,249094226085,15218285779,33855441352,3801.780029296875,26478.76953125,14324.6796875,1305.8299560546875,107.95999908447266,26.81999969482422,26336.304,21652.8,2.91,3.14,294.913,3.5,540608000000000.0,114.630981674047,3.301,3.211,-0.22999999999999998,0.09000015,0
2022-07-14,2322.320068359375,2338.2900390625,2307.68994140625,2316.409912109375,-0.0027011989007743598,-0.0027048537216074653,0.014907977721648737,41.470005580357146,44.12794451023954,-54.681053388495,-62.403077636654054,349137973,6539856912394,0.1306058243707351,398802420430,-592615773695,56560320484,-39271197177,3790.3798828125,26643.390625,14438.51953125,1304.8499755859375,108.54000091552734,26.399999618530273,26336.304,21652.8,2.96,3.16,294.913,3.5,540608000000000.0,114.630981674047,3.295,3.26,-0.20000000000000018,0.035000086,1
2022-07-15,2330.97998046875,2337.300048828125,2293.449951171875,2335.1201171875,0.0037289916352887253,0.003722056182131419,0.014970696767564006,40.810738699776785,39.87672437459847,-51.44746916528675,-60.2119559423806,319675148,7383211368831,-0.08438734047413399,262167955242,-292762390995,-15011744521,19133311964,3863.159912109375,26788.470703125,14550.6201171875,1316.1800537109375,108.05999755859375,24.229999542236328,26336.304,21652.8,2.93,3.14,294.913,3.5,540608000000000.0,114.630981674047,3.242,3.205,-0.20999999999999996,0.03700018,1
2022-07-18,2375.25,2376.5,2344.1201171875,2350.47998046875,0.018992020481594762,0.018813923475476727,0.015025729585008049,42.052158900669646,43.74598646170375,-44.79622675811106,-57.128810105526696,324357054,7104661030882,0.014645824141449992,627841171123,-266765490571,18003595118,-2117155572,3830.85009765625,26788.470703125,14719.6396484375,1318.1199951171875,107.37000274658203,25.299999237060547,26336.304,21652.8,2.96,3.15,294.913,3.5,540608000000000.0,114.630981674047,3.27,3.212,-0.18999999999999995,0.058000088,0
2022-07-19,2370.969970703125,2372.739990234375,2359.590087890625,2367.52001953125,-0.0018019279220607975,-0.0018035533470715757,0.0149153429484328,39.839285714285715,48.95117189779744,-39.41606792992616,-53.58626167040659,339377650,6556190576633,0.046308831008188944,39347290765,-192008915529,12415109869,36116130088,3936.68994140625,26961.6796875,14694.080078125,1318.9100341796875,106.68000030517578,24.5,26336.304,21652.8,3.01,3.22,294.913,3.5,540608000000000.0,114.630981674047,3.253,3.192,-0.2100000000000004,0.06100011,1
2022-07-20,2386.85009765625,2410.06005859375,2382.64990234375,2406.2900390625,0.006697734323651394,0.006675404153361585,0.013557130949288756,39.388584681919646,58.88138079882629,-33.484867063378715,-49.56598274900102,333329038,7434803856736,-0.01782265862233412,-39258099922,-57943338206,7777090946,-23235191680,3959.89990234375,27680.259765625,14733.2197265625,1305.5,107.08000183105469,23.8799991607666,26336.304,21652.8,3.04,3.25,294.913,3.5,540608000000000.0,114.630981674047,3.36,3.296,-0.20999999999999996,0.06399989,1
2022-07-21,2409.159912109375,2411.9599609375,2387.909912109375,2387.909912109375,0.009346969244123038,0.009303556634980224,0.013309413201664292,36.647862025669646,67.27387440271818,-26.67662059260465,-44.98811031772175,295624147,6309070850975,-0.11311613061445913,440211332512,-203789907155,53709388571,-3285424743,3998.949951171875,27803.0,14937.7001953125,1312.8699951171875,106.91000366210938,23.110000610351562,26336.304,21652.8,2.91,3.07,294.913,3.5,540608000000000.0,114.630981674047,3.374,3.294,-0.1599999999999997,0.08000016,0
2022-07-22,2393.139892578125,2417.909912109375,2391.47998046875,2405.3701171875,-0.0066496289643236395,-0.0066718362485527075,0.012535441967486953,35.558558872767854,64.90902587000826,-22.31646755853535,-40.45378176588447,381596729,6973850591019,0.2908171841591818,35871348835,-97114482972,-51486640696,-39221443151,3961.6298828125,27914.66015625,14949.3603515625,1306.8499755859375,106.7300033569336,23.030000686645508,26336.304,21652.8,2.77,2.93,294.913,3.5,540608000000000.0,114.630981674047,3.302,3.218,-0.16000000000000014,0.08400011,1
2022-07-25,2403.68994140625,2412.469970703125,2385.64990234375,2385.64990234375,0.004408454708746401,0.004398765936858528,0.012121520511424512,34.34999302455357,61.042314582493276,-17.8044751887619,-35.92392045045996,323090645,5959859115833,-0.15331914441017125,91613554092,201802295383,32452495215,-63594975725,3966.840087890625,27699.25,14936.330078125,1309.3199462890625,106.4800033569336,23.360000610351562,26336.304,21652.8,2.81,2.98,294.913,3.5,540608000000000.0,114.630981674047,3.211,3.153,-0.16999999999999993,0.05799985,1
2022-07-26,2412.9599609375,2415.389892578125,2395.169921875,2397.27001953125,0.003856578742359229,0.003849161207316746,0.011999765999473723,32.11928013392857,75.21573377988385,-13.327049692129549,-31.40454629879388,415671406,6240741372242,0.28654732791783566,1362170984,54993317884,-2525947299,-10173709517,3921.050048828125,27655.2109375,14806.7802734375,1310.4000244140625,107.19000244140625,24.690000534057617,26336.304,21652.8,2.81,3.01,294.913,3.5,540608000000000.0,114.630981674047,3.183,3.121,-0.19999999999999973,0.062000036,1
2022-07-27,2415.530029296875,2415.530029296875,2396.18994140625,2412.52001953125,0.0010651102384544586,0.0010645434109978757,0.011210481789495097,29.777151925223215,70.30075325546645,-9.462200334850422,-27.016077106005188,333587637,7049802775578,-0.19747273402780074,-117682878414,221441398363,-112523099164,30234989052,4023.610107421875,27715.75,14921.58984375,1310.9000244140625,106.44999694824219,23.239999771118164,26336.304,21652.8,2.78,2.93,294.913,3.5,540608000000000.0,114.630981674047,3.121,3.09,-0.15000000000000036,0.031000137,1
2022-07-28,2435.27001953125,2443.429931640625,2429.070068359375,2437.570068359375,0.008172115434276428,0.00813890451191696,0.01026717494108001,29.372140066964285,70.7968444322365,-4.751653038116729,-22.563192292427498,491073262,9196434759360,0.4720967072289912,411564998153,47748270781,-14024498987,-60526423859,4072.429931640625,27815.48046875,14891.900390625,1305.949951171875,106.3499984741211,22.329999923706055,26336.304,21652.8,2.68,2.81,294.913,3.5,540608000000000.0,114.630981674047,3.201,3.13,-0.1299999999999999,0.07099986,1
2022-07-29,2451.5,2463.050048828125,2442.010009765625,2453.530029296875,0.006664550681683368,0.006642440744621719,0.00976890247520945,29.539289202008927,76.55538535786978,0.2877958846161164,-17.992994657018777,499369222,10256338412084,0.016893528200278896,341623785970,312522390358,-66133271827,-80203326538,4130.2900390625,27801.640625,15000.0703125,1295.1500244140625,105.9000015258789,21.329999923706055,26336.304,21652.8,2.67,2.83,294.913,3.5,540608000000000.0,114.630981674047,3.127,3.009,-0.16000000000000014,0.11800003,1
2022-08-01,2452.25,2461.39990234375,2437.1298828125,2444.050048828125,0.00030593514175003556,0.00030588835313716744,0.009713469886425989,28.66357421875,85.83147846290541,4.292631412288756,-13.53586944315727,487160292,7509597616018,-0.024448703408477157,134242433211,-79718609791,-25713059898,-35790975001,4118.6298828125,27993.349609375,14981.6904296875,1302.280029296875,105.44999694824219,22.84000015258789,26336.304,21638.2,2.6,2.82,295.097,3.6,540608000000000.0,114.504480682684,3.184,3.081,-0.21999999999999975,0.102999926,0
2022-08-02,2439.6201171875,2451.070068359375,2428.760009765625,2451.0,-0.005150324319502464,-0.005163632955327419,0.009237423103609643,28.291434151785715,79.29797793004263,6.3738921692993245,-9.553917120665952,549923571,7266264362087,0.12883496465266098,294143188744,-357904407979,-79974037533,-70956779817,4091.18994140625,27594.73046875,14747.23046875,1306.75,106.23999786376953,23.93000030517578,26336.304,21638.2,2.75,3.02,295.097,3.6,540608000000000.0,114.504480682684,3.088,3.012,-0.27,0.075999975,1
2022-08-03,2461.449951171875,2461.449951171875,2433.1201171875,2438.56005859375,0.008948046390739428,0.008908249848322957,0.007499379216589113,28.1292724609375,83.93581519654899,9.67328388173064,-5.708476920186634,475302377,6751538574171,-0.13569375443265008,475371715873,-37503805445,-47638587086,-3935818425,4155.169921875,27741.900390625,14777.01953125,1314.6300048828125,106.51000213623047,21.950000762939453,26336.304,21638.2,2.73,3.04,295.097,3.6,540608000000000.0,114.504480682684,3.131,3.065,-0.31000000000000005,0.065999985,1
2022-08-04,2473.110107421875,2478.949951171875,2465.320068359375,2478.43994140625,0.004737108810377588,0.004725924018910999,0.006667040526712524,26.247122628348215,84.16754017656442,13.078195449797931,-1.9511424461897207,399964621,7506315190255,-0.158504900555126,201025134548,-209901223102,367842187,33216636485,4151.93994140625,27932.19921875,14702.2001953125,1307.3800048828125,105.69000244140625,21.440000534057617,26336.304,21638.2,2.68,2.95,295.097,3.6,540608000000000.0,114.504480682684,3.152,3.114,-0.27,0.03799987,1
2022-08-05,2490.800048828125,2497.580078125,2480.050048828125,2481.429931640625,0.0071529129872389685,0.007127452245355493,0.0066720210221988705,24.743547712053573,81.84777708245015,17.00798536089269,1.8406831152267613,409776228,7561092338383,0.02453118722218184,374584369545,98432563574,-22931997234,-9331672312,4145.18994140625,28175.869140625,15036.0400390625,1302.0799560546875,106.62000274658203,21.149999618530273,26336.304,21638.2,2.83,3.18,295.097,3.6,540608000000000.0,114.504480682684,3.124,3.079,-0.3500000000000001,0.045000076,1
2022-08-08,2493.10009765625,2494.0,2477.760009765625,2481.169921875,0.0009234176903147873,0.0009229916024839131,0.006468184909862423,24.784981863839285,84.03281878235786,20.076537073983673,5.487853906978144,418234294,7613758407732,0.020640694657377834,173349901708,-296341441596,14652216102,27484082743,4140.06005859375,28249.240234375,15020.41015625,1302.739990234375,106.44000244140625,21.290000915527344,26336.304,21638.2,2.77,3.14,295.097,3.6,540608000000000.0,114.504480682684,3.177,3.134,-0.3700000000000001,0.042999983,1
2022-08-09,2503.4599609375,2506.489990234375,2481.360107421875,2493.570068359375,0.00415541409307596,0.00414680420346334,0.005720595535254131,23.787824358258927,83.52598640525372,23.078308426345757,9.005944810851666,454363895,8940803191412,0.08638603174898907,30565302037,72013818874,-21891714645,122394918948,4122.47021484375,27999.9609375,15050.2802734375,1299.030029296875,106.37000274658203,21.770000457763672,26336.304,21638.2,2.8,3.2,295.097,3.6,540608000000000.0,114.504480682684,3.166,3.134,-0.40000000000000036,0.031999826,0
2022-08-10,2480.8798828125,2494.14990234375,2478.2099609375,2493.699951171875,-0.009019548336033356,-0.009060470715559606,0.006400901017927093,23.797834123883927,70.58789724728464,23.36586312917825,11.877928474516985,479467472,9029482446522,0.055249937937960514,-105026711362,-69528996256,-46171905330,-56897970642,4210.240234375,27819.330078125,14939.01953125,1307.56005859375,105.19999694824219,19.739999771118164,26336.304,21638.2,2.78,3.13,295.097,3.6,540608000000000.0,114.504480682684,3.207,3.154,-0.3500000000000001,0.052999973,1
2022-08-11,2523.780029296875,2523.780029296875,2506.409912109375,2507.739990234375,0.017292310998846316,0.017144500545461468,0.006957191440047229,24.974278041294642,82.48783911445925,26.747111540359583,14.851765087685505,505245846,9710839930543,0.053764594066143534,141726613744,391260415706,35467630025,-14952467481,4207.27001953125,27819.330078125,15197.849609375,1296.699951171875,105.08999633789062,20.200000762939453,26336.304,21638.2,2.87,3.16,295.097,3.6,540608000000000.0,114.504480682684,3.219,3.124,-0.29000000000000004,0.09500003,1
2022-08-12,2527.93994140625,2533.199951171875,2514.31005859375,2519.659912109375,0.001648286324911652,0.0016469293918786843,0.006979497460313461,24.4078369140625,81.91299374943564,29.423272241145696,17.766066518377546,445546613,8028576836861,-0.1181587804682317,-13702396140,176003208482,21080068670,61188652297,4280.14990234375,28546.98046875,15288.9697265625,1306.8299560546875,105.62999725341797,19.530000686645508,26336.304,21638.2,2.84,3.18,295.097,3.6,540608000000000.0,114.504480682684,3.282,3.181,-0.3400000000000003,0.10100007,1
2022-08-16,2533.52001953125,2546.35009765625,2532.199951171875,2543.050048828125,0.002207361825967924,0.0022049291820117685,0.006058420859343525,24.278564453125,81.56353307237802,31.62980583445551,20.538814381593138,398335301,8064107136952,-0.10596267735515252,50343912696,49693870764,-24967367331,-9532669085,4305.2001953125,28868.91015625,15420.5703125,1313.1800537109375,106.5,19.690000534057617,26336.304,21638.2,2.82,3.19,295.097,3.6,540608000000000.0,114.504480682684,3.156,3.078,-0.3700000000000001,0.07799983,0
2022-08-17,2516.469970703125,2543.14990234375,2512.010009765625,2536.570068359375,-0.006729786501264545,-0.0067525336274165135,0.006367799140537799,25.121407645089285,74.56438250685628,31.637999987261082,22.758651502726728,418052960,7153680341416,0.04950015464484281,51105702051,67730110891,-61747927973,-95594401393,4274.0400390625,29222.76953125,15465.4501953125,1311.0,106.56999969482422,19.899999618530273,26336.304,21638.2,2.89,3.27,295.097,3.6,540608000000000.0,114.504480682684,3.188,3.087,-0.3799999999999999,0.10100007,0
2022-08-18,2508.050048828125,2515.3701171875,2488.090087890625,2499.300048828125,-0.003345925829843055,-0.0033515359572146774,0.0064554818424006856,25.155691964285715,68.74422312961443,30.612198219661423,24.32936084611367,381627621,7105984862757,-0.08713091996765199,304678769467,-279893229540,-27246157316,-86385288642,4283.740234375,28942.140625,15396.759765625,1314.8299560546875,107.4800033569336,19.559999465942383,26336.304,21638.2,2.88,3.23,295.097,3.6,540608000000000.0,114.504480682684,3.221,3.125,-0.3500000000000001,0.095999956,0
2022-08-19,2492.68994140625,2510.719970703125,2492.68994140625,2510.719970703125,-0.006124322530585813,-0.006143153116235161,0.0065194161047461095,24.459263392857142,60.65606075534906,28.234342701766764,25.11035721724429,459834963,7138647913895,0.2049310314464896,332771140196,7326385581,-21753556311,-180187277884,4228.47998046875,28930.330078125,15408.7802734375,1326.9100341796875,108.16999816894531,20.600000381469727,26336.304,21638.2,2.98,3.28,295.097,3.6,540608000000000.0,114.504480682684,3.31,3.197,-0.2999999999999998,0.112999916,0
2022-08-22,2462.5,2475.77001953125,2457.080078125,2467.3798828125,-0.012111390552335788,-0.01218533106431652,0.006991702891513115,25.269252232142858,52.301199272105414,23.64127718152986,24.816541210101406,422552201,6108018866782,-0.08107857166137233,117070058967,-131972620785,3793409261,-45630459367,4137.990234375,28794.5,15245.1396484375,1334.8599853515625,109.05000305175781,23.799999237060547,26336.304,21638.2,3.03,3.36,295.097,3.6,540608000000000.0,114.504480682684,3.342,3.245,-0.33000000000000007,0.09700012,0
2022-08-23,2435.340087890625,2454.550048828125,2431.830078125,2449.31005859375,-0.011029405932741154,-0.011090680797153002,0.007485799958642006,25.7821044921875,49.09795366020571,17.6067026349383,23.374573495068788,471166457,7560708244033,0.1150491131863729,-239455693,-69492653537,-19250695737,-20529464934,4128.72998046875,28452.75,15095.8896484375,1343.3599853515625,108.62000274658203,24.110000610351562,26336.304,21638.2,3.05,3.35,295.097,3.6,540608000000000.0,114.504480682684,3.361,3.281,-0.30000000000000027,0.08000016,1
2022-08-24,2447.449951171875,2454.010009765625,2430.68994140625,2446.179931640625,0.004972555308174309,0.004960232987094388,0.007514825800152286,25.424264090401785,46.9233476621434,13.644142409931192,21.428487278041267,423502192,8119783719901,-0.1011622629155029,150032610207,-154835612991,37320627536,-6976090554,4140.77001953125,28313.470703125,15069.1904296875,1339.0799560546875,108.68000030517578,22.81999969482422,26336.304,21638.2,3.11,3.4,295.097,3.6,540608000000000.0,114.504480682684,3.433,3.311,-0.29000000000000004,0.12199998,1
2022-08-25,2477.260009765625,2477.260009765625,2455.320068359375,2459.7900390625,0.012180048290457046,0.012106468371065294,0.007936078336290845,26.303553989955358,50.84460936692558,12.762094002832328,19.69520862299948,426229583,7286329326891,0.006440087091686086,41373139286,62859240774,355481204,33857509164,4199.1201171875,28479.009765625,15200.0400390625,1340.0,108.47000122070312,21.780000686645508,26336.304,21638.2,3.03,3.37,295.097,3.6,540608000000000.0,114.504480682684,3.593,3.531,-0.3400000000000003,0.062000036,1
2022-08-26,2481.030029296875,2497.760009765625,2476.75,2489.139892578125,0.0015218505592420328,0.0015206937182237392,0.007770479894395257,26.056413922991073,47.89212092098166,12.226335766113152,18.201434051622215,520091055,8628665213503,0.22021341489100732,239028855150,49782470071,216715111432,-992894796,4057.659912109375,28641.380859375,15278.4404296875,1334.43994140625,108.80000305175781,25.559999465942383,26336.304,21638.2,3.04,3.4,295.097,3.6,540608000000000.0,114.504480682684,3.616,3.525,-0.3599999999999999,0.09099984,0
2022-08-29,2426.889892578125,2432.889892578125,2417.010009765625,2432.06005859375,-0.021821637013435646,-0.0220632503337766,0.00918273538268886,29.469273158482142,38.32642466974005,7.34837939492445,16.030823120282662,448746272,7891467341171,-0.1371774852001637,-48047162523,-381444110343,-40107540500,5507270936,4030.610107421875,27878.9609375,14926.1904296875,1341.1800537109375,108.83999633789062,26.209999084472656,26336.304,21638.2,3.12,3.45,295.097,3.6,540608000000000.0,114.504480682684,3.715,3.653,-0.33000000000000007,0.061999798,1
2022-08-30,2450.929931640625,2453.909912109375,2433.47998046875,2441.2099609375,0.009905698291471365,0.009856958465856228,0.009470929048429349,29.604282924107142,41.16460074949553,5.3606004037378625,13.896778576973702,336555412,6826615309757,-0.25000956442486055,-39660342479,-48161902566,-35166655169,1992438469,3986.159912109375,28195.580078125,14953.6298828125,1345.72998046875,108.7699966430664,26.209999084472656,26336.304,21638.2,3.11,3.47,295.097,3.6,540608000000000.0,114.504480682684,3.695,3.642,-0.3600000000000003,0.052999973,1
2022-08-31,2472.050048828125,2473.75,2426.139892578125,2433.469970703125,0.008617185222166812,0.0085802692047687,0.009576629067568732,31.201433454241073,48.50751750315069,5.4269299110274005,12.202808843784442,436246626,9562592358058,0.2962104023452756,745338569931,-186068211408,-20305169083,-18234584225,3955.0,28091.529296875,15095.4404296875,1350.18994140625,108.69999694824219,25.8700008392334,26336.304,21638.2,3.15,3.46,295.097,3.6,540608000000000.0,114.504480682684,3.721,3.685,-0.31000000000000005,0.036000013,0
2022-09-01,2415.610107421875,2443.610107421875,2415.610107421875,2443.0,-0.022831229259701047,-0.02309589800903308,0.01073027661566201,32.16856166294643,32.516585141796455,0.9147206104162251,9.9451911971108,580021246,8452317734460,0.32957187845390923,-291139960982,-565198761088,-71131991959,-18034671291,3966.85009765625,27661.470703125,14801.8603515625,1342.260009765625,109.69000244140625,25.559999465942383,26336.304,21536.5,3.26,3.54,296.349,3.5,540608000000000.0,114.831274910373,3.805,3.778,-0.28000000000000025,0.02699995,0
2022-09-02,2409.409912109375,2432.3701171875,2402.669921875,2427.699951171875,-0.0025667202225434504,-0.002570019896329493,0.010651245460707604,32.940726143973215,30.967615478397903,-3.1255127481585987,7.331050408056921,391598680,7214619685036,-0.32485459334363764,-175993868441,-197431253212,-10239745651,27558265893,3924.260009765625,27650.83984375,14673.0400390625,1355.0999755859375,109.52999877929688,25.469999313354492,26336.304,21536.5,3.2,3.44,296.349,3.5,540608000000000.0,114.831274910373,3.738,3.678,-0.23999999999999977,0.059999943,0
2022-09-05,2403.679931640625,2424.77001953125,2392.6298828125,2410.070068359375,-0.0023781675504661592,-0.002380999882312726,0.010465652222268166,33.921439034598215,29.16158922440715,-6.712411824342325,4.522357961577072,354737977,6277833943090,-0.09412877234417649,-67550128641,160380775958,28167728414,3996721745,3924.260009765625,27619.609375,14661.099609375,1361.510009765625,109.52999877929688,25.469999313354492,26336.304,21536.5,3.2,3.44,296.349,3.5,540608000000000.0,114.831274910373,3.67,3.616,-0.23999999999999977,0.05400014,1
2022-09-06,2410.02001953125,2422.530029296875,2399.260009765625,2409.719970703125,0.0026376589524952365,0.0026341864349913617,0.01049586547907794,33.359305245535715,32.3073102521423,-8.940403669685566,1.8298056353245444,294224141,5476236129935,-0.17058741923197018,-78482414798,-27939204098,23465046705,-10956486640,3908.18994140625,27626.509765625,14677.2001953125,1361.81005859375,110.20999908447266,26.90999984741211,26336.304,21536.5,3.33,3.55,296.349,3.5,540608000000000.0,114.831274910373,3.712,3.682,-0.21999999999999975,0.029999971,0
2022-09-07,2376.4599609375,2398.39990234375,2365.35009765625,2395.659912109375,-0.01392521984123496,-0.014023085309347448,0.010747002357391544,34.522879464285715,29.815642144288205,-13.261252055485784,-1.1884059028375211,378200299,7530889694741,0.28541559409294015,-494008781631,-41911048197,-56924335040,22923408763,3979.8701171875,27430.30078125,14410.0498046875,1378.1099853515625,109.83999633789062,24.639999389648438,26336.304,21536.5,3.27,3.5,296.349,3.5,540608000000000.0,114.831274910373,3.736,3.685,-0.22999999999999998,0.05100012,1
2022-09-08,2384.280029296875,2394.06005859375,2379.06005859375,2393.27001953125,0.0032906375398347176,0.003285235240221192,0.010711078641281483,34.49217006138393,32.97745671786434,-15.87158363329354,-4.125041448928725,423620804,9208735425055,0.12009642805702803,-385718375058,212284904643,24271563946,-58244346125,4006.179931640625,28065.279296875,14583.419921875,1374.31005859375,109.70999908447266,23.610000610351562,26336.304,21536.5,3.29,3.54,296.349,3.5,540608000000000.0,114.831274910373,3.622,3.543,-0.25,0.078999996,1
2022-09-13,2449.5400390625,2453.949951171875,2418.590087890625,2418.590087890625,0.02737095012487689,0.027003063514895096,0.011808434176972906,36.92503138950893,48.16691046163579,-12.529915758440438,-5.806016310831068,367102506,9165153475933,-0.13341719166370314,400469490825,644198673295,-9732341937,30275335077,3932.68994140625,28614.630859375,14894.41015625,1375.81005859375,109.81999969482422,27.270000457763672,26336.304,21536.5,3.42,3.75,296.349,3.5,540608000000000.0,114.831274910373,3.62,3.536,-0.33000000000000007,0.08399987,0
2022-09-14,2411.419921875,2418.419921875,2381.5,2390.469970703125,-0.01556215313063003,-0.015684514567383557,0.0121954877630603,39.594325474330354,46.71841621724093,-12.809929868501513,-7.206799022365157,461507522,7625505300244,0.2571625484899305,-164531243008,-303692671402,-5928538301,142769676416,3946.010009765625,27818.619140625,14658.3095703125,1393.469970703125,109.66000366210938,26.15999984741211,26336.304,21536.5,3.41,3.79,296.349,3.5,540608000000000.0,114.831274910373,3.651,3.585,-0.3799999999999999,0.065999985,0
2022-09-15,2401.830078125,2421.6298828125,2401.830078125,2416.010009765625,-0.003976845203527812,-0.003984773880141766,0.012152021781946552,39.34287806919643,43.69787974305721,-13.648333816629474,-8.495105981218021,424110958,7432763619455,-0.08103132065526764,-224331898754,-203296886677,7863233440,29413081627,3901.35009765625,27875.91015625,14670.0400390625,1391.1800537109375,109.73999786376953,26.270000457763672,26336.304,21536.5,3.45,3.85,296.349,3.5,540608000000000.0,114.831274910373,3.791,3.77,-0.3999999999999999,0.020999908,0
2022-09-16,2382.780029296875,2395.10009765625,2371.110107421875,2387.56005859375,-0.007931472339207435,-0.007963093779980213,0.012176422655118665,39.407871791294646,36.548237113086714,-15.669328453826893,-9.929950475739796,440798650,8690463859936,0.03934746717862447,-47269540645,-228561832574,-43899541431,-16384520191,3873.330078125,27567.650390625,14561.759765625,1398.6300048828125,109.76000213623047,26.299999237060547,26336.304,21536.5,3.45,3.81,296.349,3.5,540608000000000.0,114.831274910373,3.772,3.767,-0.3599999999999999,0.0050001144,0
2022-09-19,2355.659912109375,2389.85009765625,2352.760009765625,2388.72998046875,-0.011381712476204897,-0.011446979874752366,0.01233175499804921,40.556448800223215,33.26304138381491,-19.23758911668665,-11.791478203929167,403937473,6885918719312,-0.08362361590717216,-547302731,67009406531,-20268878648,-28187350845,3899.889892578125,27567.650390625,14425.6796875,1385.22998046875,109.73999786376953,25.760000228881836,26336.304,21536.5,3.49,3.9,296.349,3.5,540608000000000.0,114.831274910373,3.794,3.759,-0.4099999999999997,0.034999847,1
2022-09-20,2367.85009765625,2382.52001953125,2359.840087890625,2373.639892578125,0.005174849512109558,0.005161505992380546,0.012445137242706312,37.902169363839285,41.123992568183105,-20.84156669647973,-13.601495902439279,419340243,7013236217546,0.03813156993235922,-59107429418,260410149478,14138155360,32144720867,3855.929931640625,27688.419921875,14549.2998046875,1390.1099853515625,110.22000122070312,27.15999984741211,26336.304,21536.5,3.57,3.94,296.349,3.5,540608000000000.0,114.831274910373,3.836,3.823,-0.3700000000000001,0.013000011,0
2022-09-21,2347.2099609375,2360.27001953125,2341.7900390625,2351.5400390625,-0.008716825756486912,-0.00875503951262238,0.012328726190512014,37.83360072544643,34.24574935568205,-23.507240188736432,-15.58264475969871,378165438,6269073304236,-0.09818949096187746,-275055745059,-17479083297,8895534599,-42554475720,3789.929931640625,27313.130859375,14424.51953125,1392.510009765625,110.63999938964844,27.989999771118164,26336.304,21536.5,3.51,3.98,296.349,3.5,540608000000000.0,114.831274910373,3.891,3.847,-0.4700000000000002,0.04400015,0
2022-09-22,2332.31005859375,2335.110107421875,2309.10009765625,2319.699951171875,-0.006347920548956276,-0.006368154270090972,0.012197997590038721,37.15501185825893,28.36578984568888,-26.5164382378548,-17.76940345532993,446820270,7413267166090,0.18154708257606567,-59357990722,-240213536383,-8196337189,-12680936834,3757.989990234375,27153.830078125,14284.6298828125,1397.56005859375,111.3499984741211,27.350000381469727,26336.304,21536.5,3.7,4.12,296.349,3.5,540608000000000.0,114.831274910373,3.997,4.104,-0.41999999999999993,-0.10700011,0
2022-09-23,2290.0,2334.06005859375,2285.7099609375,2331.330078125,-0.018140837852090974,-0.018307400314531583,0.012586417413545376,36.57716587611607,29.66360493639776,-31.94705177398373,-20.60493311906069,446460548,7416795759616,-0.0008050709069219453,-194387486334,-15439410305,-76910554100,-38668765979,3693.22998046875,27153.830078125,14118.3798828125,1403.6600341796875,113.19000244140625,29.920000076293945,26336.304,21536.5,3.69,4.21,296.349,3.5,540608000000000.0,114.831274910373,4.112,4.199,-0.52,-0.08699989,0
2022-09-26,2220.93994140625,2260.800048828125,2215.360107421875,2260.800048828125,-0.030157230826965087,-0.03062131425934826,0.013427461343228886,39.787144252232146,24.646933058337083,-41.346801506075735,-24.7533067964637,621995319,9461817890486,0.39316972526764005,-3434711580,604249545585,-88480636096,-101227396638,3655.0400390625,26431.55078125,13778.1904296875,1421.81005859375,114.0999984741211,32.2599983215332,26336.304,21536.5,3.88,4.37,296.349,3.5,540608000000000.0,114.831274910373,4.335,4.548,-0.4900000000000002,-0.21299982,1
2022-09-27,2223.860107421875,2227.35009765625,2197.89990234375,2224.389892578125,0.0013148334005719242,0.0013139697640788105,0.013421882411239075,39.595005580357146,25.626300518354185,-48.00714145440497,-29.40407372805196,487939509,8005556968882,-0.21552543227419374,-246297394872,320286138869,6396514442,-65153540746,3647.2900390625,26571.869140625,13826.58984375,1429.77001953125,114.11000061035156,32.599998474121094,26336.304,21536.5,3.97,4.39,296.349,3.5,540608000000000.0,114.831274910373,4.208,4.304,-0.4199999999999995,-0.09599972,0
2022-09-28,2169.2900390625,2223.56005859375,2151.60009765625,2206.14990234375,-0.02453844474175948,-0.024844529989538726,0.013615844374635904,43.094290597098215,21.14316418162045,-57.03143442886494,-34.92954586821456,596136346,9208349862260,0.2217423164230794,-145952064133,-45591770536,4015022081,-82915470008,3719.0400390625,26173.98046875,13466.0703125,1426.260009765625,112.5999984741211,30.18000030517578,26336.304,21536.5,3.72,4.12,296.349,3.5,540608000000000.0,114.831274910373,4.332,4.338,-0.3999999999999999,-0.006000042,1
2022-09-29,2170.929931640625,2210.610107421875,2170.139892578125,2197.75,0.0007559581930471904,0.000755672600573956,0.013217963843025897,42.855015345982146,23.321001355735817,-63.32100091910297,-40.60783687839225,508500874,7240707424286,-0.14700575227131008,220867465220,-13358973948,20431127680,-41272220113,3640.469970703125,26422.05078125,13534.259765625,1421.949951171875,112.25,31.84000015258789,26336.304,21536.5,3.76,4.19,296.349,3.5,540608000000000.0,114.831274910373,4.229,4.303,-0.4300000000000006,-0.07399988,0
2022-09-30,2155.489990234375,2177.199951171875,2134.77001953125,2161.110107421875,-0.007112132538787952,-0.007137544313032881,0.012760696334003204,44.628574916294646,20.87781363272491,-68.75879334221963,-46.23802817115773,950269674,7923750847279,0.8687670416865398,167917517754,15907272289,58951553784,2683118913,3585.6201171875,25937.2109375,13424.580078125,1430.1700439453125,112.12000274658203,31.6200008392334,26336.304,21536.5,3.83,4.25,296.349,3.5,540608000000000.0,114.831274910373,4.096,4.186,-0.41999999999999993,-0.089999676,1
2022-10-04,2209.3798828125,2212.3798828125,2180.840087890625,2189.510009765625,0.02500122608886035,0.024693808773910073,0.013975361623401038,43.71571568080357,18.51931028302974,-67.93668721914491,-50.57775998075517,421003102,7500281281993,-0.5569646032921809,217192351166,-56951281046,-8252332718,-17019237216,3790.929931640625,26992.2109375,13576.51953125,1433.3399658203125,110.06999969482422,29.06999969482422,26770.514,21461.5,3.62,4.08,298.007,3.6,541620600000000.0,115.126443890222,4.006,4.081,-0.45999999999999996,-0.07499981,1
2022-10-05,2215.219970703125,2253.929931640625,2204.030029296875,2248.85009765625,0.0026433154099287925,0.0026398279959555246,0.014060776290488967,42.419991629464285,21.90403737760994,-66.05250376142521,-53.67270873688918,855790158,9509079504051,1.0327407421335342,77575173070,-610892861905,10495225764,54214933580,3783.280029296875,27120.529296875,13801.4296875,1416.530029296875,111.06999969482422,28.549999237060547,26770.514,21461.5,3.76,4.17,298.007,3.6,541620600000000.0,115.126443890222,4.102,4.157,-0.41000000000000014,-0.05499983,1
2022-10-06,2237.860107421875,2250.8701171875,2223.360107421875,2230.429931640625,0.010220265715446653,0.010168391942899268,0.014421673346735518,43.552158900669646,27.365387920720664,-62.01750577269695,-55.341668144050736,643015745,6850065019707,-0.24862918907277265,251014502117,-47640043922,-2520688860,-9589379382,3744.52001953125,27311.30078125,13892.0498046875,1416.760009765625,112.26000213623047,30.520000457763672,26770.514,21461.5,3.83,4.24,298.007,3.6,541620600000000.0,115.126443890222,4.102,4.145,-0.41000000000000014,-0.042999744,0
2022-10-07,2232.840087890625,2245.8798828125,2215.080078125,2217.840087890625,-0.0022432231195332886,-0.002245742913527329,0.01435222375607869,43.557861328125,28.468083256436216,-58.54988775812126,-55.98331206686484,428682906,7831443986822,-0.333324402499662,100120634526,-156317946096,-13466129722,81744585357,3639.659912109375,27116.109375,13702.2802734375,1408.449951171875,112.80000305175781,31.360000610351562,26770.514,21461.5,3.89,4.33,298.007,3.6,541620600000000.0,115.126443890222,4.214,4.276,-0.43999999999999995,-0.061999798,0
2022-10-11,2192.070068359375,2193.050048828125,2174.06005859375,2193.02001953125,-0.018259265297303817,-0.018428023100819542,0.014549513893200321,45.107142857142854,27.394137071558603,-58.41816707958651,-56.47028306940918,859508909,7867859123713,1.004999259289336,196204951762,-294644965575,-38435051083,138890398451,3588.840087890625,26401.25,13106.0302734375,1428.3499755859375,113.22000122070312,33.630001068115234,26770.514,21461.5,3.93,4.31,298.007,3.6,541620600000000.0,115.126443890222,4.306,4.342,-0.37999999999999945,-0.035999775,1
2022-10-12,2202.469970703125,2205.02001953125,2181.64990234375,2191.35009765625,0.0047443293414126675,0.00473311048094844,0.014591413010939521,44.857857840401785,27.033107867568532,-56.819611180610536,-56.54014869164945,658347571,7409130718339,-0.23404217907879765,235036968662,-78445384841,30528515496,-27826029404,3577.030029296875,26396.830078125,13081.240234375,1430.800048828125,113.31999969482422,33.56999969482422,26770.514,21461.5,3.91,4.29,298.007,3.6,541620600000000.0,115.126443890222,4.11,4.107,-0.3799999999999999,0.0030002594,0
2022-10-13,2162.8701171875,2198.340087890625,2162.8701171875,2198.2900390625,-0.01797974730297136,-0.018143346912613698,0.012947854537440453,45.824986049107146,25.680759399736147,-58.07862708231096,-56.847844369781754,792452498,7169779036476,0.20369928121144376,200865158989,-42999560110,-65748346772,-146393989291,3669.909912109375,26237.419921875,12810.73046875,1423.9000244140625,112.36000061035156,31.940000534057617,26770.514,21461.5,3.97,4.44,298.007,3.6,541620600000000.0,115.126443890222,4.239,4.203,-0.4700000000000002,0.035999775,1
2022-10-14,2212.550048828125,2220.5400390625,2193.6298828125,2200.659912109375,0.02296944751598251,0.022709620947729568,0.014251830226164912,47.222133091517854,35.52854158172762,-54.44009938630188,-56.366295373085784,513523921,7161818150242,-0.35198144709488943,265677209661,221715945849,36761095986,64372170854,3583.070068359375,27090.759765625,13128.1201171875,1430.300048828125,113.30999755859375,32.02000045776367,26770.514,21461.5,4.0,4.47,298.007,3.6,541620600000000.0,115.126443890222,4.181,4.207,-0.46999999999999975,-0.025999546,1
2022-10-17,2219.7099609375,2221.050048828125,2177.659912109375,2187.169921875,0.0032360452651307714,0.003230820539250357,0.01435130622260157,46.867850167410715,40.71784316911561,-50.39783997601626,-55.17260429367188,498780636,6526810304619,-0.028710025759442703,265798735966,-246489668807,-12306822201,-30969823271,3677.949951171875,26775.7890625,12966.0498046875,1440.760009765625,112.04000091552734,31.3700008392334,26770.514,21461.5,4.02,4.45,298.007,3.6,541620600000000.0,115.126443890222,4.215,4.239,-0.4300000000000006,-0.023999691,1
2022-10-18,2249.949951171875,2251.739990234375,2220.7099609375,2249.14990234375,0.013623397095358758,0.013531432922704058,0.014831193626138422,43.824288504464285,54.26856561107755,-44.24418634554604,-52.98692070404672,580891633,7249919118989,0.16462346585563914,77437094270,124816013808,20154839921,-30848771267,3719.97998046875,27156.140625,13124.6796875,1430.1500244140625,112.12999725341797,30.5,26770.514,21461.5,4.01,4.43,298.007,3.6,541620600000000.0,115.126443890222,4.277,4.242,-0.41999999999999993,0.034999847,0
2022-10-19,2237.43994140625,2266.800048828125,2234.590087890625,2249.35009765625,-0.005560128019340693,-0.00557564306830181,0.014710058388120815,44.021414620535715,51.943309569078096,-39.91668999134663,-50.372874561506706,895161384,7738879084055,0.5410127003843417,147718368048,-111104336148,48558482748,-29396127360,3695.159912109375,27257.380859375,12976.759765625,1425.02001953125,112.9800033569336,30.760000228881836,26770.514,21461.5,4.14,4.56,298.007,3.6,541620600000000.0,115.126443890222,4.396,4.331,-0.41999999999999993,0.06500006,0
2022-10-20,2218.090087890625,2231.52001953125,2200.43994140625,2225.530029296875,-0.008648211358675995,-0.008685824151123383,0.014652550658711728,41.502842494419646,57.76627017769347,-37.61488839894582,-47.82127732899453,1108102611,8325030384709,0.23788026472777335,-3722025765,-242187424298,-42665069097,-45441048464,3665.780029296875,27006.9609375,12946.099609375,1435.010009765625,112.87999725341797,29.979999542236328,26770.514,21461.5,4.24,4.66,298.007,3.6,541620600000000.0,115.126443890222,4.439,4.35,-0.41999999999999993,0.089000225,0
2022-10-21,2213.1201171875,2224.0400390625,2204.639892578125,2210.590087890625,-0.0022406532224538145,-0.0022431672419514315,0.014596420508759006,39.9371337890625,56.64392446400244,-35.77928779547392,-45.41287942229041,637486476,6228174452296,-0.4247044726077268,29289233569,184787347460,-48342902474,-79413742682,3752.75,26890.580078125,12819.2001953125,1430.31005859375,112.01000213623047,29.690000534057617,26770.514,21461.5,4.21,4.52,298.007,3.6,541620600000000.0,115.126443890222,4.632,4.495,-0.3099999999999996,0.13700008,1
2022-10-24,2236.159912109375,2256.669921875,2229.85009765625,2248.260009765625,0.010410548773626793,0.010356732195238468,0.014866350724212324,40.017124720982146,62.406581919546305,-32.09546564462198,-42.749396666756724,444820460,6846985381405,-0.30222761306076706,151158825340,283724402935,26247307548,-45862298876,3797.340087890625,26974.900390625,12856.98046875,1428.1099853515625,111.98999786376953,29.850000381469727,26770.514,21461.5,4.25,4.52,298.007,3.6,541620600000000.0,115.126443890222,4.503,4.305,-0.2699999999999996,0.19799995,0
2022-10-25,2235.070068359375,2253.239990234375,2230.75,2237.0400390625,-0.00048737290392253385,-0.00048749170869932703,0.014369886047160567,37.559988839285715,54.7170961619324,-28.93045900911511,-39.9856091352284,456770059,7030016883895,0.026863869975765065,73910629649,117954726383,13627058651,-49748089838,3859.110107421875,27250.279296875,12666.1201171875,1443.9599609375,110.94999694824219,28.459999084472656,26770.514,21461.5,4.1,4.45,298.007,3.6,541620600000000.0,115.126443890222,4.346,4.221,-0.35000000000000053,0.125,1
2022-10-26,2249.56005859375,2258.110107421875,2234.489990234375,2240.699951171875,0.006483013861400488,0.0064620895135721,0.012667300072593313,35.682861328125,56.1112226268651,-24.96516445822226,-36.98152019982717,563441589,7492742941480,0.23353441824434462,602037974475,-116791658355,32029283231,-47679334735,3830.60009765625,27431.83984375,12729.0498046875,1426.9300537109375,109.69999694824219,27.280000686645508,26770.514,21461.5,4.04,4.41,298.007,3.6,541620600000000.0,115.126443890222,4.279,4.208,-0.3700000000000001,0.07099962,1
2022-10-27,2288.780029296875,2290.56005859375,2262.02001953125,2266.070068359375,0.017434507050966275,0.01728426972832183,0.013204001858440863,36.064993722098215,58.55684652750427,-18.445290272992224,-33.274274214460185,587872005,8435336656071,0.043359270023640484,381653490717,550070434056,18689924801,-52390143662,3807.300048828125,27345.240234375,12926.3701171875,1412.68994140625,110.58999633789062,27.389999389648438,26770.514,21461.5,3.96,4.29,298.007,3.6,541620600000000.0,115.126443890222,4.313,4.254,-0.33000000000000007,0.059000015,0
2022-10-28,2268.39990234375,2292.64990234375,2266.43994140625,2276.72998046875,-0.008904362451723213,-0.008944243205357824,0.011958091894196544,35.737147739955354,55.68231204672157,-14.752689112471671,-29.569957194062482,427245332,8289370725957,-0.27323409115220587,-190400546478,426047807177,-52831020328,-58485762345,3901.06005859375,27105.19921875,12788.419921875,1420.6500244140625,110.66999816894531,25.75,26770.514,21461.5,4.02,4.38,298.007,3.6,541620600000000.0,115.126443890222,4.167,4.112,-0.3600000000000003,0.05499983,1
2022-10-31,2293.610107421875,2295.510009765625,2273.72998046875,2293.75,0.011113651103616062,0.011052348263929108,0.012111772037041137,33.475010463169646,67.07477284707636,-9.680433221358726,-25.592052399521734,401399527,8679296295233,-0.060494060588121346,232073501890,-10523960827,5758912996,-44487382976,3871.97998046875,27587.4609375,12949.75,1421.6500244140625,111.52999877929688,25.8799991607666,26770.514,21461.5,4.1,4.45,298.007,3.6,541620600000000.0,115.126443890222,4.242,4.185,-0.35000000000000053,0.05700016,1
2022-11-01,2335.219970703125,2335.570068359375,2297.570068359375,2301.580078125,0.018141646283561963,0.017979050181397147,0.012332873172370444,34.8028564453125,70.20244653862787,-2.2768199027932496,-20.92900590017604,597205901,9476615249499,0.48780917970538606,493949497996,135393577773,32168365659,5347844044,3856.10009765625,27678.919921875,13037.2099609375,1424.6700439453125,111.4800033569336,25.809999465942383,26770.514,21406.5,4.07,4.48,298.786,3.6,541620600000000.0,115.010484648138,4.135,4.068,-0.41000000000000014,0.06700039,1
2022-11-02,2336.8701171875,2346.320068359375,2323.3701171875,2326.050048828125,0.0007066342807431347,0.000706384732292514,0.011341472445776518,33.613577706473215,79.93809943072984,3.681314125067729,-16.006941895127287,450634597,9568100644617,-0.24542842553057764,525198776309,-354068726679,24271664845,-23486622799,3759.68994140625,27663.390625,13100.169921875,1416.5999755859375,111.3499984741211,25.860000610351562,26770.514,21406.5,4.1,4.54,298.786,3.6,541620600000000.0,115.010484648138,4.143,4.095,-0.4400000000000004,0.048000336,0
2022-11-03,2329.169921875,2342.860107421875,2296.43994140625,2297.449951171875,-0.003295089126205908,-0.0033005298875306986,0.01142351481324215,32.810023716517854,73.45344956090605,7.69315495814908,-11.266922524472015,550428338,9273251406933,0.22145157443382013,171638922523,-685574292905,31813671546,81729880760,3719.889892578125,27663.390625,12986.599609375,1423.0999755859375,112.93000030517578,25.299999237060547,26770.514,21406.5,4.14,4.63,298.786,3.6,541620600000000.0,115.010484648138,4.197,4.158,-0.4900000000000002,0.039000034,1
2022-11-04,2348.429931640625,2348.429931640625,2316.2900390625,2325.85009765625,0.008269044514416679,0.008235043275735265,0.011363301265699116,32.006434849330354,74.685483500935,12.285074851887202,-6.556523049200172,436430311,7927339089118,-0.20710784516330627,41368155723,89162935333,29909706089,-35223942761,3770.550048828125,27199.740234375,13026.7099609375,1423.6500244140625,110.87999725341797,24.549999237060547,26770.514,21406.5,4.17,4.58,298.786,3.6,541620600000000.0,115.010484648138,4.182,4.118,-0.41000000000000014,0.06400013,1
2022-11-07,2371.7900390625,2373.280029296875,2354.219970703125,2360.219970703125,0.009947117053458632,0.009897970129358053,0.011425629796165203,31.493582589285715,73.9993786842533,17.606216388021494,-1.7239751617558392,392508611,8059881002353,-0.10063851866604201,110025246210,253985651013,50839790040,-56973270306,3806.800048828125,27527.640625,13223.73046875,1402.1099853515625,110.12000274658203,24.350000381469727,26770.514,21406.5,4.22,4.63,298.786,3.6,541620600000000.0,115.010484648138,4.258,4.186,-0.41000000000000014,0.07200003,1
2022-11-08,2399.0400390625,2400.389892578125,2375.669921875,2387.199951171875,0.011489212599430143,0.011423712812916922,0.010378346509242197,31.2357177734375,80.08415567982664,23.748350453220155,3.3704899612393593,500087936,8601453057670,0.274081439196757,282366498142,490165264707,-4490278547,-10201225466,3828.110107421875,27872.109375,13347.759765625,1392.699951171875,109.62000274658203,25.540000915527344,26770.514,21406.5,4.14,4.55,298.786,3.6,541620600000000.0,115.010484648138,4.236,4.156,-0.41000000000000014,0.07999992,1
2022-11-09,2424.409912109375,2429.64990234375,2403.639892578125,2408.5400390625,0.010575010268185858,0.010519485950886353,0.010465151590936117,30.779279436383927,87.56732535416381,30.313734816266333,8.759138932244754,680722009,9342671819052,0.3612046202210324,417226476199,398510771189,-100751992,-10603973815,3748.570068359375,27716.4296875,13638.8095703125,1374.1500244140625,110.55000305175781,26.09000015258789,26770.514,21406.5,4.12,4.49,298.786,3.6,541620600000000.0,115.010484648138,4.177,4.086,-0.3700000000000001,0.09100008,0
2022-11-10,2402.22998046875,2426.10009765625,2401.989990234375,2405.77001953125,-0.009148589737173252,-0.009190695084035343,0.009586711304267243,31.115705217633927,82.40290348327636,33.34275953032693,13.675863051861189,899127446,9344425168815,0.3208438013056809,-109777141036,4442230752,-28008688333,-55406544953,3956.3701171875,27446.099609375,13503.759765625,1370.550048828125,108.20999908447266,23.530000686645508,26770.514,21406.5,3.82,4.17,298.786,3.6,541620600000000.0,115.010484648138,4.07,4.033,-0.3500000000000001,0.03700018,1
2022-11-11,2483.159912109375,2486.4599609375,2463.510009765625,2466.89990234375,0.03368950196218634,0.03313444275296572,0.010793530840012448,34.021432059151785,85.31596540563486,41.79190153654554,19.29907074879806,758247863,13917647603448,-0.1566847765872782,705275159237,842837258994,51688236454,6364521990,3992.929931640625,28263.5703125,14007.5595703125,1349.3699951171875,106.29000091552734,22.520000457763672,26770.514,21406.5,3.82,4.17,298.786,3.6,541620600000000.0,115.010484648138,3.894,3.834,-0.3500000000000001,0.059999943,0
2022-11-14,2474.64990234375,2499.429931640625,2470.60009765625,2485.179931640625,-0.0034270888975475033,-0.0034329748182666273,0.010977305903389366,34.474278041294646,83.54328959197137,47.25647752550958,24.89055210414036,731166034,11216385156415,-0.035716327498571565,142922364626,16793691185,-37629812459,-65715894047,3957.25,27963.470703125,14174.900390625,1313.030029296875,106.66000366210938,23.729999542236328,26770.514,21406.5,3.88,4.24,298.786,3.6,541620600000000.0,115.010484648138,3.928,3.85,-0.3600000000000003,0.07800007,1
2022-11-15,2480.330078125,2485.199951171875,2463.64990234375,2482.760009765625,0.0022953452025153975,0.002292714921881788,0.010827730263570251,34.326416015625,83.12705021448397,51.45242455895186,30.202926595102664,617401010,9308852326801,-0.15559396732042396,-235016868238,225899067038,-105624197493,-76849990293,3991.72998046875,27990.169921875,14546.3095703125,1324.0799560546875,106.4000015258789,24.540000915527344,26770.514,21406.5,3.8,4.17,298.786,3.6,541620600000000.0,115.010484648138,3.861,3.753,-0.3700000000000001,0.10800004,0
2022-11-16,2477.449951171875,2487.0,2446.7900390625,2487.0,-0.0011611869639955863,-0.0011618616639306812,0.010647006005680403,34.269984654017854,80.2384037964302,53.92374131471615,34.94708953902536,657833955,9880428494318,0.06548895182403403,91512129351,69714186507,-85304371300,-122575640969,3958.7900390625,28028.30078125,14537.349609375,1316.260009765625,106.27999877929688,24.110000610351562,26770.514,21406.5,3.67,4.13,298.786,3.6,541620600000000.0,115.010484648138,3.896,3.808,-0.45999999999999996,0.08799982,0
2022-11-17,2442.89990234375,2467.389892578125,2442.89990234375,2466.5,-0.013945811019020704,-0.014043967491099967,0.011070986537640257,34.86570521763393,76.75226368993437,52.48931332437087,38.45553429609447,914519167,8556988540142,0.3901975719693582,-384299835349,22703750736,-13243304113,-49874298155,3946.56005859375,27930.5703125,14535.23046875,1336.4300537109375,106.69000244140625,23.93000030517578,26770.514,21406.5,3.77,4.22,298.786,3.6,541620600000000.0,115.010484648138,3.853,3.804,-0.44999999999999973,0.049000025,1
2022-11-18,2444.47998046875,2471.8701171875,2442.8701171875,2448.1298828125,0.0006468042851384137,0.0006465951974011487,0.010992435908807554,35.000697544642854,74.9363037020119,50.89335103621579,40.94309764411874,589585960,7444437086996,-0.3553049719733211,197645625265,-6658095159,46905702251,-57105697228,3965.340087890625,27899.76953125,14504.990234375,1342.75,106.93000030517578,23.1200008392334,26770.514,21406.5,3.82,4.28,298.786,3.6,541620600000000.0,115.010484648138,3.801,3.787,-0.4600000000000004,0.014000177,0
2022-11-21,2419.5,2448.139892578125,2409.360107421875,2446.050048828125,-0.010218934361638676,-0.010271506129680983,0.011419995598120972,34.77354213169643,64.74042394021352,47.070267029057504,42.168531521106495,544528841,7049427243317,-0.07642162815410325,-165337857975,280077732071,-18371430220,-54439998407,3949.93994140625,27944.7890625,14449.3896484375,1339.030029296875,107.83999633789062,22.360000610351562,26770.514,21406.5,3.83,4.32,298.786,3.6,541620600000000.0,115.010484648138,3.764,3.837,-0.4900000000000002,-0.072999954,0
2022-11-22,2405.27001953125,2426.39990234375,2401.5,2405.9599609375,-0.005881372378073957,-0.005898735762423701,0.011593201509140602,34.91282435825893,61.458788345791476,42.4034048546705,42.2155061878193,539169320,7253675569216,-0.009842492438339012,15650123452,102793679106,17027850939,-61189393296,4003.580078125,28115.740234375,14542.2001953125,1359.75,107.22000122070312,21.290000915527344,26770.514,21406.5,3.76,4.27,298.786,3.6,541620600000000.0,115.010484648138,3.773,3.844,-0.5099999999999998,-0.0710001,1
2022-11-23,2418.010009765625,2427.280029296875,2407.580078125,2424.360107421875,0.005296698553976853,0.005282720383236957,0.011581242624185048,33.169241768973215,64.63591703891043,39.28009718853809,41.628424387963065,474789345,7477108020662,-0.11940585751429622,89609886885,81826917572,-2978244505,-71925900995,4027.260009765625,28115.740234375,14608.5400390625,1352.68994140625,106.08000183105469,20.350000381469727,26770.514,21406.5,3.71,4.23,298.786,3.6,541620600000000.0,115.010484648138,3.774,3.849,-0.5200000000000005,-0.07500005,1
2022-11-24,2441.330078125,2441.330078125,2428.1201171875,2437.510009765625,0.009644322507017078,0.009598112898059579,0.01122568550331809,32.539254324776785,65.10275312815783,38.245715186036705,40.951882547577796,481184882,6849558626177,0.013470262269680955,126982095467,-11524898330,34574929378,11433127816,4027.260009765625,28383.08984375,14784.0,1336.81005859375,106.08000183105469,20.350000381469727,26770.514,21406.5,3.71,4.23,298.786,3.6,541620600000000.0,115.010484648138,3.622,3.689,-0.5200000000000005,-0.06699991,0
2022-11-25,2437.860107421875,2449.659912109375,2433.570068359375,2442.2099609375,-0.0014213443459435426,-0.0014223554139825387,0.010918272165340383,31.913521902901785,61.483649708010795,36.72264655036861,40.10603534813596,438394239,6347578947005,-0.08892765463067898,312653109891,-3866000823,7449811771,-5032472414,4026.1201171875,28283.029296875,14778.509765625,1317.8900146484375,105.95999908447266,20.5,26770.514,21406.5,3.68,4.2,298.786,3.6,541620600000000.0,115.010484648138,3.623,3.644,-0.52,-0.021000147,0
2022-11-28,2408.27001953125,2425.64990234375,2401.949951171875,2425.050048828125,-0.012137730052901863,-0.012211993839307366,0.01131485227981985,32.43568638392857,51.59131967653352,32.750404607497785,38.63490920000833,350496873,6462501436307,-0.20049845134940292,-125156485789,-118994901620,-38458238751,-67050002625,3963.93994140625,28162.830078125,14556.8701171875,1334.56005859375,106.68000030517578,22.209999084472656,26770.514,21406.5,3.69,4.22,298.786,3.6,541620600000000.0,115.010484648138,3.606,3.669,-0.5299999999999998,-0.062999964,1
2022-11-29,2433.389892578125,2433.8701171875,2401.10009765625,2405.5400390625,0.010430671329689334,0.010376647224547082,0.010884842778238252,32.58998325892857,51.54955352704367,31.26888977157978,37.161705314322624,550174638,6533346119404,0.5696991339491921,62319678791,186131988090,25529936285,61976579010,3957.6298828125,28027.83984375,14709.6396484375,1340.1199951171875,106.81999969482422,21.889999389648438,26770.514,21406.5,3.75,4.24,298.786,3.6,541620600000000.0,115.010484648138,3.673,3.723,-0.4900000000000002,-0.049999952,1
2022-11-30,2472.530029296875,2472.530029296875,2421.419921875,2424.43994140625,0.01608461382950921,0.015956627016849956,0.011310924906253886,34.5185546875,61.45995429533871,32.874108259219156,36.304185903301935,594127344,12469429031424,0.07988864437622434,1144644497176,-586221140317,29643134217,-2248369928,4080.110107421875,27968.990234375,14879.5498046875,1325.3699951171875,105.94999694824219,20.579999923706055,26770.514,21406.5,3.68,4.13,298.786,3.6,541620600000000.0,115.010484648138,3.667,3.689,-0.44999999999999973,-0.021999836,1
2022-12-01,2479.840087890625,2501.429931640625,2474.330078125,2501.429931640625,0.0029565095295642774,0.002952147650441706,0.011218844074190631,30.56640625,49.287898782965705,34.34026293639545,35.91140130992064,491383400,8850099247038,-0.17293252875430687,33652032730,252224542166,4081983114,-18757375787,4076.570068359375,28226.080078125,15012.7998046875,1279.800048828125,104.7300033569336,19.84000015258789,26770.514,21291.0,3.53,3.98,298.832,3.5,541620600000000.0,115.200236135184,3.663,3.65,-0.4500000000000002,0.013000011,0
2022-12-02,2434.330078125,2471.5,2434.330078125,2471.5,-0.01835199373857055,-0.018522480647000784,0.012136453876933519,31.757847377232142,42.536146473210565,31.467189463576233,35.02255894065176,468847334,7328393301881,-0.04586248945324567,-406017040453,-332597211934,-32513707056,-41186287326,4071.699951171875,27777.900390625,14970.6796875,1303.25,104.55000305175781,19.059999465942383,26770.514,21291.0,3.51,3.99,298.832,3.5,541620600000000.0,115.200236135184,3.583,3.616,-0.4800000000000004,-0.032999992,0
2022-12-05,2419.320068359375,2442.219970703125,2413.050048828125,2442.169921875,-0.006165971451655428,-0.006185059558558826,0.012104167070457073,32.3021240234375,39.08314818002231,27.66022582734513,33.55009231799044,385586134,7717406208213,-0.17758701812304645,-293616814004,113227045152,-28897312057,-2311265738,3998.840087890625,27820.400390625,14980.740234375,1299.1700439453125,105.29000091552734,20.75,26770.514,21291.0,3.6,4.13,298.832,3.5,541620600000000.0,115.200236135184,3.549,3.609,-0.5299999999999998,-0.059999943,0
2022-12-06,2393.159912109375,2416.8798828125,2390.199951171875,2397.699951171875,-0.010813019985296934,-0.010871905557867316,0.012119550878756399,31.509992327008927,36.07744805637865,22.27549568981567,31.29517299235549,368635781,6477022385590,-0.04395996511638045,-98977502602,-111571565871,-39288412006,-54027333879,3941.260009765625,27885.869140625,14728.8798828125,1304.3699951171875,105.58000183105469,22.170000076293945,26770.514,21291.0,3.51,4.07,298.832,3.5,541620600000000.0,115.200236135184,3.504,3.633,-0.5600000000000005,-0.12899995,0
2022-12-07,2382.81005859375,2394.8798828125,2377.97998046875,2385.8701171875,-0.0043247647026238845,-0.004334143548125055,0.011885938870192556,30.249267578125,39.212274430257246,16.977208883498406,28.431580170584073,332586789,6080662497686,-0.09779026849268335,-198228597329,130416115948,-12346577935,-25820225084,3933.919921875,27686.400390625,14630.009765625,1319.7099609375,105.0999984741211,22.68000030517578,26770.514,21291.0,3.42,3.97,298.832,3.5,541620600000000.0,115.200236135184,3.523,3.672,-0.5500000000000003,-0.14899993,0
2022-12-08,2371.080078125,2387.949951171875,2357.199951171875,2386.89990234375,-0.00492275094544159,-0.004934907596396659,0.011766544771559443,30.374267578125,37.28610430734671,11.6969320732519,25.08465055111764,351939439,7552996919747,0.058188270370534756,-466523510827,207808671344,61786308975,-70779529245,3963.510009765625,27574.4296875,14553.0400390625,1314.0999755859375,104.7699966430664,22.290000915527344,26770.514,21291.0,3.48,4.04,298.832,3.5,541620600000000.0,115.200236135184,3.53,3.676,-0.56,-0.14600015,1
2022-12-09,2389.0400390625,2390.080078125,2367.25,2382.72998046875,0.007574590627787758,0.007546047460787296,0.008954550450817828,29.235002790178573,44.592397004849175,8.859368127779817,21.839594066450076,315674287,7220197808267,-0.10304372849784538,100280111234,389531539398,-11711343096,22274691742,3934.3798828125,27901.009765625,14705.4296875,1316.6300048828125,104.80999755859375,22.829999923706055,26770.514,21291.0,3.57,4.07,298.832,3.5,541620600000000.0,115.200236135184,3.491,3.657,-0.5000000000000004,-0.16600013,0
2022-12-12,2373.02001953125,2381.8701171875,2368.469970703125,2373.580078125,-0.006705630407741747,-0.0067282141628195935,0.009013741627721235,28.925728934151785,44.310768091099376,5.257293756295439,18.52313400441915,499224684,5822259612423,0.581455014104459,17771225883,24393840101,2755821276,-13375087603,3990.56005859375,27842.330078125,14612.58984375,1303.1700439453125,105.12999725341797,25.0,26770.514,21291.0,3.61,4.1,298.832,3.5,541620600000000.0,115.200236135184,3.448,3.623,-0.48999999999999977,-0.17499995,0
2022-12-13,2372.39990234375,2388.27001953125,2364.8701171875,2385.050048828125,-0.0002613198297511943,-0.00026135397972741175,0.008966247249045971,29.025006975446427,41.59447559451339,2.325775498650728,15.283662303265464,447565388,6659361034224,-0.1034790499261451,-112056994243,35771117295,18274797123,-4857178445,4019.64990234375,27954.849609375,14522.9599609375,1305.9200439453125,103.9800033569336,22.549999237060547,26770.514,21291.0,3.51,3.96,298.832,3.5,541620600000000.0,115.200236135184,3.469,3.623,-0.4500000000000002,-0.1539998,1
2022-12-14,2399.25,2400.179931640625,2379.43994140625,2380.81005859375,0.011317694638970588,0.011254128696650708,0.00945992679183697,29.343575613839285,42.34463191519224,2.144385503004287,12.655806943213229,409799402,5724107192073,-0.08438093519421119,233390302769,199203954677,8907580388,2849663819,3995.320068359375,28156.2109375,14739.3603515625,1288.97998046875,103.7699966430664,21.139999389648438,26770.514,21291.0,3.49,3.94,298.832,3.5,541620600000000.0,115.200236135184,3.406,3.53,-0.44999999999999973,-0.12400007,0
2022-12-15,2360.969970703125,2392.110107421875,2360.949951171875,2383.830078125,-0.015954998143951182,-0.01608364938208699,0.00961088973685303,30.930018833705358,37.58436303542933,-1.0758441583270724,9.90947672290517,375386441,6134217159398,-0.08397513718187422,-57603350762,-298291002648,-8719135548,-32841472676,3895.75,28051.69921875,14734.1298828125,1295.6800537109375,104.55999755859375,22.829999923706055,26770.514,21291.0,3.44,3.96,298.832,3.5,541620600000000.0,115.200236135184,3.38,3.536,-0.52,-0.1559999,0
2022-12-16,2360.02001953125,2360.43994140625,2326.830078125,2329.75,-0.0004023563127285579,-0.000402437279748877,0.009600233227266605,30.803571428571427,41.41490402408998,-3.6623353635845888,7.195114305607219,414172006,7206180401653,0.10332169935780922,292665102195,-284645002363,-29029254750,701804830,3852.360107421875,27527.119140625,14528.5498046875,1317.0999755859375,104.69999694824219,22.6200008392334,26770.514,21291.0,3.48,3.91,298.832,3.5,541620600000000.0,115.200236135184,3.36,3.539,-0.43000000000000016,-0.17900014,0
2022-12-19,2352.169921875,2358.760009765625,2342.280029296875,2350.780029296875,-0.0033262843498290673,-0.0033318287318251255,0.00939965251486324,29.729997907366073,34.60229329220823,-6.273271187990304,4.501437206887715,323987461,5018051573386,-0.21774659729175416,-23447749615,86622369705,-9264675655,-7252377161,3817.659912109375,27237.640625,14433.3203125,1308.8599853515625,104.72000122070312,22.420000076293945,26770.514,21291.0,3.57,3.99,298.832,3.5,541620600000000.0,115.200236135184,3.395,3.545,-0.4200000000000004,-0.1500001,0
2022-12-20,2333.2900390625,2353.860107421875,2324.659912109375,2344.72998046875,-0.00802658117379984,-0.008058967594375781,0.009466110417679956,28.165004185267858,21.40630405246192,-9.753473426479104,1.6504550802143512,358771039,5335838130528,0.10736087715444032,-103781513580,33909060964,-10256705430,-31076434114,3821.6201171875,26568.029296875,14170.0302734375,1301.3299560546875,103.97000122070312,21.479999542236328,26770.514,21291.0,3.69,4.03,298.832,3.5,541620600000000.0,115.200236135184,3.603,3.685,-0.3400000000000003,-0.08200002,0
2022-12-21,2328.949951171875,2347.0,2325.780029296875,2346.389892578125,-0.001860072180468797,-0.001861804262925932,0.009329741739899824,27.616437639508927,18.631246637499615,-12.715194745042936,-1.2226748848371063,329724466,5102489702486,-0.08096130914290434,-104601708927,150210000723,5930134084,-4930789389,3878.43994140625,26387.720703125,14234.400390625,1283.6400146484375,104.16000366210938,20.06999969482422,26770.514,21291.0,3.68,4.0,298.832,3.5,541620600000000.0,115.200236135184,3.566,3.638,-0.31999999999999984,-0.07200003,1
2022-12-22,2356.72998046875,2356.72998046875,2335.75,2340.0,0.011928134944633184,0.011857555443178309,0.009488328652888667,26.350010463169642,32.58371433455926,-12.67465845818424,-3.5130715995065334,553052921,9460858960619,0.6773184219820678,-4506398238,1002997910494,79588927476,7018680026,3822.389892578125,26507.869140625,14442.9404296875,1280.77001953125,104.43000030517578,21.969999313354492,26770.514,21291.0,3.67,4.02,298.832,3.5,541620600000000.0,115.200236135184,3.495,3.567,-0.34999999999999964,-0.07200003,0
2022-12-23,2313.68994140625,2333.080078125,2311.89990234375,2325.860107421875,-0.018262609386392015,-0.018431429391977137,0.010192310782729872,27.468593052455358,28.94222729259363,-15.931852136335237,-5.996827706872274,366988585,5935798139102,-0.3364313412603782,-66547818899,277286184053,2888230220,20398289522,3844.820068359375,26235.25,14271.6298828125,1290.199951171875,104.30999755859375,20.8700008392334,26770.514,21291.0,3.75,4.09,298.832,3.5,541620600000000.0,115.200236135184,3.552,3.623,-0.33999999999999986,-0.07099986,1
2022-12-26,2317.139892578125,2321.919921875,2304.199951171875,2312.5400390625,0.0014911035010067852,0.001489992910048399,0.009971302909030595,26.654296875,33.336258880999424,-18.027015156658763,-8.402865196829572,427844636,5205750204132,0.16582546021152123,-37116880117,473269163300,26484175191,-17765057553,3844.820068359375,26405.869140625,14285.1298828125,1279.239990234375,104.30999755859375,20.8700008392334,26770.514,21291.0,3.75,4.09,298.832,3.5,541620600000000.0,115.200236135184,3.639,3.663,-0.33999999999999986,-0.024000168,1
2022-12-27,2332.7900390625,2335.989990234375,2321.47998046875,2327.52001953125,0.006754079257149215,0.006731372647996004,0.009765732951693909,26.793596540178573,39.28450389536489,-18.214643841559337,-10.365220925775525,448498792,7126994120167,0.04827489761961168,50235108852,942397070193,60737702943,-66862812880,3829.25,26447.869140625,14328.4296875,1275.1300048828125,104.18000030517578,21.649999618530273,26770.514,21291.0,3.84,4.17,298.832,3.5,541620600000000.0,115.200236135184,3.611,3.662,-0.33000000000000007,-0.05099988,0
2022-12-28,2280.449951171875,2296.449951171875,2276.89990234375,2296.449951171875,-0.02243669040684837,-0.022692222372683965,0.009826068856730985,28.589320591517858,33.46228929199259,-22.32934975015951,-12.758046690652321,405893520,7566892910919,-0.0949952881924373,-310789177092,-768702329719,56865346579,-624487045,3783.219970703125,26340.5,14173.099609375,1272.280029296875,104.45999908447266,22.139999389648438,26770.514,21291.0,3.88,4.18,298.832,3.5,541620600000000.0,115.200236135184,3.673,3.668,-0.2999999999999998,0.0050001144,0
2022-12-29,2236.39990234375,2272.669921875,2236.3798828125,2265.72998046875,-0.019316384823744426,-0.019505383997565722,0.010258235656207247,30.106462751116073,24.568504049748952,-28.812620670536035,-15.968961486629066,361194425,6036542050335,-0.11012517519373066,-143667474477,-566107569301,14269000236,-1006283324,3849.280029296875,26093.669921875,14085.01953125,1274.3199462890625,103.83999633789062,21.440000534057617,26770.514,21291.0,3.83,4.16,298.832,3.5,541620600000000.0,115.200236135184,3.726,3.719,-0.33000000000000007,0.0069999695,0
2023-01-02,2225.669921875,2259.8798828125,2222.3701171875,2249.949951171875,-0.004797880941375898,-0.004809427720324877,0.009764961340234631,31.316441127232142,25.009357837064314,-34.41971033875916,-19.659111257055088,346344799,5200137586818,-0.04111255593161489,5257042085,-166668802580,13169404718,-23713102319,3839.5,26094.5,14137.6904296875,1260.9100341796875,103.5199966430664,21.670000076293945,27216.445,21279.4,3.88,4.22,300.42,3.5,547219800000000.06,116.064659576169,3.811,3.782,-0.33999999999999986,0.029000044,0
2023-01-03,2218.679931640625,2230.97998046875,2180.669921875,2230.97998046875,-0.0031406230392359014,-0.003145565146015487,0.009760690864170862,33.238595145089285,24.48041762758028,-38.97808795690389,-23.52290659702485,410245325,6149082624890,0.1844997418309724,88281512217,-353593534171,-1797629888,6457554831,3824.139892578125,26094.5,14224.1201171875,1270.0999755859375,104.5199966430664,22.899999618530273,27216.445,21279.4,3.79,4.18,300.42,3.5,547219800000000.06,116.064659576169,3.661,3.661,-0.3899999999999997,0.0,1
2023-01-04,2255.97998046875,2260.06005859375,2198.820068359375,2205.97998046875,0.016811820531744237,0.016672066053450063,0.010688006434815493,35.628592354910715,27.012827885099,-39.12976922748703,-26.644279123117286,412841149,6487597995523,0.006327491970810284,260982147454,-189658412790,122390319528,39544825739,3852.969970703125,25716.859375,14199.1298828125,1279.0799560546875,104.25,22.010000228881836,27216.445,21279.4,3.69,4.11,300.42,3.5,547219800000000.06,116.064659576169,3.597,3.632,-0.4200000000000004,-0.035000086,1
2023-01-05,2264.64990234375,2281.389892578125,2252.969970703125,2268.199951171875,0.0038430845796773028,0.003835718795656626,0.0107880381934663,34.92286900111607,32.92320078257896,-38.11106683432581,-28.937636665358994,430977022,7521178466245,0.04392942187068671,502342984329,-382313259859,21569199466,41987663170,3808.10009765625,25820.80078125,14301.0498046875,1271.0799560546875,105.04000091552734,22.459999084472656,27216.445,21279.4,3.71,4.18,300.42,3.5,547219800000000.06,116.064659576169,3.571,3.644,-0.46999999999999975,-0.072999954,1
2023-01-06,2289.969970703125,2300.6201171875,2253.27001953125,2253.39990234375,0.011180566291138616,0.011118525763692894,0.01119042005314685,35.866455078125,38.568497380425896,-34.85878951375889,-30.121867235038977,398606581,6764112169245,-0.07510943588078345,315749154598,-25423582718,76575393836,88457631466,3895.080078125,25973.849609375,14373.33984375,1274.1800537109375,103.87999725341797,21.1299991607666,27216.445,21279.4,3.55,3.96,300.42,3.5,547219800000000.06,116.064659576169,3.573,3.681,-0.41000000000000014,-0.10800004,1
2023-01-09,2350.18994140625,2351.06005859375,2312.56005859375,2315.8701171875,0.02629727528026704,0.025957446770038417,0.012655903713703235,38.962890625,49.72405242119332,-27.109585522595353,-29.519410892550255,342095527,7028980630776,-0.14177150276402484,657331070270,390789112816,86464426490,47349479088,3892.090087890625,25973.849609375,14752.2099609375,1252.8800048828125,103.0,21.969999313354492,27216.445,21279.4,3.53,3.93,300.42,3.5,547219800000000.06,116.064659576169,3.477,3.577,-0.40000000000000036,-0.099999905,1
2023-01-10,2351.31005859375,2370.179931640625,2344.179931640625,2348.0400390625,0.00047660708939534224,0.0004764935483114025,0.012581191745357134,38.734305245535715,52.642227819390605,-20.639976631112404,-27.743524040262688,359914195,6702908456279,0.052086819597614964,-1955421808,226598815499,36569233912,1707120467,3919.25,26175.560546875,14802.9599609375,1239.280029296875,103.23999786376953,20.579999923706055,27216.445,21279.4,3.61,3.94,300.42,3.5,547219800000000.06,116.064659576169,3.462,3.556,-0.33000000000000007,-0.0940001,1
2023-01-11,2359.530029296875,2369.659912109375,2350.360107421875,2364.050048828125,0.003495911002074026,0.003489814509605266,0.012612224390573343,38.59715053013393,54.43343267522281,-14.680257168520257,-25.130870665914202,369010952,6297145034283,0.025274793621296254,34916836086,209295574218,13944886180,887169619,3969.610107421875,26446.0,14751.4404296875,1240.1600341796875,103.19000244140625,21.09000015258789,27216.445,21279.4,3.54,3.9,300.42,3.5,547219800000000.06,116.064659576169,3.417,3.472,-0.3599999999999999,-0.05499983,1
2023-01-12,2365.10009765625,2377.800048828125,2358.330078125,2376.719970703125,0.002360668561202761,0.002357886560568907,0.012338224168601041,38.003574916294646,51.29700724393149,-9.399328977781352,-21.984562328287634,580433350,7837776879492,0.5729434230992689,485839519925,-417451553356,30052717345,-59584049512,3983.169921875,26449.8203125,14731.6396484375,1241.5999755859375,102.25,18.829999923706055,27216.445,21279.4,3.43,3.79,300.42,3.5,547219800000000.06,116.064659576169,3.412,3.466,-0.3599999999999999,-0.05400014,1
2023-01-13,2386.090087890625,2397.010009765625,2375.780029296875,2377.340087890625,0.008874884515533088,0.008835734193834344,0.011957084249448826,37.08070591517857,62.041790210835174,-3.480319590525596,-18.283713780735226,862230157,6976741116461,0.4854938245709004,571527979144,159462821208,22933461293,30440336186,3999.090087890625,26119.51953125,14824.1298828125,1239.1300048828125,102.19999694824219,18.350000381469727,27216.445,21279.4,3.49,3.88,300.42,3.5,547219800000000.06,116.064659576169,3.3,3.369,-0.3899999999999997,-0.069000006,1
2023-01-16,2399.860107421875,2410.219970703125,2387.610107421875,2390.06005859375,0.005770955422484958,0.005754367248385356,0.012010970438586356,37.53855678013393,63.301617761139184,2.295205784780592,-14.167929867632063,517762227,6532806968677,-0.3995080979288921,300049168157,186225911578,15197634577,-551930336,3999.090087890625,25822.3203125,14927.009765625,1236.5899658203125,102.19999694824219,18.350000381469727,27216.445,21279.4,3.49,3.88,300.42,3.5,547219800000000.06,116.064659576169,3.383,3.454,-0.3899999999999997,-0.0710001,0
2023-01-17,2379.389892578125,2404.0,2374.64990234375,2400.919921875,-0.008529753372058302,-0.008566339916379607,0.01216266645493373,38.28855678013393,57.378987207688525,5.161082250435811,-10.302127444018488,536811108,6314017773643,0.03679078929796087,179169806275,-164858893953,-7530401840,-53369898373,3990.969970703125,26138.6796875,14932.9296875,1240.7099609375,102.38999938964844,19.360000610351562,27216.445,21279.4,3.53,3.86,300.42,3.5,547219800000000.06,116.064659576169,3.444,3.484,-0.33000000000000007,-0.03999996,0
2023-01-18,2368.320068359375,2383.0,2356.840087890625,2380.360107421875,-0.004652379273056284,-0.004663235273413774,0.012059051703923018,36.164969308035715,66.00605525868265,6.464548406926951,-6.948792273829401,537392995,5498577136647,0.0010839697452758035,73091904331,-66670959296,-52747443860,-36943462243,3928.860107421875,26791.119140625,14932.9296875,1237.0,102.36000061035156,20.34000015258789,27216.445,21279.4,3.37,3.72,300.42,3.5,547219800000000.06,116.064659576169,3.337,3.39,-0.3500000000000001,-0.05300021,1
2023-01-19,2380.340087890625,2380.340087890625,2354.56005859375,2354.56005859375,0.005075335758809363,0.005062499655646323,0.01207964974861629,34.85853794642857,79.68325987773846,8.370974464711708,-3.88483892612118,370098909,5448179058653,-0.31130678582812565,572094289426,-174860196255,-10879928754,-80966651984,3898.85009765625,26405.23046875,14932.9296875,1237.8800048828125,102.05999755859375,20.520000457763672,27216.445,21279.4,3.39,3.76,300.42,3.5,547219800000000.06,116.064659576169,3.222,3.248,-0.36999999999999966,-0.026000023,1
2023-01-20,2395.260009765625,2395.969970703125,2372.570068359375,2380.0,0.006267979080342823,0.006248417000052168,0.011879994745603627,33.85069056919643,84.37867163427133,10.959410591583492,-0.9159890225802458,302506895,5025541430084,-0.1826322973570289,231019489511,-14319139613,5360437888,-18699191936,3972.610107421875,26553.529296875,14932.9296875,1232.1800537109375,102.01000213623047,19.850000381469727,27216.445,21279.4,3.48,3.83,300.42,3.5,547219800000000.06,116.064659576169,3.279,3.33,-0.3500000000000001,-0.05099988,1
2023-01-25,2428.570068359375,2432.7099609375,2421.510009765625,2426.580078125,0.013906656671068163,0.013810846366688372,0.011305118693011,32.93211146763393,88.4456115182553,15.519706697419679,2.3711501214197392,550087246,6665406114846,0.8184287865570801,768164444052,38041461158,1430289427,3921901023,4016.219970703125,27395.009765625,14932.9296875,1232.6600341796875,101.63999938964844,19.079999923706055,27216.445,21279.4,3.46,3.84,300.42,3.5,547219800000000.06,116.064659576169,3.229,3.285,-0.3799999999999999,-0.055999994,1
2023-01-26,2468.64990234375,2468.64990234375,2426.39990234375,2436.179931640625,0.016503470295774036,0.016368768045782536,0.011722347052243013,31.57568359375,88.5620891885766,22.11297722128802,6.319515541393396,486831888,8206398683439,-0.11499150082094434,812270694693,103429680765,102361649427,9855666079,4060.429931640625,27362.75,14932.9296875,1232.5899658203125,101.83999633789062,18.729999542236328,27216.445,21279.4,3.49,3.88,300.42,3.5,547219800000000.06,116.064659576169,3.231,3.273,-0.3899999999999997,-0.042000055,1
2023-01-27,2484.02001953125,2497.39990234375,2464.530029296875,2474.52001953125,0.006226122696826097,0.006206820472155964,0.01171453633631955,31.893537248883927,88.83341573631967,28.25275148461742,10.706162730038201,509288123,9092446576759,0.04612728860521975,973962363247,275038763047,-5958689914,-3608051218,4070.56005859375,27382.560546875,14932.9296875,1231.8499755859375,101.93000030517578,18.510000228881836,27216.445,21279.4,3.52,3.9,300.42,3.5,547219800000000.06,116.064659576169,3.283,3.304,-0.3799999999999999,-0.020999908,0
2023-01-30,2450.469970703125,2491.1298828125,2446.590087890625,2484.639892578125,-0.013506352027893964,-0.013598392493967024,0.010799853853195662,31.692801339285715,77.60766185183256,30.06479008658198,14.577888201346958,475410252,9220413382464,-0.06652004920208987,15451352757,-273468134363,-87838601431,46355820147,4017.77001953125,27433.400390625,15493.8203125,1228.949951171875,102.27999877929688,19.940000534057617,27216.445,21279.4,3.55,3.96,300.42,3.5,547219800000000.06,116.064659576169,3.238,3.271,-0.41000000000000014,-0.032999992,0
2023-01-31,2425.080078125,2457.47998046875,2423.3701171875,2449.919921875,-0.010361233919075397,-0.010415285185949466,0.009932992497327814,29.765642438616073,64.63554976230054,29.116455223352204,17.48560160574801,617195639,10394784014909,0.2982379669002173,-475136216346,275797054765,-101995480209,2148887413,4076.60009765625,27327.109375,15265.2001953125,1231.5,102.0999984741211,19.399999618530273,27216.445,21279.4,3.52,3.9,300.42,3.5,547219800000000.06,116.064659576169,3.297,3.325,-0.3799999999999999,-0.028000116,1
2023-02-01,2449.800048828125,2453.2900390625,2433.3701171875,2446.030029296875,0.010193465744124053,0.010141862751469935,0.0097927765652762,29.923496791294642,67.6221162002993,30.01360984274288,19.991203253146985,666296326,8596020942471,0.07955449438941997,195926250867,-52303870976,-3520884562,-78398404138,4119.2099609375,27346.880859375,15420.1298828125,1232.1500244140625,101.22000122070312,17.8700008392334,27216.445,21242.9,3.39,3.75,301.45,3.6,547219800000000.06,116.359828556018,3.239,3.263,-0.3599999999999999,-0.02399993,1
2023-02-02,2468.8798828125,2486.199951171875,2454.60009765625,2481.93994140625,0.00778832296680787,0.007758150539969374,0.009629453970393524,31.144932338169642,68.8333029184036,31.896511359905162,22.37226487449862,693116445,9121677725259,0.040252539228319284,555702432620,-158531851006,-18378820063,-75852117933,4179.759765625,27402.05078125,15595.16015625,1221.949951171875,101.75,18.729999542236328,27216.445,21242.9,3.4,3.75,301.45,3.6,547219800000000.06,116.359828556018,3.207,3.183,-0.3500000000000001,0.02399993,1
2023-02-03,2480.39990234375,2485.080078125,2460.2099609375,2466.5400390625,0.004666091538696682,0.004655239079523883,0.009252871383090612,31.530657087053573,69.4592411906253,33.927202011343525,24.6832523018676,496860518,8027060871807,-0.2831500080769257,586758677762,-63039555079,-55521002201,-44471545507,4136.47998046875,27509.4609375,15602.66015625,1224.9000244140625,102.91999816894531,18.329999923706055,27216.445,21242.9,3.53,3.96,301.45,3.6,547219800000000.06,116.359828556018,3.148,3.11,-0.43000000000000016,0.038000107,0
2023-02-06,2438.18994140625,2469.419921875,2438.0400390625,2461.820068359375,-0.017017401467245397,-0.01716386139984451,0.01047222757768832,32.27708217075893,58.20522501974397,31.76438780863782,26.099479403221647,566819415,7671311282395,0.1408018839605203,-313375546418,-513915684792,1292527326,59431451490,4111.080078125,27693.650390625,15392.8203125,1246.75,103.62000274658203,19.43000030517578,27216.445,21242.9,3.63,4.1,301.45,3.6,547219800000000.06,116.359828556018,3.283,3.283,-0.46999999999999975,0.0,1
2023-02-07,2451.7099609375,2456.169921875,2432.39990234375,2440.139892578125,0.005545105121486982,0.005529787624747148,0.010337320141536951,32.251377650669646,58.17228771107295,30.786408007772934,27.036865124131907,451159027,7594010675216,-0.20405156375950884,-57899119596,-261338907204,-24874093917,-3976087428,4164.0,27685.470703125,15400.91015625,1261.22998046875,103.43000030517578,18.65999984741211,27216.445,21242.9,3.67,4.11,301.45,3.6,547219800000000.06,116.359828556018,3.297,3.315,-0.4400000000000004,-0.018000126,1
2023-02-08,2483.639892578125,2487.35009765625,2465.9599609375,2469.419921875,0.013023535470898517,0.012939458432881789,0.009189108536828295,32.70066615513393,65.85843400341079,32.21645931452076,28.07278396220968,415677405,8001678048694,-0.07864548834573137,592588968439,-54384591585,30061993647,-26298095420,4117.85986328125,27606.4609375,15618.169921875,1255.3499755859375,103.41000366210938,19.6299991607666,27216.445,21242.9,3.63,4.08,301.45,3.6,547219800000000.06,116.359828556018,3.32,3.339,-0.4500000000000002,-0.019000053,0
2023-02-09,2481.52001953125,2487.139892578125,2466.610107421875,2470.659912109375,-0.0008535347870719523,-0.0008538992552939521,0.009211308352000321,32.298514229910715,67.7019027177428,32.800624063195755,29.018351982406898,610694361,8986377129166,0.4691545743266945,150077469726,-318124460505,12472107301,-10216610685,4081.5,27584.349609375,15598.7099609375,1260.469970703125,103.22000122070312,20.709999084472656,27216.445,21242.9,3.67,4.15,301.45,3.6,547219800000000.06,116.359828556018,3.362,3.401,-0.4800000000000004,-0.039000034,0
2023-02-10,2469.72998046875,2473.800048828125,2454.739990234375,2470.64990234375,-0.004751135985083477,-0.004762458509127488,0.009357495344146077,32.369942801339285,63.98861169501899,31.94399077511298,29.603479740948114,662365593,8402618515942,0.08461062570708755,48792690878,-505073560104,-18575051438,22680815311,4090.4599609375,27670.98046875,15586.650390625,1264.550048828125,103.62999725341797,20.530000686645508,27216.445,21242.9,3.74,4.19,301.45,3.6,547219800000000.06,116.359828556018,3.365,3.398,-0.4500000000000002,-0.032999992,0
2023-02-13,2452.699951171875,2462.580078125,2440.860107421875,2461.9599609375,-0.00689550251709814,-0.00691938635193208,0.009580830453637362,32.760654994419646,58.929794117602405,29.550284400082546,29.592840672775,486398581,7371040643718,-0.2656644817599999,67142363935,-234600036058,-91062627469,3545391321,4137.2900390625,27427.3203125,15544.2802734375,1266.8699951171875,103.3499984741211,20.34000015258789,27216.445,21242.9,3.72,4.22,301.45,3.6,547219800000000.06,116.359828556018,3.43,3.452,-0.49999999999999956,-0.021999836,1
2023-02-14,2465.639892578125,2480.340087890625,2459.830078125,2471.330078125,0.005275794701291359,0.005261926452397485,0.009475815788303917,32.05995396205357,56.152677892696275,28.370364082821652,29.348345354784332,349432106,6738873534337,-0.2815930809633673,60914632775,270695541397,11472385094,42074902145,4136.1298828125,27602.76953125,15654.48046875,1272.93994140625,103.2300033569336,18.90999984741211,27216.445,21242.9,3.77,4.32,301.45,3.6,547219800000000.06,116.359828556018,3.398,3.429,-0.5500000000000003,-0.030999899,0
2023-02-15,2427.89990234375,2473.43994140625,2424.159912109375,2473.090087890625,-0.015306367465896753,-0.015424719151132912,0.010151146068825194,32.562098911830354,43.183559388206156,24.112018583845384,28.301080000596546,387066656,8758717823542,0.10770203811781398,-268652657440,-556773984422,-61306382157,-55446570937,4147.60009765625,27501.859375,15432.8896484375,1272.25,103.91999816894531,18.229999542236328,27216.445,21242.9,3.81,4.35,301.45,3.6,547219800000000.06,116.359828556018,3.471,3.502,-0.5399999999999996,-0.031000137,1
2023-02-16,2475.47998046875,2475.989990234375,2442.070068359375,2444.06005859375,0.01959721571678852,0.019407662755785374,0.010734897245710256,33.649257114955354,48.71042995990462,24.296488956911162,27.50016179185947,388027117,9170362763358,0.002481383981574492,69569379732,747741101358,32367503156,23358194703,4090.409912109375,27696.439453125,15550.5,1283.719970703125,103.86000061035156,20.170000076293945,27216.445,21242.9,3.86,4.35,301.45,3.6,547219800000000.06,116.359828556018,3.476,3.504,-0.48999999999999977,-0.027999878,0
2023-02-17,2451.2099609375,2471.510009765625,2445.739990234375,2447.659912109375,-0.00980416716060628,-0.009852544466624969,0.010964169781826094,32.592128208705354,50.11496258311177,22.228064027824075,26.445742239052393,514047410,8364504360476,0.3247718715493795,119555409770,-384129751672,-15842135074,389997102,4079.090087890625,27513.130859375,15479.7001953125,1288.9599609375,103.86000061035156,20.020000457763672,27216.445,21242.9,3.82,4.33,301.45,3.6,547219800000000.06,116.359828556018,3.626,3.639,-0.5100000000000002,-0.013000011,1
2023-02-20,2455.1201171875,2463.169921875,2430.27001953125,2453.25,0.001595194337617789,0.0015939233665814153,0.010935913099095253,32.505702427455354,55.00067464646087,20.66611321127084,25.289816433496085,390012511,7535474328847,-0.24129077705108948,-315404093934,189609007451,-23687266851,14405395860,4079.090087890625,27531.939453125,15551.23046875,1293.9200439453125,103.86000061035156,20.020000457763672,27216.445,21242.9,3.82,4.33,301.45,3.6,547219800000000.06,116.359828556018,3.641,3.677,-0.5100000000000002,-0.036000013,1
2023-02-21,2458.9599609375,2466.070068359375,2446.0,2457.510009765625,0.0015640146170927682,0.0015627928200046318,0.010879931512014464,31.924281529017858,51.63874351495394,19.513163631791485,24.134485873155167,494660925,7333623297130,0.2683206590775238,29870543937,-210716054091,32072256514,36826751727,3997.340087890625,27473.099609375,15563.0,1296.1099853515625,104.18000030517578,22.8700008392334,27216.445,21242.9,3.95,4.44,301.45,3.6,547219800000000.06,116.359828556018,3.6,3.623,-0.4900000000000002,-0.023000002,0
2023-02-22,2417.679931640625,2435.97998046875,2416.159912109375,2430.8701171875,-0.016787597176302405,-0.01693010605835411,0.011188360542810525,32.381434849330354,41.51419338809935,15.094489531516501,22.326486604827437,427481883,8386250227119,-0.13580826502517862,-195119476219,-507031613376,-38575609410,-43148744788,3991.050048828125,27104.3203125,15418.76953125,1305.8299560546875,104.58999633789062,22.290000915527344,27216.445,21242.9,3.93,4.43,301.45,3.6,547219800000000.06,116.359828556018,3.639,3.645,-0.49999999999999956,-0.006000042,1
2023-02-23,2439.090087890625,2449.6201171875,2422.6201171875,2430.010009765625,0.008855661979818574,0.008816680573668377,0.010716343406118706,32.886439732142854,43.37070234784604,13.16848109646935,20.49488550315582,400991556,7451976722535,-0.06196830334444836,10865840744,254470163591,22017980740,-6741568660,4012.320068359375,27104.3203125,15615.41015625,1302.8299560546875,104.5999984741211,21.139999389648438,27216.445,21242.9,3.88,4.4,301.45,3.6,547219800000000.06,116.359828556018,3.595,3.599,-0.5200000000000005,-0.0039999485,0
2023-02-24,2423.610107421875,2452.969970703125,2421.469970703125,2442.489990234375,-0.006346621039380107,-0.0063668464594867505,0.010664552414093083,32.11073521205357,47.44069837705332,10.274561731372614,18.45082074879918,369900381,6991100390024,-0.0775357349420096,-300375029409,-86813841190,-2252160028,-5704023599,3970.0400390625,27453.48046875,15503.7900390625,1298.0799560546875,105.20999908447266,21.670000076293945,27216.445,21242.9,3.95,4.52,301.45,3.6,547219800000000.06,116.359828556018,3.525,3.555,-0.5699999999999994,-0.029999971,0
2023-02-27,2402.639892578125,2405.56005859375,2383.760009765625,2405.419921875,-0.008652470452872096,-0.008690120409418363,0.010418612940400552,33.259312220982146,41.60593574619891,6.21731931555496,16.004120462150336,357218105,6598229950675,-0.03428565270928985,-324862519029,-450193487982,24596019120,13165167304,3982.239990234375,27423.9609375,15503.7900390625,1313.699951171875,104.66999816894531,20.950000762939453,27216.445,21242.9,3.92,4.49,301.45,3.6,547219800000000.06,116.359828556018,3.619,3.683,-0.5700000000000003,-0.06400013,1
2023-02-28,2412.85009765625,2431.669921875,2407.2900390625,2417.580078125,0.004249577770545132,0.004240573814592212,0.010234246583337539,32.787161690848215,36.918422351494286,3.7822047872796247,13.559737327176196,529789810,9274200246571,0.4830989879418346,-286814070363,261336807089,69060349115,43698239338,3970.14990234375,27445.560546875,15503.7900390625,1318.3499755859375,104.87000274658203,20.700000762939453,27216.445,21242.9,3.92,4.51,301.45,3.6,547219800000000.06,116.359828556018,3.753,3.797,-0.5899999999999999,-0.04399991,1
2023-03-02,2427.85009765625,2440.590087890625,2411.85009765625,2414.610107421875,0.006216714421907188,0.006197470368147596,0.010059913591233406,33.373604910714285,40.53275843357616,3.027830672109303,11.453355996162816,428342155,9660273967406,-0.19148661051068538,533327276233,-263656863491,59053530345,5099325887,3981.35009765625,27498.869140625,15598.7197265625,1305.72998046875,105.02999877929688,19.59000015258789,27216.445,20946.8,4.08,4.63,301.821,3.5,547219800000000.06,116.549580043063,3.84,3.878,-0.5499999999999998,-0.038000107,1
2023-03-03,2432.070068359375,2442.10009765625,2423.080078125,2438.72998046875,0.0017381512586789327,0.0017366424219179065,0.00989000011510414,32.81931849888393,43.17459980336405,2.738927467913072,9.710470290512868,371881849,7845380172919,-0.1318112292730096,-90856850044,12402292894,24449713686,-22650316184,4045.639892578125,27927.470703125,15608.419921875,1311.06005859375,104.5199966430664,18.489999771118164,27216.445,20946.8,3.97,4.6,301.821,3.5,547219800000000.06,116.549580043063,3.776,3.791,-0.6299999999999994,-0.0149998665,1
2023-03-06,2462.6201171875,2464.449951171875,2441.070068359375,2452.4599609375,0.012561335804249119,0.01248309673584745,0.010263069889753645,33.070033482142854,51.71391573201955,4.918406887177753,8.752057609845846,418813757,9781226495947,0.1262011257774509,327077832562,352158082087,29365414870,39342421635,4048.419921875,28237.779296875,15763.509765625,1294.780029296875,104.3499984741211,18.610000610351562,27216.445,20946.8,3.98,4.61,301.821,3.5,547219800000000.06,116.549580043063,3.731,3.774,-0.6300000000000003,-0.042999983,1
2023-03-07,2463.35009765625,2475.72998046875,2455.64990234375,2457.0400390625,0.0002964243098866337,0.00029638038488096646,0.009470421928701052,32.530029296875,49.58696393167708,6.62815807200468,8.327277702277613,450481378,10732465515437,0.07561265710763165,340645921439,-284303124880,69140064063,66726943673,3986.3701171875,28309.16015625,15857.8896484375,1299.0,105.62000274658203,19.59000015258789,27216.445,20946.8,3.97,4.66,301.821,3.5,547219800000000.06,116.549580043063,3.661,3.726,-0.69,-0.06500006,0
2023-03-08,2431.909912109375,2442.610107421875,2426.52001953125,2435.580078125,-0.012763181967836656,-0.01284533111301475,0.009842162645635203,31.6407470703125,50.74015225731793,5.384123166667905,7.738646795155672,438358914,9967055495184,-0.026910022460462257,57685403343,-945390300197,-7269292098,35157310419,3992.010009765625,28444.189453125,15818.2001953125,1317.9000244140625,105.66000366210938,19.110000610351562,27216.445,20946.8,3.98,4.71,301.821,3.5,547219800000000.06,116.549580043063,3.72,3.855,-0.73,-0.13499999,0
2023-03-09,2419.090087890625,2444.199951171875,2416.25,2440.7900390625,-0.005271504571331076,-0.005285447974951307,0.009374141200369076,30.202165876116073,38.05959732875927,3.3254303753310523,6.856003511190749,476374647,10357638632974,0.08672284693177246,-973156439120,427483970101,66549291352,53566407460,3918.320068359375,28623.150390625,15770.66015625,1316.449951171875,105.30999755859375,22.610000610351562,27216.445,20946.8,3.93,4.56,301.821,3.5,547219800000000.06,116.549580043063,3.739,3.858,-0.6299999999999994,-0.11899996,0
2023-03-10,2394.590087890625,2400.8701171875,2383.18994140625,2389.820068359375,-0.010127774952508384,-0.010179409791778154,0.00957958738540718,30.642177036830358,38.02256508145059,-0.27981816916735625,5.428839175119128,413411029,7875520120082,-0.13217247894386785,-326470175540,-340476716286,41076391193,102505023904,3861.590087890625,28143.970703125,15526.2001953125,1325.550048828125,104.58000183105469,24.799999237060547,27216.445,20946.8,3.7,4.31,301.821,3.5,547219800000000.06,116.549580043063,3.584,3.703,-0.6099999999999994,-0.11899996,1
2023-03-13,2410.60009765625,2413.239990234375,2369.7900390625,2400.449951171875,0.006685908309145283,0.006663656750377042,0.009732045644788615,31.395751953125,41.04082366605286,-1.8241025099732724,3.9782508381006476,380739619,7702302033185,-0.07902887854498919,18632896391,123109245176,55897538754,92242816304,3855.760009765625,27832.9609375,15560.490234375,1319.5400390625,103.5999984741211,26.520000457763672,27216.445,20946.8,3.55,3.88,301.821,3.5,547219800000000.06,116.549580043063,3.405,3.435,-0.33000000000000007,-0.029999971,0
2023-03-14,2348.969970703125,2390.780029296875,2348.18994140625,2390.360107421875,-0.025566300695435085,-0.02589879795236793,0.011141216632094343,34.4200439453125,32.04249352082226,-7.929587804472703,1.5966831095859773,485075534,7794604350782,0.2740348253592175,-639754868982,55506808455,-11180382567,58012670657,3919.2900390625,27222.0390625,15360.419921875,1296.3800048828125,103.5999984741211,23.729999542236328,27216.445,20946.8,3.64,4.05,301.821,3.5,547219800000000.06,116.549580043063,3.337,3.381,-0.4099999999999997,-0.04400015,1
2023-03-15,2379.719970703125,2395.360107421875,2370.77001953125,2380.090087890625,0.01309084423535456,0.013005899661624819,0.011540177436676558,34.676478794642854,43.581788400953705,-10.169730553103363,-0.756599622951891,443751262,7591756283752,-0.08519141680726372,-74597011259,246305779712,26516499218,23114709977,3891.929931640625,27229.48046875,15387.58984375,1304.5799560546875,104.6500015258789,26.139999389648438,27216.445,20946.8,3.51,3.83,301.821,3.5,547219800000000.06,116.549580043063,3.418,3.473,-0.3200000000000003,-0.055000067,0
2023-03-16,2377.909912109375,2382.7900390625,2346.110107421875,2357.97998046875,-0.0007606183147739198,-0.0007609077316507953,0.01108401947137801,35.01503208705357,38.92147587511826,-11.9533259214395,-2.9959448826494133,320194084,7865786658708,-0.27843791912416016,-88667303615,-134669248037,26445001521,71323110401,3960.280029296875,27010.609375,15221.1201171875,1311.739990234375,104.41999816894531,22.989999771118164,27216.445,20946.8,3.56,3.99,301.821,3.5,547219800000000.06,116.549580043063,3.394,3.4,-0.43000000000000016,-0.006000042,1
2023-03-17,2395.68994140625,2405.35009765625,2382.800048828125,2403.699951171875,0.007477166904570787,0.007449351459874458,0.010211089744776186,34.725045340401785,44.98597435485978,-11.796159546209765,-4.755987815361484,364175642,8617060403941,0.13735905876387156,80096196090,38882770186,23926207492,-20192849188,3916.639892578125,27333.7890625,15452.9599609375,1301.6199951171875,103.70999908447266,25.510000228881836,27216.445,20946.8,3.39,3.68,301.821,3.5,547219800000000.06,116.549580043063,3.406,3.415,-0.29000000000000004,-0.009000063,0
2023-03-20,2379.199951171875,2405.989990234375,2378.699951171875,2391.8701171875,-0.006883190495300728,-0.0069069889199296595,0.010107087942369867,33.82789829799107,45.7217082865444,-12.854035145039688,-6.375597281297125,346033948,6072911062048,-0.049815780924744035,-206160430368,98966686623,19652641623,2406250066,3951.570068359375,26945.669921875,15419.9697265625,1307.6500244140625,103.27999877929688,24.149999618530273,27216.445,20946.8,3.47,3.77,301.821,3.5,547219800000000.06,116.549580043063,3.304,3.264,-0.2999999999999998,0.03999996,1
2023-03-21,2388.35009765625,2399.52001953125,2383.169921875,2396.5400390625,0.0038458921789521483,0.003838515642486338,0.010155490654069994,33.205758231026785,45.51085336372859,-12.806444112377903,-7.66176664751328,355194640,7269040131335,0.026473390986482048,-55738649490,86287001422,27179255583,-2093270570,4002.8701171875,26945.669921875,15513.4501953125,1304.93994140625,103.26000213623047,21.3799991607666,27216.445,20946.8,3.59,3.98,301.821,3.5,547219800000000.06,116.549580043063,3.304,3.294,-0.3900000000000001,0.00999999,1
2023-03-22,2416.9599609375,2417.469970703125,2402.780029296875,2411.25,0.011978923571265954,0.011907744137792253,0.010568251841416727,33.23289271763393,48.099387795450056,-10.340947011789922,-8.197602720368609,501412159,7890323068701,0.4116546325135988,203985913267,99644062643,15849178122,-10437089136,3936.969970703125,27466.609375,15760.4599609375,1303.43994140625,102.3499984741211,22.260000228881836,27216.445,20946.8,3.48,3.76,301.821,3.5,547219800000000.06,116.549580043063,3.287,3.284,-0.2799999999999998,0.003000021,1
2023-03-23,2424.47998046875,2424.47998046875,2397.909912109375,2398.27001953125,0.003111354616041284,0.00310652436874927,0.009892949809858755,33.772181919642854,48.69041711703895,-7.691556591322751,-8.096393494559438,567703733,10367436910717,0.13220974563562593,214461898343,174543486242,4974834272,26266196533,3948.719970703125,27419.609375,15863.9501953125,1298.25,102.52999877929688,22.610000610351562,27216.445,20946.8,3.38,3.57,301.821,3.5,547219800000000.06,116.549580043063,3.266,3.206,-0.18999999999999995,0.059999943,0
2023-03-24,2414.9599609375,2423.760009765625,2399.489990234375,2421.27001953125,-0.003926623279194685,-0.003934352704712566,0.009713625427784678,33.244332449776785,41.13333248549746,-6.287602046825214,-7.7346352050125935,470659232,9248183928115,-0.17094215760599907,124284974879,-306353026592,37912359593,-978431835,3970.989990234375,27385.25,15914.7001953125,1286.2900390625,103.12000274658203,21.739999771118164,27216.445,20946.8,3.38,3.58,301.821,3.5,547219800000000.06,116.549580043063,3.21,3.16,-0.20000000000000018,0.049999952,0
2023-03-27,2409.219970703125,2423.93994140625,2395.969970703125,2423.93994140625,-0.002376846956976708,-0.002379676141620176,0.009627349451123118,33.807896205357146,40.11395061188928,-5.5738750343984975,-7.302483170889775,472847242,8534649614320,0.004648819891840628,-94607071810,170697781319,-40947330830,-10528162565,3977.530029296875,27476.869140625,15830.3095703125,1294.8299560546875,102.86000061035156,20.600000381469727,27216.445,20946.8,3.53,3.79,301.821,3.5,547219800000000.06,116.549580043063,3.258,3.22,-0.26000000000000023,0.03799987,1
2023-03-28,2434.93994140625,2434.93994140625,2415.340087890625,2418.68994140625,0.010675642330666424,0.01061906000661697,0.009709285492169978,33.014317103794646,50.56519842285458,-2.8994317060728463,-6.42187287792639,524016141,8812617627205,0.1082144389455908,-41416558808,308730947217,7868591050,-18677792124,3971.27001953125,27518.25,15701.48046875,1297.800048828125,102.43000030517578,19.969999313354492,27216.445,20946.8,3.55,3.84,301.821,3.5,547219800000000.06,116.549580043063,3.281,3.258,-0.29000000000000004,0.023000002,1
2023-03-29,2443.919921875,2443.949951171875,2428.610107421875,2432.6298828125,0.0036879679519175035,0.0036811840721484796,0.009699251962220578,32.113595145089285,54.698878678254125,-0.05467644898180879,-5.148433592137474,497218499,8829888945168,-0.05113896291221309,28626612543,203110824722,17520536222,40872484357,4027.81005859375,27883.779296875,15769.759765625,1296.97998046875,102.63999938964844,19.1200008392334,27216.445,20946.8,3.57,3.87,301.821,3.5,547219800000000.06,116.549580043063,3.28,3.249,-0.30000000000000027,0.030999899,1
2023-03-30,2453.159912109375,2462.699951171875,2439.429931640625,2452.969970703125,0.0037808072808236393,0.003773677992968304,0.009641122725543957,31.211443219866073,61.763361773070514,2.911836736370333,-3.5363795264359132,629052032,10846639791891,0.26514205176424865,263169289168,-62106224326,-18746992055,4930788841,4050.830078125,27782.9296875,15849.4296875,1307.1300048828125,102.13999938964844,19.020000457763672,27216.445,20946.8,3.55,3.87,301.821,3.5,547219800000000.06,116.549580043063,3.305,3.24,-0.3200000000000003,0.06500006,1
2023-03-31,2476.860107421875,2481.239990234375,2456.5400390625,2459.93994140625,0.00966108862105175,0.009614718720975381,0.009852136219039026,30.113595145089285,62.909116161640185,7.093458524906964,-1.4104119161673376,722612208,12903370005323,0.14873201458794427,687669960707,205551189201,15176586139,8115380607,4109.31005859375,28041.48046875,15868.0595703125,1296.5,102.51000213623047,18.700000762939453,27216.445,20946.8,3.48,3.81,301.821,3.5,547219800000000.06,116.549580043063,3.34,3.27,-0.33000000000000007,0.06999993,0
2023-04-03,2472.340087890625,2485.81005859375,2467.590087890625,2485.81005859375,-0.0018248989992232234,-0.0018265661559724435,0.00948020388404941,26.9571533203125,80.91513760345342,9.928249439074534,0.8573203548810369,811723687,11300345587698,0.12331853518865543,-164098297315,-331850346868,26773822103,-14772924822,4124.509765625,28188.150390625,15868.0595703125,1305.47998046875,102.08999633789062,18.549999237060547,27530.055,20761.4,3.43,3.73,302.845,3.4,551922100000000.0,116.80258202579,3.389,3.342,-0.2999999999999998,0.04699993,1
2023-04-04,2480.510009765625,2489.7099609375,2472.7900390625,2475.8701171875,0.0033045299532277195,0.0032990819927882086,0.009505603619235787,24.88427734375,78.47977615523436,12.68782868733615,3.22342202137206,832555311,13496867045151,0.02566344229400319,-312696736465,255809541778,43036543221,-69463515953,4100.60009765625,28287.419921875,15868.0595703125,1308.050048828125,101.58999633789062,19.0,27530.055,20761.4,3.35,3.6,302.845,3.4,551922100000000.0,116.80258202579,3.316,3.279,-0.25,0.03699994,1
2023-04-05,2495.2099609375,2497.610107421875,2478.669921875,2482.610107421875,0.005926180952305016,0.005908690210148726,0.00904980082300126,23.617152622767858,80.89443597806027,15.877947238148408,5.754327064727329,632719928,9811876730903,-0.24002655482429558,-17512189534,329468507910,25358774991,-31179436869,4090.3798828125,27813.259765625,15868.0595703125,1312.4100341796875,101.8499984741211,19.079999923706055,27530.055,20761.4,3.3,3.55,302.845,3.4,551922100000000.0,116.80258202579,3.326,3.264,-0.25,0.062000036,0
2023-04-06,2459.22998046875,2488.0,2458.5,2488.0,-0.014419620405503486,-0.01452459346830222,0.00962064566593785,24.279279436383927,65.27110823205794,15.32618472930426,7.668698597642715,751378076,11332652707404,0.18753660624389257,-491513637019,-484667797797,-49498833193,28357773647,4105.02001953125,27472.630859375,15810.76953125,1316.2099609375,101.81999969482422,18.399999618530273,27530.055,20761.4,3.3,3.59,302.845,3.4,551922100000000.0,116.80258202579,3.278,3.211,-0.29000000000000004,0.06700015,1
2023-04-07,2490.409912109375,2493.06005859375,2473.889892578125,2478.639892578125,0.01267873760821736,0.012599035389877666,0.009597878079691834,24.746425083705358,74.96519792787915,17.20652278368607,9.576263434851386,586992797,11250171223896,-0.21877838101839964,695129396419,122462656364,70992895665,14708973054,4105.02001953125,27518.310546875,15836.5,1317.93994140625,101.81999969482422,18.399999618530273,27530.055,20761.4,3.39,3.72,302.845,3.4,551922100000000.0,116.80258202579,3.289,3.24,-0.33000000000000007,0.049000025,1
2023-04-10,2512.080078125,2519.989990234375,2490.169921875,2491.679931640625,0.008701445456932966,0.008663806067546584,0.009659670791296975,25.424996512276785,76.29755164054198,20.212310596386942,11.703472867158498,717648069,13539855326610,0.22258411460541305,740467175649,-57200271267,61961579885,-14367167712,4109.10986328125,27633.66015625,15876.169921875,1315.449951171875,102.58000183105469,18.969999313354492,27530.055,20761.4,3.41,3.75,302.845,3.4,551922100000000.0,116.80258202579,3.236,3.192,-0.33999999999999986,0.04400015,1
2023-04-11,2547.860107421875,2550.969970703125,2514.419921875,2523.330078125,0.014243188188324485,0.014142706974717768,0.00745818201931538,26.122855050223215,76.99860919902554,25.191180187326154,14.40101433119203,768175552,14050594716001,0.07040704933604447,187145478632,218523293294,-18174705181,61531935197,4108.93994140625,27923.369140625,15913.8798828125,1320.8800048828125,102.19999694824219,19.100000381469727,27530.055,20761.4,3.43,3.76,302.845,3.4,551922100000000.0,116.80258202579,3.255,3.231,-0.3299999999999996,0.024000168,1
2023-04-12,2550.639892578125,2561.3701171875,2536.22998046875,2546.360107421875,0.001091027387317034,0.0010904326494813002,0.007176889214525582,26.020717075892858,76.53987470429989,29.026674207650558,17.326146306483736,900749506,14426258754523,0.17258288636605812,235247529238,-197049745959,21658167742,-20848581433,4091.949951171875,28082.69921875,15932.9697265625,1322.0899658203125,101.5,19.09000015258789,27530.055,20761.4,3.41,3.68,302.845,3.4,551922100000000.0,116.80258202579,3.262,3.233,-0.27,0.029000044,1
2023-04-13,2561.659912109375,2561.659912109375,2531.070068359375,2534.7099609375,0.004320492109966656,0.0043111855801605484,0.007108879914915739,26.420706612723215,80.66727843042787,32.579992457318895,20.37691553665077,841719152,11996436001118,-0.06553470593854538,-346259926990,441455434059,71607273848,-8705388542,4146.22021484375,28156.970703125,15804.759765625,1322.8299560546875,101.01000213623047,17.799999237060547,27530.055,20761.4,3.45,3.7,302.845,3.4,551922100000000.0,116.80258202579,3.273,3.199,-0.25,0.07400012,1
2023-04-14,2571.489990234375,2581.739990234375,2560.530029296875,2580.10009765625,0.0038373860942788607,0.003830042110066768,0.007054854672642988,25.937848772321427,83.35183263517705,35.776815067944426,23.456895442909502,892445555,13088200741018,0.060265235594876954,187097208167,234184125931,-61598452192,73643229275,4137.64013671875,28493.470703125,15929.4296875,1301.4300537109375,101.55000305175781,17.06999969482422,27530.055,20761.4,3.52,3.83,302.845,3.4,551922100000000.0,116.80258202579,3.286,3.215,-0.31000000000000005,0.0710001,1
2023-04-17,2575.909912109375,2577.080078125,2561.139892578125,2570.300048828125,0.001718817452832866,0.0017173419765890497,0.006633645477274204,25.239292689732142,81.75428871224796,38.226321535608804,26.410780661449362,775752420,12793677906915,-0.1307565871623395,-16806833778,-272613433176,24085781854,-6906690647,4151.31982421875,28514.779296875,15963.5498046875,1303.3800048828125,102.0999984741211,16.950000762939453,27530.055,20761.4,3.6,3.92,302.845,3.4,551922100000000.0,116.80258202579,3.349,3.287,-0.31999999999999984,0.062000036,0
2023-04-18,2571.090087890625,2582.22998046875,2557.18994140625,2582.22998046875,-0.0018711152110141294,-0.0018728679337859852,0.00676139443437956,25.932163783482142,79.19293750259206,39.32533553657868,28.993691636475226,896932434,14106396003998,0.1562096499808534,388773533830,-547473322937,-57339046389,-34261345421,4154.8701171875,28658.830078125,15869.4404296875,1316.0699462890625,101.75,16.829999923706055,27530.055,20761.4,3.58,3.92,302.845,3.4,551922100000000.0,116.80258202579,3.352,3.294,-0.33999999999999986,0.058000088,1
2023-04-19,2575.080078125,2582.110107421875,2568.4599609375,2570.06005859375,0.0015518671450553967,0.0015506642435721646,0.006489745750667333,25.245029994419642,78.67902532030851,40.05652423937863,31.206258157055906,956994366,12750865238015,0.06696371958826952,-6936407712,49880594175,-10175602887,46122628274,4154.52001953125,28606.759765625,15770.4697265625,1315.9000244140625,101.97000122070312,16.459999084472656,27530.055,20761.4,3.6,3.97,302.845,3.4,551922100000000.0,116.80258202579,3.37,3.337,-0.3700000000000001,0.032999992,0
2023-04-20,2563.110107421875,2573.93994140625,2552.06005859375,2566.06005859375,-0.004648387754931815,-0.00465922510647508,0.006721815892222615,24.883597237723215,71.47342930568759,39.218038816657554,32.80861428897624,951423099,12415524184621,-0.005821629884078083,154240345500,56385023665,-44165597440,-44472340833,4129.7900390625,28657.5703125,15707.51953125,1326.760009765625,101.83999633789062,17.170000076293945,27530.055,20761.4,3.54,3.87,302.845,3.4,551922100000000.0,116.80258202579,3.409,3.334,-0.33000000000000007,0.07499981,0
2023-04-21,2544.39990234375,2559.43994140625,2532.320068359375,2556.699951171875,-0.00729980542932851,-0.00732657938499778,0.006939436871748638,25.781459263392858,66.75655514061773,36.62162460382979,33.57121635194695,970397971,12614672834698,0.019943673871218426,277815540314,232381766114,-164737652740,-40182438766,4133.52001953125,28564.369140625,15602.990234375,1323.5999755859375,101.81999969482422,16.770000457763672,27530.055,20761.4,3.57,3.89,302.845,3.4,551922100000000.0,116.80258202579,3.343,3.267,-0.3200000000000003,0.075999975,0
2023-04-24,2523.5,2541.889892578125,2518.72998046875,2538.360107421875,-0.008214079211565029,-0.008248000643475317,0.0072773782818477874,26.374319893973215,59.43798821477537,32.50282781588703,33.35753864473497,927191299,11589467033126,-0.044524693261132176,-33457709260,248757171431,-76726733066,-38771401129,4137.0400390625,28593.51953125,15626.8701171875,1329.3800048828125,101.3499984741211,16.889999389648438,27530.055,20761.4,3.52,3.84,302.845,3.4,551922100000000.0,116.80258202579,3.306,3.23,-0.31999999999999984,0.075999975,0
2023-04-25,2489.02001953125,2531.35009765625,2472.330078125,2531.35009765625,-0.013663554772637254,-0.01375776024248009,0.007833853519832143,29.237165178571427,48.7496572579452,26.154907926790656,31.91701250114611,886421798,13681150419767,-0.043970970223697114,8604656152,48669797443,-83562128478,24363084183,4071.6298828125,28620.0703125,15370.73046875,1332.800048828125,101.86000061035156,18.760000228881836,27530.055,20761.4,3.4,3.62,302.845,3.4,551922100000000.0,116.80258202579,3.323,3.265,-0.2200000000000002,0.05799985,0
2023-04-26,2484.830078125,2498.56005859375,2481.3798828125,2489.489990234375,-0.001683369909993404,-0.0016847883692048848,0.007832627741390753,27.842180524553573,55.9330971969174,20.54916444934406,29.643442890785703,1089215527,12397513675358,0.22877791301788353,-92523705480,-61995042805,-47539128616,15337684269,4055.989990234375,28416.470703125,15374.6298828125,1341.0,101.47000122070312,18.84000015258789,27530.055,20761.4,3.43,3.65,302.845,3.4,551922100000000.0,116.80258202579,3.309,3.259,-0.21999999999999975,0.049999952,1
2023-04-27,2495.81005859375,2499.010009765625,2465.830078125,2484.31005859375,0.0044188053603388955,0.004409071105250389,0.007846472050995078,27.795741489955358,51.38083055843762,16.798917551993327,27.074537823027228,733499935,11142114587400,-0.32657961916842926,280050131380,-571762522657,24805635641,32395984842,4135.35009765625,28457.6796875,15411.490234375,1337.8299560546875,101.5,17.030000686645508,27530.055,20761.4,3.53,3.82,302.845,3.4,551922100000000.0,116.80258202579,3.342,3.288,-0.29000000000000004,0.0539999,1
2023-04-28,2501.530029296875,2517.1298828125,2489.580078125,2511.7900390625,0.002291829333498141,0.002289207098363887,0.007582932317272114,27.633579799107142,47.06273390801238,14.125543229224604,24.484738904266706,777535095,14024831081451,0.06003430661517384,297814133693,-347261655590,9575342784,-20026036599,4169.47998046875,28856.439453125,15579.1796875,1339.3900146484375,101.66999816894531,15.779999732971191,27530.055,20761.4,3.44,3.75,302.845,3.4,551922100000000.0,116.80258202579,3.36,3.293,-0.31000000000000005,0.06699991,1
2023-05-02,2524.389892578125,2524.419921875,2503.2099609375,2504.010009765625,0.009138352533659244,0.009096850439046275,0.007797235032682232,26.49072265625,42.95905243760601,13.693623172804564,22.32651575797428,701398536,9942386589950,-0.097920414769188,344755441541,191934854548,1195030937,20220427019,4119.580078125,29157.94921875,15636.48046875,1342.7900390625,101.95999908447266,17.780000686645508,27530.055,20829.6,3.44,3.67,303.334,3.6,551922100000000.0,117.15045975204,3.372,3.335,-0.22999999999999998,0.03699994,0
2023-05-03,2501.39990234375,2514.3701171875,2497.830078125,2510.18994140625,-0.009107147157405127,-0.009148870737124682,0.008098555314205351,26.592128208705358,36.82574768864172,11.36521224753642,20.134255055886708,889609358,9865860702590,0.26833649108158397,-91428316585,-191638189873,-24640022215,-19957725851,4090.75,29157.94921875,15553.41015625,1342.300048828125,101.33999633789062,18.34000015258789,27530.055,20829.6,3.38,3.58,303.334,3.6,551922100000000.0,117.15045975204,3.324,3.281,-0.20000000000000018,0.042999983,0
2023-05-04,2500.93994140625,2502.139892578125,2486.090087890625,2494.820068359375,-0.00018388140859404434,-0.00018389831685303236,0.007995130224892911,25.553553989955358,32.781274014995745,9.374748544719296,17.982353753653225,810178245,10020006022499,-0.0892876320215148,39620053616,-261001434456,7450229244,-63699621016,4061.219970703125,29157.94921875,15609.0302734375,1335.22998046875,101.4000015258789,20.09000015258789,27530.055,20829.6,3.37,3.47,303.334,3.6,551922100000000.0,117.15045975204,3.278,3.21,-0.10000000000000009,0.06800008,1
2023-05-08,2513.2099609375,2525.840087890625,2511.1298828125,2518.530029296875,0.004906163210121273,0.00489416721161702,0.0072699832996219824,25.817138671875,33.698762221745724,8.68723867127619,16.12333073717782,655536077,9213044478015,-0.19087425385015122,253039407363,445863292288,35558512859,-112003330086,4138.1201171875,28949.880859375,15699.5703125,1316.9599609375,101.37000274658203,16.979999542236328,27530.055,20829.6,3.52,3.7,303.334,3.6,551922100000000.0,117.15045975204,3.31,3.261,-0.18000000000000016,0.049000025,0
2023-05-09,2510.06005859375,2514.81005859375,2495.6298828125,2512.340087890625,-0.0012533383174141433,-0.0012541244027723401,0.006757143669636992,26.048566545758927,31.44964834792991,7.798317202595172,14.458328030261292,751646926,9351366513394,0.14661412601399815,115245569286,14371563962,7424806742,28258174569,4119.169921875,29242.8203125,15727.7001953125,1322.4100341796875,101.63999938964844,17.709999084472656,27530.055,20829.6,3.53,3.67,303.334,3.6,551922100000000.0,117.15045975204,3.318,3.256,-0.14000000000000012,0.062000036,0
2023-05-10,2496.510009765625,2510.1298828125,2488.419921875,2505.9599609375,-0.005398296658971735,-0.0054129201139564475,0.006581132060560992,25.810703822544642,29.975247654557947,5.932083470728685,12.753079118354773,635635038,8906696780352,-0.15434359402941267,115506924875,-111175213083,-4684242130,-61461501851,4137.64013671875,29122.1796875,15641.759765625,1326.050048828125,101.4800033569336,16.940000534057617,27530.055,20829.6,3.43,3.55,303.334,3.6,551922100000000.0,117.15045975204,3.341,3.273,-0.11999999999999966,0.06800008,0
2023-05-11,2491.0,2513.820068359375,2490.080078125,2505.570068359375,-0.0022070849882721566,-0.002209524190022813,0.00563935404924086,26.531406947544642,27.60727819376787,3.962787506101904,10.9950207959042,648134386,9002406636659,0.01966434707458653,1829048943,13706685978,26152016461,17623274813,4130.6201171875,29126.720703125,15514.6396484375,1318.050048828125,102.05999755859375,16.93000030517578,27530.055,20829.6,3.39,3.56,303.334,3.6,551922100000000.0,117.15045975204,3.292,3.22,-0.16999999999999993,0.07200003,0
2023-05-12,2475.419921875,2487.35009765625,2472.449951171875,2487.35009765625,-0.006254547621437179,-0.006274189246896201,0.0057266084271230255,26.212123325892858,27.086424699114147,1.1318766006984333,9.022391956863046,798229990,8589238141803,0.23158099190867487,-247467835960,-61425594326,-13548821653,-34266627,4124.080078125,29388.30078125,15502.3603515625,1329.8800048828125,102.68000030517578,17.030000686645508,27530.055,20829.6,3.46,3.65,303.334,3.6,551922100000000.0,117.15045975204,3.274,3.225,-0.18999999999999995,0.049000025,1
2023-05-15,2479.35009765625,2479.35009765625,2455.989990234375,2469.800048828125,0.001587680436163419,0.0015864214040306882,0.005612437614290968,25.681413922991073,31.579580493065833,-0.785454121562907,7.060822741177857,484564791,6920284584591,-0.3929509075448293,-49794741705,91931794877,4991779430,48066738562,4136.27978515625,29626.33984375,15475.0498046875,1341.52001953125,102.43000030517578,17.1200008392334,27530.055,20829.6,3.5,3.67,303.334,3.6,551922100000000.0,117.15045975204,3.332,3.279,-0.16999999999999993,0.052999973,1
2023-05-16,2480.239990234375,2498.5400390625,2474.89990234375,2494.39990234375,0.00035892171055884603,0.00035885731357021485,0.005486875377535471,25.536429268973215,36.18419103371596,-2.207696685517476,5.20711885583879,628743773,8086955877418,0.2975432484528162,228307061872,-12011852011,-1689197625,902871183,4109.89990234375,29842.990234375,15673.900390625,1335.4000244140625,102.55999755859375,17.989999771118164,27530.055,20829.6,3.54,3.74,303.334,3.6,551922100000000.0,117.15045975204,3.303,3.242,-0.20000000000000018,0.06099987,1
2023-05-17,2494.659912109375,2498.3701171875,2475.02001953125,2479.64990234375,0.005813922012295913,0.005797086390191873,0.005696606299293689,22.988577706473215,52.06589841227824,-2.14652319789775,3.7363904450914824,564411579,7218305741975,-0.1023186181121829,164026155252,39718012319,36099119311,57824376465,4158.77001953125,30093.58984375,15925.2900390625,1342.4300537109375,102.87999725341797,16.8700008392334,27530.055,20829.6,3.57,3.8,303.334,3.6,551922100000000.0,117.15045975204,3.319,3.274,-0.22999999999999998,0.045000076,1
2023-05-18,2515.39990234375,2515.39990234375,2500.010009765625,2511.090087890625,0.008313754565782983,0.008279385666629427,0.006108668241606957,23.242850167410715,59.98688769357401,-0.4196612934829318,2.9051800973765998,572764581,7782864340886,0.014799487308179371,537880037713,-84102266428,17219251298,10270990698,4198.0498046875,30573.9296875,16101.8798828125,1334.1500244140625,103.58000183105469,16.049999237060547,27530.055,20829.6,3.65,3.94,303.334,3.6,551922100000000.0,117.15045975204,3.367,3.316,-0.29000000000000004,0.05100012,1
2023-05-19,2537.7900390625,2538.31005859375,2524.889892578125,2530.830078125,0.00890122349845357,0.008861841136836957,0.00648263213581993,22.509294782366073,62.762978973558106,2.724183427351818,2.8689807633716438,570097445,9199949186896,-0.004656600789356369,557944304348,657033592539,16815142051,-115962172315,4191.97998046875,30808.349609375,16174.919921875,1334.739990234375,103.19999694824219,16.809999465942383,27530.055,20829.6,3.7,3.98,303.334,3.6,551922100000000.0,117.15045975204,3.419,3.34,-0.2799999999999998,0.078999996,1
2023-05-22,2557.080078125,2564.090087890625,2533.5,2540.030029296875,0.007601117021337922,0.007572374091711843,0.006666727926913139,22.726457868303573,65.60131429723359,6.695071342650863,3.6341988792274877,593619969,8214575194453,0.04126053222357462,299464059431,517409559650,-8779370836,17149190029,4192.6298828125,31086.8203125,16180.8896484375,1324.2099609375,103.19999694824219,17.209999084472656,27530.055,20829.6,3.72,3.98,303.334,3.6,551922100000000.0,117.15045975204,3.398,3.321,-0.2599999999999998,0.0769999,1
2023-05-23,2567.550048828125,2577.320068359375,2561.10009765625,2565.800048828125,0.004094502472836936,0.004086142808927485,0.006503656443042938,22.537179129464285,63.02829045694527,10.565080092007975,5.0203751217835855,576045359,7443352810396,-0.029605826821503034,-53533549246,353891619369,-16820874351,45130308340,4145.580078125,30957.76953125,16188.0302734375,1313.8299560546875,103.48999786376953,18.530000686645508,27530.055,20829.6,3.7,3.99,303.334,3.6,551922100000000.0,117.15045975204,3.473,3.373,-0.29000000000000004,0.10000014,0
2023-05-24,2567.449951171875,2572.2099609375,2555.0400390625,2557.110107421875,-3.898566896320954e-05,-3.898642892415358e-05,0.0061764443497292765,21.866472516741073,73.13482867428874,13.46875345762055,6.710050788950979,1072440018,7900596208889,0.8617284233688272,93525128152,-138744802065,-32629028741,39268859617,4115.240234375,30682.6796875,16159.3203125,1319.8399658203125,103.88999938964844,20.030000686645508,27530.055,20829.6,3.73,4.04,303.334,3.6,551922100000000.0,117.15045975204,3.502,3.378,-0.31000000000000005,0.12400007,0
2023-05-25,2554.68994140625,2575.050048828125,2551.489990234375,2570.639892578125,-0.004969915678317616,-0.004982306781449499,0.005337877645926388,22.402919224330358,67.33308559785604,14.572328637892497,8.282506358739283,917553486,9416538885100,-0.14442442411730294,224437924587,-484818196190,-12419225686,-83975340772,4151.27978515625,30801.130859375,16292.0,1318.52001953125,104.20999908447266,19.139999389648438,27530.055,20829.6,3.83,4.21,303.334,3.6,551922100000000.0,117.15045975204,3.597,3.48,-0.3799999999999999,0.116999865,1
2023-05-26,2558.81005859375,2567.5,2553.7900390625,2561.93994140625,0.0016127660428459922,0.0016114669322782255,0.005291486834780129,21.603620256696427,65.52075439086329,15.59955696060888,9.745916479113202,634759104,9401899255628,-0.3082047927612581,911282987135,-315721124515,-35711185502,-103227385735,4205.4501953125,30916.310546875,16505.05078125,1330.8900146484375,104.20999908447266,17.950000762939453,27530.055,20829.6,3.8,4.23,303.334,3.6,551922100000000.0,117.15045975204,3.639,3.524,-0.4300000000000006,0.11500001,1
2023-05-30,2585.52001953125,2586.219970703125,2574.820068359375,2582.409912109375,0.010438430491467976,0.010384326259049304,0.005624550187369868,22.191458565848215,72.13415524931037,18.357301881276726,11.468193559545908,641646565,11066254182072,0.010850511566668386,675135916966,52958933936,-70407557933,-23858403022,4205.52001953125,31328.16015625,16622.740234375,1324.5899658203125,104.16999816894531,17.459999084472656,27530.055,20829.6,3.69,4.1,303.334,3.6,551922100000000.0,117.15045975204,3.651,3.56,-0.4099999999999997,0.09100008,0
2023-05-31,2577.1201171875,2596.31005859375,2575.97998046875,2586.030029296875,-0.0032488251029952897,-0.0032541139934970605,0.005732930725641919,22.0928955078125,74.38145296709106,19.638650542340656,13.102284956104857,686186797,15135110642978,0.06941552317045452,215604239109,-34180566216,-37316050290,-74439754507,4179.830078125,30887.880859375,16578.9609375,1319.7900390625,104.31999969482422,17.940000534057617,27530.055,20829.6,3.64,4.04,303.334,3.6,551922100000000.0,117.15045975204,3.532,3.459,-0.3999999999999999,0.072999954,0
2023-06-01,2569.169921875,2580.14990234375,2565.0,2572.56005859375,-0.003084914536764516,-0.0030896826943783507,0.0055255890971659515,21.479317801339285,73.29946180065376,19.784550288418814,14.438738022567648,675233437,9168501896122,-0.015962650473439477,-8205036565,-152252525102,-64976192345,-89826988954,4221.02001953125,31148.009765625,16512.650390625,1321.739990234375,103.55999755859375,15.649999618530273,27530.055,20799.3,3.61,3.98,304.014,3.6,551922100000000.0,117.13991800276,3.549,3.478,-0.3700000000000001,0.0710001,1
2023-06-02,2601.360107421875,2601.3798828125,2583.8798828125,2586.27001953125,0.012529410870333768,0.012451567349847913,0.005573151251991339,22.455025809151785,84.15593908952103,22.24127229505757,15.999244877065635,569619542,9383534584159,-0.15641093762955938,372752069025,186463661511,50570760983,-41529220660,4282.3701171875,31524.220703125,16706.91015625,1312.8499755859375,104.0199966430664,14.600000381469727,27530.055,20799.3,3.69,4.13,304.014,3.6,551922100000000.0,117.13991800276,3.495,3.436,-0.43999999999999995,0.058999777,1
2023-06-05,2615.409912109375,2618.6201171875,2608.010009765625,2617.429931640625,0.0054009457004491335,0.005386412896990652,0.005599538717944348,22.019304547991073,84.98037261279627,25.033374841768364,17.80607087000618,545879707,8566306664573,-0.04167665125505826,-19511906838,299452398505,39623511662,32891565367,4273.7900390625,32217.4296875,16714.4296875,1305.1400146484375,104.0,14.729999542236328,27530.055,20799.3,3.69,4.1,304.014,3.6,551922100000000.0,117.13991800276,3.561,3.502,-0.4099999999999997,0.059000015,1
2023-06-07,2615.60009765625,2629.919921875,2613.679931640625,2623.4599609375,7.271729987512465e-05,7.271465610043874e-05,0.005582915497924042,21.49072265625,84.92613940596554,26.950810443736827,19.63501878475231,537616723,10152915448875,-0.015137005266986359,-40297072056,403418041044,-5509195087,-27170606428,4267.52001953125,31913.740234375,16922.48046875,1299.199951171875,104.0999984741211,13.9399995803833,27530.055,20799.3,3.79,4.21,304.014,3.6,551922100000000.0,117.13991800276,3.522,3.471,-0.41999999999999993,0.05100012,0
2023-06-08,2610.85009765625,2612.389892578125,2595.330078125,2609.2099609375,-0.0018160268476271613,-0.0018176778234965997,0.005601576998087688,21.270717075892858,81.55445375187139,27.767025682386702,21.26142016427919,581325177,11473710023538,0.0813003988345058,-383832936768,229040953612,31205733976,22177453652,4293.93017578125,31641.26953125,16733.689453125,1308.3399658203125,103.33999633789062,13.649999618530273,27530.055,20799.3,3.73,4.17,304.014,3.6,551922100000000.0,117.13991800276,3.632,3.543,-0.43999999999999995,0.08899999,1
2023-06-09,2641.159912109375,2644.699951171875,2618.449951171875,2624.14990234375,0.01160917452914445,0.011542305097521695,0.0057076836223041065,22.207135881696427,82.46585530337886,30.507954151295053,23.110726961682364,583219035,11128065460568,0.003257828965491427,480810929824,271638764439,94071048993,-2906622654,4298.85986328125,32265.169921875,16886.400390625,1296.3299560546875,103.55999755859375,13.829999923706055,27530.055,20799.3,3.75,4.23,304.014,3.6,551922100000000.0,117.13991800276,3.613,3.506,-0.4800000000000004,0.106999874,0
2023-06-12,2629.35009765625,2650.449951171875,2623.429931640625,2647.489990234375,-0.004471449986416354,-0.004481476819726791,0.005834180521634929,22.500697544642858,75.00273341351347,31.3656427770984,24.761710124765575,557056391,9365137234910,-0.04485903653676182,-341957675948,241269506568,-24320651857,-153734992963,4338.93017578125,32434.0,16955.369140625,1286.68994140625,103.62999725341797,15.010000228881836,27530.055,20799.3,3.73,4.16,304.014,3.6,551922100000000.0,117.13991800276,3.576,3.493,-0.43000000000000016,0.082999945,1
2023-06-13,2637.949951171875,2645.6201171875,2633.52001953125,2644.429931640625,0.0032707145097530255,0.0032653773574188583,0.005438164090288998,21.477835518973215,73.45279110042468,32.36620602332414,26.282609304477287,694320536,11153307465910,0.24640978403208025,136776442548,429108675209,-10779867124,-230651198473,4369.009765625,33018.6484375,17216.599609375,1284.5799560546875,103.33999633789062,14.609999656677246,27530.055,20799.3,3.84,4.3,304.014,3.6,551922100000000.0,117.13991800276,3.578,3.484,-0.45999999999999996,0.0940001,0
2023-06-14,2619.080078125,2642.860107421875,2614.25,2640.81005859375,-0.007153233911239454,-0.007178940954621282,0.005906368325406439,22.075701032366073,64.24978767129761,31.27598842590578,27.281285128762985,654404452,13100475117196,-0.0574894186911965,112802666646,-6524523412,27831824145,-167941948800,4372.58984375,33502.421875,17238.140625,1267.6199951171875,103.01000213623047,13.880000114440918,27530.055,20799.3,3.83,4.37,304.014,3.6,551922100000000.0,117.13991800276,3.635,3.545,-0.54,0.089999914,0
2023-06-15,2608.5400390625,2634.219970703125,2602.52001953125,2629.239990234375,-0.004024328675756084,-0.004032448077148936,0.006078704398475689,23.113560267857142,60.74252035146082,29.224606982191744,27.669949499448737,582437342,11513806869991,-0.1099734419288455,-64115208893,78906405394,-16651753314,-209919065873,4425.83984375,33485.48828125,17334.98046875,1273.989990234375,102.12000274658203,14.5,27530.055,20799.3,3.72,4.23,304.014,3.6,551922100000000.0,117.13991800276,3.685,3.626,-0.5100000000000002,0.059000015,1
2023-06-16,2625.7900390625,2625.7900390625,2612.2099609375,2623.570068359375,0.006612894470348962,0.006591125202921166,0.00610376384382073,22.662841796875,68.16189585282196,28.66042372022548,27.868044343604087,673673049,12620601901546,0.15664467303334417,427969606564,-121576789697,6384164616,-107997759965,4409.58984375,33706.078125,17288.91015625,1270.050048828125,102.30000305175781,13.539999961853027,27530.055,20799.3,3.77,4.32,304.014,3.6,551922100000000.0,117.13991800276,3.657,3.585,-0.5500000000000003,0.07200003,0
2023-06-19,2609.5,2619.43994140625,2600.489990234375,2618.06005859375,-0.00620386200730505,-0.006223185922599829,0.006248461400790165,23.490705217633927,62.19037621037156,26.59229498611876,27.612894472107023,719549044,11096633448246,0.06809830832344899,-360412510734,230000882639,-23908851758,-196699304751,4409.58984375,33370.421875,17274.560546875,1276.31005859375,102.30000305175781,13.539999961853027,27530.055,20799.3,3.77,4.32,304.014,3.6,551922100000000.0,117.13991800276,3.633,3.583,-0.5500000000000003,0.049999952,0
2023-06-20,2604.909912109375,2610.030029296875,2596.820068359375,2602.830078125,-0.0017589913357444198,-0.0017605401775367103,0.006068730447495113,22.476422991071427,55.21823402256256,24.30275925175556,26.95086742803673,722540797,10880371631739,0.004157816656066515,-281237544346,54014798597,-12371268810,-92494181083,4388.7099609375,33388.91015625,17184.91015625,1283.239990234375,102.54000091552734,13.880000114440918,27530.055,20799.3,3.74,4.29,304.014,3.6,551922100000000.0,117.13991800276,3.642,3.567,-0.5499999999999998,0.07500005,0
2023-06-21,2582.6298828125,2600.969970703125,2579.52001953125,2599.18994140625,-0.008553090144615916,-0.008589877735377631,0.00626323945459643,22.837838309151785,51.37971848069568,20.454684652697324,25.651630872968852,659798470,10654263369764,-0.08683568770165928,-199981783736,49997720039,-21982924145,-96729857377,4365.68994140625,33575.140625,17202.400390625,1287.5400390625,102.06999969482422,13.199999809265137,27530.055,20799.3,3.72,4.29,304.014,3.6,551922100000000.0,117.13991800276,3.621,3.571,-0.5699999999999998,0.049999952,1
2023-06-22,2593.699951171875,2597.760009765625,2575.64990234375,2575.64990234375,0.004286354941157811,0.004277194688551023,0.006269144403692639,23.334995814732142,56.04814194578312,18.089791948169477,24.139263088008978,613221379,8937920367446,-0.07059290543671615,-106795277995,79027112090,13416725259,140391408524,4381.89013671875,33264.87890625,17202.400390625,1288.3800048828125,102.38999938964844,12.90999984741211,27530.055,20799.3,3.8,4.37,304.014,3.6,551922100000000.0,117.13991800276,3.647,3.592,-0.5700000000000003,0.055000067,0
2023-06-23,2570.10009765625,2600.81005859375,2568.070068359375,2599.0400390625,-0.009098914276866266,-0.009140562223934995,0.006630751883677817,23.372855050223215,41.95157151818928,14.148194911203063,22.141049452647795,528307350,8548516965675,-0.1384720623055773,-187833176037,-391044002993,-26957872725,-14954388654,4348.330078125,32781.5390625,17202.400390625,1298.2099609375,102.9000015258789,13.4399995803833,27530.055,20799.3,3.74,4.32,304.014,3.6,551922100000000.0,117.13991800276,3.663,3.609,-0.5800000000000001,0.05400014,1
2023-06-26,2582.199951171875,2585.31005859375,2562.030029296875,2568.64990234375,0.0047079308415494125,0.004696883195943001,0.006597148328430011,23.8028564453125,41.36279706497141,11.86404657395724,20.085648876909683,481750510,8437663307773,-0.08812453584073743,15003253159,276121155644,-16122451726,-20915421468,4328.81982421875,32698.810546875,17059.240234375,1307.6700439453125,102.69000244140625,14.25,27530.055,20799.3,3.72,4.3,304.014,3.6,551922100000000.0,117.13991800276,3.611,3.568,-0.5799999999999996,0.042999983,0
2023-06-27,2581.389892578125,2582.0,2568.52001953125,2581.02001953125,-0.0003137087015211426,-0.00031375791838929,0.006594668228650177,23.6199951171875,41.13125053006798,9.874648797138434,18.043448860955436,538509244,8592191725938,0.117817693643957,-108256746377,-161641055065,10904615920,118451158427,4378.41015625,32538.330078125,16887.900390625,1302.6600341796875,102.48999786376953,13.739999771118164,27530.055,20799.3,3.77,4.38,304.014,3.6,551922100000000.0,117.13991800276,3.603,3.538,-0.6099999999999999,0.06499982,0
2023-06-28,2564.18994140625,2590.52001953125,2559.4599609375,2590.52001953125,-0.006663058231275887,-0.006685355504316711,0.006339480255910005,24.390712193080358,38.63717437109685,6.831396328118444,15.801038354388039,488767961,8814328693756,-0.09236848495027883,-392267219873,87539481672,-8638474844,10069135500,4376.85986328125,33193.98828125,16935.630859375,1296.5999755859375,102.91000366210938,13.430000305175781,27530.055,20799.3,3.71,4.32,304.014,3.6,551922100000000.0,117.13991800276,3.611,3.557,-0.6100000000000003,0.05400014,0
2023-06-29,2550.02001953125,2577.68994140625,2550.02001953125,2564.02001953125,-0.005526081218160006,-0.005541406490183499,0.006413606953512614,23.949288504464285,25.9117875177931,3.2388669070560354,13.288604064921639,604508630,8824942470147,0.23680085078244306,55313840334,-228533249798,16699257815,24163096986,4396.43994140625,33234.140625,16942.30078125,1309.010009765625,103.33999633789062,13.539999961853027,27530.055,20799.3,3.85,4.49,304.014,3.6,551922100000000.0,117.13991800276,3.626,3.584,-0.6400000000000001,0.041999817,1
2023-06-30,2564.280029296875,2571.030029296875,2541.719970703125,2558.429931640625,0.005592116789830737,0.005576538953139985,0.006523280403063665,24.112862723214285,33.02191957090895,1.5248475766202318,10.935852767261359,510933786,8209120592849,-0.15479488522769314,-178358617166,189743384133,10497416523,48310428301,4450.3798828125,33189.0390625,16915.5390625,1323.0699462890625,102.91000366210938,13.59000015258789,27530.055,20799.3,3.81,4.49,304.014,3.6,551922100000000.0,117.13991800276,3.675,3.662,-0.6800000000000002,0.013000011,1
2023-07-03,2602.469970703125,2604.6298828125,2580.489990234375,2580.889892578125,0.014893046379463426,0.01478323391646422,0.0067752856122450765,25.832850864955358,41.980828061749264,3.2110688108045906,9.390895975970006,618006181,8973590145582,0.20956217407004663,-13324597690,875654055437,64401304737,-217870021169,4455.58984375,33753.328125,17084.19921875,1315.300048828125,102.98999786376953,13.569999694824219,28074.846,20791.2,3.86,4.56,304.609,3.5,563912300000000.0,117.224251997003,3.607,3.613,-0.6999999999999997,-0.0059998035,0
2023-07-04,2593.31005859375,2607.659912109375,2591.860107421875,2604.719970703125,-0.0035196994441785145,-0.0035259081590885816,0.0066964746390082664,24.917829241071427,43.90807808445606,3.764883697114783,8.265693520198962,674410584,9160795651560,0.09126834768663916,-59437290111,-3805616772,-1532098821,-269799977139,4455.58984375,33422.51953125,17140.76953125,1306.0999755859375,102.98999786376953,13.569999694824219,28074.846,20791.2,3.86,4.56,304.609,3.5,563912300000000.0,117.224251997003,3.623,3.619,-0.6999999999999997,0.0039999485,0
2023-07-05,2579.0,2601.989990234375,2578.659912109375,2593.469970703125,-0.0055180669763451595,-0.005533347747393794,0.006791235681876496,24.319981166294642,43.13915167625705,3.0143364558671237,7.215422107332595,601088685,10257664064971,-0.10871997080045825,255963611374,-578751096265,3462530865,-56753342379,4446.81982421875,33338.69921875,17056.4296875,1295.5,103.37000274658203,14.180000305175781,28074.846,20791.2,3.95,4.59,304.609,3.5,563912300000000.0,117.224251997003,3.644,3.618,-0.6399999999999997,0.026000023,0
2023-07-06,2556.2900390625,2575.449951171875,2550.669921875,2574.75,-0.008805723512020136,-0.00884472300996557,0.0070294514770313805,25.111415318080358,34.25747940054194,0.5803286398645469,5.888403413838986,531900313,10291029204298,-0.11510509801062052,-168390181702,-559888748690,-54386264848,242707469584,4411.58984375,32773.01953125,16762.169921875,1302.969970703125,103.16999816894531,15.4399995803833,28074.846,20791.2,4.05,4.68,304.609,3.5,563912300000000.0,117.224251997003,3.713,3.676,-0.6299999999999999,0.03699994,0
2023-07-07,2526.7099609375,2547.409912109375,2515.070068359375,2547.409912109375,-0.011571487457600171,-0.011638958114186835,0.00674835789104944,26.248552594866073,32.31207215628018,-3.692935324409518,3.9721356661892853,613265045,10367353235625,0.1529698893032989,-45069398717,-350592975084,-189686085346,16867127198,4398.9501953125,32388.419921875,16664.2109375,1309.219970703125,102.2699966430664,14.829999923706055,28074.846,20791.2,4.06,4.64,304.609,3.5,563912300000000.0,117.224251997003,3.761,3.735,-0.5800000000000001,0.026000023,0
2023-07-10,2520.699951171875,2539.6298828125,2517.669921875,2528.080078125,-0.0023785910763557405,-0.0023814244179089874,0.006727542163454922,26.873552594866073,32.117208384055616,-7.478280402230212,1.682052452505386,561821159,9698695577307,-0.08388524084231808,-155682862763,-171553709084,29933482880,15771050352,4409.52978515625,32189.73046875,16652.80078125,1297.3699951171875,101.97000122070312,15.069999694824219,28074.846,20791.2,4.01,4.54,304.609,3.5,563912300000000.0,117.224251997003,3.863,3.795,-0.5300000000000002,0.06799984,1
2023-07-11,2562.489990234375,2562.489990234375,2534.47998046875,2538.840087890625,0.016578743948906682,0.016442816849750855,0.007835703854328845,28.044991629464285,46.05037752019267,-7.025105704343332,-0.05937917886435784,594134894,10596470857533,0.057516052007574814,268682955492,82297714481,18476209359,69080511617,4439.259765625,32203.5703125,16898.91015625,1299.5400390625,101.7300033569336,14.84000015258789,28074.846,20791.2,3.99,4.52,304.609,3.5,563912300000000.0,117.224251997003,3.758,3.703,-0.5299999999999994,0.05499983,1
2023-07-12,2574.719970703125,2574.72998046875,2554.260009765625,2557.610107421875,0.00477269394821378,0.004761340753669955,0.007831197237386687,27.927839006696427,46.294704051032056,-5.6143851406363865,-1.1703803712187635,696924185,13229937627765,0.17300665562322615,218843259688,-74975559341,40968801970,29429726291,4472.16015625,31943.9296875,16962.029296875,1291.510009765625,100.5199966430664,13.539999961853027,28074.846,20791.2,3.86,4.36,304.609,3.5,563912300000000.0,117.224251997003,3.756,3.704,-0.5000000000000004,0.052000046,1
2023-07-13,2591.22998046875,2602.2099609375,2587.75,2589.889892578125,0.00641235161628706,0.00639187995737325,0.007954458295878033,27.552839006696427,54.242440878957986,-3.128100328615801,-1.5619243626981711,585660777,13258009580486,-0.15964922784248048,217331353578,348976211581,130701114752,-52237443665,4510.0400390625,32419.330078125,17061.400390625,1274.699951171875,99.7699966430664,13.609999656677246,28074.846,20791.2,3.76,4.21,304.609,3.5,563912300000000.0,117.224251997003,3.657,3.602,-0.4500000000000002,0.055000067,1
2023-07-14,2628.300048828125,2628.300048828125,2603.360107421875,2607.469970703125,0.014305973857507315,0.014204609018185679,0.008468808221944185,28.537841796875,58.41242657960766,1.8126479297397964,-0.8870099042105777,569815109,14285300247019,-0.027056051254052194,615153686814,789473024277,14593734525,50471717790,4505.419921875,32391.259765625,17283.7109375,1266.8299560546875,99.91000366210938,13.34000015258789,28074.846,20791.2,3.83,4.35,304.609,3.5,563912300000000.0,117.224251997003,3.685,3.614,-0.5199999999999996,0.07099986,0
2023-07-17,2619.0,2627.1201171875,2611.550048828125,2617.669921875,-0.0035384273695355795,-0.003544702410551294,0.00838518676336458,28.757132393973215,56.656892053178744,4.921063348946063,0.2746047464207505,550569962,11732182232324,-0.033774371188181274,-164635714816,5687841480,-58337179548,-132453279875,4522.7900390625,32391.259765625,17334.2890625,1268.3399658203125,99.83999633789062,13.479999542236328,28074.846,20791.2,3.81,4.34,304.609,3.5,563912300000000.0,117.224251997003,3.66,3.611,-0.5299999999999998,0.049000025,0
2023-07-18,2607.6201171875,2626.889892578125,2600.669921875,2624.590087890625,-0.004345125167048547,-0.004354592658317076,0.00843671476834093,28.411411830357142,57.84873460167308,6.392554141355959,1.4981946254077922,493202186,12003817042366,-0.10419706841907228,-155124731770,-252861392714,-27827559934,-2606983094,4554.97998046875,32493.890625,17227.91015625,1265.449951171875,99.94000244140625,13.300000190734863,28074.846,20791.2,3.8,4.35,304.609,3.5,563912300000000.0,117.224251997003,3.651,3.596,-0.5499999999999998,0.055000067,1
2023-07-19,2608.239990234375,2622.5400390625,2598.52001953125,2622.239990234375,0.0002377160088578023,0.00023768775888426062,0.008188056784395584,28.150704520089285,61.06339289939401,7.52203048511592,2.7029617973494178,440073850,11231685664367,-0.10772120949196284,-40280153577,-211815746061,-31643799987,48754019427,4565.72021484375,32896.03125,17116.439453125,1264.93994140625,100.27999877929688,13.760000228881836,28074.846,20791.2,3.75,4.34,304.609,3.5,563912300000000.0,117.224251997003,3.575,3.543,-0.5899999999999999,0.032000065,0
2023-07-20,2600.22998046875,2611.340087890625,2589.2900390625,2595.3798828125,-0.003071040163334482,-0.0030757654840900496,0.008174283602911728,27.632132393973215,56.997697072345,7.682251565332535,3.6988197509460417,372364710,9473223686191,-0.15385858532607655,162682219288,-271151831815,-19656863803,44302897232,4534.8701171875,32490.51953125,17164.890625,1265.0899658203125,100.87999725341797,13.989999771118164,28074.846,20791.2,3.85,4.43,304.609,3.5,563912300000000.0,117.224251997003,3.606,3.581,-0.5799999999999996,0.024999857,1
2023-07-21,2609.760009765625,2609.760009765625,2570.580078125,2581.06005859375,0.0036650716930650695,0.003658371683494139,0.007907305854949424,27.548566545758927,51.597221925053596,8.480464132599991,4.655148627276832,501871967,12258800016184,0.34779680652336786,-290353686137,17545949523,-7849825643,-7713771300,4536.33984375,32304.25,17030.69921875,1278.4000244140625,101.06999969482422,13.600000381469727,28074.846,20791.2,3.84,4.44,304.609,3.5,563912300000000.0,117.224251997003,3.636,3.602,-0.6000000000000005,0.03399992,1
2023-07-24,2628.530029296875,2636.06005859375,2595.2099609375,2608.469970703125,0.007192239692927149,0.007166498886037554,0.007990769180953778,29.337873186383927,57.40475161454906,10.506524378591621,5.82542377753979,529363268,19050421144820,0.05477751858573132,-170878002713,-223332929265,1892885189,-37238109281,4554.64013671875,32700.939453125,17033.609375,1285.6500244140625,101.3499984741211,13.90999984741211,28074.846,20791.2,3.86,4.48,304.609,3.5,563912300000000.0,117.224251997003,3.64,3.617,-0.6200000000000006,0.023000002,1
2023-07-25,2636.4599609375,2646.7099609375,2621.60009765625,2643.35009765625,0.0030168693346623865,0.003012327716391037,0.007999023598003382,29.465000697544642,62.413579218083115,12.606748185061406,7.181688659044113,723471549,19204604621912,0.36668256513785913,-1353433695996,43905183219,-99706387904,-39124282022,4567.4599609375,32682.509765625,17198.890625,1280.530029296875,101.3499984741211,13.859999656677246,28074.846,20791.2,3.91,4.53,304.609,3.5,563912300000000.0,117.224251997003,3.684,3.645,-0.6200000000000001,0.039000034,0
2023-07-26,2592.360107421875,2639.2099609375,2580.97998046875,2638.760009765625,-0.016726919493950332,-0.016868394255357643,0.008801503235101506,31.6007080078125,57.13326979473557,10.59061899874041,7.863474726983373,834106504,36348205551673,0.15292233005281597,-946729954145,248029110961,-131621068579,-18026845243,4566.75,32668.33984375,17162.55078125,1274.1199951171875,100.88999938964844,13.1899995803833,28074.846,20791.2,3.86,4.47,304.609,3.5,563912300000000.0,117.224251997003,3.658,3.627,-0.6099999999999999,0.030999899,1
2023-07-27,2603.81005859375,2617.610107421875,2586.360107421875,2599.820068359375,0.004416805805294466,0.004407080344997717,0.008720090165753834,30.888567243303573,66.42526499745145,9.803726208368062,8.251525023260312,594162667,24076448886729,-0.2876657067764574,82278490784,493123899887,-38620439415,-68439674010,4537.41015625,32891.16015625,17241.8203125,1275.1700439453125,101.7699966430664,14.40999984741211,28074.846,20791.2,4.01,4.58,304.609,3.5,563912300000000.0,117.224251997003,3.637,3.587,-0.5700000000000003,0.05000019,1
2023-07-28,2608.320068359375,2609.5400390625,2586.330078125,2593.669921875,0.0017320809368333023,0.0017305826145415854,0.00865704856196554,30.977852957589285,68.78649812706635,9.435264246122188,8.488272867832688,503267298,16807323601605,-0.1529806129673913,60211856009,-282895014178,-31609777270,-84250387368,4582.22998046875,32759.23046875,17292.9296875,1283.8800048828125,101.62000274658203,13.329999923706055,28074.846,20791.2,3.96,4.52,304.609,3.5,563912300000000.0,117.224251997003,3.728,3.635,-0.5599999999999996,0.092999935,1
2023-07-31,2632.580078125,2639.449951171875,2622.2099609375,2628.8701171875,0.009301009511798242,0.00925802147202322,0.0082685024889327,30.216413225446427,66.24940710880784,10.974330276992077,8.985484349664565,454242638,15688014180464,-0.09741276692291656,-292334454660,-83756810865,-5869470172,-37728782982,4588.9599609375,33172.21875,17145.4296875,1272.3900146484375,101.86000061035156,13.630000114440918,28074.846,20791.2,3.97,4.51,304.609,3.5,563912300000000.0,117.224251997003,3.761,3.681,-0.5399999999999996,0.07999992,1
2023-08-01,2667.070068359375,2668.2099609375,2639.10009765625,2644.340087890625,0.013101212198999734,0.01301613360130723,0.008654999496613865,31.299264090401785,69.40701444754555,14.806425900763315,10.149672659884315,493643248,15851940748272,0.08673912729434274,197811810603,265927039400,67499779327,-40045355102,4576.72998046875,33476.578125,17212.869140625,1277.9300537109375,102.30000305175781,13.930000305175781,28074.846,20777.2,4.05,4.57,306.082,3.7,563912300000000.0,118.415469665677,3.727,3.647,-0.5200000000000005,0.07999992,0
2023-08-02,2616.469970703125,2660.89990234375,2611.77001953125,2651.530029296875,-0.018972166594549256,-0.019154447336644707,0.009702062948919003,33.285696847098215,54.63936678833919,13.603570796943131,10.840452287296078,704673842,16001903871479,0.4274961621677038,-70146532016,-435205710984,-98655960387,-56359337376,4513.39013671875,32707.689453125,16893.73046875,1289.050048828125,102.58999633789062,16.09000015258789,28074.846,20777.2,4.08,4.54,306.082,3.7,563912300000000.0,118.415469665677,3.793,3.677,-0.45999999999999996,0.11599994,0
2023-08-03,2605.389892578125,2625.449951171875,2591.300048828125,2624.760009765625,-0.004234743088613602,-0.00424373500775059,0.009516068317103407,33.077113560267854,45.34402791201681,11.622255628172752,10.996812955471412,789416273,14921529311997,0.1202576652476337,-150843516603,-490710162787,-2610524450,-156511344288,4501.89013671875,32159.279296875,16893.73046875,1295.3699951171875,102.54000091552734,15.920000076293945,28074.846,20777.2,4.2,4.58,306.082,3.7,563912300000000.0,118.415469665677,3.861,3.714,-0.3799999999999999,0.14700007,0
2023-08-04,2602.800048828125,2612.300048828125,2598.3798828125,2606.169921875,-0.00099403308402235,-0.0009945274625546465,0.009061668053078526,32.87498256138393,46.61541459194718,9.73089859419997,10.743630083217125,645750159,10971353099785,-0.18199031222656337,-245255348861,-148389181339,29789231937,-99918483580,4478.02978515625,32192.75,16843.6796875,1296.4000244140625,102.0199966430664,17.100000381469727,28074.846,20777.2,4.05,4.45,306.082,3.7,563912300000000.0,118.415469665677,3.876,3.738,-0.40000000000000036,0.13800001,0
2023-08-07,2580.7099609375,2607.360107421875,2580.7099609375,2591.580078125,-0.008487047593444874,-0.008523267661767643,0.009300464702966015,32.905709402901785,44.61860989218081,6.376000475519504,9.870104161677602,504070760,11894470648556,-0.21940280931467804,281066552709,-169245536005,-27169783821,-111208779502,4518.43994140625,32254.560546875,16996.0,1303.050048828125,102.05000305175781,15.770000457763672,28074.846,20777.2,4.09,4.44,306.082,3.7,563912300000000.0,118.415469665677,3.814,3.689,-0.35000000000000053,0.125,0
2023-08-08,2573.97998046875,2601.409912109375,2568.14990234375,2598.2900390625,-0.0026078019500901384,-0.0026112081887481754,0.008604172101414016,33.565708705357146,43.312246401607396,3.1379935306067637,8.523682035463436,638418712,12435381687044,0.26652597742428075,-141897482016,-272797726575,-25243400368,-126543627395,4499.3798828125,32377.2890625,16877.0703125,1307.75,102.52999877929688,15.989999771118164,28074.846,20777.2,4.02,4.36,306.082,3.7,563912300000000.0,118.415469665677,3.74,3.647,-0.34000000000000075,0.092999935,1
2023-08-09,2605.1201171875,2608.97998046875,2576.2099609375,2580.60009765625,0.012098049306925374,0.012025452838986131,0.008952084941468947,34.49070521763393,50.875521247672424,3.049446362947947,7.428834900960338,467526732,10326262318499,-0.2676800926850026,365704070574,-159030675013,-64682010361,-26623506531,4467.7099609375,32204.330078125,16870.939453125,1316.6700439453125,102.48999786376953,15.960000038146973,28074.846,20777.2,4.0,4.41,306.082,3.7,563912300000000.0,118.415469665677,3.774,3.672,-0.41000000000000014,0.102,0
2023-08-10,2601.56005859375,2601.56005859375,2590.02001953125,2592.39990234375,-0.0013665621674264772,-0.0013674967650594107,0.00885487719743236,32.770717075892854,48.49982625194629,2.6613269977542586,6.475333320319122,568155109,11349005297143,0.21523555791030158,-233144687241,8214190140,-47709033284,-57959444574,4468.830078125,32473.650390625,16634.69921875,1313.6400146484375,102.5199966430664,15.850000381469727,28074.846,20777.2,4.09,4.47,306.082,3.7,563912300000000.0,118.415469665677,3.786,3.687,-0.3799999999999999,0.09899998,0
2023-08-11,2591.260009765625,2616.840087890625,2589.93994140625,2611.25,-0.003959181643376164,-0.003967039951522845,0.008254038964024593,31.7742919921875,42.96340887803943,1.505260044458737,5.481318665147046,675389953,10513465946903,0.18874219786343582,-190553271912,9618551605,52357085949,-61792240669,4464.0498046875,32473.650390625,16601.25,1318.3299560546875,102.83999633789062,14.84000015258789,28074.846,20777.2,4.16,4.56,306.082,3.7,563912300000000.0,118.415469665677,3.824,3.698,-0.39999999999999947,0.12599993,0
2023-08-14,2570.8701171875,2592.909912109375,2561.8798828125,2586.510009765625,-0.007868717342637166,-0.007899839065142668,0.008389112468598225,32.19716099330357,38.17306168448115,-1.0441885154323245,4.176217229031172,624377647,9995329422745,-0.07553015228226234,-120195988639,-265060609356,-2502191745,-34198056616,4489.72021484375,32059.91015625,16393.66015625,1329.6099853515625,103.19000244140625,14.819999694824219,28074.846,20777.2,4.19,4.64,306.082,3.7,563912300000000.0,118.415469665677,3.889,3.747,-0.4499999999999993,0.14199996,0
2023-08-16,2525.639892578125,2550.530029296875,2520.8701171875,2550.1298828125,-0.017593352657915062,-0.017749955180875843,0.00917504529874217,31.609305245535715,38.01808121640463,-6.637829224750931,2.0134079382747516,685135617,12025529175862,0.09730964952369603,-1898044111,-176359109572,-101930437462,18237382266,4404.330078125,31766.8203125,16446.779296875,1338.739990234375,103.41999816894531,16.780000686645508,28074.846,20777.2,4.28,4.68,306.082,3.7,563912300000000.0,118.415469665677,3.867,3.712,-0.39999999999999947,0.15500021,0
2023-08-17,2519.85009765625,2520.56005859375,2482.06005859375,2512.919921875,-0.002292407139627861,-0.0022950387274244424,0.009165861204510017,32.49000767299107,34.60920171925824,-11.406530466847926,-0.6705797427497839,735132744,10727642034665,0.07297405909055232,-1229151556,-135052905763,34867160839,-21794190917,4370.35986328125,31626.0,16516.66015625,1343.3299560546875,103.44000244140625,17.889999389648438,28074.846,20777.2,4.3,4.67,306.082,3.7,563912300000000.0,118.415469665677,3.976,3.788,-0.3700000000000001,0.18799996,0
2023-08-18,2504.5,2519.60009765625,2489.6298828125,2495.179931640625,-0.006091670957144357,-0.006110300881447659,0.009214406069951723,32.99074009486607,31.69606078371112,-16.23721267221663,-3.783906328643153,557784633,10776836338403,-0.24124637685843575,-108020298645,-186280989507,-6884108879,-29293162299,4369.7099609375,31450.759765625,16381.3095703125,1339.0799560546875,103.37999725341797,17.299999237060547,28074.846,20777.2,4.26,4.63,306.082,3.7,563912300000000.0,118.415469665677,3.914,3.729,-0.3700000000000001,0.18499994,1
2023-08-21,2508.800048828125,2524.409912109375,2505.590087890625,2511.699951171875,0.001716929058943828,0.0017154568211581091,0.009163091418655546,32.18931361607143,26.52483491083656,-19.493871898996986,-6.92589944271392,399458711,8524817791134,-0.2838477660247768,-34008655799,36200932204,13796593680,-23363288732,4399.77001953125,31565.640625,16381.490234375,1339.1700439453125,103.33000183105469,17.1299991607666,28074.846,20777.2,4.34,4.7,306.082,3.7,563912300000000.0,118.415469665677,3.973,3.795,-0.3600000000000003,0.17799997,1
2023-08-22,2515.739990234375,2533.429931640625,2509.530029296875,2528.389892578125,0.0027662393459739754,0.0027624203471364743,0.008983052433453815,31.403599330357142,17.950810009244833,-21.269619592425897,-9.794643472656317,471808571,9270272191698,0.18111974531455388,-14806143234,-13252495253,33334206,-28011446799,4387.5498046875,31856.7109375,16437.609375,1339.739990234375,103.55999755859375,16.969999313354492,28074.846,20777.2,4.34,4.75,306.082,3.7,563912300000000.0,118.415469665677,3.986,3.802,-0.41000000000000014,0.18400002,0
2023-08-23,2505.5,2517.510009765625,2499.889892578125,2510.0,-0.0040703690660103264,-0.00407867556618694,0.008906405698002799,28.712175641741073,21.652316108922037,-23.235351398368493,-12.482785057798752,547169704,8577994375668,0.1597281983247396,20622541049,40541331832,-63778763073,-51835317928,4436.009765625,32010.259765625,16576.900390625,1339.68994140625,103.36000061035156,15.979999542236328,28074.846,20777.2,4.19,4.64,306.082,3.7,563912300000000.0,118.415469665677,3.92,3.771,-0.4499999999999993,0.14900017,1
2023-08-24,2537.679931640625,2539.43994140625,2520.72998046875,2531.780029296875,0.012843716479993939,0.012761935457273534,0.00886313044880624,28.697178431919642,34.386400281038036,-21.943604261909968,-14.374948898620996,441140168,10099466159245,-0.19377815552448785,110643114880,121686813555,28619640312,47429944502,4376.31005859375,32287.2109375,16770.869140625,1327.780029296875,103.9800033569336,17.200000762939453,28074.846,20777.2,4.23,4.69,306.082,3.7,563912300000000.0,118.415469665677,3.878,3.759,-0.45999999999999996,0.11899996,0
2023-08-25,2519.139892578125,2526.3701171875,2502.050048828125,2505.389892578125,-0.0073059012806685475,-0.007332720080939799,0.008870336117093671,30.247872488839285,32.03023069468509,-22.16045957295364,-15.932051033487525,577383852,8302851242350,0.3088444305983036,-191547704041,-180057268570,-19674114025,28197277830,4405.7099609375,31624.279296875,16481.580078125,1326.6199951171875,104.08000183105469,15.680000305175781,28074.846,20777.2,4.25,4.72,306.082,3.7,563912300000000.0,118.415469665677,3.935,3.789,-0.46999999999999975,0.14599991,1
2023-08-28,2543.409912109375,2543.409912109375,2519.139892578125,2519.139892578125,0.009634248420563818,0.009588134991495934,0.009196110292770858,30.077863420758927,42.062475257092444,-20.141749673723552,-16.773990761534733,483587568,8221905557756,-0.16245048017033914,-13515475702,166541233018,80218616141,25465344457,4433.31005859375,32169.990234375,16509.259765625,1323.6099853515625,104.05999755859375,15.079999923706055,28074.846,20777.2,4.2,4.69,306.082,3.7,563912300000000.0,118.415469665677,3.872,3.759,-0.4900000000000002,0.112999916,1
2023-08-29,2552.159912109375,2556.97998046875,2545.27001953125,2550.760009765625,0.0034402633874863753,0.0034343592187873226,0.008934005175312234,28.671439034598215,45.396225909705755,-17.632598046991006,-16.94571221862599,441365852,8275017288825,-0.08730934952405556,-161237154885,-5316486785,8275556226,21964499226,4497.6298828125,32226.970703125,16623.650390625,1322.8199462890625,103.55000305175781,14.449999809265137,28074.846,20777.2,4.12,4.56,306.082,3.7,563912300000000.0,118.415469665677,3.844,3.74,-0.4399999999999995,0.10400009,1
2023-08-30,2561.219970703125,2578.6201171875,2561.219970703125,2575.419921875,0.003549957254152636,0.0035436710287277016,0.008353304755677698,28.061453683035715,39.78591983240762,-14.743057505212164,-16.505181275943226,364003001,7765444580940,-0.17528055387483854,-16495437008,222793338622,-11821751819,1330609779,4514.8701171875,32333.4609375,16719.8203125,1321.0699462890625,103.16000366210938,13.880000114440918,28074.846,20777.2,4.12,4.57,306.082,3.7,563912300000000.0,118.415469665677,3.85,3.732,-0.4500000000000002,0.11799979,0
2023-08-31,2556.27001953125,2568.06005859375,2547.719970703125,2564.449951171875,-0.0019326536683672568,-0.0019345236532120015,0.007318091367123965,28.435738699776785,39.53025315941322,-12.706028313766183,-15.745350683507818,473168805,11334960549622,0.29990358238832204,-215735589708,300528170691,-51354930376,-29397802841,4507.66015625,32619.33984375,16634.509765625,1323.030029296875,103.62000274658203,13.569999694824219,28074.846,20777.2,4.09,4.54,306.082,3.7,563912300000000.0,118.415469665677,3.821,3.711,-0.4500000000000002,0.11000013,1
2023-09-01,2563.7099609375,2568.419921875,2551.0400390625,2551.929931640625,0.00291046773204906,0.002906240520960808,0.00733434074202933,27.755719866071427,43.54587976101824,-10.371767629214446,-14.670634072649145,493367317,10029746225521,0.04268775072777675,369057565880,-118803255584,-32221966497,-90160555822,4515.77001953125,32710.619140625,16644.939453125,1324.6400146484375,104.23999786376953,13.09000015258789,28074.846,20747.8,4.18,4.57,307.276,3.7,563912300000000.0,119.111225118177,3.778,3.689,-0.39000000000000057,0.089000225,1
2023-09-04,2584.550048828125,2584.550048828125,2560.320068359375,2566.929931640625,0.008128878932546657,0.008096017560160061,0.00759897255631043,27.270002092633927,53.198037105061,-6.762276974780889,-13.088962653075495,342072516,8699609485382,-0.30665752632333365,412832088423,25012921633,2769282705,-101863540232,4515.77001953125,32939.1796875,16789.689453125,1317.4599609375,104.23999786376953,13.09000015258789,28074.846,20747.8,4.18,4.57,307.276,3.7,563912300000000.0,119.111225118177,3.856,3.738,-0.39000000000000057,0.11800003,0
2023-09-05,2582.179931640625,2586.64990234375,2575.18994140625,2578.909912109375,-0.0009170328075382983,-0.0009174535393596039,0.007354906134745528,24.517142159598215,66.53023991503188,-4.046334648232914,-11.28043705210698,384579023,7590068827455,0.12426168432660645,161803980386,-111408717496,12306602839,-67695462635,4496.830078125,33036.76171875,16791.609375,1317.949951171875,104.80999755859375,14.010000228881836,28074.846,20747.8,4.27,4.65,307.276,3.7,563912300000000.0,119.111225118177,3.886,3.765,-0.3800000000000008,0.12099981,0
2023-09-06,2563.340087890625,2585.97998046875,2560.090087890625,2577.409912109375,-0.007296100290745344,-0.0073228470077010424,0.007517566242779913,23.253574916294642,61.813433498993966,-3.3752410488204987,-9.699397851449683,422126144,7626693242222,0.09763174472467262,-69319515554,-198330877385,923068801,-56426406209,4465.47998046875,33241.01953125,16738.16015625,1331.72998046875,104.86000061035156,14.449999809265137,28074.846,20747.8,4.3,4.73,307.276,3.7,563912300000000.0,119.111225118177,3.893,3.765,-0.4300000000000006,0.12799978,0
2023-09-07,2548.260009765625,2562.419921875,2539.239990234375,2554.8701171875,-0.005882979865309057,-0.00590035276112998,0.007035522399915134,22.816423688616073,61.90424323731977,-4.0139603749357775,-8.562310356146902,377270533,8325826544902,-0.10626115353802867,-5894909225,-63791459498,-31645708178,-57030681436,4451.14013671875,32991.078125,16619.140625,1333.4599609375,105.05999755859375,14.399999618530273,28074.846,20747.8,4.27,4.66,307.276,3.7,563912300000000.0,119.111225118177,3.969,3.847,-0.39000000000000057,0.12200022,0
2023-09-08,2547.679931640625,2550.9599609375,2530.050048828125,2546.070068359375,-0.00022763694551453106,-0.00022766285873662508,0.0070378867251006385,22.887852260044642,60.79516491144348,-4.514912399670266,-7.752830764851575,396289098,7718992573949,0.050410947414226026,-355191007089,228982376829,-33738752044,-23745563866,4457.490234375,32606.83984375,16576.01953125,1334.02001953125,105.08999633789062,13.84000015258789,28074.846,20747.8,4.26,4.68,307.276,3.7,563912300000000.0,119.111225118177,3.895,3.795,-0.41999999999999993,0.099999905,1
2023-09-11,2556.8798828125,2556.889892578125,2540.43994140625,2549.8798828125,0.0036111094873485516,0.003604605085518783,0.007076054851399017,22.303571428571427,61.28108828235357,-4.122044947792801,-7.026673601439821,411070381,8340732785019,0.03729924208008373,23838762297,56398227660,6427668743,-27693064065,4487.4599609375,32467.759765625,16432.94921875,1335.3199462890625,104.56999969482422,13.800000190734863,28074.846,20747.8,4.29,4.64,307.276,3.7,563912300000000.0,119.111225118177,3.961,3.865,-0.34999999999999964,0.095999956,0
2023-09-12,2536.580078125,2568.550048828125,2535.14990234375,2566.419921875,-0.007939287576219978,-0.007970971529931875,0.007079898012745815,23.430716378348215,58.07694747928484,-5.386625580819782,-6.698663997315814,359409844,8927207173581,-0.12567321652882602,-298118389282,123283453028,-43959317160,-20577765339,4461.89990234375,32776.37109375,16572.7109375,1320.43994140625,104.70999908447266,14.229999542236328,28074.846,20747.8,4.27,4.66,307.276,3.7,563912300000000.0,119.111225118177,3.965,3.863,-0.39000000000000057,0.102,0
2023-09-13,2534.699951171875,2549.3798828125,2528.179931640625,2536.219970703125,-0.0007412054400879331,-0.0007414802686514835,0.005832021576831048,22.520717075892858,49.080820890352165,-6.4659894738297226,-6.652129092618596,417576035,9270998787030,0.16183805750184188,113314755213,81462358506,16126457450,-45074081410,4467.43994140625,32706.51953125,16581.509765625,1324.0999755859375,104.7699966430664,13.479999542236328,28074.846,20747.8,4.25,4.64,307.276,3.7,563912300000000.0,119.111225118177,3.949,3.853,-0.3899999999999997,0.095999956,1
2023-09-14,2572.889892578125,2572.889892578125,2541.110107421875,2544.889892578125,0.015066848992755011,0.014954471401611094,0.006663143090046313,22.703578404017858,64.78679504814306,-4.191467403481056,-6.159996754791088,412509123,9577502570729,-0.01213410630713041,-517264544411,994284683103,94019052355,40530016080,4505.10009765625,33168.1015625,16807.560546875,1329.77001953125,105.41000366210938,12.819999694824219,28074.846,20747.8,4.29,4.68,307.276,3.7,563912300000000.0,119.111225118177,3.917,3.836,-0.3899999999999997,0.08100009,1
2023-09-15,2601.280029296875,2611.0,2572.3701171875,2574.97998046875,0.011034338002821498,0.010973903856039571,0.0067918774043943895,23.729282924107142,65.56735371536953,-0.0969281810166649,-4.947383040036204,441729809,11995227354645,0.07083646002175814,47799868129,943236330232,38932624094,-2066687615,4450.31982421875,33533.08984375,16920.919921875,1327.06005859375,105.31999969482422,13.789999961853027,28074.846,20747.8,4.33,4.72,307.276,3.7,563912300000000.0,119.111225118177,3.928,3.85,-0.3899999999999997,0.07800007,0
2023-09-18,2574.719970703125,2596.550048828125,2573.260009765625,2588.68994140625,-0.01021038038758526,-0.01026286387798752,0.007316481711875205,24.761422293526785,55.53810858303147,0.9933976260390409,-3.759226906821155,416289507,8772091336958,-0.05759245013958292,-374504179360,-60941190277,25277139127,-10653468979,4453.52978515625,33533.08984375,16698.240234375,1328.4200439453125,105.19999694824219,14.0,28074.846,20747.8,4.32,4.74,307.276,3.7,563912300000000.0,119.111225118177,3.982,3.891,-0.41999999999999993,0.09100008,0
2023-09-19,2559.2099609375,2583.25,2555.4599609375,2579.360107421875,-0.006023959864415618,-0.006042177107444737,0.007486562934068028,24.856410435267858,49.5217226118953,0.5990549850098432,-2.8875705284549555,462342076,7827324888504,0.11062630267065554,-1648570533,-291724601015,-458974483,-29168014311,4443.9501953125,33242.58984375,16636.3203125,1329.6600341796875,105.19999694824219,14.109999656677246,28074.846,20747.8,4.37,4.79,307.276,3.7,563912300000000.0,119.111225118177,3.952,3.887,-0.41999999999999993,0.06499982,1
2023-09-20,2559.739990234375,2566.6201171875,2551.1201171875,2556.550048828125,0.00020710660905720601,0.00020708516544414,0.007398686124025996,24.510689871651785,50.84341238729678,0.3255517772872736,-2.24494606730651,414667757,7571716473907,-0.1031148179556991,-167630100530,137388048006,991289389,-37567212618,4402.2001953125,33023.78125,16534.75,1328.530029296875,105.16000366210938,15.140000343322754,28074.846,20747.8,4.35,4.82,307.276,3.7,563912300000000.0,119.111225118177,3.963,3.89,-0.47000000000000064,0.072999954,0
2023-09-21,2514.969970703125,2549.6298828125,2514.9599609375,2544.81005859375,-0.01749006528086894,-0.017644823616427538,0.00797178613899731,26.467843191964285,39.97285766951651,-3.463838923874846,-2.488724638620177,394676191,7803096968952,-0.04821104525857789,-68589734691,-611773313423,-49558658730,-16541773482,4330.0,32571.029296875,16316.669921875,1332.3399658203125,105.36000061035156,17.540000915527344,28074.846,20747.8,4.49,4.85,307.276,3.7,563912300000000.0,119.111225118177,4.031,3.93,-0.35999999999999943,0.10100007,0
2023-09-22,2508.1298828125,2513.260009765625,2486.139892578125,2491.449951171875,-0.0027197493291392094,-0.002723454567083028,0.007827642357305785,26.796421595982142,33.31730887097892,-6.938908861372056,-3.3787614831705532,433184441,7063027557662,0.09756922479268582,-127823596333,-564065051,3799839379,-79461316737,4320.06005859375,32402.41015625,16344.48046875,1341.1700439453125,105.58000183105469,17.200000762939453,28074.846,20747.8,4.44,4.8,307.276,3.7,563912300000000.0,119.111225118177,4.001,3.876,-0.35999999999999943,0.125,0
2023-09-25,2495.760009765625,2509.3798828125,2486.43994140625,2504.10009765625,-0.0049319108757653884,-0.004944112884219754,0.007538515206944283,27.616420200892858,31.923546738459905,-10.569236618291143,-4.816856510194672,438614599,7459544543909,0.01253544099475179,-132155489270,328953388694,-23986723292,-160438365030,4337.43994140625,32678.619140625,16452.23046875,1334.6600341796875,106.0,16.899999618530273,28074.846,20747.8,4.55,4.83,307.276,3.7,563912300000000.0,119.111225118177,4.012,3.876,-0.28000000000000025,0.13600016,0
2023-09-26,2462.969970703125,2495.0,2461.590087890625,2493.639892578125,-0.013138298127302384,-0.01322536904951916,0.007938864298663945,28.207850864955358,30.163242775860596,-15.908792972792071,-7.035243802714152,427476174,7060836784874,-0.025394560567282842,-42589254898,-315819353060,-15192809548,-38308362599,4273.52978515625,32315.05078125,16276.0703125,1338.449951171875,106.2300033569336,18.940000534057617,28074.846,20747.8,4.56,4.84,307.276,3.7,563912300000000.0,119.111225118177,4.054,3.891,-0.28000000000000025,0.16299987,1
2023-09-27,2465.070068359375,2469.719970703125,2445.510009765625,2447.989990234375,0.0008526688027992169,0.000852305487266129,0.007866379681752007,28.2156982421875,32.669502645760986,-19.74338012726912,-9.576871067625147,366240767,6761281210971,-0.14324870185630512,-28216151255,-111375678148,39597810867,-22779748824,4274.509765625,32371.900390625,16310.3603515625,1353.75,106.66999816894531,18.219999313354492,28074.846,20747.8,4.61,4.89,307.276,3.7,563912300000000.0,119.111225118177,4.03,3.884,-0.27999999999999936,0.14600015,0
2023-10-04,2405.68994140625,2435.780029296875,2402.840087890625,2435.780029296875,-0.024088616269088647,-0.024383492048865363,0.009334248261888445,31.167131696428573,26.240780700156137,-27.259566741683557,-13.11341020243683,424858687,10244656479390,0.16005296319183393,-423020397616,-340373546941,-31506596796,13924326296,4263.75,30526.880859375,16273.3798828125,1359.219970703125,106.80000305175781,18.579999923706055,28424.722,20732.9,4.73,4.85,307.696,3.9,563912300000000.0,119.511811590829,4.351,4.108,-0.11999999999999922,0.24300003,0
2023-10-05,2403.60009765625,2426.610107421875,2402.5,2423.35009765625,-0.0008687086868636174,-0.0008690862329224636,0.009245514181394639,31.714285714285715,23.726485683007425,-33.00437778726064,-17.09160371940159,451722351,9141360528268,0.06322964510785667,-272074189365,127213157765,-1387675662,68030280875,4258.18994140625,31075.359375,16453.51953125,1351.1600341796875,106.33000183105469,18.489999771118164,28424.722,20732.9,4.72,4.82,307.696,3.9,563912300000000.0,119.511811590829,4.322,4.081,-0.10000000000000053,0.24100018,1
2023-10-06,2408.72998046875,2421.179931640625,2403.919921875,2408.81005859375,0.002134249710466385,0.0021319754348928617,0.008952716950397835,30.584263392857142,26.88316435177829,-36.719958435791796,-21.017274662679633,289391533,6522751201215,-0.35935972094504576,-326292992970,209017332668,-11469949318,2768252958,4308.5,30994.669921875,16520.5703125,1346.06005859375,106.04000091552734,17.450000762939453,28424.722,20732.9,4.78,4.87,307.696,3.9,563912300000000.0,119.511811590829,4.24,4.015,-0.08999999999999986,0.2249999,0
2023-10-10,2402.580078125,2448.239990234375,2402.43994140625,2436.580078125,-0.0025531721669164176,-0.0025564370693961303,0.00893509955497916,32.34141322544643,26.47438567082581,-39.70315533102848,-24.754450796349403,416004097,9505946256101,0.4375130215022567,-207849178935,616440392286,-11463561654,-15338673947,4358.240234375,31746.529296875,16520.5703125,1346.8900146484375,105.83000183105469,17.030000686645508,28424.722,20732.9,4.66,4.74,307.696,3.9,563912300000000.0,119.511811590829,4.219,3.997,-0.08000000000000007,0.22199988,1
2023-10-11,2450.080078125,2463.56005859375,2436.52001953125,2436.52001953125,0.019770412829307027,0.01957751649918169,0.01027076713668945,33.969273158482146,28.8339304093021,-37.798786456002745,-27.363317928280075,446948721,9140842858822,0.07438538279588136,-119608607595,452762534467,26281767162,61435564790,4376.9501953125,31936.509765625,16672.029296875,1341.8900146484375,105.81999969482422,16.09000015258789,28424.722,20732.9,4.58,4.73,307.696,3.9,563912300000000.0,119.511811590829,4.142,3.953,-0.15000000000000036,0.18900013,1
2023-10-12,2479.820068359375,2479.820068359375,2464.840087890625,2465.18994140625,0.012138374782074246,0.01206529549241764,0.010711751985575151,33.334280831473215,29.163525489604794,-33.50358328500943,-28.591370999625944,515451710,8929118335738,0.15326811730601198,-57984808125,112937299012,39077522626,58458289216,4349.60986328125,32494.66015625,16825.91015625,1338.260009765625,106.56999969482422,16.690000534057617,28424.722,20732.9,4.7,4.82,307.696,3.9,563912300000000.0,119.511811590829,4.101,3.932,-0.1200000000000001,0.16899991,0
2023-10-13,2456.14990234375,2466.6201171875,2452.830078125,2460.85009765625,-0.009545114307944469,-0.009590960885314834,0.01086314568234105,33.260707310267854,29.45558438657747,-31.64480677012125,-29.20205815372501,582883748,7164460134351,0.13082125190738036,-161143598642,-215288982296,-44677591430,13460559607,4327.77978515625,32315.990234375,16782.5703125,1348.3399658203125,106.6500015258789,19.31999969482422,28424.722,20732.9,4.63,4.8,307.696,3.9,563912300000000.0,119.511811590829,4.169,3.957,-0.16999999999999993,0.21200013,0
2023-10-16,2436.239990234375,2453.77001953125,2422.52001953125,2442.429931640625,-0.00810614697839751,-0.008139180424910783,0.010871352402163002,33.67783900669643,29.013212444948152,-31.4161309022802,-29.64487270343605,788356048,8393099868062,0.35250991420676914,-210561334134,30844524784,-3895866712,7677329,4373.6298828125,31659.029296875,16652.240234375,1352.0699462890625,106.23999786376953,17.209999084472656,28424.722,20732.9,4.71,4.87,307.696,3.9,563912300000000.0,119.511811590829,4.191,3.973,-0.16000000000000014,0.21799994,1
2023-10-17,2460.169921875,2466.8701171875,2449.419921875,2454.139892578125,0.009822485361272948,0.009774558338038029,0.011115583205262682,34.75856236049107,34.26366148577267,-28.970009896004285,-29.5099001419497,509375162,7711249611593,-0.353876762546255,428197231319,-125328213663,6290701834,-3265771520,4373.2001953125,32040.2890625,16642.55078125,1347.760009765625,106.25,17.8799991607666,28424.722,20732.9,4.83,5.01,307.696,3.9,563912300000000.0,119.511811590829,4.224,3.991,-0.17999999999999972,0.23300004,1
2023-10-18,2462.60009765625,2465.330078125,2450.780029296875,2452.050048828125,0.0009878081020509022,0.000987320540679296,0.01112874643646321,32.599278041294646,40.444501067775455,-26.529530584935856,-28.91382623054693,911545886,8897570511380,0.7895373665667664,346054496522,-16998260843,12624213597,-33366749309,4314.60009765625,32042.25,16440.91015625,1352.989990234375,106.56999969482422,19.219999313354492,28424.722,20732.9,4.91,5.03,307.696,3.9,563912300000000.0,119.511811590829,4.287,4.031,-0.1200000000000001,0.25600004,0
2023-10-19,2415.800048828125,2433.449951171875,2412.550048828125,2431.919921875,-0.019004323467974538,-0.019187226631352736,0.011099637568861922,34.114990234375,35.297328441034665,-28.048480540217497,-28.740757092481047,756946720,9054474474683,-0.1696010791935053,-138060396256,-165687461602,-18619309272,-25972480849,4278.0,31430.619140625,16452.73046875,1354.56005859375,106.25,21.399999618530273,28424.722,20732.9,4.98,5.01,307.696,3.9,563912300000000.0,119.511811590829,4.362,4.07,-0.02999999999999936,0.29199982,0
2023-10-20,2375.0,2394.669921875,2364.010009765625,2391.5400390625,-0.016888835169912575,-0.017033077914426018,0.010990127015224224,36.175711495535715,32.366691312199976,-32.17360499243796,-29.427326672472432,521208061,9295958394523,-0.31143362243514316,210262201578,-33484841601,-23356612466,-15807856229,4224.16015625,31259.359375,16440.720703125,1356.22998046875,106.16000366210938,21.709999084472656,28424.722,20732.9,4.93,4.93,307.696,3.9,563912300000000.0,119.511811590829,4.327,4.033,0.0,0.29400015,0
2023-10-23,2357.02001953125,2375.7900390625,2354.699951171875,2370.070068359375,-0.007570518092105294,-0.007599319919445018,0.010933250617386323,35.24143763950893,33.82987142770911,-36.47318977168561,-30.83649929231507,395930159,7117567308934,-0.24036063786051076,-258377348505,137787308251,-12535026557,-29639933856,4217.0400390625,30999.55078125,16251.3603515625,1349.3399658203125,105.54000091552734,20.3700008392334,28424.722,20732.9,4.86,4.89,307.696,3.9,563912300000000.0,119.511811590829,4.374,4.055,-0.02999999999999936,0.31900024,1
2023-10-24,2383.510009765625,2384.139892578125,2326.669921875,2371.550048828125,0.011238763360034154,0.011176077694747311,0.011463597880811966,37.617152622767854,38.414764404296875,-37.31299982480141,-32.13179939881234,444165247,7949284788809,0.12182726398470689,-154286881163,-34645073508,24992630141,29204055296,4247.68017578125,31062.349609375,16309.759765625,1334.43994140625,106.2699966430664,18.969999313354492,28424.722,20732.9,4.83,4.91,307.696,3.9,563912300000000.0,119.511811590829,4.269,4.004,-0.08000000000000007,0.26499987,0
2023-10-25,2363.169921875,2389.89990234375,2362.68994140625,2389.22998046875,-0.008533670010735572,-0.008570290258234673,0.011479945360498667,35.11572265625,43.20679562269285,-39.16832240669646,-33.539104000389166,440806736,7832203371912,-0.00756139977786241,-345705352463,-59644597356,59667258939,-40605774771,4186.77001953125,31269.919921875,16358.8896484375,1343.6400146484375,106.52999877929688,20.190000534057617,28424.722,20732.9,4.95,4.98,307.696,3.9,563912300000000.0,119.511811590829,4.281,4.038,-0.03000000000000025,0.24300003,0
2023-10-26,2299.080078125,2330.550048828125,2299.080078125,2325.820068359375,-0.027120285831646607,-0.027494828108924854,0.012279776090448606,37.97141810825893,36.062509278334396,-45.28814019984293,-35.88891124027992,531072827,9251519468286,0.2047747541680034,-479956349898,176971543463,-42161800785,-1442681989,4137.22998046875,30601.779296875,16073.740234375,1352.6800537109375,106.5999984741211,20.68000030517578,28424.722,20732.9,4.86,4.89,307.696,3.9,563912300000000.0,119.511811590829,4.392,4.104,-0.02999999999999936,0.2880001,1
2023-10-27,2302.81005859375,2321.840087890625,2293.050048828125,2311.590087890625,0.0016223795352929837,0.0016210648993149818,0.012350846675262853,38.772147042410715,35.822905923918796,-49.26921677873406,-38.564972347970745,514875992,8009947757095,-0.03049833125805923,-380132598990,183019531733,8392948190,55811842429,4117.3701171875,30991.689453125,16134.6103515625,1350.3399658203125,106.55999755859375,21.270000457763672,28424.722,20732.9,4.84,4.84,307.696,3.9,563912300000000.0,119.511811590829,4.28,4.073,0.0,0.20700026,1
2023-10-30,2310.550048828125,2317.75,2292.340087890625,2292.340087890625,0.0033611066642211807,0.003355470770246741,0.012465911648863166,37.315708705357146,37.73424052218675,-51.209386196163905,-41.09385511760938,444842306,6954632697493,-0.13602049248394554,-66328418195,52459625770,1395609395,11140504061,4166.81982421875,30696.9609375,16149.6796875,1355.219970703125,106.12000274658203,19.75,28424.722,20732.9,4.88,4.87,307.696,3.9,563912300000000.0,119.511811590829,4.312,4.089,0.009999999999999787,0.22299957,0
2023-10-31,2277.989990234375,2322.449951171875,2273.969970703125,2318.389892578125,-0.014091907946449322,-0.014192141651529929,0.012505967665238097,36.4228515625,26.112546859506537,-54.74326279340994,-43.8237366527695,394982283,8233073267951,-0.11208471480228321,-327330060695,-32180808742,-5614830315,-27733226134,4193.7998046875,30858.849609375,16001.26953125,1348.0699462890625,106.66000366210938,18.139999389648438,28424.722,20732.9,4.88,4.9,307.696,3.9,563912300000000.0,119.511811590829,4.325,4.085,-0.020000000000000462,0.23999977,1
2023-11-01,2301.56005859375,2312.14990234375,2288.639892578125,2292.889892578125,0.010346870908308992,0.01029370843521793,0.012867902871205917,36.738560267857146,24.824897303656385,-55.007881309097684,-46.06056558403514,358157301,6739277694118,-0.09323198428117851,-127321127007,370087710828,36155663302,27148167996,4237.85986328125,31601.650390625,16038.5595703125,1350.1600341796875,106.87999725341797,16.8700008392334,28424.722,20746.5,4.77,4.76,308.148,3.7,563912300000000.0,118.84768138617,4.288,4.071,0.009999999999999787,0.21700001,1
2023-11-02,2343.1201171875,2351.909912109375,2333.409912109375,2334.9599609375,0.018057342643990504,0.01789624526883403,0.012716744883031962,38.40712193080357,34.80497247651019,-51.273000756256806,-47.103052618479474,377461502,7679304707201,0.05389866672018506,140098215614,232919149444,43251095939,-26207914278,4317.77978515625,31949.890625,16396.94921875,1347.8399658203125,106.12000274658203,15.65999984741211,28424.722,20746.5,4.67,4.78,308.148,3.7,563912300000000.0,118.84768138617,4.168,3.979,-0.11000000000000032,0.18900013,1
2023-11-03,2368.340087890625,2370.280029296875,2351.830078125,2365.590087890625,0.01076341350071175,0.010705900289876844,0.012998506614427517,37.944981166294646,41.0004426680197,-45.75065507322597,-46.83257310942878,578661884,8040958355185,0.5330355041081778,133973051936,64326363211,46721279590,46060022904,4358.33984375,31949.890625,16507.650390625,1333.6800537109375,105.0199966430664,14.90999984741211,28424.722,20746.5,4.57,4.62,308.148,3.7,563912300000000.0,118.84768138617,4.105,3.949,-0.04999999999999982,0.15600014,1
2023-11-06,2502.3701171875,2502.3701171875,2395.030029296875,2399.800048828125,0.05659239143152339,0.055049004729839375,0.018026737219508315,45.3306884765625,54.32964322248974,-30.21080178707507,-43.50821884495804,528584832,15225479879466,-0.08653939957794077,711542082199,317813942118,-40670034237,-26369617725,4365.97998046875,32708.48046875,16649.359375,1307.8399658203125,105.22000122070312,14.890000343322754,28424.722,20746.5,4.67,4.72,308.148,3.7,563912300000000.0,118.84768138617,4.056,3.877,-0.04999999999999982,0.17900014,0
2023-11-07,2443.9599609375,2476.35009765625,2418.739990234375,2476.35009765625,-0.02334193325312295,-0.023618671056525507,0.01889549630319819,50.264979771205354,48.28460888633259,-22.350920061036504,-39.276759088173726,457675546,12086569930572,-0.13414930150700954,411153564934,-273785493453,22198230036,-91882947671,4378.3798828125,32271.8203125,16684.94921875,1297.1099853515625,105.54000091552734,14.8100004196167,28424.722,20746.5,4.58,4.64,308.148,3.7,563912300000000.0,118.84768138617,4.055,3.887,-0.05999999999999961,0.16799974,0
2023-11-08,2421.6201171875,2468.429931640625,2418.139892578125,2460.219970703125,-0.00914083868273785,-0.009182872494251952,0.01848549418120765,50.28212193080357,50.560851400611035,-17.72027752569511,-34.965462775678006,467217484,7667332335588,0.02084869528947908,-13714797057,232626919138,-2639601913,-138541348838,4382.77978515625,32166.48046875,16740.830078125,1304.550048828125,105.58999633789062,14.449999809265137,28424.722,20746.5,4.49,4.65,308.148,3.7,563912300000000.0,118.84768138617,4.022,3.868,-0.16000000000000014,0.1539998,1
2023-11-09,2427.080078125,2437.89990234375,2413.0400390625,2425.929931640625,0.0022546727699972458,0.0022521348094784355,0.018260939959418965,48.35853794642857,55.38551414846165,-13.454788313239987,-30.663327883190405,395030998,7288448335831,-0.15450296376323114,283213236683,45294106275,20197957420,-66663851463,4347.35009765625,32646.4609375,16745.650390625,1308.1199951171875,105.91000366210938,15.289999961853027,28424.722,20746.5,4.62,4.77,308.148,3.7,563912300000000.0,118.84768138617,3.945,3.847,-0.14999999999999947,0.09800005,0
2023-11-10,2409.659912109375,2413.6201171875,2393.639892578125,2406.39990234375,-0.0071774170834456585,-0.007203298657699606,0.018210068567713004,49.240687779017854,55.44971325014344,-11.34919276269693,-26.800500859091713,312467956,5825602011829,-0.20900395770966818,50419710381,-74056490487,5027214236,-75164072675,4415.240234375,32568.109375,16682.669921875,1315.199951171875,105.86000061035156,14.170000076293945,28424.722,20746.5,4.61,4.8,308.148,3.7,563912300000000.0,118.84768138617,3.969,3.862,-0.1899999999999995,0.10700011,0
2023-11-13,2403.760009765625,2435.320068359375,2399.0400390625,2431.239990234375,-0.0024484377708658966,-0.002451440096297346,0.018136238905734032,47.727120535714285,52.189804146857114,-10.040821589406278,-23.448565005154627,307123090,5934172518663,-0.017105325193729648,13789995380,16204094102,-27512021026,37279199726,4411.5498046875,32585.109375,16839.2890625,1319.6199951171875,105.66000366210938,14.760000228881836,28424.722,20746.5,4.63,4.8,308.148,3.7,563912300000000.0,118.84768138617,4.005,3.877,-0.16999999999999993,0.12800002,1
2023-11-14,2433.25,2442.3701171875,2422.969970703125,2424.929931640625,0.012268275582657084,0.01219363018321479,0.018217453896929452,48.541416713169646,57.431294030173774,-6.548841288622498,-20.068620261848203,306963703,6382101015771,-0.0005189678184078783,-91051423175,568362717408,24327135840,35544981079,4495.7001953125,32695.9296875,16915.7109375,1319.0699462890625,104.11000061035156,14.15999984741211,28424.722,20746.5,4.44,4.56,308.148,3.7,563912300000000.0,118.84768138617,3.98,3.857,-0.11999999999999922,0.12299991,1
2023-11-15,2486.669921875,2487.419921875,2468.429931640625,2482.2099609375,0.02195414440563037,0.021716622287250475,0.018886915866425144,47.832850864955354,70.35258804370744,0.5230896526022661,-15.95027827895811,419843260,9328219011281,0.3677293305260916,554363163844,1096206965141,33571058162,-47933820931,4502.8798828125,33519.69921875,17128.779296875,1304.239990234375,104.38999938964844,14.180000305175781,28424.722,20746.5,4.53,4.68,308.148,3.7,563912300000000.0,118.84768138617,3.815,3.744,-0.14999999999999947,0.0710001,1
2023-11-16,2488.179931640625,2491.97998046875,2472.68994140625,2483.47998046875,0.000607241738174169,0.0006070574415145204,0.01831158837170299,47.15427943638393,70.20908158371168,6.178271771303116,-11.524568268905867,407440839,6806413707780,-0.029540598079388025,457124771783,-161164421687,186561962,60383627461,4508.240234375,33424.41015625,17171.1796875,1301.8599853515625,104.37000274658203,14.319999694824219,28424.722,20746.5,4.45,4.59,308.148,3.7,563912300000000.0,118.84768138617,3.799,3.701,-0.13999999999999968,0.09800005,0
2023-11-17,2469.85009765625,2481.10009765625,2463.590087890625,2477.429931640625,-0.007366763854689928,-0.0073940324630055974,0.017921489768007767,47.095703125,66.97498601662396,9.076353378126441,-7.404383939499406,388973752,8129523115949,-0.04532458514793114,-75238474139,-81675366334,-37321048424,-19315939507,4514.02001953125,33585.19921875,17208.94921875,1292.449951171875,103.81999969482422,13.800000190734863,28424.722,20746.5,4.44,4.64,308.148,3.7,563912300000000.0,118.84768138617,3.796,3.681,-0.1999999999999993,0.11500001,1
2023-11-20,2491.199951171875,2499.75,2464.0400390625,2464.719970703125,0.008644189999986063,0.008607042907128307,0.017832777592347207,46.183558872767854,73.275700316843,12.946618126848534,-3.3341835262298187,323806345,6586444840432,-0.1675367725069531,99964854525,354642393309,9466020611,39970751088,4547.3798828125,33388.03125,17210.470703125,1294.5,103.47000122070312,13.40999984741211,28424.722,20746.5,4.42,4.62,308.148,3.7,563912300000000.0,118.84768138617,3.755,3.667,-0.20000000000000018,0.08800006,1
2023-11-21,2510.419921875,2517.739990234375,2500.909912109375,2504.699951171875,0.007715145744958685,0.0076855362051221985,0.017763105766556982,45.6392822265625,73.01944365215613,17.364554061545732,0.8055639913252914,345054695,7713376763040,0.06562054860290023,352944596175,115083789166,6089359018,2598939340,4538.18994140625,33354.140625,17416.69921875,1288.1500244140625,103.58999633789062,13.350000381469727,28424.722,20746.5,4.41,4.6,308.148,3.7,563912300000000.0,118.84768138617,3.726,3.644,-0.1899999999999995,0.08200002,1
2023-11-22,2511.699951171875,2516.719970703125,2490.429931640625,2493.169921875,0.000509886527636727,0.0005097565796717957,0.017577819019727343,43.920724051339285,70.39043753170766,20.730123822536825,4.790475957567599,439485471,7755315532472,0.27366900774962644,142986688363,-93440363943,-21130474454,-14890996375,4556.6201171875,33451.828125,17310.259765625,1295.18994140625,103.91999816894531,12.850000381469727,28424.722,20746.5,4.42,4.62,308.148,3.7,563912300000000.0,118.84768138617,3.762,3.666,-0.20000000000000018,0.096000195,1
2023-11-23,2514.9599609375,2522.199951171875,2507.300048828125,2515.830078125,0.001297929620974081,0.0012970880384547908,0.01605808398321067,43.045009068080354,68.72924144942633,23.390783259630552,8.51053741798019,360873812,6577868002160,-0.17887203147154773,118534036045,-7730491623,-9415175381,-61286809145,4556.6201171875,33451.828125,17294.55078125,1298.7900390625,103.91999816894531,12.850000381469727,28424.722,20746.5,4.42,4.62,308.148,3.7,563912300000000.0,118.84768138617,3.712,3.644,-0.20000000000000018,0.06799984,0
2023-11-24,2496.6298828125,2521.56005859375,2496.6298828125,2517.8798828125,-0.007288417473718778,-0.007315107754033137,0.016265024703225158,35.252162388392854,48.95904539610465,23.746555409666144,11.557741016317381,359382702,6537960544304,-0.004131942940764022,-214753070468,104016378133,-14552541225,-36743353134,4559.33984375,33625.53125,17287.419921875,1300.1800537109375,103.4000015258789,12.460000038146973,28424.722,20746.5,4.47,4.67,308.148,3.7,563912300000000.0,118.84768138617,3.779,3.677,-0.20000000000000018,0.102,0
2023-11-27,2495.659912109375,2511.3701171875,2489.179931640625,2501.830078125,-0.00038851201365586174,-0.0003885875040014765,0.016294843884981324,30.863595145089285,61.842601219363516,23.677301677282685,13.981653148510443,364743731,8376475664368,0.014917326210096782,-106312974140,227072477853,-6079973448,-3053823423,4550.43017578125,33447.671875,17137.419921875,1289.7900390625,103.19999694824219,12.6899995803833,28424.722,20746.5,4.39,4.6,308.148,3.7,563912300000000.0,118.84768138617,3.767,3.689,-0.20999999999999996,0.07800007,1
2023-11-28,2521.760009765625,2522.449951171875,2502.260009765625,2506.139892578125,0.010458194856441727,0.010403886255069366,0.015781296255927477,29.185023716517858,72.54998763022623,25.435275327597992,16.272377584327955,443089715,8753423571555,0.21479734219201707,-94681286706,481503494233,38553770729,456656053,4554.89013671875,33408.390625,17341.25,1302.530029296875,102.75,12.6899995803833,28424.722,20746.5,4.34,4.49,308.148,3.7,563912300000000.0,118.84768138617,3.726,3.648,-0.15000000000000036,0.07800007,0
2023-11-29,2519.81005859375,2523.97998046875,2501.43994140625,2518.800048828125,-0.0007732500968862244,-0.0007735492089446169,0.01578300949132606,29.019321986607142,71.2167829667813,26.36719276267968,18.2913406199983,579271100,9428200342491,0.30734494706111604,79866148864,-243514726125,6570736938,51627599035,4550.580078125,33321.21875,17370.560546875,1287.530029296875,102.7699966430664,12.979999542236328,28424.722,20746.5,4.27,4.4,308.148,3.7,563912300000000.0,118.84768138617,3.641,3.554,-0.13000000000000078,0.08700013,1
2023-11-30,2535.2900390625,2535.2900390625,2507.800048828125,2512.110107421875,0.006143312435775039,0.0061245192210515964,0.01547479680003408,28.594308035714285,79.00188355759053,28.03171691288435,20.239415878575514,664284035,11992488473054,0.14675846076215437,125286003802,249428954882,-8125593408,1778071116,4567.7998046875,33486.890625,17433.849609375,1288.3599853515625,103.5,12.920000076293945,28424.722,20746.5,4.37,4.48,308.148,3.7,563912300000000.0,118.84768138617,3.699,3.583,-0.11000000000000032,0.11599994,0
2023-12-01,2505.010009765625,2520.489990234375,2504.06005859375,2520.489990234375,-0.011943418240254688,-0.012015313886478632,0.015782994310704148,28.233590262276785,71.00886311412627,26.60088059761938,21.511708822384286,516596238,8837749634076,-0.22232627794524673,-176685634680,-298975062863,-49335911087,-32095023693,4594.6298828125,33431.51171875,17438.349609375,1296.6600341796875,103.2699966430664,12.630000114440918,28424.722,20777.9,4.22,4.31,308.741,3.8,563912300000000.0,118.84768138617,3.699,3.587,-0.08999999999999986,0.11199999,1
2023-12-04,2514.949951171875,2525.6298828125,2510.52001953125,2522.219970703125,0.003968024625650157,0.003960172779959531,0.009932317357604045,26.948573521205358,68.44911708115797,25.969640854846602,22.40329522887675,498860818,8772366761173,-0.034331299176050156,257073620970,134669829553,14744581721,9682279634,4569.77978515625,33231.26953125,17421.48046875,1299.18994140625,103.63999938964844,13.079999923706055,28424.722,20777.9,4.28,4.4,308.741,3.8,563912300000000.0,118.84768138617,3.626,3.531,-0.1200000000000001,0.09500003,0
2023-12-05,2494.280029296875,2509.739990234375,2492.550048828125,2507.449951171875,-0.00821882036474264,-0.008252781074827105,0.00847635578161385,24.679286411830358,52.01678073373007,23.530246822989284,22.628685547699256,427066848,8300521654842,-0.1439158326521447,29410123845,-229485849079,5375995538,95674873924,4567.18017578125,32775.8203125,17328.009765625,1307.800048828125,104.05000305175781,12.850000381469727,28424.722,20777.9,4.18,4.33,308.741,3.8,563912300000000.0,118.84768138617,3.579,3.484,-0.15000000000000036,0.09500003,1
2023-12-06,2495.3798828125,2509.669921875,2495.3798828125,2503.570068359375,0.0004409502953583999,0.00044085310534650496,0.008132936091791049,24.400704520089285,51.91224090954479,21.438627314114,22.390673900982208,390989432,7685319935995,-0.0844772104623771,-145740273723,243898760883,-2897283516,-30786894530,4549.33984375,33445.8984375,17360.720703125,1313.3699951171875,104.1500015258789,12.970000267028809,28424.722,20777.9,4.12,4.33,308.741,3.8,563912300000000.0,118.84768138617,3.533,3.463,-0.20999999999999996,0.06999993,0
2023-12-07,2492.070068359375,2499.72998046875,2481.0,2493.139892578125,-0.0013263769880978993,-0.0013272574046507915,0.008154872339789168,23.982142857142858,56.41307855674201,19.291548456892542,21.770848812164274,446877270,8127635646232,0.14293951044692177,36060258561,-202986955797,-19525997049,30629380367,4585.58984375,32858.30859375,17278.740234375,1313.719970703125,103.54000091552734,13.0600004196167,28424.722,20777.9,4.14,4.31,308.741,3.8,563912300000000.0,118.84768138617,3.576,3.511,-0.16999999999999993,0.06500006,1
2023-12-08,2517.85009765625,2521.580078125,2507.139892578125,2510.239990234375,0.010344825221486165,0.010291683696039017,0.008130625341443244,23.539289202008927,57.499914117089325,19.446044014582185,21.305887852647857,431796634,7916793470777,-0.03374670633840915,203839352110,277014165519,33774736433,83565047318,4604.3701171875,32307.859375,17383.990234375,1312.760009765625,104.01000213623047,12.350000381469727,28424.722,20777.9,4.23,4.45,308.741,3.8,563912300000000.0,118.84768138617,3.534,3.461,-0.21999999999999975,0.072999954,1
2023-12-11,2525.360107421875,2528.889892578125,2512.449951171875,2524.7900390625,0.0029827072599022397,0.002978267814123816,0.008057600456874031,22.817853655133927,54.501148180784405,19.94456930160186,21.033624142438658,435003610,8260507908287,0.007427051874610013,5342310158,157320811611,-23683207663,27083471747,4622.43994140625,32791.80078125,17418.33984375,1316.510009765625,104.0999984741211,12.630000114440918,28424.722,20777.9,4.23,4.42,308.741,3.8,563912300000000.0,118.84768138617,3.566,3.48,-0.1899999999999995,0.085999966,1
2023-12-12,2535.27001953125,2543.06005859375,2529.739990234375,2535.110107421875,0.003924158016217261,0.00391647859177642,0.007737977165245951,22.204275948660715,56.75013529216815,20.898397551705784,21.006578824292085,378033628,7732529685587,-0.13096438900817398,74912663432,657593447208,-16138043973,-55948709324,4643.7001953125,32843.69921875,17450.630859375,1313.6199951171875,103.87000274658203,12.069999694824219,28424.722,20777.9,4.2,4.42,308.741,3.8,563912300000000.0,118.84768138617,3.527,3.446,-0.21999999999999975,0.08099985,0
2023-12-13,2510.659912109375,2531.22998046875,2509.889892578125,2531.22998046875,-0.009707095193917548,-0.00975451617197092,0.006652764016432257,22.952863420758927,48.902711168759325,19.444341058142527,20.694131271062172,377934427,7513616958089,-0.00026241316288400096,-130864026577,64103027249,-26289983091,57100772435,4707.08984375,32926.3515625,17468.9296875,1310.1400146484375,102.87000274658203,12.1899995803833,28424.722,20777.9,4.04,4.18,308.741,3.8,563912300000000.0,118.84768138617,3.525,3.465,-0.13999999999999968,0.06000018,1
2023-12-14,2544.179931640625,2549.64990234375,2532.159912109375,2547.739990234375,0.013351079279824818,0.01326273904387507,0.007241323508865278,23.957135881696427,61.26086539228734,20.75749674735198,20.706804366320135,530123485,12960670969677,0.4026864109947834,625199591344,322736997346,145556951118,159791041181,4719.5498046875,32686.25,17653.109375,1292.010009765625,101.95999908447266,12.479999542236328,28424.722,20777.9,3.92,4.09,308.741,3.8,563912300000000.0,118.84768138617,3.332,3.258,-0.16999999999999993,0.07400012,1
2023-12-15,2563.56005859375,2574.22998046875,2555.300048828125,2558.43994140625,0.007617435666441796,0.007588569501467739,0.007088325147052437,24.5185546875,64.79049558868107,23.095762793592712,21.18459605177465,465313553,12873295143562,-0.12225440644268004,856547128458,227748688975,56582565051,32437027401,4719.18994140625,32970.55078125,17673.869140625,1291.9200439453125,102.55000305175781,12.279999732971191,28424.722,20777.9,3.91,4.13,308.741,3.8,563912300000000.0,118.84768138617,3.358,3.281,-0.21999999999999975,0.07700014,1
2023-12-18,2566.860107421875,2573.1298828125,2556.050048828125,2568.77001953125,0.0012872914044133044,0.001286463555212645,0.006908417552680935,23.824968610491073,60.90745696180707,24.92778979852028,21.933234801123778,384828383,10181567999906,-0.17296975229088163,59377574402,-184339190353,17396007377,43159464303,4740.56005859375,32758.98046875,17652.029296875,1276.469970703125,102.51000213623047,12.5600004196167,28424.722,20777.9,3.95,4.15,308.741,3.8,563912300000000.0,118.84768138617,3.336,3.277,-0.20000000000000018,0.059000015,1
2023-12-19,2568.550048828125,2570.06005859375,2556.52001953125,2564.81005859375,0.000658369110713819,0.0006581524808472416,0.006754024455059106,23.182111467633927,61.8026086000324,26.21387135560235,22.789362112019493,392497373,8418110713633,0.019928337770241944,-92128963587,133439163151,-25045227011,20169403822,4768.3701171875,33219.390625,17576.55078125,1302.9300537109375,102.16999816894531,12.529999732971191,28424.722,20777.9,3.93,4.15,308.741,3.8,563912300000000.0,118.84768138617,3.328,3.296,-0.2200000000000002,0.032000065,1
2023-12-20,2614.300048828125,2615.3798828125,2584.85009765625,2586.989990234375,0.017811605431193644,0.01765483757486374,0.00769212904592467,24.563528878348215,66.68639730563345,30.572324184021454,24.345954526419888,570423377,11202542825393,0.4533176939250496,480437624933,1096667203226,33337206710,9714347547,4698.35009765625,33675.94140625,17635.19921875,1297.760009765625,102.41000366210938,13.670000076293945,28424.722,20777.9,3.86,4.06,308.741,3.8,563912300000000.0,118.84768138617,3.28,3.232,-0.19999999999999973,0.04799986,0
2023-12-21,2600.02001953125,2610.81005859375,2587.159912109375,2598.3701171875,-0.00546227633789631,-0.005477249117824247,0.007871846957870566,24.271397181919642,71.51984481154977,32.499516237488024,25.97666686863352,578334789,9467808991589,0.01386936847085063,13090104788,179404321003,-34617536391,-64993753419,4746.75,33140.46875,17543.740234375,1296.97998046875,101.83999633789062,13.649999618530273,28424.722,20777.9,3.89,4.06,308.741,3.8,563912300000000.0,118.84768138617,3.297,3.236,-0.16999999999999948,0.06099987,0
2023-12-22,2599.510009765625,2621.3701171875,2599.510009765625,2617.719970703125,-0.0001961560917969063,-0.00019617533291929753,0.007600789641197297,24.3599853515625,70.00760196218428,33.59837514437049,27.501008523780918,465967201,8848287882829,-0.19429505216916843,-37303203376,377386297887,-49297684267,13269625657,4754.6298828125,33169.05078125,17596.630859375,1291.7099609375,101.69999694824219,13.029999732971191,28424.722,20777.9,3.9,4.04,308.741,3.8,563912300000000.0,118.84768138617,3.301,3.234,-0.14000000000000012,0.06700015,1
2023-12-26,2602.590087890625,2612.139892578125,2594.64990234375,2609.43994140625,0.00118486873042567,0.0011841673274637862,0.007582683397280914,24.00927734375,77.95387124173617,34.32212125922888,28.86523107087051,440428129,9582765574870,-0.054808733200944704,82263319958,958563425351,-798990823,-28109502226,4774.75,33305.8515625,17751.73046875,1294.5799560546875,101.47000122070312,12.989999771118164,28424.722,20777.9,3.89,4.05,308.741,3.8,563912300000000.0,118.84768138617,3.271,3.221,-0.1599999999999997,0.049999952,1
2023-12-27,2613.5,2613.5,2590.080078125,2599.35009765625,0.004191944079145138,0.004183182358790467,0.007347990342513732,24.582850864955358,79.01643276958139,35.368329907695625,30.165850838235535,349733378,10359763878782,-0.20592406576283873,224943524117,-285766148894,-474021395,-13529290475,4781.580078125,33681.23828125,17891.5,1293.9200439453125,100.98999786376953,12.430000305175781,28424.722,20777.9,3.79,3.97,308.741,3.8,563912300000000.0,118.84768138617,3.26,3.22,-0.18000000000000016,0.03999996,1
2023-12-28,2655.280029296875,2655.280029296875,2611.719970703125,2616.27001953125,0.01598623657810405,0.01585980238943868,0.007958879354611616,26.356427873883927,83.71963755732523,39.11783098749629,31.956246868087685,460086621,9418929602384,0.3155353476155771,701651627032,785403465107,45360139712,29680611113,4783.35009765625,33539.62109375,17910.369140625,1294.760009765625,101.2300033569336,12.470000267028809,28424.722,20777.9,3.84,4.02,308.741,3.8,563912300000000.0,118.84768138617,3.183,3.154,-0.17999999999999972,0.029000044,1
2024-01-02,2669.81005859375,2675.800048828125,2641.8798828125,2645.469970703125,0.005472126908107056,0.005457209217909421,0.007944793257007528,26.671439034598215,82.92593901357816,42.76877769207658,34.118753032885465,409871688,9628190129018,-0.10914234561061054,228169008331,207003722486,-45651530761,-48757352917,4742.830078125,33464.171875,17853.759765625,1293.5400390625,102.19999694824219,13.199999809265137,28708.161,20843.9,3.95,4.09,309.698,3.7,563912300000000.0,118.84768138617,3.306,3.24,-0.13999999999999968,0.065999985,0
2024-01-03,2607.31005859375,2643.719970703125,2607.31005859375,2643.5400390625,-0.02340990506003271,-0.023688269798017216,0.009374031516065886,29.961443219866073,64.33943677254487,40.156057558148404,35.32621393793805,463131608,10121578328315,0.1299429103285612,-97306133000,-1026322831153,-82922074334,-23322437270,4704.81005859375,33464.171875,17559.310546875,1307.6199951171875,102.45999908447266,14.039999961853027,28708.161,20843.9,3.91,4.07,309.698,3.7,563912300000000.0,118.84768138617,3.338,3.278,-0.16000000000000014,0.059999943,0
2024-01-04,2587.02001953125,2602.639892578125,2580.090087890625,2592.43994140625,-0.007781981661760362,-0.007812419293947623,0.009611176244222825,30.641444614955358,58.737705593800236,36.03285709999227,35.4675425703489,770176172,8992273956601,0.6629747542517115,114904769078,-573620655840,-101652149900,-51803099856,4688.68017578125,33288.2890625,17549.650390625,1309.530029296875,102.41999816894531,14.130000114440918,28708.161,20843.9,3.99,4.14,309.698,3.7,563912300000000.0,118.84768138617,3.288,3.227,-0.14999999999999947,0.06100011,0
2024-01-05,2578.080078125,2592.2900390625,2572.60009765625,2586.889892578125,-0.003455690848449544,-0.003461675539542177,0.009415300734046018,30.235002790178573,62.019560136320315,31.678640821451154,34.709762220569345,522289892,8384472928787,-0.32185659464936034,-51007262023,-225719711532,-47365153570,-120251638647,4697.240234375,33377.421875,17519.140625,1311.25,102.41000366210938,13.350000381469727,28708.161,20843.9,4.05,4.17,309.698,3.7,563912300000000.0,118.84768138617,3.344,3.283,-0.1200000000000001,0.06100011,0
2024-01-08,2567.820068359375,2591.679931640625,2566.340087890625,2584.22998046875,-0.0039797094949381995,-0.003987649612011114,0.009497008406068902,29.259992327008927,54.59566850056764,27.0877453419007,33.18535884483562,320143990,6763632029996,-0.3870377449311234,170001896263,-252660239524,-60224900997,-69842222660,4763.5400390625,33377.421875,17572.66015625,1313.1300048828125,102.20999908447266,13.079999923706055,28708.161,20843.9,4.01,4.11,309.698,3.7,563912300000000.0,118.84768138617,3.344,3.297,-0.10000000000000053,0.04700017,0
2024-01-09,2561.239990234375,2599.3701171875,2556.0,2598.31005859375,-0.0025625152658005357,-0.002565804127751672,0.00951994999685704,30.21142578125,49.52535454811536,22.657291137502398,31.079745303368977,791214273,8896714487368,1.4714325357161946,65561520138,144537343691,-30452817222,-123929980993,4756.5,33763.1796875,17535.490234375,1311.800048828125,102.56999969482422,12.760000228881836,28708.161,20843.9,4.02,4.09,309.698,3.7,563912300000000.0,118.84768138617,3.323,3.255,-0.07000000000000028,0.06799984,0
2024-01-10,2541.97998046875,2568.18994140625,2539.820068359375,2563.969970703125,-0.007519798940771039,-0.007548215174699678,0.00947557780204734,31.017857142857142,45.221977898324795,17.391523775117548,28.342100997718696,570021066,8795834820834,-0.27956169971670874,-23772970820,17558623393,-40309700084,-88601071428,4783.4501953125,34441.71875,17465.630859375,1319.7900390625,102.36000061035156,12.6899995803833,28708.161,20843.9,4.04,4.1,309.698,3.7,563912300000000.0,118.84768138617,3.346,3.269,-0.05999999999999961,0.0769999,0
2024-01-11,2540.27001953125,2557.300048828125,2540.27001953125,2543.030029296875,-0.0006726885933950877,-0.000672914949884241,0.009460008783745994,31.267142159598215,44.56947240409669,12.931321421823213,25.2599450825396,788422596,13669889824902,0.38314641866235877,2296215818155,-424099929438,92631377706,-56890552755,4780.240234375,35049.859375,17545.3203125,1317.5,102.29000091552734,12.4399995803833,28708.161,20843.9,3.98,4.02,309.698,3.7,563912300000000.0,118.84768138617,3.307,3.227,-0.03999999999999959,0.07999992,0
2024-01-12,2525.050048828125,2543.830078125,2517.760009765625,2536.550048828125,-0.005991477514635801,-0.006009498433381109,0.009520160633239726,29.7843017578125,30.585172486313894,8.075366685268818,21.823029403085446,790177187,8368765827550,0.002225444842526958,-211917387709,-53291793982,-44027256870,-65731730497,4783.830078125,35577.109375,17512.830078125,1311.989990234375,102.4000015258789,12.699999809265137,28708.161,20843.9,3.96,3.92,309.698,3.7,563912300000000.0,118.84768138617,3.306,3.204,0.040000000000000036,0.102,1
2024-01-15,2525.989990234375,2536.06005859375,2515.840087890625,2525.68994140625,0.00037224664385804296,0.0003721773772650826,0.009250850840762189,29.290004185267858,32.90378597806783,4.25379785359155,18.309183093186668,802102006,8182706743844,0.015091322802261553,-49758040039,189454428492,-38977120453,-75262965119,4783.830078125,35901.7890625,17546.8203125,1312.8499755859375,102.4000015258789,12.699999809265137,28708.161,20843.9,3.96,3.92,309.698,3.7,563912300000000.0,118.84768138617,3.293,3.191,0.040000000000000036,0.102,0
2024-01-16,2497.590087890625,2524.35009765625,2491.1298828125,2516.27001953125,-0.011243077943121627,-0.011306759108719984,0.00906904113646023,30.218575613839285,29.14894382166139,-1.0543043850143476,14.436485597546467,659578602,8828509480164,-0.17768738007619445,-183870174147,-287720521078,-31179346966,-83150626229,4765.97998046875,35619.1796875,17346.869140625,1319.7099609375,103.36000061035156,13.84000015258789,28708.161,20843.9,4.07,4.02,309.698,3.7,563912300000000.0,118.84768138617,3.322,3.235,0.05000000000000071,0.08700013,0
2024-01-17,2435.89990234375,2503.909912109375,2435.340087890625,2501.22998046875,-0.0246998840386079,-0.0250100441059977,0.010303898323528682,33.867135184151785,22.494277387765493,-10.122213482989082,9.524745781439357,965595357,11281597951689,0.46395797873382194,-905570812638,89850072093,-26931353592,-81359132204,4739.2099609375,35477.75,17161.7890625,1337.7900390625,103.44999694824219,14.789999961853027,28708.161,20843.9,4.1,4.12,309.698,3.7,563912300000000.0,118.84768138617,3.369,3.277,-0.020000000000000462,0.09200001,1
2024-01-18,2440.0400390625,2453.969970703125,2429.1201171875,2439.9599609375,0.0016996333530645558,0.0016981906108210249,0.010312382973822287,33.969273158482146,20.723092137794623,-16.781080491211014,4.2635805269092835,571507487,8300177532644,-0.40812941688575244,-132614594405,-11955621903,11780753905,-38692383388,4780.93994140625,35466.171875,17227.7890625,1344.050048828125,103.54000091552734,14.130000114440918,28708.161,20843.9,4.14,4.13,309.698,3.7,563912300000000.0,118.84768138617,3.38,3.285,0.009999999999999787,0.09500003,1
2024-01-19,2472.739990234375,2479.0,2455.5,2468.429931640625,0.013401399423117244,0.013312394977524124,0.010890501744654316,33.640694754464285,18.216335886169787,-19.19836103959733,-0.4288077863920394,518806918,9174537029762,-0.09221326089119108,702835503195,-105263100052,-38034751727,-75358587043,4839.81005859375,35963.26953125,17681.51953125,1337.6600341796875,103.29000091552734,13.300000190734863,28708.161,20843.9,4.15,4.18,309.698,3.7,563912300000000.0,118.84768138617,3.422,3.307,-0.02999999999999936,0.11500001,0
2024-01-22,2464.35009765625,2490.68994140625,2464.35009765625,2489.570068359375,-0.0033929538128794068,-0.003398722933938177,0.009870526137805634,33.0992431640625,13.44389248847581,-21.542736249955396,-4.651593479104711,388045571,8419915774574,-0.25204241204817546,300054481529,-21916102074,20482718153,1845425801,4850.43017578125,36546.94921875,17815.099609375,1333.2099609375,103.33000183105469,13.1899995803833,28708.161,20843.9,4.11,4.14,309.698,3.7,563912300000000.0,118.84768138617,3.372,3.278,-0.02999999999999936,0.09399986,1
2024-01-23,2478.610107421875,2482.840087890625,2464.239990234375,2478.320068359375,0.005786519447535943,0.005769841849778291,0.01003813525116275,29.963535853794642,22.355886464869783,-21.996445550271346,-8.120563893338037,472284165,8029400288499,0.21708428157784598,141101944737,137826000283,9801457112,62362891350,4864.60009765625,36517.5703125,17874.58984375,1338.739990234375,103.62000274658203,12.550000190734863,28708.161,20843.9,4.14,4.16,309.698,3.7,563912300000000.0,118.84768138617,3.372,3.286,-0.020000000000000462,0.085999966,0
2024-01-24,2469.68994140625,2476.219970703125,2454.340087890625,2476.219970703125,-0.003598858081355627,-0.0036053495503641764,0.010027842529398362,29.752825055803573,23.503907835077015,-22.812824250622725,-11.059015964794975,395463694,7446526589060,-0.16265730823306346,72596902146,-35392768573,-30480446493,-6129803897,4868.5498046875,36226.48046875,17875.830078125,1336.780029296875,103.23999786376953,13.140000343322754,28708.161,20843.9,4.18,4.19,309.698,3.7,563912300000000.0,118.84768138617,3.4,3.3,-0.010000000000000675,0.10000014,1
2024-01-25,2470.340087890625,2474.010009765625,2452.360107421875,2467.72998046875,0.00026325024590123647,0.00026321560163519394,0.01001183889770433,29.892822265625,24.723205806577994,-23.14059845014299,-13.475332461864578,357233504,8124338284896,-0.0966718072481263,45736559913,122082416451,2018862992,35308436380,4894.16015625,36236.46875,18002.619140625,1329.8900146484375,103.56999969482422,13.449999809265137,28708.161,20843.9,4.14,4.12,309.698,3.7,563912300000000.0,118.84768138617,3.419,3.313,0.019999999999999574,0.10599995,1
2024-01-26,2478.56005859375,2502.610107421875,2453.449951171875,2458.050048828125,0.003327465211538483,0.003321941449197782,0.009982904212209789,31.594273158482142,28.85638774672242,-22.47796691561325,-15.275859352614315,292662412,7144493302087,-0.18075318041837418,378937746349,-107631918798,36249499311,37543912204,4890.97021484375,35751.0703125,17995.029296875,1336.030029296875,103.47000122070312,13.260000228881836,28708.161,20843.9,4.15,4.15,309.698,3.7,563912300000000.0,118.84768138617,3.386,3.263,0.0,0.12299991,1
2024-01-29,2500.64990234375,2516.919921875,2483.81005859375,2490.929931640625,0.008912369774300766,0.008872889011511278,0.009406670993601162,31.236397879464285,36.630022421838724,-19.94049921003443,-16.20878732409834,427439639,8958520572993,0.4605211379177727,546796241753,-5753762947,70986827780,88985971442,4927.93017578125,36026.94140625,18119.630859375,1336.760009765625,103.61000061035156,13.600000381469727,28708.161,20843.9,4.08,4.1,309.698,3.7,563912300000000.0,118.84768138617,3.436,3.304,-0.019999999999999574,0.13200021,0
2024-01-30,2498.81005859375,2528.5400390625,2498.81005859375,2523.679931640625,-0.0007357462347190591,-0.0007360170288119805,0.009213569757620346,31.333548409598215,39.6806573602876,-17.871980717514816,-16.541426002781634,481808939,8734431084623,0.12719760883009723,-13424075615,80957806616,21539683447,59507512094,4924.97021484375,36065.859375,18034.630859375,1333.2099609375,103.4000015258789,13.3100004196167,28708.161,20843.9,4.06,4.14,309.698,3.7,563912300000000.0,118.84768138617,3.35,3.268,-0.08000000000000007,0.08200002,0
2024-01-31,2497.090087890625,2502.449951171875,2486.969970703125,2487.89990234375,-0.000688315903487613,-0.0006885529016384145,0.007874139640068585,31.222830636160715,39.678758544866305,-16.184882915163143,-16.470117385257936,454574443,9000429911787,-0.056525510000967394,89167046947,27968112155,-280576421,8363215432,4845.64990234375,36286.7109375,17889.560546875,1326.6199951171875,103.2699966430664,14.350000381469727,28708.161,20843.9,3.99,4.05,309.698,3.7,563912300000000.0,118.84768138617,3.345,3.261,-0.05999999999999961,0.08400011,1
2024-02-01,2542.4599609375,2542.4599609375,2491.929931640625,2491.929931640625,0.01816909740937711,0.01800601180884211,0.00894253555244588,32.969970703125,53.63722144864556,-11.059390400576376,-15.387971988321624,751074606,13462481624148,0.652258761058417,1045216260522,64529536631,146513087376,-44509005586,4906.18994140625,36011.4609375,17968.109375,1333.9100341796875,103.05000305175781,13.880000114440918,28708.161,20927.4,3.87,3.96,310.967,3.9,563912300000000.0,118.84768138617,3.339,3.267,-0.08999999999999986,0.07200003,1
2024-02-02,2615.31005859375,2615.340087890625,2559.389892578125,2559.39990234375,0.028653390328863715,0.02825055883396285,0.011027086358040086,36.731410435267854,64.34906682334004,-1.1062543963357712,-12.531628469924454,596121129,14368149719486,-0.20630903476451712,1934414924457,410083967699,65644912089,132048261589,4958.60986328125,36158.01953125,18059.9296875,1328.949951171875,103.91999816894531,13.850000381469727,28708.161,20927.4,4.03,4.14,310.967,3.9,563912300000000.0,118.84768138617,3.287,3.248,-0.10999999999999943,0.039000034,0
2024-02-05,2591.31005859375,2612.77001953125,2562.5,2612.77001953125,-0.009176732189415726,-0.009219097780558395,0.011205165020173609,38.0135498046875,65.27179374562884,4.789863605805749,-9.067330054778415,511677820,12476233311073,-0.14165461496332898,179461153528,-968004647963,67433199407,123946876000,4942.81005859375,36354.16015625,18096.0703125,1337.72998046875,104.44999694824219,13.670000076293945,28708.161,20927.4,4.17,4.27,310.967,3.9,563912300000000.0,118.84768138617,3.374,3.312,-0.09999999999999964,0.062000036,0
2024-02-06,2576.199951171875,2599.179931640625,2563.8701171875,2584.199951171875,-0.0058310688725821125,-0.005848135933157336,0.011275558964607206,35.63783482142857,76.95382378462044,8.14937924213973,-5.623988195394786,411617635,10386506269960,-0.19555310214540866,337846675502,-36523993515,-58257628092,-53133920957,4954.22998046875,36160.66015625,18096.0703125,1333.3900146484375,104.18000030517578,13.0600004196167,28708.161,20927.4,4.09,4.14,310.967,3.9,563912300000000.0,118.84768138617,3.382,3.292,-0.04999999999999982,0.089999914,1
2024-02-07,2609.580078125,2625.239990234375,2588.090087890625,2592.590087890625,0.012957118075381135,0.01287389275689676,0.011451594115287428,37.36570521763393,79.28152660837651,13.351410118808417,-1.8289085325541459,518182343,11491680255121,0.2588924743226806,538978673981,622454091628,-25330361669,-4488688516,4995.06005859375,36119.921875,18096.0703125,1326.7900390625,104.04000091552734,12.829999923706055,28708.161,20927.4,4.09,4.16,310.967,3.9,563912300000000.0,118.84768138617,3.378,3.286,-0.07000000000000028,0.09200001,1
2024-02-08,2620.320068359375,2629.510009765625,2610.2099609375,2620.260009765625,0.004115600944536446,0.004107155024396756,0.011457860598285463,36.006417410714285,77.58093305251478,18.131673871432668,2.1632079482432167,430009355,12493447627224,-0.17015822555729188,411334368377,170359845697,19339886087,56020020407,4997.91015625,36863.28125,18096.0703125,1327.6199951171875,104.1500015258789,12.789999961853027,28708.161,20927.4,4.15,4.22,310.967,3.9,563912300000000.0,118.84768138617,3.4,3.305,-0.0699999999999994,0.09500003,1
2024-02-13,2649.639892578125,2656.8701171875,2640.9599609375,2644.169921875,0.011189405665662733,0.01112726736354529,0.01150336038857419,36.7357177734375,82.11595898010533,24.00916935465466,6.532400229525505,559385295,13294428567621,0.300867733447334,960754764596,775036364488,-110219709029,-90423236839,4953.169921875,37963.96875,18096.0703125,1328.5,104.95999908447266,15.850000381469727,28708.161,20927.4,4.31,4.44,310.967,3.9,563912300000000.0,118.84768138617,3.453,3.353,-0.13000000000000078,0.10000014,0
2024-02-14,2620.419921875,2627.31005859375,2601.989990234375,2609.60009765625,-0.01102790261611497,-0.011089160716078175,0.011889142856387952,38.810703822544646,73.36780252468321,26.00949813180523,10.42781980998145,543525036,10107666432067,-0.028353013820286432,107712265234,-470713672239,-37644681117,10495829718,5000.6201171875,37703.3203125,18096.0703125,1340.7900390625,104.72000122070312,14.380000114440918,28708.161,20927.4,4.27,4.38,310.967,3.9,563912300000000.0,118.84768138617,3.502,3.425,-0.11000000000000032,0.07700014,0
2024-02-15,2613.800048828125,2643.860107421875,2613.800048828125,2643.81005859375,-0.00252626420353963,-0.0025294605933709764,0.011535236500205949,39.224278041294646,73.92825031396264,26.752221709801688,13.692700189945498,621363093,10691023734593,0.14320969935964456,-9300908897,109423964906,-32521350908,-16150453454,5029.72998046875,38157.94140625,18644.5703125,1326.0,104.30000305175781,14.010000228881836,28708.161,20927.4,4.24,4.36,310.967,3.9,563912300000000.0,118.84768138617,3.477,3.405,-0.1200000000000001,0.07200003,1
2024-02-16,2648.760009765625,2648.760009765625,2625.010009765625,2635.6298828125,0.013375147403939414,0.013286489784156462,0.009818621169937283,40.174996512276785,76.59495181810242,29.818087816240222,16.917777715204444,593841761,10221803977167,-0.04429186784674388,564332004874,276995926045,14433252751,5759449020,5005.56982421875,38487.23828125,18607.25,1327.6600341796875,104.27999877929688,14.239999771118164,28708.161,20927.4,4.3,4.43,310.967,3.9,563912300000000.0,118.84768138617,3.482,3.405,-0.1299999999999999,0.07700014,1
2024-02-19,2680.260009765625,2683.389892578125,2653.1201171875,2653.1201171875,0.011892357134607678,0.011822198740180924,0.009943637565030276,39.137119838169646,78.1138829999013,34.39313291027338,20.41284875421823,422699048,9820891305363,-0.28819581955941287,615818658989,308694635234,39642375053,92021674096,5005.56982421875,38470.37890625,18635.80078125,1331.5799560546875,104.27999877929688,14.239999771118164,28708.161,20927.4,4.3,4.43,310.967,3.9,563912300000000.0,118.84768138617,3.467,3.397,-0.1299999999999999,0.06999993,0
2024-02-20,2657.7900390625,2673.840087890625,2643.929931640625,2671.550048828125,-0.008383504070968772,-0.008418843290824944,0.010137845444773226,38.992135184151785,71.87974208496729,35.79314911976235,23.488908827327055,612668186,9999238286778,0.4494193656192005,108100424187,-235238168186,-52939992009,4490071306,4975.509765625,38363.609375,18753.16015625,1333.3399658203125,104.08000183105469,15.420000076293945,28708.161,20927.4,4.27,4.38,310.967,3.9,563912300000000.0,118.84768138617,3.489,3.405,-0.11000000000000032,0.08400011,0
2024-02-21,2653.31005859375,2670.949951171875,2644.0400390625,2656.919921875,-0.0016856036040868716,-0.0016870258322752645,0.010082651963616997,38.790701729910715,71.35513192403789,36.124751421771634,26.016077346215972,562144348,9150151196628,-0.08246525469171329,-64775807045,82532801604,-23285416426,50767809671,4981.7998046875,38262.16015625,18676.310546875,1333.75,104.01000213623047,15.34000015258789,28708.161,20927.4,4.32,4.43,310.967,3.9,563912300000000.0,118.84768138617,3.474,3.402,-0.10999999999999943,0.07200003,1
2024-02-22,2664.27001953125,2671.68994140625,2653.989990234375,2671.68994140625,0.004130674778095367,0.0041221669616690205,0.010071523111214373,38.997837611607146,72.53221878037529,36.84717459446483,28.182296795865746,456396847,10278918996172,-0.18811449652785617,169401662585,120718578274,-15650718952,-48461557762,5087.02978515625,39098.6796875,18852.779296875,1332.8699951171875,103.95999908447266,14.539999961853027,28708.161,20927.4,4.33,4.49,310.967,3.9,563912300000000.0,118.84768138617,3.424,3.342,-0.16000000000000014,0.08200002,1
2024-02-23,2667.699951171875,2694.800048828125,2665.2099609375,2681.030029296875,0.0012873813898293118,0.0012865534249360865,0.0099456439884147,37.569266183035715,69.03113121379606,37.266877614551504,29.9992129596029,415376166,10282074497042,-0.0898794136498493,146513959251,88295019877,-11939678140,4438819180,5088.7998046875,39098.6796875,18889.189453125,1327.1700439453125,103.94000244140625,13.75,28708.161,20927.4,4.26,4.45,310.967,3.9,563912300000000.0,118.84768138617,3.468,3.374,-0.1900000000000004,0.09399986,0
2024-02-26,2647.080078125,2659.60009765625,2629.780029296875,2657.35009765625,-0.007729457369378134,-0.00775948445378019,0.010255158631606327,35.072108677455354,55.73860569477127,35.526120847466245,31.104594537175572,531661427,10950640820454,0.2799516932322015,119241482008,57616042097,-68806104315,-18713777280,5069.52978515625,39233.7109375,18948.05078125,1330.0,103.83000183105469,13.739999771118164,28708.161,20927.4,4.28,4.48,310.967,3.9,563912300000000.0,118.84768138617,3.402,3.34,-0.20000000000000018,0.062000036,0
2024-02-27,2625.050048828125,2654.760009765625,2619.3798828125,2654.760009765625,-0.008322388687417193,-0.008357213113689064,0.010590187630357717,33.827113560267854,56.138123887956674,32.0000427430482,31.2836841783501,574301706,12634501574691,0.0802019421281055,35893174343,96777588677,-39228185895,38556958308,5078.18017578125,39239.51953125,18854.41015625,1331.719970703125,103.83000183105469,13.430000305175781,28708.161,20927.4,4.31,4.5,310.967,3.9,563912300000000.0,118.84768138617,3.43,3.364,-0.1900000000000004,0.065999985,1
2024-02-28,2652.2900390625,2657.320068359375,2623.14990234375,2629.110107421875,0.010376941287856711,0.01032347042383651,0.010638313388508864,33.74571010044643,63.25752258540938,31.045763759787405,31.236100094637564,421552569,10266442750037,-0.2659736779538663,477877464276,76639185114,4945486310,-1281253923,5069.759765625,39208.03125,18854.41015625,1331.7900390625,103.9800033569336,13.84000015258789,28708.161,20927.4,4.27,4.44,310.967,3.9,563912300000000.0,118.84768138617,3.442,3.359,-0.17000000000000082,0.082999945,0
2024-02-29,2642.360107421875,2647.56005859375,2628.6201171875,2643.47998046875,-0.0037439086579440506,-0.003750934625833744,0.010714288252657486,31.933558872767858,56.219664157498556,29.152180109150777,30.81931609754021,496064469,12975398337140,0.1767558911496041,179490233297,-445242401174,-37925464817,16723307982,5096.27001953125,39166.19140625,18966.76953125,1333.3800048828125,104.16000366210938,13.399999618530273,28708.161,20927.4,4.25,4.43,310.967,3.9,563912300000000.0,118.84768138617,3.475,3.385,-0.17999999999999972,0.089999914,1
2024-03-04,2674.27001953125,2682.800048828125,2662.320068359375,2664.52001953125,0.012076291955720242,0.012003955331817457,0.010871962257252158,33.3985595703125,59.4752364103193,29.881904652457706,30.63183380852371,404014324,12680157695305,-0.18556085096270014,770225637938,-43513838625,11319634698,73931939075,5130.9501953125,40109.23046875,19305.310546875,1330.9000244140625,103.83000183105469,13.489999771118164,28708.161,20973.9,4.22,4.39,312.345,3.9,563912300000000.0,118.84768138617,3.434,3.36,-0.16999999999999993,0.07400012,0
2024-03-05,2649.39990234375,2684.830078125,2649.35009765625,2660.800048828125,-0.009299777885502847,-0.009343290803624628,0.010659696777773474,33.32212611607143,49.95718122664678,28.129150662570282,30.131297179333025,457237152,12207053152140,0.13173500254411774,85533627777,-407198329961,-72997670191,34085214971,5078.64990234375,40097.62890625,19386.919921875,1328.93994140625,103.80000305175781,14.460000038146973,28708.161,20973.9,4.13,4.32,312.345,3.9,563912300000000.0,118.84768138617,3.409,3.349,-0.1900000000000004,0.059999943,0
2024-03-06,2641.489990234375,2649.780029296875,2630.159912109375,2638.840087890625,-0.0029855485773883084,-0.002990014218015183,0.00873503378723082,31.319998604910715,54.068689154468096,25.804360095813536,29.26590976262913,378993989,10533005950271,-0.1711216218055701,-377379623759,-132125741387,-51006404764,-24711028395,5104.759765625,40090.78125,19499.44921875,1333.4300537109375,103.37000274658203,14.5,28708.161,20973.9,4.11,4.32,312.345,3.9,563912300000000.0,118.84768138617,3.381,3.325,-0.20999999999999996,0.055999994,1
2024-03-07,2647.6201171875,2660.260009765625,2633.570068359375,2653.97998046875,0.002320708000328686,0.0023180193164805633,0.008435358395581877,31.079275948660715,56.54312567248805,24.17788917970529,28.248305646044365,462910823,10871921043030,0.22141996030443645,-324588467680,41853533217,-26515067376,-14115908194,5157.35986328125,39598.7109375,19693.51953125,1327.0899658203125,102.81999969482422,14.4399995803833,28708.161,20973.9,4.09,4.28,312.345,3.9,563912300000000.0,118.84768138617,3.399,3.321,-0.1900000000000004,0.07799983,1
2024-03-08,2680.35009765625,2688.0,2668.3798828125,2676.7900390625,0.01236203798886315,0.012286251938055253,0.00862454897025503,31.466413225446427,56.16488872583818,25.238995716675163,27.646443660170526,454259855,11479440624975,-0.018688195587943768,182117355683,672494732816,-13318613139,-15234742937,5123.68994140625,39688.94140625,19785.3203125,1321.1800537109375,102.73999786376953,14.739999771118164,28708.161,20973.9,4.09,4.25,312.345,3.9,563912300000000.0,118.84768138617,3.334,3.271,-0.16000000000000014,0.0630002,0
2024-03-11,2659.840087890625,2677.2099609375,2658.739990234375,2665.580078125,-0.007651989112750335,-0.007681415792646465,0.00848180665203109,30.536429268973215,45.83640309830549,24.146596974118438,26.94647432296011,391384816,8856058910332,-0.13841205272255463,-106181568240,-38700956515,-54255192239,27596986702,5117.93994140625,38820.48828125,19726.080078125,1315.97998046875,102.87000274658203,15.220000267028809,28708.161,20973.9,4.1,4.26,312.345,3.9,563912300000000.0,118.84768138617,3.342,3.275,-0.16000000000000014,0.06699991,1
2024-03-12,2681.81005859375,2686.139892578125,2659.719970703125,2673.469970703125,0.008259884044588661,0.008225957891738689,0.008611412137762958,29.828560965401785,54.90765903277426,24.76814437465373,26.510808333298836,403969278,9731030845026,0.03215367966651006,-372260034957,475106035607,-48028409585,-23520120205,5175.27001953125,38797.51171875,19914.55078125,1310.5400390625,102.95999908447266,13.84000015258789,28708.161,20973.9,4.16,4.33,312.345,3.9,563912300000000.0,118.84768138617,3.335,3.273,-0.16999999999999993,0.062000036,1
2024-03-13,2693.570068359375,2701.449951171875,2679.5400390625,2694.7099609375,0.00438510166965056,0.004375515126417861,0.008327768151985935,29.471418108258927,57.98810491469118,25.910974092847482,26.390841485208565,498759769,10957571435594,0.23464777190309016,334780333474,40228954152,-176396213000,48287264219,5165.31005859375,38695.96875,19928.509765625,1311.1500244140625,102.79000091552734,13.75,28708.161,20973.9,4.19,4.37,312.345,3.9,563912300000000.0,118.84768138617,3.331,3.251,-0.17999999999999972,0.08000016,1
2024-03-14,2718.760009765625,2718.760009765625,2696.31005859375,2698.3701171875,0.00935187901816592,0.00930842093065971,0.008036153929889961,29.957850864955358,60.23364087458974,28.520525760958208,26.816778340358493,609288045,14142602900461,0.22160623785195477,472611203728,-186256274148,-37065139151,136617262166,5150.47998046875,38807.37890625,19937.919921875,1313.6500244140625,103.36000061035156,14.399999618530273,28708.161,20973.9,4.29,4.46,312.345,3.9,563912300000000.0,118.84768138617,3.354,3.273,-0.16999999999999993,0.08100009,0
2024-03-15,2666.840087890625,2705.590087890625,2666.840087890625,2701.909912109375,-0.01909691244850842,-0.019281613744793702,0.009290865617071655,31.485700334821427,49.8633922171575,26.098265912487022,26.6730758547842,584947718,13235768120641,-0.03994880122750477,-1035477088374,14606140982,-106124077599,75833319845,5117.08984375,38707.640625,19682.5,1321.9200439453125,103.43000030517578,14.40999984741211,28708.161,20973.9,4.31,4.51,312.345,3.9,563912300000000.0,118.84768138617,3.41,3.308,-0.20000000000000018,0.102,1
2024-03-18,2685.840087890625,2688.070068359375,2665.280029296875,2678.52001953125,0.007124536670298998,0.007099277063285443,0.008957407788356119,30.404994419642858,56.18972020114515,25.418737359838815,26.422208155795126,408182483,9523805666900,-0.3021898018584971,-86899513299,306873060469,-899914637,1395248889,5149.419921875,39740.44140625,19879.849609375,1329.3399658203125,103.58000183105469,14.329999923706055,28708.161,20973.9,4.34,4.52,312.345,3.9,563912300000000.0,118.84768138617,3.435,3.348,-0.17999999999999972,0.08699989,0
2024-03-19,2656.169921875,2673.570068359375,2645.139892578125,2673.570068359375,-0.011046884790124278,-0.011108354742110128,0.008925677102559385,30.784999302455358,54.85126176878267,22.22982012378452,25.583730549393007,695865617,10702804612977,0.7047904944024754,-241440907481,-538775798395,-35396996074,18301934161,5178.509765625,40003.6015625,19857.19921875,1336.0899658203125,103.80999755859375,13.819999694824219,28708.161,20973.9,4.3,4.47,312.345,3.9,563912300000000.0,118.84768138617,3.472,3.383,-0.16999999999999993,0.08899999,1
2024-03-20,2690.139892578125,2692.52001953125,2674.090087890625,2680.699951171875,0.012789080406100384,0.0127079907600996,0.009179668759228456,30.940708705357142,55.77913349342475,22.18790462315019,24.904565364144442,720451805,12739395278981,0.03533180458893104,853830013360,555424568367,23926904692,10218348100,5224.6201171875,40003.6015625,19784.44921875,1337.02001953125,103.41000366210938,13.039999961853027,28708.161,20973.9,4.27,4.41,312.345,3.9,563912300000000.0,118.84768138617,3.451,3.371,-0.14000000000000057,0.07999992,1
2024-03-21,2754.860107421875,2755.449951171875,2724.25,2731.179931640625,0.024058308276944107,0.02377346667290354,0.010513593169892076,33.915004185267854,64.71510559237879,27.065077370893505,25.336667765494255,825226939,14013557214292,0.14542976125932539,1878339613411,1096862478120,10202996486,-15368975587,5241.52978515625,40815.66015625,20199.08984375,1330.1099853515625,104.0,12.920000076293945,28708.161,20973.9,4.27,4.42,312.345,3.9,563912300000000.0,118.84768138617,3.411,3.306,-0.15000000000000036,0.10500002,0
2024-03-22,2748.56005859375,2763.06005859375,2738.179931640625,2751.14990234375,-0.0022868852074020563,-0.002289504122912581,0.01053928165071621,32.8035888671875,60.41496673146956,30.075222182741072,26.284378648943623,509545275,11532687277699,-0.38253921325270746,666788249828,-26332545579,-72132530851,-17959564694,5234.18017578125,40888.4296875,20228.4296875,1334.6800537109375,104.43000030517578,13.0600004196167,28708.161,20973.9,4.22,4.36,312.345,3.9,563912300000000.0,118.84768138617,3.362,3.284,-0.14000000000000057,0.07800007,0
2024-03-25,2737.570068359375,2763.6298828125,2731.699951171875,2756.590087890625,-0.003998453735807317,-0.004006468924654866,0.010612640602758617,32.550013950892854,62.8614082609027,31.214165795176086,27.270336078190116,489620187,9979717463873,-0.03910366551824074,-43286028618,-141536486321,-79833518248,10313948958,5218.18994140625,40414.12109375,20192.25,1343.5999755859375,104.2300033569336,13.1899995803833,28708.161,20973.9,4.25,4.39,312.345,3.9,563912300000000.0,118.84768138617,3.37,3.29,-0.13999999999999968,0.07999992,1
2024-03-26,2757.090087890625,2779.39990234375,2752.27001953125,2756.419921875,0.007130418233622926,0.00710511700257379,0.01046480053360724,34.136422293526785,66.31017221685627,33.307936100343795,28.477856082620853,448300913,12188273305400,-0.08439046243818371,623038803749,709984907492,-45568972334,-83112767384,5203.580078125,40398.03125,20126.490234375,1339.1300048828125,104.29000091552734,13.239999771118164,28708.161,20973.9,4.24,4.38,312.345,3.9,563912300000000.0,118.84768138617,3.397,3.301,-0.13999999999999968,0.095999956,0
2024-03-27,2755.110107421875,2762.030029296875,2745.0,2745.0,-0.0007181413757374466,-0.0007183993627767258,0.01020160013741392,33.44642857142857,65.34561877894214,34.41082965132546,29.664450796361777,510644016,12461944297042,0.139065304558057,292897572586,172526141112,-68364828056,85111846153,5248.490234375,40762.73046875,20200.119140625,1343.06005859375,104.3499984741211,12.779999732971191,28708.161,20973.9,4.2,4.36,312.345,3.9,563912300000000.0,118.84768138617,3.373,3.288,-0.16000000000000014,0.0849998,0
2024-03-28,2745.820068359375,2756.860107421875,2742.679931640625,2753.219970703125,-0.003371930231562792,-0.003377628000230554,0.010102328025622182,31.575020926339285,60.017123223708346,34.14168809623925,30.559898256337274,419277948,11925008942773,-0.17892321291786173,73487346552,-189842652476,-34140067486,-671097806,5254.35009765625,40168.0703125,20146.55078125,1349.800048828125,104.55000305175781,13.010000228881836,28708.161,20973.9,4.2,4.4,312.345,3.9,563912300000000.0,118.84768138617,3.377,3.293,-0.20000000000000018,0.08400011,1
2024-03-29,2746.6298828125,2757.550048828125,2739.1201171875,2757.27001953125,0.00029492626354388207,0.0002948827813425701,0.01002696702606227,31.347865513392858,64.13099906903973,33.606343722033216,31.169187349476463,495495575,11190102648960,0.1817830567134906,782349262630,-117410797384,-82278583086,-77790551674,5254.35009765625,40369.44140625,20294.44921875,1349.800048828125,104.55000305175781,13.010000228881836,28708.161,20973.9,4.2,4.4,312.345,3.9,563912300000000.0,118.84768138617,3.413,3.322,-0.20000000000000018,0.09100008,1
2024-04-01,2747.860107421875,2769.8701171875,2747.39990234375,2766.239990234375,0.00044790330764010733,0.0004478030288959466,0.009745213264048844,31.120744977678573,61.5330836369279,32.90207366866525,31.51576461331422,397600506,10066834746484,-0.1975700166444473,270726587745,127609421735,-43473379591,-4839075428,5243.77001953125,39803.08984375,20222.330078125,1345.31005859375,105.0199966430664,13.649999618530273,29147.044,20959.7,4.33,4.51,313.023,3.9,563912300000000.0,118.84768138617,3.381,3.291,-0.17999999999999972,0.09000015,1
2024-04-02,2753.159912109375,2760.330078125,2737.18994140625,2744.14990234375,0.0019287025104317568,0.0019268449518133743,0.009414114194167652,31.2086181640625,60.64522037978769,32.39811917265206,31.69223552518179,630392908,13116888253006,0.5854932236932313,1006459481239,-253080099477,19967817486,-116722698136,5205.81005859375,39838.91015625,20466.5703125,1355.530029296875,104.81999969482422,14.609999656677246,29147.044,20959.7,4.36,4.51,313.023,3.9,563912300000000.0,118.84768138617,3.425,3.333,-0.14999999999999947,0.09200001,0
2024-04-03,2706.969970703125,2732.2900390625,2706.969970703125,2730.679931640625,-0.01677706449345362,-0.016919393595408005,0.010272654041375137,32.7086181640625,48.04080665603199,27.949406003223885,30.94366962079021,640806255,13257039663440,0.01651882003723304,531578062,-595525754823,-99269272338,56271725959,5211.490234375,39451.8515625,20337.599609375,1350.72998046875,104.25,14.329999923706055,29147.044,20959.7,4.36,4.48,313.023,3.9,563912300000000.0,118.84768138617,3.452,3.341,-0.1200000000000001,0.11099982,1
2024-04-04,2742.0,2746.389892578125,2727.10009765625,2738.239990234375,0.012940678942136907,0.012857663771141614,0.010596933307036312,31.815761021205358,63.232367517289696,26.939853509510613,30.142906398534294,477952756,11978193544511,-0.25413843533721436,586429000048,-33795731478,-4016363006,-43559657516,5147.2099609375,39773.140625,20337.599609375,1344.8399658203125,104.12000274658203,16.350000381469727,29147.044,20959.7,4.31,4.46,313.023,3.9,563912300000000.0,118.84768138617,3.457,3.338,-0.15000000000000036,0.11899996,0
2024-04-05,2714.2099609375,2730.469970703125,2705.31005859375,2713.9599609375,-0.010134952247447093,-0.010186660546751908,0.010612514817341644,32.80861118861607,54.84474292256366,23.625017487974674,28.83932861642237,621030559,11293864180906,0.29935553504790335,-113075128415,-383323957165,-62186516304,60407304303,5204.33984375,38992.078125,20337.599609375,1351.3599853515625,104.30000305175781,16.030000686645508,29147.044,20959.7,4.39,4.54,313.023,3.9,563912300000000.0,118.84768138617,3.433,3.329,-0.15000000000000036,0.10400009,1
2024-04-08,2717.64990234375,2725.580078125,2706.739990234375,2718.760009765625,0.0012673822054141137,0.0012665797545232404,0.010430844496918917,31.247174944196427,61.53210664663913,21.0331040506544,27.278083703268777,620652526,10560913230739,-0.0006087188376183716,206097245883,-204863192855,35816006554,51208702671,5202.39013671875,39347.0390625,20417.69921875,1350.27001953125,104.13999938964844,15.1899995803833,29147.044,20959.7,4.42,4.6,313.023,3.9,563912300000000.0,118.84768138617,3.488,3.383,-0.17999999999999972,0.10500002,0
2024-04-09,2705.159912109375,2741.22998046875,2703.9599609375,2733.22998046875,-0.004595879043729489,-0.004606472565981261,0.010362277513984022,31.312883649553573,53.064308540735254,17.766356648864985,25.37573829238802,470183666,10037704753832,-0.2424365545883559,303574082588,53173111089,16762606397,-3594160472,5209.91015625,39773.12890625,20796.19921875,1354.219970703125,104.1500015258789,14.979999542236328,29147.044,20959.7,4.36,4.52,313.023,3.9,563912300000000.0,118.84768138617,3.503,3.391,-0.15999999999999925,0.11199999,1
2024-04-11,2706.9599609375,2718.070068359375,2661.919921875,2665.39990234375,0.0006654130944596659,0.0006651918053268763,0.010321119473864913,30.658604213169642,36.85217127915221,15.148067204705058,23.33020407485143,561333352,12789892903761,0.1938597458636515,1065090769092,-1302702364100,104126540855,98875013081,5199.06005859375,39442.62890625,20753.220703125,1363.760009765625,105.27999877929688,14.90999984741211,29147.044,20959.7,4.56,4.77,313.023,3.9,563912300000000.0,118.84768138617,3.585,3.466,-0.20999999999999996,0.11899996,0
2024-04-12,2681.820068359375,2712.449951171875,2678.2099609375,2710.889892578125,-0.009287131298912232,-0.009330525584045322,0.010301427346620387,31.327165876116073,33.39799221421241,10.918611768379378,20.847885613557022,514575252,11903471260891,-0.08329827513972476,14607221018,-556272267872,-38180264801,38901923580,5123.41015625,39523.55078125,20736.5703125,1367.8399658203125,106.04000091552734,17.309999465942383,29147.044,20959.7,4.5,4.7,313.023,3.9,563912300000000.0,118.84768138617,3.538,3.403,-0.20000000000000018,0.13499999,0
2024-04-15,2670.429931640625,2673.260009765625,2641.159912109375,2661.360107421875,-0.004247166636245692,-0.0042562114674854195,0.009380467753397957,31.950753348214285,33.33163622786793,6.571892337644385,17.992686958374495,561950019,10506647345531,0.09206577039192698,-238067563594,-31416184970,-9752284617,52468571584,5061.81982421875,39232.80078125,20449.76953125,1379.6099853515625,106.20999908447266,19.229999542236328,29147.044,20959.7,4.63,4.78,313.023,3.9,563912300000000.0,118.84768138617,3.561,3.44,-0.15000000000000036,0.12100005,0
2024-04-16,2609.6298828125,2647.60009765625,2601.449951171875,2644.169921875,-0.022767887712661805,-0.023031078608252525,0.010539555548499328,33.890049525669646,19.618376748083776,-1.7586967791371535,14.042410210872166,570212078,12257738700180,0.01470248015064124,-270261774041,-79588663622,-91530079344,22980198501,5051.41015625,38471.19921875,19901.9609375,1387.6700439453125,106.26000213623047,18.399999618530273,29147.044,20959.7,4.67,4.83,313.023,3.9,563912300000000.0,118.84768138617,3.618,3.469,-0.16000000000000014,0.14899993,0
2024-04-17,2584.179931640625,2626.6298828125,2584.179931640625,2619.14990234375,-0.009752322097280164,-0.009800187443506917,0.010480283583727509,35.705758231026785,17.88836398660736,-10.295665020763408,9.174795164545053,414348111,9779317782734,-0.27334385400373784,-169244660806,-129364889953,-26296801166,-39210361102,5022.2099609375,37961.80078125,20213.330078125,1387.3399658203125,105.94999694824219,18.209999084472656,29147.044,20959.7,4.59,4.77,313.023,3.9,563912300000000.0,118.84768138617,3.632,3.475,-0.17999999999999972,0.15700006,1
2024-04-18,2634.699951171875,2642.030029296875,2593.260009765625,2595.4599609375,0.019549729843763686,0.01936108850262839,0.011041349982037435,38.825038364955354,31.924627569839586,-12.836756358339244,4.772484859968193,478786204,10571079673653,0.15551680166824755,574595483298,-81879476001,44505115327,18849862974,5011.1201171875,38079.69921875,20301.19921875,1379.5400390625,106.1500015258789,18.0,29147.044,20959.7,4.64,4.83,313.023,3.9,563912300000000.0,118.84768138617,3.562,3.427,-0.1900000000000004,0.13499999,0
2024-04-19,2591.860107421875,2609.89990234375,2553.550048828125,2600.68994140625,-0.016259856736606904,-0.01639349885508548,0.009882396244555692,43.30503627232143,27.852692492853805,-18.0987754962307,0.19823278872841454,809473426,14044807236711,0.6906782593927874,-348922412029,-630395611944,-7212402476,65608826735,4967.22998046875,37068.3515625,19527.119140625,1379.4000244140625,106.1500015258789,18.709999084472656,29147.044,20959.7,4.62,4.81,313.023,3.9,563912300000000.0,118.84768138617,3.583,3.468,-0.1899999999999995,0.11500001,1
2024-04-22,2629.43994140625,2629.43994140625,2604.3701171875,2615.719970703125,0.014499175274454101,0.014395067345456262,0.01062616278641216,44.329293387276785,34.651037833110024,-19.017364696723234,-3.6448867083619154,401892185,11021071197748,-0.503514047414819,-750441480764,631278289048,7751327836,147385476380,5010.60009765625,37438.609375,19411.220703125,1373.9300537109375,106.08000183105469,16.940000534057617,29147.044,20959.7,4.62,4.81,313.023,3.9,563912300000000.0,118.84768138617,3.65,3.512,-0.1899999999999995,0.13800001,0
2024-04-23,2623.02001953125,2641.780029296875,2619.719970703125,2632.14990234375,-0.002441554862655071,-0.002444540318154347,0.01061804250057,44.252144949776785,33.180829440277066,-20.032465505408254,-6.9224024677711835,430275765,9948338030037,0.0706248617399714,-25292878480,42341247741,17371773643,36406688137,5070.5498046875,37552.16015625,19599.279296875,1378.8399658203125,105.69000244140625,15.6899995803833,29147.044,20959.7,4.61,4.76,313.023,3.9,563912300000000.0,118.84768138617,3.625,3.489,-0.14999999999999947,0.13599992,1
2024-04-24,2675.75,2677.85009765625,2662.840087890625,2662.840087890625,0.020102774693337322,0.01990338172355381,0.011549188173548348,44.869297572544646,46.03223065977349,-16.393101993276105,-8.816542372872167,325739636,10227694656817,-0.24295146857736694,492409326963,222341751341,41659091754,56511371856,5071.6298828125,38460.078125,20131.740234375,1370.47998046875,105.86000061035156,15.970000267028809,29147.044,20959.7,4.65,4.78,313.023,3.9,563912300000000.0,118.84768138617,3.645,3.509,-0.1299999999999999,0.13599992,0
2024-04-25,2628.6201171875,2656.510009765625,2628.6201171875,2646.800048828125,-0.017613709357189533,-0.017770676651196353,0.012104736213652106,45.420009068080354,36.02041651816246,-17.114581608491335,-10.476150219996,334062359,8987958983331,0.02555023116683297,-289241084594,-408177723698,-54408070716,43689175152,5048.419921875,37628.48046875,19857.419921875,1376.969970703125,105.5999984741211,15.369999885559082,29147.044,20959.7,4.7,4.85,313.023,3.9,563912300000000.0,118.84768138617,3.707,3.543,-0.14999999999999947,0.16400003,1
2024-04-26,2656.330078125,2662.10009765625,2641.35009765625,2650.93994140625,0.010541637704252427,0.010486462063848519,0.01243525118087609,45.190726143973215,42.862080593491825,-15.274324233848347,-11.43578502276647,450520678,10148866094724,0.3486125145874337,473101745658,21394724435,-31278545362,68613364520,5099.9599609375,37934.76171875,20120.509765625,1371.699951171875,105.94000244140625,15.029999732971191,29147.044,20959.7,4.67,4.84,313.023,3.9,563912300000000.0,118.84768138617,3.694,3.531,-0.16999999999999993,0.1630001,1
2024-04-29,2687.43994140625,2687.43994140625,2665.2099609375,2675.4599609375,0.011711595459254598,0.011643545525353823,0.012783053199109311,46.067138671875,46.51243280782135,-11.176762277047146,-11.383980473622607,470546033,10491387518238,0.04444935821569551,345192338843,253652931479,24783141696,81079168766,5116.169921875,37934.76171875,20495.51953125,1377.0899658203125,105.58000183105469,14.670000076293945,29147.044,20959.7,4.63,4.8,313.023,3.9,563912300000000.0,118.84768138617,3.704,3.552,-0.16999999999999993,0.15199995,1
2024-04-30,2692.06005859375,2710.22998046875,2687.2900390625,2693.219970703125,0.0017191517906378628,0.0017176757406587434,0.012794238593108874,45.04356166294643,48.45970876935734,-7.470494845484609,-10.601283347995007,460083516,11347130197832,-0.02223484264290887,238400241471,173358046832,59908474116,11678673739,5035.68994140625,38405.66015625,20396.599609375,1374.6400146484375,106.22000122070312,15.649999618530273,29147.044,20959.7,4.69,4.87,313.023,3.9,563912300000000.0,118.84768138617,3.656,3.529,-0.17999999999999972,0.12699986,0
2024-05-02,2683.64990234375,2692.469970703125,2678.840087890625,2679.0400390625,-0.0031240596669277476,-0.003128949728547719,0.01278277106344255,42.006399972098215,47.301137006064934,-5.15248587664837,-9.51152385372568,351087270,9059052787751,-0.23690534915839068,2674010328,-145513004804,19372105745,-2122962625,5064.2001953125,38236.0703125,20222.439453125,1375.0,105.30000305175781,14.680000305175781,29147.044,21020.6,4.58,4.71,313.175,3.9,563912300000000.0,118.84768138617,3.638,3.509,-0.1299999999999999,0.12899995,0
2024-05-03,2676.6298828125,2705.260009765625,2676.6298828125,2704.31005859375,-0.0026158477397215663,-0.002619275047602022,0.012250721013938062,41.60569545200893,49.372756525438774,-3.8376657539656662,-8.376752233773678,338612027,7850446650277,-0.03553316814933216,94476971612,57001136004,-13838084914,12629640424,5127.7900390625,38236.0703125,20330.3203125,1364.6400146484375,105.02999877929688,13.489999771118164,29147.044,21020.6,4.5,4.63,313.175,3.9,563912300000000.0,118.84768138617,3.614,3.5,-0.1299999999999999,0.11400008,1
2024-05-07,2734.360107421875,2734.360107421875,2716.6201171875,2718.169921875,0.021568250799290256,0.021338947335576303,0.012870850993159277,42.824986049107146,56.94787751944073,1.8414581372480825,-6.333110159569325,532203424,11153672379482,0.571720380741231,1115541775806,792709519219,-23927915909,-41010585708,5187.7001953125,38835.1015625,20653.529296875,1352.1700439453125,105.41000366210938,13.229999542236328,29147.044,21020.6,4.47,4.6,313.175,3.9,563912300000000.0,118.84768138617,3.536,3.448,-0.1299999999999999,0.08800006,1
2024-05-08,2745.050048828125,2745.050048828125,2727.929931640625,2732.110107421875,0.00390948557844828,0.003901863399112376,0.0126760867928914,39.12071010044643,66.51627714470327,7.12268775807388,-3.641950576040685,436315210,10293632989622,-0.18017211027939573,400078362230,90059882225,3997296237,-11754431659,5187.669921875,38202.37109375,20700.509765625,1357.72998046875,105.55000305175781,13.0,29147.044,21020.6,4.48,4.63,313.175,3.9,563912300000000.0,118.84768138617,3.53,3.439,-0.14999999999999947,0.09100008,0
2024-05-09,2712.139892578125,2749.139892578125,2710.25,2743.2900390625,-0.011988909369448297,-0.012061355962706332,0.01298385466761228,38.866420200892854,65.32748609155013,8.55392143241761,-1.202776174349026,423810541,11102793125978,-0.028659713696435163,-358695409642,84720280682,68042480247,-178895760745,5214.080078125,38073.98046875,20560.76953125,1361.93994140625,105.2300033569336,12.6899995803833,29147.044,21020.6,4.45,4.6,313.175,3.9,563912300000000.0,118.84768138617,3.556,3.453,-0.14999999999999947,0.102999926,1
2024-05-10,2727.6298828125,2743.580078125,2723.2099609375,2737.949951171875,0.005711353708842237,0.005695105764066458,0.013000057547457018,36.97999790736607,62.15120135813197,10.813446507282151,1.2004683619772094,586133434,11566879277171,0.383008154108182,148283671541,399905368913,-4277000835,30362348178,5222.68017578125,38229.109375,20708.83984375,1365.4000244140625,105.30999755859375,12.550000190734863,29147.044,21020.6,4.5,4.65,313.175,3.9,563912300000000.0,118.84768138617,3.538,3.44,-0.15000000000000036,0.09800005,0
2024-05-13,2727.2099609375,2738.3798828125,2713.919921875,2735.199951171875,-0.00015395119317540562,-0.00015396304487675034,0.013000513571973673,32.930716378348215,69.90614836300023,12.427001484657012,3.44577498651317,625277713,13054660270065,0.06678390402141776,20102584195,73704563018,-12863342247,-47682492630,5221.419921875,38179.4609375,20857.7109375,1370.1099853515625,105.22000122070312,13.600000381469727,29147.044,21020.6,4.48,4.66,313.175,3.9,563912300000000.0,118.84768138617,3.554,3.452,-0.17999999999999972,0.102,1
2024-05-14,2730.340087890625,2735.820068359375,2722.739990234375,2732.97998046875,0.0011477396305963339,0.0011470814810079538,0.012798464044514745,31.180733816964285,66.51284030586274,13.799261221201505,5.516472233450838,443295551,9491099959143,-0.29104213730387674,84516691286,113661803101,10175792200,-12775451031,5246.68017578125,38356.05859375,20985.849609375,1363.7900390625,105.01000213623047,13.420000076293945,29147.044,21020.6,4.45,4.62,313.175,3.9,563912300000000.0,118.84768138617,3.546,3.454,-0.16999999999999993,0.09200001,1
2024-05-16,2753.0,2773.4599609375,2748.219970703125,2770.27001953125,0.008299300226324968,0.008265050403427681,0.012839327643689315,32.685006277901785,70.19826546174683,16.524765271706656,7.718130841102001,521841311,13253185991139,0.1771859875940871,425686479323,680881393070,20138752277,-68611125297,5297.10009765625,38920.26171875,21304.259765625,1353.5999755859375,104.45999908447266,12.420000076293945,29147.044,21020.6,4.38,4.58,313.175,3.9,563912300000000.0,118.84768138617,3.458,3.375,-0.20000000000000018,0.082999945,0
2024-05-17,2724.6201171875,2752.169921875,2724.6201171875,2751.469970703125,-0.010308711519251723,-0.010362214299954525,0.011837628116130672,30.795706612723215,58.21594625477758,16.207893004048856,9.416083273691372,575936318,11008339216044,0.10366179499345929,-241485968936,-18961498104,-6162987108,-85629787897,5303.27001953125,38787.37890625,21258.470703125,1346.0400390625,104.44999694824219,11.989999771118164,29147.044,21020.6,4.42,4.6,313.175,3.9,563912300000000.0,118.84768138617,3.454,3.379,-0.17999999999999972,0.07500005,1
2024-05-20,2742.139892578125,2756.409912109375,2734.639892578125,2741.239990234375,0.006430171780684724,0.006409586423915953,0.011526772279063615,29.699986049107142,71.19487578276775,17.172514842554392,10.967369587463978,582071105,12502253995995,0.010651849533128477,-16080521471,464617447809,50160158193,-152220019292,5308.1298828125,39069.6796875,21271.630859375,1353.3900146484375,104.56999969482422,12.149999618530273,29147.044,21020.6,4.44,4.62,313.175,3.9,563912300000000.0,118.84768138617,3.497,3.412,-0.17999999999999972,0.08500004,0
2024-05-21,2724.179931640625,2734.47998046875,2719.739990234375,2733.030029296875,-0.006549615133097486,-0.006571157978712612,0.01103350021181606,28.908551897321427,63.1466461300336,16.299871081782385,12.03386988632766,560818982,10490361130914,-0.03651121455341788,-106647594020,29634389785,-68433902903,-222971668307,5321.41015625,38946.9296875,21236.75,1360.1600341796875,104.66000366210938,11.859999656677246,29147.044,21020.6,4.41,4.61,313.175,3.9,563912300000000.0,118.84768138617,3.491,3.411,-0.20000000000000018,0.07999992,0
2024-05-22,2723.4599609375,2733.070068359375,2707.8701171875,2723.4599609375,-0.00026428896812680236,-0.0002643238986107691,0.01020183554937508,28.486415318080358,57.91091865273417,15.37298875065153,12.701693659192433,484723878,12378510253371,-0.1356856783424638,294146319727,114018945972,-9654005532,-82718762426,5307.009765625,38617.1015625,21551.830078125,1363.4200439453125,104.94000244140625,12.289999961853027,29147.044,21020.6,4.43,4.64,313.175,3.9,563912300000000.0,118.84768138617,3.478,3.409,-0.20999999999999996,0.069000006,0
2024-05-23,2721.81005859375,2734.27001953125,2704.0,2719.030029296875,-0.000605811125338529,-0.0006059947030443429,0.009823884484625654,29.009992327008927,56.620234046483326,14.339991993703734,13.029353326094695,428079461,11449262184318,-0.1168591430521605,361785770316,-265533032179,-18517954611,-120026660392,5267.83984375,39103.21875,21607.4296875,1365.81005859375,105.11000061035156,12.770000457763672,29147.044,21020.6,4.47,4.71,313.175,3.9,563912300000000.0,118.84768138617,3.472,3.402,-0.2400000000000002,0.06999993,0
2024-05-24,2687.60009765625,2696.989990234375,2681.169921875,2693.64990234375,-0.012568827435069041,-0.012648483304349523,0.010305078302855871,30.939296177455358,50.78849441426269,10.638245605141037,12.551131781903964,501638731,12363444691766,0.17183555087684987,-313508413753,-750502624066,-56139454255,19663305533,5304.72021484375,38646.109375,21565.33984375,1367.6199951171875,104.72000122070312,11.930000305175781,29147.044,21020.6,4.46,4.71,313.175,3.9,563912300000000.0,118.84768138617,3.515,3.423,-0.25,0.09200001,1
2024-05-27,2722.989990234375,2725.080078125,2693.659912109375,2697.159912109375,0.013167841677408365,0.01308189927867883,0.009752069710472867,31.571428571428573,58.31244544562335,10.439908718850802,12.128887169293332,556709910,15847767781392,0.10978254986455571,-136693600243,376043691372,24060689470,-31889385495,5304.72021484375,38900.01953125,21803.76953125,1365.7099609375,104.72000122070312,11.930000305175781,29147.044,21020.6,4.46,4.71,313.175,3.9,563912300000000.0,118.84768138617,3.498,3.413,-0.25,0.0849998,0
2024-05-28,2722.85009765625,2730.1201171875,2714.340087890625,2715.52001953125,-5.1374620775979096e-05,-5.137594049700934e-05,0.008719159740122905,28.574986049107142,47.39909457928169,10.154383730837708,11.733986481602207,440956718,11586995502162,-0.207923713806352,44235878679,-15319724316,-9950412122,91413317565,5306.0400390625,38855.37109375,21858.41015625,1360.9300537109375,104.61000061035156,12.920000076293945,29147.044,21020.6,4.54,4.75,313.175,3.9,563912300000000.0,118.84768138617,3.481,3.394,-0.20999999999999996,0.08699989,0
2024-05-29,2677.300048828125,2721.6298828125,2677.070068359375,2719.56005859375,-0.0167288125289502,-0.016870319495516935,0.00939771592022723,30.622122628348215,36.77426303919719,6.181340215696764,10.623457228421119,438980914,13076460910800,-0.004480720940053806,-1027365764660,-227779199187,-28666562594,19495675617,5266.9501953125,38556.87109375,21662.5,1362.760009765625,105.0999984741211,14.279999732971191,29147.044,21020.6,4.61,4.79,313.175,3.9,563912300000000.0,118.84768138617,3.536,3.425,-0.17999999999999972,0.11100006,0
2024-05-30,2635.43994140625,2666.6298828125,2635.43994140625,2666.6298828125,-0.015635194658214502,-0.01575871349995402,0.009664891068358177,30.834280831473215,35.53264288312849,-0.3411536171784064,8.430535059301214,372741998,11132062547655,-0.15089247365319391,-784858278876,-346763215076,-35263388378,-11311011216,5235.47998046875,38054.12890625,21364.48046875,1370.550048828125,104.72000122070312,14.470000267028809,29147.044,21020.6,4.55,4.74,313.175,3.9,563912300000000.0,118.84768138617,3.564,3.44,-0.1900000000000004,0.123999834,1
2024-05-31,2636.52001953125,2664.47998046875,2635.77001953125,2657.8701171875,0.00040982839640180124,0.0004097444396823345,0.009650112238560321,30.662841796875,31.826690638933627,-5.361321714249243,5.672163704591123,613717789,16353906904146,0.6464948739154421,-1336890482643,1016862679550,1846432380,35726932921,5277.509765625,38487.8984375,21174.220703125,1375.6199951171875,104.66999816894531,12.920000076293945,29147.044,21020.6,4.51,4.69,313.175,3.9,563912300000000.0,118.84768138617,3.578,3.452,-0.1800000000000006,0.12600017,1
2024-06-03,2682.52001953125,2690.72998046875,2657.81005859375,2657.81005859375,0.017447240930936747,0.017296785325341922,0.010464168943418383,32.787841796875,42.45738142369037,-5.563888494412822,3.424953264790334,782329142,13995552060921,0.27473760093338284,189037408029,239275400050,14675655173,-87898380882,5283.39990234375,38923.03125,21536.759765625,1382.0999755859375,104.13999938964844,13.109999656677246,29147.044,21068.4,4.41,4.62,313.044,4.1,563912300000000.0,118.84768138617,3.532,3.434,-0.20999999999999996,0.09800005,0
2024-06-04,2662.10009765625,2679.469970703125,2659.429931640625,2668.72998046875,-0.007612216023114016,-0.007641336816145348,0.01058930614366531,33.502842494419646,39.11779340116504,-7.288128161271288,1.2823369795780095,773459815,12649033157359,-0.011337078633330555,-211346468561,-145614010159,-51292937456,-56759701617,5291.33984375,38837.4609375,21356.619140625,1370.7900390625,104.11000061035156,13.15999984741211,29147.044,21068.4,4.33,4.55,313.044,4.1,563912300000000.0,118.84768138617,3.47,3.39,-0.21999999999999975,0.07999992,1
2024-06-05,2689.5,2697.429931640625,2667.6298828125,2681.110107421875,0.010292589060746815,0.010239981039855607,0.009645944092985418,32.9464111328125,40.024484686332144,-6.370225398069124,-0.2481754959514173,881481171,13624987518166,0.13965994600508114,591569475086,-278081999524,23426254515,-28481749691,5354.02978515625,38490.171875,21484.880859375,1373.719970703125,104.2699966430664,12.630000114440918,29147.044,21068.4,4.29,4.5,313.044,4.1,563912300000000.0,118.84768138617,3.43,3.345,-0.20999999999999996,0.08500004,1
2024-06-07,2722.669921875,2729.6298828125,2705.22998046875,2718.25,0.012333118377021668,0.012257685057996768,0.010034671858903279,33.785696847098215,49.69817697076685,-2.9324419964368644,-0.7850287960485068,783870642,12465269602613,-0.11073467274322524,286091533818,250291257713,7850912166,-75792233751,5346.990234375,38683.9296875,21858.380859375,1365.25,104.88999938964844,12.220000267028809,29147.044,21068.4,4.43,4.65,313.044,4.1,563912300000000.0,118.84768138617,3.385,3.308,-0.22000000000000064,0.0769999,0
2024-06-10,2701.169921875,2718.889892578125,2689.18994140625,2698.7099609375,-0.007896660490227081,-0.00792800422996702,0.009822381945197828,33.906424386160715,43.73642780093984,-1.9207035251133675,-1.012163741861479,506891681,11327687402104,-0.35334779255580284,16955223849,-469019250768,2815508326,-42084005040,5360.7900390625,39038.16015625,21858.380859375,1379.050048828125,105.1500015258789,12.739999771118164,29147.044,21068.4,4.47,4.62,313.044,4.1,563912300000000.0,118.84768138617,3.433,3.353,-0.15000000000000036,0.08000016,1
2024-06-11,2705.320068359375,2718.8798828125,2702.169921875,2716.719970703125,0.0015364255505607716,0.0015352464563969915,0.009734572429584589,33.57142857142857,46.98954817892021,-0.7750767579423155,-0.9647463450776464,558892980,11776520079436,0.10258858243128288,-223954814991,-161349036409,6004198584,55170078788,5375.31982421875,39134.7890625,21792.119140625,1373.9599609375,105.2300033569336,12.850000381469727,29147.044,21068.4,4.39,4.57,313.044,4.1,563912300000000.0,118.84768138617,3.425,3.341,-0.1800000000000006,0.08399987,1
2024-06-12,2728.169921875,2730.300048828125,2707.43994140625,2709.64990234375,0.008446266222939869,0.00841079610315301,0.009932827624216647,33.555716378348215,50.70220445316719,1.9541071920330069,-0.38097563765551584,511008858,11839575564352,-0.08567672830673234,234248937013,75504916231,-31391354851,-39944640603,5421.02978515625,38876.7109375,22048.9609375,1377.3599853515625,104.6500015258789,12.039999961853027,29147.044,21068.4,4.31,4.48,313.044,4.1,563912300000000.0,118.84768138617,3.382,3.307,-0.17000000000000082,0.07500005,1
2024-06-13,2754.889892578125,2776.719970703125,2752.610107421875,2764.179931640625,0.00979410061260455,0.009746449291135368,0.010167641164171091,34.86143275669643,54.58881669185247,6.201595332096986,0.9355385562949845,700027275,19135858383663,0.3698926428394711,1544900451947,-365296485696,93869481202,145754851993,5433.740234375,38720.46875,22312.0390625,1370.4100341796875,105.19999694824219,11.9399995803833,29147.044,21068.4,4.24,4.42,313.044,4.1,563912300000000.0,118.84768138617,3.345,3.277,-0.17999999999999972,0.06800008,1
2024-06-14,2758.419921875,2769.159912109375,2750.860107421875,2759.219970703125,0.0012813685608217273,0.001280548308749438,0.010003628892781662,33.265694754464285,60.73809354584599,9.740323758027898,2.6964955966415673,644979251,16187046354733,-0.07863697025233762,731514243231,-387073670154,-30296646285,26248186801,5431.60009765625,38814.55859375,22504.720703125,1373.739990234375,105.55000305175781,12.65999984741211,29147.044,21068.4,4.2,4.41,313.044,4.1,563912300000000.0,118.84768138617,3.302,3.252,-0.20999999999999996,0.049999952,0
2024-06-17,2744.10009765625,2759.860107421875,2741.030029296875,2754.830078125,-0.005191314094416866,-0.005204835782618357,0.00978384753771901,31.933558872767858,53.419308711769204,11.259508783593901,4.409098234032035,593985068,12457645927392,-0.07906329222364394,-137445870011,69937951278,-38586060425,-104814523216,5473.22998046875,38102.44140625,22496.529296875,1382.280029296875,105.31999969482422,12.75,29147.044,21068.4,4.28,4.5,313.044,4.1,563912300000000.0,118.84768138617,3.283,3.212,-0.21999999999999975,0.0710001,1
2024-06-18,2763.919921875,2772.35009765625,2759.030029296875,2765.699951171875,0.007222704534604274,0.007196745724472453,0.009811025924004976,32.824271065848215,56.253596648926916,13.90250856998,6.307780301221628,561975111,13269477858739,-0.05389017119198025,649277308961,4851659863,-61083195488,-86674294484,5487.02978515625,38482.109375,22757.4296875,1379.06005859375,105.26000213623047,12.300000190734863,29147.044,21068.4,4.22,4.43,313.044,4.1,563912300000000.0,118.84768138617,3.279,3.214,-0.20999999999999996,0.06500006,1
2024-06-19,2797.330078125,2799.320068359375,2786.159912109375,2786.159912109375,0.012087961009859871,0.012015485082056512,0.009994952533612303,32.082850864955354,68.9782957622192,18.47999940182126,8.742224121341554,646706151,14069563614982,0.15077365232283402,275707341054,737353180003,-33536889816,-40867759683,5487.02978515625,38570.76171875,23209.5390625,1378.6099853515625,105.26000213623047,12.300000190734863,29147.044,21068.4,4.22,4.43,313.044,4.1,563912300000000.0,118.84768138617,3.231,3.162,-0.20999999999999996,0.069000006,1
2024-06-20,2807.6298828125,2812.6201171875,2796.3701171875,2802.10009765625,0.003682012633419385,0.0036752506183699196,0.010000802489878627,30.253557477678573,80.24384094078418,22.677391175037883,11.52925753208082,758165860,13576969980405,0.17234985136240022,496594265759,238199196419,-54302043687,-12058234062,5473.169921875,38633.01953125,23406.099609375,1381.1500244140625,105.58999633789062,13.279999732971191,29147.044,21068.4,4.25,4.45,313.044,4.1,563912300000000.0,118.84768138617,3.269,3.196,-0.20000000000000018,0.072999954,0
2024-06-21,2784.260009765625,2797.0,2777.330078125,2794.8701171875,-0.008323701492828017,-0.008358536937343859,0.010235116574211,30.343540736607142,74.06508365114271,23.84325079789187,13.99205618524303,631143373,14492984699807,-0.16753918067479323,-342445470613,130975705710,-20531474845,-55625807230,5464.6201171875,38596.46875,23253.390625,1391.8199462890625,105.80000305175781,13.199999809265137,29147.044,21068.4,4.25,4.45,313.044,4.1,563912300000000.0,118.84768138617,3.255,3.176,-0.20000000000000018,0.078999996,0
2024-06-24,2764.72998046875,2782.89990234375,2758.090087890625,2772.85009765625,-0.007014441621247536,-0.0070391584679451984,0.00990922550173962,28.340680803571427,64.65474321167324,22.927004566498,15.779045861494026,594166310,11082706901587,-0.058587421783798055,-529881015279,69441491634,-18088421801,-40610700848,5447.8701171875,38804.6484375,22813.69921875,1388.3900146484375,105.47000122070312,13.329999923706055,29147.044,21068.4,4.25,4.46,313.044,4.1,563912300000000.0,118.84768138617,3.264,3.194,-0.20999999999999996,0.06999993,1
2024-06-25,2774.389892578125,2780.419921875,2765.760009765625,2765.760009765625,0.003493980308245881,0.00348789053994652,0.009540040004874222,27.812098911830358,70.81527971752635,22.718462706564424,17.166929230508106,714242157,11767747562752,0.20209130840824674,60954213464,245808229654,1104857609,-69786241878,5469.2998046875,39173.1484375,22875.970703125,1386.1099853515625,105.61000061035156,12.84000015258789,29147.044,21068.4,4.23,4.45,313.044,4.1,563912300000000.0,118.84768138617,3.271,3.201,-0.21999999999999975,0.06999993,1
2024-06-26,2792.050048828125,2792.070068359375,2762.97998046875,2767.429931640625,0.006365419762104585,0.00634524604193723,0.009612181634297563,27.366402762276785,69.72195955177727,23.704962742723637,18.474535932951213,535034373,11325142857725,-0.2509061979101298,433534373080,-199815635146,25277874885,-57566702430,5477.89990234375,39667.0703125,22986.689453125,1390.8900146484375,106.05000305175781,12.550000190734863,29147.044,21068.4,4.32,4.53,313.044,4.1,563912300000000.0,118.84768138617,3.278,3.215,-0.20999999999999996,0.0630002,0
2024-06-27,2784.06005859375,2784.330078125,2761.550048828125,2767.6201171875,-0.0028616930551543796,-0.002865795527271967,0.008687978285475219,26.678553989955358,63.07232423215289,23.570341467539947,19.49369703986896,397169222,10271109212108,-0.2576753157502275,513619005559,-667570008216,-8276939954,-49150461166,5482.8701171875,39341.5390625,22905.98046875,1393.3800048828125,105.91000366210938,12.239999771118164,29147.044,21068.4,4.29,4.49,313.044,4.1,563912300000000.0,118.84768138617,3.3,3.22,-0.20000000000000018,0.07999992,1
2024-06-28,2797.820068359375,2797.820068359375,2782.39990234375,2792.7900390625,0.004942425621584867,0.004930251931300913,0.007635823237077815,25.388567243303573,71.28205514167107,24.293925675208357,20.45374276693684,610550442,11020137988129,0.5372551753267527,32153817876,307069087195,-8248546170,-67354281714,5460.47998046875,39583.078125,23032.25,1386.949951171875,105.87000274658203,12.4399995803833,29147.044,21068.4,4.36,4.52,313.044,4.1,563912300000000.0,118.84768138617,3.266,3.182,-0.15999999999999925,0.08400011,1
2024-07-01,2804.31005859375,2805.949951171875,2783.97998046875,2792.9599609375,0.0023196596192052166,0.002316973362163366,0.00761378710420471,25.692853655133927,71.57496160849497,25.10170254407103,21.38333472236368,459218341,9945336827186,-0.24786174997151178,-63341087773,125994819722,-18725047300,31781348253,5475.08984375,39631.05859375,23058.5703125,1380.2900390625,105.9000015258789,12.220000267028809,29511.664,21095.3,4.48,4.58,313.569,4.2,563912300000000.0,118.84768138617,3.312,3.21,-0.09999999999999964,0.102,0
2024-07-02,2780.860107421875,2805.419921875,2776.6201171875,2798.64990234375,-0.008362110708840187,-0.008397269293773588,0.007248512649782236,25.9656982421875,61.45391399600263,23.57786549549064,21.822240876989074,538842197,11648477198292,0.17338997355072983,-33276899038,-194928606513,-59832305081,-2260295343,5509.009765625,40074.69140625,22879.369140625,1383.4200439453125,105.72000122070312,12.029999732971191,29511.664,21095.3,4.43,4.54,313.569,4.2,563912300000000.0,118.84768138617,3.289,3.169,-0.11000000000000032,0.120000124,1
2024-07-03,2794.010009765625,2799.699951171875,2774.7099609375,2797.139892578125,0.004728717675748673,0.004717572411714337,0.006920638730883042,24.2828369140625,59.037196459027044,23.16427750484536,22.09064820256033,340337982,10243957490730,-0.3683902561922039,101432171198,124207281720,15688502665,31642026271,5537.02001953125,40580.76171875,23172.4296875,1383.4200439453125,105.4000015258789,12.09000015258789,29511.664,21095.3,4.36,4.48,313.569,4.2,563912300000000.0,118.84768138617,3.274,3.16,-0.1200000000000001,0.11399984,1
2024-07-04,2824.93994140625,2824.93994140625,2808.8798828125,2817.06005859375,0.011070086196011797,0.011009261271577779,0.006968372790792724,25.184988839285715,63.640131922792726,25.04360593359388,22.68123974876704,393738620,13067110367346,0.15690472654915144,321797560335,1014506279391,-5162319581,73082580326,5537.02001953125,40913.6484375,23522.529296875,1385.77001953125,105.4000015258789,12.09000015258789,29511.664,21095.3,4.36,4.48,313.569,4.2,563912300000000.0,118.84768138617,3.234,3.128,-0.1200000000000001,0.10599995,1
2024-07-05,2862.22998046875,2871.9599609375,2836.2099609375,2836.2099609375,0.013200294461459317,0.013113929770547463,0.007034078462099102,27.198556082589285,72.13748979733761,29.205320998896696,23.986055998792974,378159145,13142275173526,-0.03956806421478287,1313046071755,1279220993011,-7108346526,-9650906892,5567.18994140625,40912.37109375,23556.58984375,1380.25,104.87999725341797,12.479999542236328,29511.664,21095.3,4.28,4.39,313.569,4.2,563912300000000.0,118.84768138617,3.227,3.115,-0.10999999999999943,0.11199999,0
2024-07-08,2857.760009765625,2868.989990234375,2855.530029296875,2862.580078125,-0.001561709133657052,-0.0015629298724909942,0.006672145410264744,26.142124720982142,68.659069748024,31.776520939851707,25.544148987004725,425055594,9938577085762,0.12401246834847801,528365149893,-205357170635,-28226073262,-47534558080,5572.85009765625,40780.69921875,23878.150390625,1376.5699462890625,105.01000213623047,12.369999885559082,29511.664,21095.3,4.28,4.4,313.569,4.2,563912300000000.0,118.84768138617,3.212,3.119,-0.1200000000000001,0.092999935,1
2024-07-09,2867.3798828125,2875.3701171875,2854.1298828125,2872.6298828125,0.003366228449555475,0.0033605753853528236,0.006666161836140701,25.130702427455358,65.38410395760368,34.196265513400704,27.27457229228392,456429222,11241863704494,0.0738106460492789,327440465551,134507037139,-53028077615,-65384088183,5576.97998046875,41580.171875,23900.080078125,1382.75,105.12000274658203,12.510000228881836,29511.664,21095.3,4.3,4.37,313.569,4.2,563912300000000.0,118.84768138617,3.191,3.114,-0.07000000000000028,0.0769999,1
2024-07-10,2867.989990234375,2871.56005859375,2858.8701171875,2863.050048828125,0.00021277523272456023,0.0002127525992852297,0.006561269461487393,24.876412527901785,63.84534829673684,35.75104529540931,28.969866892909,472472909,11841458957088,0.035150437848170846,526916178849,170882373801,-67403242003,-71942289050,5633.91015625,41831.98828125,24007.080078125,1382.4200439453125,105.05000305175781,12.850000381469727,29511.664,21095.3,4.28,4.38,313.569,4.2,563912300000000.0,118.84768138617,3.198,3.12,-0.09999999999999964,0.07800007,1
2024-07-11,2891.35009765625,2896.429931640625,2879.280029296875,2888.760009765625,0.008145114697546862,0.008112122281097641,0.006475878390666299,24.743565150669642,74.56533061530794,38.42524263638688,30.860942041604577,462216873,14649701388722,-0.02170714088498138,610465724200,-218632389860,192199677423,-24089116123,5584.5400390625,42224.01953125,24390.029296875,1382.989990234375,104.44000244140625,12.920000076293945,29511.664,21095.3,4.2,4.26,313.569,4.2,563912300000000.0,118.84768138617,3.234,3.163,-0.05999999999999961,0.07099986,0
2024-07-12,2857.0,2872.25,2844.8798828125,2867.75,-0.0118802969187628,-0.011951431608366552,0.007230116479395562,26.193586077008927,69.81829203320791,37.34233825988622,32.15722128526091,408178316,14085702513511,-0.1169116926633702,-550065832517,243498669699,-39330074671,-15959715340,5615.35009765625,41190.6796875,23916.9296875,1371.27001953125,104.08999633789062,12.460000038146973,29511.664,21095.3,4.18,4.22,313.569,4.2,563912300000000.0,118.84768138617,3.177,3.101,-0.040000000000000036,0.075999975,1
2024-07-15,2860.919921875,2872.89990234375,2848.929931640625,2869.14990234375,0.0013720412583129171,0.0013711008697752988,0.007044048429716573,26.785016741071427,69.05527652239738,36.38105551322724,33.00198813085417,424457898,12165673099287,0.039883505227651606,-76964828774,207102525851,-31056527583,-72565329112,5631.22021484375,41190.6796875,23879.359375,1374.1099853515625,104.19000244140625,13.119999885559082,29511.664,21095.3,4.23,4.23,313.569,4.2,563912300000000.0,118.84768138617,3.177,3.076,0.0,0.10100007,1
2024-07-16,2866.090087890625,2872.2099609375,2857.070068359375,2861.7099609375,0.0018071690773633353,0.0018055381119840806,0.006940511410862256,25.78857421875,67.25391937990847,35.625749732752865,33.52674045123391,677904823,12660325755248,0.5971073366621629,188336561052,192344330530,2143664276,-51740833718,5667.2001953125,41275.078125,23997.25,1383.68994140625,104.2699966430664,13.1899995803833,29511.664,21095.3,4.17,4.21,313.569,4.2,563912300000000.0,118.84768138617,3.137,3.035,-0.040000000000000036,0.102,0
2024-07-17,2843.2900390625,2868.580078125,2841.330078125,2865.89990234375,-0.007955105432469245,-0.007986916100819499,0.006833600391042383,25.556431361607142,62.91144225651943,32.809187180761455,33.38322979713942,549094120,13923509175223,-0.1900129614507846,-256583993492,352402488989,4754932181,-196991401688,5588.27001953125,41097.69140625,23769.8203125,1382.6400146484375,103.75,14.479999542236328,29511.664,21095.3,4.16,4.19,313.569,4.2,563912300000000.0,118.84768138617,3.139,3.05,-0.03000000000000025,0.08899999,0
2024-07-18,2824.35009765625,2824.35009765625,2799.02001953125,2805.639892578125,-0.006661276600713917,-0.006683561924626571,0.006996022322699073,27.617135184151785,55.655515620104566,28.717706240887765,32.45012508588909,658374570,15548196201712,0.19901952328318506,-349460754250,383194615015,-65524507563,-85407403428,5544.58984375,40126.3515625,23398.470703125,1378.6500244140625,104.16999816894531,15.930000305175781,29511.664,21095.3,4.2,4.24,313.569,4.2,563912300000000.0,118.84768138617,3.138,3.058,-0.040000000000000036,0.07999992,0
2024-07-19,2795.4599609375,2802.679931640625,2776.989990234375,2800.2099609375,-0.010228950278764692,-0.010281625506734395,0.007133117220046216,29.430716378348215,48.277857379036696,22.8802364074013,30.536147350191534,426207952,9585234666046,-0.3526360655151064,-420230986166,-73813572200,-102271310006,-108266329889,5505.0,40063.7890625,22869.259765625,1385.239990234375,104.4000015258789,16.520000457763672,29511.664,21095.3,4.25,4.28,313.569,4.2,563912300000000.0,118.84768138617,3.156,3.074,-0.03000000000000025,0.08200002,0
2024-07-22,2763.510009765625,2795.1201171875,2752.6298828125,2790.989990234375,-0.011429228684484594,-0.011495044280203544,0.007434373354963718,30.432878766741073,46.73194859852624,15.497262667655377,27.528370413684303,463878258,10499644345892,0.08838480329433174,-85368275960,151951322199,-83764592286,-93564874878,5564.41015625,39599.0,22256.990234375,1388.81005859375,104.30999755859375,14.90999984741211,29511.664,21095.3,4.26,4.29,313.569,4.2,563912300000000.0,118.84768138617,3.145,3.071,-0.03000000000000025,0.07399988,1
2024-07-23,2774.2900390625,2796.919921875,2765.81005859375,2788.830078125,0.003900846842884942,0.0038932582680161806,0.0074449912201824345,31.0343017578125,46.25210077794905,10.396219907574505,24.101940312462343,423403234,11526841676052,-0.08725354832215482,247048340465,-106391604649,25867469004,13683039498,5555.740234375,39594.390625,22871.83984375,1387.0999755859375,104.44999694824219,14.720000267028809,29511.664,21095.3,4.25,4.26,313.569,4.2,563912300000000.0,118.84768138617,3.171,3.084,-0.009999999999999787,0.08699989,0
2024-07-24,2758.7099609375,2778.31005859375,2748.64990234375,2755.5,-0.005615879344131214,-0.0056317076823768,0.007389069085091542,30.943603515625,36.63265346347309,5.038345758991909,20.28922140176826,469221275,11053910300885,0.10821372469724677,-263538687756,6181282757,16199577051,-12685965214,5427.1298828125,39154.8515625,22871.83984375,1384.5699462890625,104.38999938964844,18.040000915527344,29511.664,21095.3,4.28,4.24,313.569,4.2,563912300000000.0,118.84768138617,3.131,3.046,0.040000000000000036,0.08500004,0
2024-07-25,2710.64990234375,2725.14990234375,2703.860107421875,2721.2900390625,-0.01742120747532938,-0.01757474250038112,0.008301996757133716,31.502877371651785,20.68089133354364,-3.050686761011548,15.621239769212297,440318335,13673708697212,-0.0615976758513348,-676696224483,-267899826,-45715442104,-21567374341,5399.22021484375,37869.51171875,22871.83984375,1382.6500244140625,104.36000061035156,18.459999084472656,29511.664,21095.3,4.27,4.26,313.569,4.2,563912300000000.0,118.84768138617,3.128,3.024,0.009999999999999787,0.10400009,1
2024-07-26,2731.89990234375,2738.39990234375,2715.75,2724.989990234375,0.007839448385284387,0.007808879567634224,0.00844015771217878,32.523594447544646,27.139663109984582,-7.658325495931422,10.965326716183554,516467609,12971731709664,0.17294141067280333,-47288785165,285735021515,66778146327,5130738888,5459.10009765625,37667.41015625,22119.2109375,1381.4300537109375,104.31999969482422,16.389999389648438,29511.664,21095.3,4.2,4.2,313.569,4.2,563912300000000.0,118.84768138617,3.108,3.024,0.0,0.08400011,1
2024-07-29,2765.530029296875,2776.860107421875,2742.68994140625,2748.320068359375,0.012310160750865329,0.012235006864367308,0.008934102228286623,34.21787806919643,32.98479886124015,-8.498279329070556,7.0726055071327325,456515695,10963602971959,-0.11608068532328808,447442245546,-95649741562,31245544893,21975444038,5463.5400390625,38468.62890625,22164.490234375,1382.0899658203125,104.55999755859375,16.600000381469727,29511.664,21095.3,4.17,4.19,313.569,4.2,563912300000000.0,118.84768138617,3.046,2.978,-0.020000000000000462,0.06800008,0
2024-07-30,2738.18994140625,2754.530029296875,2732.820068359375,2744.39990234375,-0.009886020980063637,-0.009935212157320414,0.009010169384673519,35.647879464285715,30.093284238730377,-11.240492000677932,3.4099860055706,392868090,10199651173207,-0.13942040919316034,-244858044756,-177360619374,-7090627249,-100431742352,5436.43994140625,38525.94921875,22223.5703125,1381.3599853515625,104.55000305175781,17.690000534057617,29511.664,21095.3,4.15,4.16,313.569,4.2,563912300000000.0,118.84768138617,3.052,2.994,-0.009999999999999787,0.058000088,1
2024-07-31,2770.68994140625,2770.699951171875,2733.6298828125,2745.580078125,0.011869154695422157,0.011799268726885479,0.009369295251714123,36.264317103794646,31.99965326794957,-10.668259854493954,0.5943368335576893,557090057,12197991898146,0.4180079043833771,149324995700,62441095900,4047743517,-53944809039,5522.2998046875,39101.8203125,22199.349609375,1383.5,104.0999984741211,16.360000610351562,29511.664,21095.3,4.09,4.1,313.569,4.2,563912300000000.0,118.84768138617,3.064,3.004,-0.009999999999999787,0.059999943,1
2024-08-01,2777.679931640625,2794.110107421875,2772.969970703125,2787.27001953125,0.0025228338003158157,0.0025196567973688935,0.009009690107831593,34.617885044642854,37.115021126296945,-9.540748155972778,-1.4326801643484044,480833975,10904975425060,-0.13688286308796926,440977425320,-214045251761,7930266188,25173277491,5446.68017578125,38126.328125,22642.099609375,1367.9200439453125,104.41999816894531,18.59000015258789,29511.664,21186.8,3.99,3.96,314.062,4.2,563912300000000.0,118.84768138617,3.01,2.976,0.03000000000000025,0.03399992,0
2024-08-02,2676.18994140625,2725.050048828125,2666.39990234375,2719.389892578125,-0.03653768351000408,-0.03722190295640759,0.011571753053021083,40.854317801339285,27.214679853866357,-16.64471116692812,-4.475086364864348,531785136,13102123147549,0.10596414490053463,-847870930180,-327569958503,-132459647824,-109462612619,5346.56005859375,35909.69921875,21638.08984375,1368.969970703125,103.20999908447266,23.389999389648438,29511.664,21186.8,3.8,3.7,314.062,4.2,563912300000000.0,118.84768138617,2.976,2.939,0.09999999999999964,0.03700018,0
2024-08-05,2441.550048828125,2611.300048828125,2386.9599609375,2611.300048828125,-0.08767684570805523,-0.09176101582349555,0.022882844567794523,60.432181222098215,16.563242941407665,-40.73852306303161,-11.7277737044978,763777757,18781701096636,0.436252548811368,-1523813795537,-419456771548,23447557100,235844512918,5186.330078125,31458.419921875,19830.880859375,1357.1700439453125,102.69000244140625,38.56999969482422,29511.664,21186.8,3.78,3.71,314.062,4.2,563912300000000.0,118.84768138617,2.878,2.806,0.06999999999999984,0.07200003,1
2024-08-06,2522.14990234375,2578.77001953125,2491.469970703125,2533.340087890625,0.03301175560759462,0.032478570138184296,0.024503887881272616,68.28717912946429,26.817677774198174,-52.721566597900164,-19.926532283178275,567266430,15535848582551,-0.2572886225069788,-174155455632,-767265394740,140198858431,237212419816,5240.02978515625,34675.4609375,20501.01953125,1367.4000244140625,102.97000122070312,27.709999084472656,29511.664,21186.8,3.9,3.76,314.062,4.2,563912300000000.0,118.84768138617,2.993,2.935,0.14000000000000012,0.058000088,1
2024-08-07,2568.409912109375,2594.830078125,2510.820068359375,2515.27001953125,0.01834149894208781,0.01817532252436837,0.025081940164699282,71.12574986049107,32.22539358830936,-57.8189182567603,-27.50500947789468,476990686,13081659609896,-0.15914169995922378,-18716243874,-445931439311,64953210444,32426918201,5199.5,35089.62109375,21295.279296875,1370.31005859375,103.19999694824219,27.850000381469727,29511.664,21186.8,3.96,3.81,314.062,4.2,563912300000000.0,118.84768138617,3.001,2.929,0.1499999999999999,0.07200003,0
2024-08-08,2556.72998046875,2570.340087890625,2518.52001953125,2530.2099609375,-0.004547534093197969,-0.004557905581437992,0.024878791277194723,71.44431849888393,33.014586946371395,-62.0853972285463,-34.421087028025006,495299005,11463675279196,0.038382969599536354,-519634723615,-418736729101,43335833798,85226342980,5319.31005859375,34831.1484375,20870.099609375,1375.3299560546875,103.20999908447266,23.790000915527344,29511.664,21186.8,3.99,3.86,314.062,4.2,563912300000000.0,118.84768138617,2.997,2.911,0.13000000000000034,0.085999966,1
2024-08-09,2588.429931640625,2603.080078125,2575.89990234375,2603.080078125,0.012398630834713043,0.012322397292335705,0.025171233926258765,71.69574846540179,37.53878447508897,-62.19178325565372,-39.97522627355075,475012051,9721686771659,-0.04095900414740383,152537242,-115612868875,37718158055,34021210450,5344.16015625,35025.0,21469.0,1373.760009765625,103.13999938964844,20.3700008392334,29511.664,21186.8,3.94,3.86,314.062,4.2,563912300000000.0,118.84768138617,3.012,2.941,0.08000000000000007,0.0710001,1
2024-08-12,2618.300048828125,2622.860107421875,2602.010009765625,2602.159912109375,0.011539859287814425,0.011473782966726047,0.025404753200378938,71.76862444196429,39.19123247033715,-59.18359448978936,-43.81689991679848,293083794,7601221663229,-0.38299714000308593,78501696596,89921761727,26044643926,3960511024,5344.39013671875,35025.0,21773.259765625,1363.8399658203125,103.13999938964844,20.709999084472656,29511.664,21186.8,3.9,3.82,314.062,4.2,563912300000000.0,118.84768138617,3.0,2.946,0.08000000000000007,0.0539999,1
2024-08-13,2621.5,2636.1201171875,2607.52001953125,2624.5,0.0012221483833785296,0.0012214021679717866,0.025397540825561293,71.69290597098214,40.32656276033383,-55.89702776219883,-46.23292548587855,378532151,8965946240835,0.2915492386453822,133323314718,-28516764667,-7649488765,-2248875325,5434.43017578125,36232.51171875,21796.5703125,1369.5400390625,102.55999755859375,18.1200008392334,29511.664,21186.8,3.85,3.75,314.062,4.2,563912300000000.0,118.84768138617,2.974,2.918,0.10000000000000009,0.055999994,1
2024-08-14,2644.5,2653.7099609375,2632.43994140625,2649.110107421875,0.008773602899103672,0.00873533849344724,0.02555012219992097,70.07577078683036,45.16554032112446,-50.850321320215244,-47.15640465274589,328748140,8867077142812,-0.13151858004262362,391761625312,-95053747571,-3977404730,-29044198714,5455.2099609375,36442.4296875,22027.25,1362.1700439453125,102.56999969482422,16.190000534057617,29511.664,21186.8,3.83,3.76,314.062,4.2,563912300000000.0,118.84768138617,2.945,2.888,0.07000000000000028,0.05699992,1
2024-08-16,2697.22998046875,2699.610107421875,2680.739990234375,2695.489990234375,0.019939489683777678,0.019743301697017504,0.02606178551512039,72.03006417410714,47.577663907860895,-42.11047798702111,-46.147219319600936,385851899,11192930297117,0.17370062991078816,1210790821913,233178847732,-15559717124,-2357676377,5554.25,38062.671875,22349.330078125,1363.510009765625,102.45999908447266,14.800000190734863,29511.664,21186.8,3.89,3.87,314.062,4.2,563912300000000.0,118.84768138617,2.973,2.928,0.020000000000000018,0.045000076,0
2024-08-19,2674.360107421875,2699.840087890625,2664.280029296875,2697.969970703125,-0.008479022260793778,-0.008515173667480263,0.02603630258932812,71.35862513950893,43.53285216611837,-36.60750823413173,-44.239277102507096,395636824,9262568374795,0.025359276513499784,-119587392119,96704917440,-22660691972,-37701027259,5608.25,37388.62109375,22409.630859375,1348.97998046875,101.88999938964844,14.649999618530273,29511.664,21186.8,3.86,3.86,314.062,4.2,563912300000000.0,118.84768138617,2.985,2.927,0.0,0.05799985,1
2024-08-20,2696.6298828125,2706.050048828125,2686.06005859375,2699.739990234375,0.008327141632430868,0.008292662266021336,0.02604103987772658,71.2857666015625,47.03057307863792,-30.102378815560314,-41.411897445117745,484188400,8954162720335,0.22382035904726605,292913410407,890635336,-13108035045,14505808864,5597.1201171875,38062.921875,22429.099609375,1330.8800048828125,101.44000244140625,15.880000114440918,29511.664,21186.8,3.82,3.8,314.062,4.2,563912300000000.0,118.84768138617,2.999,2.944,0.020000000000000018,0.055000067,1
2024-08-21,2701.1298828125,2704.97998046875,2684.610107421875,2687.199951171875,0.001668749585800322,0.0016673587702771757,0.026022764431800238,70.0928955078125,44.82285431861874,-24.303746036730445,-37.990267163440286,417329635,9378558424607,-0.13808419408643413,31111966566,163606793874,-49926784595,-64132505607,5620.85009765625,37951.80078125,22237.890625,1327.5799560546875,101.04000091552734,16.270000457763672,29511.664,21186.8,3.79,3.74,314.062,4.2,563912300000000.0,118.84768138617,2.997,2.94,0.04999999999999982,0.05699992,1
2024-08-22,2707.669921875,2711.3798828125,2690.35009765625,2710.949951171875,0.002421223468043854,0.002418297029259059,0.026015083085460376,69.92215401785714,44.78587354132794,-18.961979392641297,-34.18460960928049,441756204,8946316911575,0.058530636100165845,68658227680,79186890455,-5964946296,7471486834,5570.64013671875,38211.01171875,22148.830078125,1333.6600341796875,101.51000213623047,17.549999237060547,29511.664,21186.8,3.86,3.82,314.062,4.2,563912300000000.0,118.84768138617,2.98,2.907,0.040000000000000036,0.072999954,0
2024-08-23,2701.68994140625,2712.840087890625,2689.5400390625,2690.800048828125,-0.002208533773056409,-0.002210976180525318,0.025723031223214888,63.637869698660715,52.214159188480814,-15.037779131757816,-30.35524351377596,330591762,8285767864758,-0.25164206182829296,-295195213081,336610989652,-28194176229,14509555932,5634.60986328125,38364.26953125,22158.05078125,1339.5400390625,100.72000122070312,15.859999656677246,29511.664,21186.8,3.81,3.73,314.062,4.2,563912300000000.0,118.84768138617,3.005,2.92,0.08000000000000007,0.08500004,0
2024-08-26,2698.010009765625,2718.469970703125,2688.7900390625,2716.8798828125,-0.0013620851098514741,-0.001363013590984033,0.02565504837553617,45.098580496651785,87.18110809230468,-12.085448355882363,-26.70128448219724,333687885,9087411201066,0.009365396709431595,-466658102426,343377625793,7719858795,31745801309,5616.83984375,38110.21875,22240.119140625,1323.8800048828125,100.8499984741211,16.149999618530273,29511.664,21186.8,3.82,3.74,314.062,4.2,563912300000000.0,118.84768138617,2.974,2.89,0.07999999999999963,0.08399987,0
2024-08-27,2689.25,2700.179931640625,2681.919921875,2696.239990234375,-0.003246841091737118,-0.003252123517505082,0.025479614825833982,36.6014404296875,80.59998032851382,-10.333446978811935,-23.427716981520184,264056855,8050720479398,-0.20867113590294117,-407466927604,380792485410,8339642979,-18214989888,5625.7998046875,38288.62109375,22185.0,1326.6400146484375,100.55000305175781,15.430000305175781,29511.664,21186.8,3.83,3.72,314.062,4.2,563912300000000.0,118.84768138617,3.073,2.94,0.10999999999999988,0.1329999,1
2024-08-28,2689.830078125,2695.510009765625,2671.590087890625,2690.590087890625,0.00021570256577119196,0.00021567930531758472,0.025401598288249085,32.309291294642854,76.70222761512566,-8.796762209267854,-20.50152602706972,280773871,10567478196675,0.06330839621641338,-343506502999,242472851414,6498887162,-32766656648,5592.18017578125,38371.76171875,22370.66015625,1326.3599853515625,101.08999633789062,17.110000610351562,29511.664,21186.8,3.84,3.72,314.062,4.2,563912300000000.0,118.84768138617,3.054,2.919,0.11999999999999966,0.13499999,0
2024-08-29,2662.280029296875,2672.89990234375,2649.56005859375,2657.179931640625,-0.010242300824938821,-0.010295114117275439,0.025300895676360066,31.484287806919642,71.69760375962717,-9.690283595951769,-18.33927754084613,288835634,11464719820380,0.028712653963445245,-420834592800,-85314301143,-55602532288,-28011649724,5591.9599609375,38362.53125,22201.849609375,1336.68994140625,101.33999633789062,15.649999618530273,29511.664,21186.8,3.87,3.76,314.062,4.2,563912300000000.0,118.84768138617,3.075,2.939,0.11000000000000032,0.13600016,1
2024-08-30,2674.31005859375,2686.510009765625,2668.659912109375,2676.719970703125,0.004518694188624606,0.00450851554131717,0.02532347528027545,29.904279436383927,69.20741595782903,-9.320244925415409,-16.535471017759985,278845310,10340760628054,-0.03458826690338357,-378965676136,421571523709,-12734537738,64139996341,5648.39990234375,38647.75,22268.08984375,1332.8800048828125,101.69999694824219,15.0,29511.664,21186.8,3.91,3.79,314.062,4.2,563912300000000.0,118.84768138617,3.088,2.953,0.1200000000000001,0.13499999,1
2024-09-02,2681.0,2686.97998046875,2658.31005859375,2683.800048828125,0.002501557882098382,0.0024984341944853648,0.02392621798976627,29.492832728794642,65.64529000737127,-8.390444431187007,-14.906465700445391,266992573,8669962668666,-0.04250649580586452,238731457949,-410571724502,12931563638,1896520545,5648.39990234375,38700.87109375,22235.099609375,1336.5799560546875,101.69999694824219,15.0,29511.664,21269.5,3.91,3.79,314.732,4.1,563912300000000.0,118.84768138617,3.121,2.989,0.1200000000000001,0.13199997,0
2024-09-03,2664.6298828125,2695.590087890625,2664.6298828125,2683.1201171875,-0.006105974333271202,-0.006124692026616798,0.010543606224052105,29.661411830357142,60.098319423802444,-8.872228954299317,-13.699618351216177,303460408,8978417447396,0.13658745106741232,-290652841877,-182763415085,-33003480658,3211590973,5528.93017578125,38686.30859375,22092.2109375,1337.550048828125,101.83000183105469,20.719999313354492,29511.664,21269.5,3.84,3.73,314.732,4.1,563912300000000.0,118.84768138617,3.12,2.981,0.10999999999999988,0.13899994,0
2024-09-04,2580.800048828125,2608.1298828125,2578.070068359375,2589.93994140625,-0.03146021686730205,-0.031965719918635005,0.011320524315933838,33.543544224330354,38.39200469097992,-15.835867642622361,-14.126868209497415,455469305,11370290372994,0.5009183833958333,-988766131139,-566755340047,-68018071389,30786041031,5520.06982421875,37047.609375,21092.75,1340.4100341796875,101.36000061035156,21.31999969482422,29511.664,21269.5,3.77,3.63,314.732,4.1,563912300000000.0,118.84768138617,3.052,2.931,0.14000000000000012,0.12100005,0
2024-09-05,2575.5,2615.800048828125,2560.64990234375,2598.360107421875,-0.002053645663301795,-0.0020557572850675517,0.01060004183937723,33.54640415736607,23.181287153636134,-21.534040109590023,-15.608302589515937,379002653,10189751207176,-0.16788541216844455,-585847610166,56112367418,-2909730265,52350112512,5503.41015625,36657.08984375,21187.7109375,1331.010009765625,101.11000061035156,19.899999618530273,29511.664,21269.5,3.73,3.61,314.732,4.1,563912300000000.0,118.84768138617,3.03,2.905,0.1200000000000001,0.125,0
2024-09-06,2544.280029296875,2576.93994140625,2529.31005859375,2576.659912109375,-0.012121906698941975,-0.012195976194221438,0.010911154989904331,34.408534458705354,22.358651487671565,-28.243500074448093,-18.13534208650237,374782188,8685310141898,-0.011135713606732933,-266149669649,126555897823,-29159169767,852444260,5408.419921875,36391.46875,21435.189453125,1332.7900390625,101.18000030517578,22.3799991607666,29511.664,21269.5,3.72,3.54,314.732,4.1,563912300000000.0,118.84768138617,2.99,2.881,0.18000000000000016,0.10899997,0
2024-09-09,2535.929931640625,2543.219970703125,2491.300048828125,2498.669921875,-0.0032819098370070465,-0.0032873071152518607,0.010516090042008933,35.929251534598215,13.704973571114266,-33.8444408847422,-21.277161846150335,270230978,7454380686929,-0.27896525861575894,-542156068272,-8601764591,14212301153,35738313274,5471.0498046875,36215.75,21144.439453125,1337.77001953125,101.55000305175781,19.450000762939453,29511.664,21269.5,3.7,3.54,314.732,4.1,563912300000000.0,118.84768138617,3.032,2.897,0.16000000000000014,0.13499999,0
2024-09-10,2523.429931640625,2544.830078125,2522.47998046875,2542.68994140625,-0.004929158272095169,-0.004941346641494134,0.010122499320511175,36.07069614955357,11.265181615278095,-38.84410173742572,-24.79054982440541,347650170,8421866699897,0.28649266110416094,-670845780327,-102991665738,11857202176,37065925984,5495.52001953125,36159.16015625,21064.080078125,1341.27001953125,101.62999725341797,19.079999923706055,29511.664,21269.5,3.65,3.42,314.732,4.1,563912300000000.0,118.84768138617,3.01,2.877,0.22999999999999998,0.1329999,0
2024-09-11,2513.3701171875,2526.1298828125,2493.3701171875,2524.860107421875,-0.0039865638141910464,-0.0039945313421354935,0.010106509060711122,36.90855189732143,8.286842816979373,-43.12103943607508,-28.456647746739343,302560681,9623015977525,-0.1296978770354118,-1035105982553,80077198047,-39489199510,19281845159,5554.1298828125,35619.76953125,21031.0,1343.3399658203125,101.68000030517578,17.690000534057617,29511.664,21269.5,3.65,3.45,314.732,4.1,563912300000000.0,118.84768138617,2.943,2.82,0.19999999999999973,0.123000145,1
2024-09-12,2572.090087890625,2572.090087890625,2572.090087890625,2572.090087890625,0.023363041639419713,0.02309430342760687,0.01135064046488437,39.438546316964285,27.314118776287827,-41.296294506435515,-31.024577098678577,340478891,11282356523795,0.12532431469507443,278183297163,-166884101034,143592997803,-43818934496,5595.759765625,36833.26953125,21653.25,1339.1800537109375,101.37000274658203,17.06999969482422,29511.664,21269.5,3.68,3.47,314.732,4.1,563912300000000.0,118.84768138617,2.97,2.866,0.20999999999999996,0.10400009,1
2024-09-13,2575.409912109375,2584.110107421875,2562.909912109375,2571.81005859375,0.001290710708143461,0.0012898784571306256,0.010237985393511052,38.832850864955354,28.512305456711402,-39.13120871782712,-32.64590342250829,358262872,8422029131843,0.052232257182722064,-957724977076,275817408201,36853809822,71033961638,5626.02001953125,36581.76171875,21759.650390625,1335.68994140625,101.11000061035156,16.559999465942383,29511.664,21269.5,3.66,3.42,314.732,4.1,563912300000000.0,118.84768138617,2.928,2.822,0.2400000000000002,0.10599995,1
2024-09-19,2580.800048828125,2598.679931640625,2550.090087890625,2594.669921875,0.0020929238073543743,0.002090736693432898,0.010174183527268212,40.999267578125,30.765140473351153,-36.558994316506414,-33.428521601307914,385081293,12871058979763,0.07485682468374777,-1175565506726,887828400832,-1173328275,10738731739,5713.64013671875,37155.328125,22042.689453125,1322.260009765625,100.61000061035156,16.329999923706055,29511.664,21269.5,3.73,3.47,314.732,4.1,563912300000000.0,118.84768138617,2.979,2.843,0.2599999999999998,0.13600016,1
2024-09-20,2593.3701171875,2619.550048828125,2591.39990234375,2603.830078125,0.004870609160551931,0.00485878611849083,0.01002309939361554,42.058558872767854,33.58965753845695,-33.12435941140211,-33.36768916332675,495964133,14276592945661,0.2879465765167668,-33693633654,234291374250,28014301786,14036438593,5702.5498046875,37723.91015625,22159.419921875,1327.6099853515625,100.72000122070312,16.149999618530273,29511.664,21269.5,3.73,3.46,314.732,4.1,563912300000000.0,118.84768138617,2.989,2.838,0.27,0.15100002,1
2024-09-23,2602.010009765625,2603.570068359375,2588.489990234375,2596.469970703125,0.0033315308605061933,0.0033259936065156664,0.010061412923921778,40.25927734375,39.0414060183352,-29.366698360870032,-32.56749100283541,339140017,9526459225941,-0.3162005184757988,-702262983894,280795869464,9944915232,28082208914,5718.56982421875,37723.91015625,22285.529296875,1331.5,100.91999816894531,15.890000343322754,29511.664,21269.5,3.75,3.47,314.732,4.1,563912300000000.0,118.84768138617,3.022,2.864,0.2799999999999998,0.15799999,1
2024-09-24,2631.679931640625,2631.679931640625,2597.81005859375,2612.449951171875,0.011402693211649995,0.011338172515302043,0.01045160311109027,40.947841099330354,42.71602713474181,-23.721167321440134,-30.798226266556355,355097005,10338360663397,0.04705132747575469,-377330205723,552063035808,208412350,6470306187,5732.93017578125,37940.58984375,22431.779296875,1333.6199951171875,100.37000274658203,15.390000343322754,29511.664,21269.5,3.74,3.44,314.732,4.1,563912300000000.0,118.84768138617,3.026,2.854,0.30000000000000027,0.17199993,0
2024-09-25,2596.320068359375,2663.360107421875,2596.320068359375,2652.7099609375,-0.013436232444576257,-0.013527315410456528,0.010797094777719344,43.688563755580354,36.82227708365152,-21.84843360846571,-29.00826773493823,454471748,11671496763447,0.27985238287211134,-570117330908,707251053912,-81369236152,-46333782707,5722.259765625,37870.26171875,22761.599609375,1324.8900146484375,100.91999816894531,15.40999984741211,29511.664,21269.5,3.79,3.49,314.732,4.1,563912300000000.0,118.84768138617,2.997,2.812,0.2999999999999998,0.18499994,1
2024-09-26,2671.570068359375,2671.570068359375,2630.300048828125,2630.909912109375,0.028983329488937226,0.02857125602965684,0.012780967342544238,46.852120535714285,50.91275128996317,-14.129358094215604,-26.032485806793705,324888966,11602405999054,-0.28512835521736324,495327991835,698914065041,51972990585,4125029205,5745.3701171875,38925.62890625,22858.810546875,1335.050048828125,100.55999755859375,15.369999885559082,29511.664,21269.5,3.79,3.54,314.732,4.1,563912300000000.0,118.84768138617,3.001,2.807,0.25,0.194,0
2024-09-27,2649.780029296875,2681.449951171875,2649.780029296875,2674.580078125,-0.008156267103217485,-0.008189711427787794,0.012884349697811336,42.93141392299107,60.84114803161692,-9.65886776644993,-22.75776219872495,413004129,11987017925748,0.2712162376114675,265886003578,-421965660834,3161310152,2057999664,5738.169921875,39829.55859375,22822.7890625,1313.300048828125,100.41999816894531,16.959999084472656,29511.664,21269.5,3.75,3.49,314.732,4.1,563912300000000.0,118.84768138617,3.0,2.826,0.2599999999999998,0.17400002,0
2024-09-30,2593.27001953125,2668.659912109375,2593.27001953125,2665.239990234375,-0.021326302236725714,-0.02155699357862927,0.013693804613470383,44.377110072544646,52.40558255379229,-10.554195294188503,-20.317048817817664,358915798,10806867445787,-0.13096317252557055,-1003233969611,-171834281314,4061327531,-23375912575,5762.47998046875,37919.55078125,22224.5390625,1309.300048828125,100.77999877929688,16.729999542236328,29511.664,21269.5,3.81,3.58,314.732,4.1,563912300000000.0,118.84768138617,2.992,2.811,0.22999999999999998,0.181,0
2024-10-02,2561.68994140625,2591.610107421875,2555.4599609375,2566.550048828125,-0.012177705324611043,-0.012252461100559948,0.013764316057107985,43.675694056919646,52.35453807654998,-13.654595511998195,-18.984558156653772,351004351,9607877432678,-0.02204262683360625,-307355643556,-622606164267,-32708753832,-21190827398,5709.5400390625,37808.76171875,22390.390625,1324.8399658203125,101.68000030517578,18.899999618530273,29825.182,21331.9,3.79,3.54,315.631,4.1,563912300000000.0,118.84768138617,2.932,2.78,0.25,0.15199995,1
2024-10-04,2569.7099609375,2585.590087890625,2555.570068359375,2563.699951171875,0.0031307534146178817,0.003125862811003624,0.013733736534339893,42.035696847098215,54.572535375573615,-15.288302437852053,-18.245307012893427,414328553,10016557160951,0.1804085955618253,42753532722,-169478439905,-7709625782,-65243575899,5751.06982421875,38635.62109375,22302.7109375,1334.4100341796875,102.5199966430664,19.209999084472656,29825.182,21331.9,3.98,3.84,315.631,4.1,563912300000000.0,118.84768138617,2.996,2.824,0.14000000000000012,0.17200017,1
2024-10-07,2610.3798828125,2611.929931640625,2561.4599609375,2579.199951171875,0.015826658452988474,0.01570272284157878,0.01426809749682258,44.044259207589285,60.93573730181784,-13.149722330610984,-17.22619007643694,343671145,10378943872137,-0.17053473019997245,29180864802,-63788114571,25309093861,86903623202,5695.93994140625,39332.73828125,22702.560546875,1345.8800048828125,102.54000091552734,22.639999389648438,29825.182,21331.9,4.03,3.89,315.631,4.1,563912300000000.0,118.84768138617,3.101,2.96,0.14000000000000012,0.14100003,0
2024-10-08,2594.360107421875,2601.9599609375,2581.7900390625,2592.64990234375,-0.006136951750242869,-0.006155860238649006,0.014268649902839842,43.746407645089285,60.035697538987456,-12.602273020422672,-16.301406665234087,318240024,9168276247124,-0.07399841787706674,-381045764410,-324303967814,-17553266100,4681380222,5751.1298828125,38937.5390625,22611.390625,1342.3699951171875,102.55000305175781,21.420000076293945,29825.182,21331.9,4.04,3.86,315.631,4.1,563912300000000.0,118.84768138617,3.077,2.932,0.18000000000000016,0.14499998,1
2024-10-10,2599.159912109375,2613.610107421875,2596.860107421875,2611.64990234375,0.0018500919258543913,0.0018483826137190038,0.012318368221589637,40.9271240234375,53.87166024870139,-11.646853693831417,-15.370496070953553,618559988,13867594373662,0.9436901123411177,162645782446,-439356259957,23804233192,118421130458,5780.0498046875,39380.890625,22659.080078125,1343.02001953125,102.98999786376953,20.93000030517578,29825.182,21331.9,4.09,3.88,315.631,4.1,563912300000000.0,118.84768138617,3.088,2.962,0.20999999999999996,0.12600017,0
2024-10-11,2596.909912109375,2621.929931640625,2594.429931640625,2612.02001953125,-0.000865664320812809,-0.0008660392245471127,0.012308985721189058,41.377110072544646,53.08447562793513,-10.945065290447019,-14.485409914852248,491276237,9548436311434,-0.20577430397906693,-599057026811,175059218591,-14539617289,71242141360,5815.02978515625,39605.80078125,22901.640625,1349.739990234375,102.88999938964844,20.459999084472656,29825.182,21331.9,4.08,3.85,315.631,4.1,563912300000000.0,118.84768138617,3.085,2.947,0.22999999999999998,0.13800001,1
2024-10-14,2623.2900390625,2628.5400390625,2602.6298828125,2602.6298828125,0.010158275737681466,0.010107027226819821,0.012115207422524903,40.165701729910715,55.74951222686851,-8.166103390788521,-13.221548610039504,401705670,8525414408760,-0.1823222054194329,91477689688,247611965348,-9158474001,89708652791,5859.85009765625,39605.80078125,22975.2890625,1348.3299560546875,103.30000305175781,19.700000762939453,29825.182,21331.9,4.08,3.85,315.631,4.1,563912300000000.0,118.84768138617,3.087,2.938,0.22999999999999998,0.14899993,1
2024-10-15,2633.449951171875,2635.320068359375,2615.469970703125,2632.3701171875,0.0038729656111551325,0.003865484988417994,0.012071039461394532,38.815708705357146,55.458989824020264,-5.085315712635747,-11.594302030558753,438292799,10054355841679,0.09107944381268007,290378190889,-84716024327,228325772,71140727656,5815.259765625,39910.55078125,23292.0390625,1357.27001953125,103.26000213623047,20.639999389648438,29825.182,21331.9,4.03,3.86,315.631,4.1,563912300000000.0,118.84768138617,3.05,2.906,0.17000000000000037,0.14400005,0
2024-10-16,2610.360107421875,2622.330078125,2601.35009765625,2606.699951171875,-0.008767906805946746,-0.00880657106984177,0.01221618176583831,40.031406947544646,51.09423569866383,-4.4555657145087935,-10.166554767348762,437552776,10053097319299,-0.0016884215339344477,-659709200287,-146469435495,-8520262010,163445418653,5842.47021484375,39180.30078125,23010.98046875,1363.1800537109375,103.58999633789062,19.579999923706055,29825.182,21331.9,4.02,3.84,315.631,4.1,563912300000000.0,118.84768138617,3.008,2.88,0.17999999999999972,0.12799978,0
2024-10-17,2609.300048828125,2622.7099609375,2603.52001953125,2620.739990234375,-0.00040609668786162345,-0.0004061791674521177,0.012154441022105285,38.982840401785715,46.82950112061094,-3.9959592423779213,-8.932435662354594,331265227,9953645240876,-0.24291366625908462,-404864432100,159491320158,15592590772,18201444337,5841.47021484375,38911.19140625,23053.83984375,1364.199951171875,103.83000183105469,19.110000610351562,29825.182,21331.9,4.09,3.89,315.631,4.1,563912300000000.0,118.84768138617,3.028,2.897,0.19999999999999973,0.13100004,0
2024-10-18,2593.820068359375,2618.320068359375,2587.9599609375,2616.0400390625,-0.005932618012137847,-0.005950285902931224,0.011181638235095806,36.362845284598215,49.62469176345025,-4.825200941294042,-8.110988718142483,265201103,8274853556430,-0.19942969746112227,-478458966024,140610191264,-15970324584,35681143792,5864.669921875,38981.75,23487.26953125,1370.050048828125,103.48999786376953,18.030000686645508,29825.182,21331.9,4.08,3.86,315.631,4.1,563912300000000.0,118.84768138617,3.072,2.908,0.2200000000000002,0.16400003,1
2024-10-21,2604.919921875,2618.7099609375,2594.050048828125,2600.77001953125,0.0042793459928180955,0.004270215630473426,0.011213645703908405,32.765694754464285,37.607324143653884,-4.534445286020855,-7.3956800317181575,240675023,7757213527460,-0.09248106332348094,22102494346,197493862642,3003491522,-31017212887,5853.97998046875,38954.6015625,23542.529296875,1369.010009765625,104.01000213623047,18.3700008392334,29825.182,21331.9,4.19,3.95,315.631,4.1,563912300000000.0,118.84768138617,3.054,2.902,0.2400000000000002,0.15199995,0
2024-10-22,2570.699951171875,2604.159912109375,2564.4599609375,2600.8701171875,-0.013136668968500853,-0.013223718202745297,0.01161982916729731,33.3935546875,35.9457845858,-6.98476891377959,-7.313497808130444,343318170,8958061448792,0.4264802625571993,-281396426842,-277651438158,-46752818001,16006775432,5851.2001953125,38411.9609375,23535.4296875,1376.5,104.08000183105469,18.200000762939453,29825.182,21331.9,4.2,3.98,315.631,4.1,563912300000000.0,118.84768138617,3.13,2.943,0.2200000000000002,0.18700004,1
2024-10-23,2599.6201171875,2607.7900390625,2567.419921875,2575.25,0.011249918918947222,0.011187109211522585,0.011848630557346446,30.892142159598215,51.25125317744223,-6.517917841246799,-7.154381814753716,352421162,9430154792746,0.02651473995681619,211550408971,204759613915,15210770999,71854236317,5797.419921875,38104.859375,23334.759765625,1376.6300048828125,104.43000030517578,19.239999771118164,29825.182,21331.9,4.24,4.03,315.631,4.1,563912300000000.0,118.84768138617,3.128,2.936,0.20999999999999996,0.19199991,0
2024-10-24,2581.030029296875,2600.260009765625,2578.800048828125,2591.68994140625,-0.00715107863941955,-0.007176770156916954,0.011931531382959958,29.724278041294642,54.016474150510426,-7.560843039611882,-7.2356740597253495,343098218,9733937488291,-0.02645398462195636,-607437061970,-14263557786,2405545884,-20276440051,5809.85986328125,38143.2890625,23192.51953125,1377.3399658203125,104.05999755859375,19.079999923706055,29825.182,21331.9,4.21,4.02,315.631,4.1,563912300000000.0,118.84768138617,3.074,2.891,0.1900000000000004,0.18299985,1
2024-10-25,2583.27001953125,2611.27001953125,2577.0,2597.43994140625,0.0008678667853334598,0.0008674904067035165,0.011614662434195894,30.027849469866073,52.88537064820318,-8.113097543399817,-7.411158756460243,462898403,10286877485946,0.3491716911219864,-390904273532,90701516255,5447350376,-8484599509,5808.1201171875,37913.921875,23348.44921875,1376.3199462890625,104.26000213623047,20.329999923706055,29825.182,21331.9,4.25,4.05,315.631,4.1,563912300000000.0,118.84768138617,3.054,2.882,0.20000000000000018,0.17199993,1
2024-10-28,2612.429931640625,2612.9599609375,2587.199951171875,2588.449951171875,0.011287984565649944,0.011224750678356541,0.011519860137062743,28.543561662946427,50.45868652979086,-6.127171786435156,-7.154361362455226,333735957,9133006346665,-0.2790297939308294,-128277956084,349524976844,22124938772,82873506991,5823.52001953125,38605.53125,23198.0703125,1387.6600341796875,104.31999969482422,19.799999237060547,29825.182,21331.9,4.28,4.09,315.631,4.1,563912300000000.0,118.84768138617,3.117,2.932,0.1900000000000004,0.18500018,1
2024-10-29,2617.800048828125,2617.800048828125,2595.860107421875,2606.93994140625,0.0020556023809326085,0.002053492521218714,0.00943280968102789,28.068568638392858,55.50699200422159,-4.073036311902342,-6.538096352344649,363290058,9341171256858,0.0885553395734342,-117692502276,32617447526,-10134760932,25314403149,5832.919921875,38903.6796875,22926.58984375,1381.969970703125,104.27999877929688,19.34000015258789,29825.182,21331.9,4.28,4.08,315.631,4.1,563912300000000.0,118.84768138617,3.118,2.936,0.20000000000000018,0.18199992,0
2024-10-30,2593.7900390625,2613.469970703125,2586.8798828125,2606.989990234375,-0.009171827228123597,-0.00921414740311896,0.009476491267924483,28.902151925223215,48.84284955202836,-4.332582957752493,-6.096993673426217,487359045,9067046289191,0.3415149527708794,-335688800744,46821689654,-46166150285,8035688985,5813.669921875,39277.390625,22820.4296875,1383.1800537109375,103.98999786376953,20.350000381469727,29825.182,21331.9,4.29,4.14,315.631,4.1,563912300000000.0,118.84768138617,3.105,2.937,0.15000000000000036,0.16799998,0
2024-10-31,2556.14990234375,2579.64990234375,2552.360107421875,2575.239990234375,-0.014511635927306865,-0.01461795958976892,0.008788947748680907,29.897147042410715,42.37903214762729,-7.489189293658001,-6.375432797472574,406613036,10980673439062,-0.16568074364968444,-858299287918,258450468848,-32653516665,49871877805,5705.4501953125,39081.25,22820.4296875,1378.5699462890625,103.9800033569336,23.15999984741211,29825.182,21331.9,4.28,4.12,315.631,4.1,563912300000000.0,118.84768138617,3.1,2.936,0.16000000000000014,0.1639998,0
2024-11-01,2542.360107421875,2559.300048828125,2536.840087890625,2542.9599609375,-0.005394752048473728,-0.005409356271093634,0.008442777637301219,29.242135184151785,34.12078947444057,-10.977007649816642,-7.295747767941387,319848769,7944318405637,-0.21338289557445478,-39017847667,-237272871543,-34987822855,14780765621,5728.7998046875,38053.671875,22780.080078125,1372.9300537109375,104.27999877929688,21.8799991607666,29825.182,21452.2,4.37,4.18,316.528,4.2,563912300000000.0,118.84768138617,3.09,2.939,0.1900000000000004,0.15100002,1
2024-11-04,2588.969970703125,2588.969970703125,2542.679931640625,2549.0400390625,0.018333305004740508,0.018167276136863142,0.009388371808125504,31.153547014508927,42.364732683922824,-9.866369032920375,-7.809872020937185,373943470,8064748773264,0.16912586898216264,29716800648,183862669387,4963715143,102351659906,5712.68994140625,38053.671875,22965.390625,1379.3399658203125,103.88999938964844,21.979999542236328,29825.182,21452.2,4.31,4.1,316.528,4.2,563912300000000.0,118.84768138617,3.096,2.935,0.20999999999999996,0.16100001,0
2024-11-05,2576.8798828125,2586.72998046875,2564.659912109375,2570.239990234375,-0.004669844775117893,-0.004680782565369356,0.008719214508121366,30.597133091517858,44.02736172581307,-9.848224774115351,-8.21754257157282,310875315,7716007774972,-0.16865692293008883,-144415341105,-202008698614,-44763636469,-28910188732,5782.759765625,38474.8984375,23106.7890625,1372.8599853515625,103.41999816894531,20.489999771118164,29825.182,21452.2,4.26,4.11,316.528,4.2,563912300000000.0,118.84768138617,3.073,2.918,0.14999999999999947,0.15499997,0
2024-11-06,2563.510009765625,2592.75,2544.0400390625,2591.89990234375,-0.00518839591090392,-0.005201902375145964,0.008690046261106617,32.70570591517857,42.175046393335386,-10.788321284213907,-8.731698314101038,548506117,11791887929674,0.7643926376077819,-103079533892,-43773444714,-9040870503,76337430691,5929.0400390625,39480.671875,23217.380859375,1378.0,105.08999633789062,16.270000457763672,29825.182,21452.2,4.42,4.2,316.528,4.2,563912300000000.0,118.84768138617,3.134,2.96,0.21999999999999975,0.17400002,1
2024-11-07,2564.6298828125,2579.81005859375,2540.47998046875,2557.22998046875,0.0004368514429859971,0.00043675605117473345,0.00867484907698242,33.34641810825893,44.75430161921116,-11.312585699678039,-9.247875791216439,465146173,10809704016429,-0.15197632517925042,104649721048,-55393323792,4956478096,178899209668,5973.10009765625,39381.41015625,23408.8203125,1399.800048828125,104.51000213623047,15.199999809265137,29825.182,21452.2,4.31,4.13,316.528,4.2,563912300000000.0,118.84768138617,3.098,2.922,0.17999999999999972,0.17600012,0
2024-11-08,2561.14990234375,2593.14990234375,2553.419921875,2586.699951171875,-0.0013569133277561152,-0.0013578347682832463,0.008676134808566984,34.406424386160715,41.912708021703,-11.872021097338347,-9.772704852440821,448734499,9921212340072,-0.035282831403624204,-13207813305,193834692237,-47770120168,-6441943082,5995.5400390625,39500.37109375,23553.890625,1372.0799560546875,105.0,14.9399995803833,29825.182,21452.2,4.3,4.18,316.528,4.2,563912300000000.0,118.84768138617,3.049,2.889,0.1200000000000001,0.16000009,0
2024-11-11,2531.659912109375,2562.050048828125,2525.56005859375,2562.050048828125,-0.011514355410196075,-0.011581158894919895,0.008610308168023653,34.122855050223215,42.65833152746812,-14.52750934955975,-10.723665751864607,572196827,11290168186878,0.27513446876746595,-481702712984,-220728871329,-17545700228,71860171483,6001.35009765625,39533.3203125,23529.640625,1397.199951171875,105.54000091552734,14.970000267028809,29825.182,21452.2,4.3,4.18,316.528,4.2,563912300000000.0,118.84768138617,3.038,2.901,0.1200000000000001,0.13700008,0
2024-11-12,2482.570068359375,2532.43994140625,2481.530029296875,2527.93994140625,-0.019390378429264832,-0.019580837891118363,0.009364631654845702,34.875697544642854,29.540250192248777,-20.358463358000336,-12.650625273091752,735812780,12848018036593,0.28594348182220863,-306357985372,-26351345295,-87729325236,164830037963,5983.990234375,39376.08984375,22981.76953125,1400.550048828125,106.0199966430664,14.710000038146973,29825.182,21452.2,4.43,4.29,316.528,4.2,563912300000000.0,118.84768138617,3.014,2.9,0.13999999999999968,0.11399984,0
2024-11-13,2417.080078125,2478.8701171875,2415.77001953125,2468.27001953125,-0.02637991614780666,-0.0267341090784921,0.010715321156062448,38.11427525111607,25.379153678687103,-29.919142062990886,-16.10432863107158,619176261,11208360429193,-0.15851385321141065,-630824890951,69869273798,-32997618165,25758571687,5985.3798828125,38721.66015625,22860.23046875,1406.6500244140625,106.4800033569336,14.020000457763672,29825.182,21452.2,4.44,4.25,316.528,4.2,563912300000000.0,118.84768138617,3.067,2.939,0.1900000000000004,0.12800002,1
2024-11-14,2418.860107421875,2441.429931640625,2410.929931640625,2430.260009765625,0.0007364378669059146,0.0007361668295999353,0.010737645503457316,37.84498814174107,25.27592433090507,-36.92674677896821,-20.268812260650908,639989952,13017388247182,0.03361513079714151,-233309824306,-31985934413,96935139213,177648751466,5949.169921875,38535.69921875,22715.380859375,1399.0,106.66999816894531,14.3100004196167,29825.182,21452.2,4.43,4.3,316.528,4.2,563912300000000.0,118.84768138617,3.074,2.929,0.1299999999999999,0.14499998,0
2024-11-15,2416.860107421875,2433.179931640625,2390.56005859375,2413.050048828125,-0.0008268357454254138,-0.0008271777626414061,0.010744485445757955,38.7685546875,17.97398111351879,-42.15576190654019,-24.646202189828767,623327161,12365758546178,-0.026036019703009283,-59478559825,-96392962924,7134765771,103831072255,5870.6201171875,38642.91015625,22742.76953125,1400.8299560546875,106.69000244140625,16.139999389648438,29825.182,21452.2,4.43,4.27,316.528,4.2,563912300000000.0,118.84768138617,3.084,2.941,0.16000000000000014,0.14300013,1
2024-11-18,2469.070068359375,2480.010009765625,2437.530029296875,2440.31005859375,0.021602392615596377,0.021372367761245924,0.012004829384376386,41.712123325892854,28.883746532028738,-41.607263918523586,-28.038414535567732,443925881,10621301146512,-0.28781239006525494,-52987299865,-73025632748,14864147688,43784358580,5893.6201171875,38220.8515625,22546.5390625,1394.3499755859375,106.27999877929688,15.579999923706055,29825.182,21452.2,4.42,4.25,316.528,4.2,563912300000000.0,118.84768138617,3.063,2.915,0.16999999999999993,0.148,1
2024-11-19,2471.949951171875,2479.389892578125,2465.14990234375,2469.1298828125,0.0011663835908932718,0.0011657038940262278,0.011768406083480532,40.520682198660715,31.597338224416035,-40.47363793240174,-30.525459214934536,410856127,9085861075487,-0.0744938635375485,-329956823604,120453184433,27971023145,319487650799,5916.97998046875,38414.4296875,22848.80078125,1389.5,106.20999908447266,16.350000381469727,29825.182,21452.2,4.39,4.24,316.528,4.2,563912300000000.0,118.84768138617,3.036,2.889,0.14999999999999947,0.14700007,1
2024-11-20,2482.2900390625,2489.14990234375,2471.7900390625,2475.760009765625,0.0041829681404848,0.004174243849744386,0.011456453242948856,38.8013916015625,37.84156782808034,-38.299381069579795,-32.08024358586359,408789732,7820084740597,-0.005029485662264466,-182317438969,-32152100370,24153633173,181000588722,5917.10986328125,38352.33984375,22688.359375,1392.1600341796875,106.68000030517578,17.15999984741211,29825.182,21452.2,4.41,4.26,316.528,4.2,563912300000000.0,118.84768138617,3.017,2.873,0.15000000000000036,0.14400005,0
2024-11-21,2480.6298828125,2496.969970703125,2474.6201171875,2474.6201171875,-0.0006688002706674023,-0.0006690240173352081,0.011403220597073166,38.793526785714285,39.41560556347656,-36.29187740418229,-32.922570349527334,451118534,8356409257842,0.10354663702756595,-259260058166,-288550286,14389628978,300695947782,5948.7099609375,38026.171875,22555.66015625,1397.6199951171875,106.97000122070312,16.8700008392334,29825.182,21452.2,4.43,4.3,316.528,4.2,563912300000000.0,118.84768138617,2.978,2.829,0.1299999999999999,0.14899993,1
2024-11-22,2501.239990234375,2511.22998046875,2492.2099609375,2493.419921875,0.008308416972913069,0.008274092069300926,0.011618920586940213,37.649972098214285,33.48518022166704,-32.661353115255224,-32.870326902672915,543517791,8017171405214,0.20482256887277428,117541103843,171518671341,49241716550,82570042348,5969.33984375,38283.8515625,22904.3203125,1399.5999755859375,107.48999786376953,15.239999771118164,29825.182,21452.2,4.41,4.32,316.528,4.2,563912300000000.0,118.84768138617,2.976,2.816,0.08999999999999986,0.16000009,1
2024-11-25,2534.340087890625,2541.760009765625,2517.97998046875,2524.110107421875,0.01323347531043928,0.01314667779269147,0.011738027196472706,38.807826450892854,42.579056980651536,-26.804252470551546,-31.657112016248643,564692445,13495227553966,0.038958529694200994,-74748556334,435726389515,-11709771039,54485875472,5987.3701171875,38780.140625,22948.369140625,1403.510009765625,106.81999969482422,14.600000381469727,29825.182,21452.2,4.27,4.21,316.528,4.2,563912300000000.0,118.84768138617,2.92,2.773,0.05999999999999961,0.14700007,0
2024-11-26,2520.360107421875,2526.6201171875,2512.2099609375,2521.389892578125,-0.005516221179449388,-0.005531491710474927,0.011739115440671662,36.909266880580354,42.48861447657191,-23.025106504594987,-29.930710913917913,441708781,8709923196814,-0.21778875401812747,-68993373953,-232966094369,-76133135952,71949430369,6021.6298828125,38442.0,22678.759765625,1395.56005859375,107.01000213623047,14.100000381469727,29825.182,21452.2,4.3,4.21,316.528,4.2,563912300000000.0,118.84768138617,2.903,2.773,0.08999999999999986,0.13000011,0
2024-11-27,2503.06005859375,2526.320068359375,2498.320068359375,2518.820068359375,-0.006864117860451935,-0.006887784279020056,0.011674138609808787,36.0999755859375,39.853697552560085,-21.181903657105067,-28.180949462555347,414339138,8586048743292,-0.06196309463904459,-334901892865,142961374664,-66310527177,201213816091,5998.740234375,38134.96875,22334.779296875,1395.27001953125,106.08000183105469,14.100000381469727,29825.182,21452.2,4.25,4.17,316.528,4.2,563912300000000.0,118.84768138617,2.88,2.741,0.08000000000000007,0.13900018,1
2024-11-28,2504.669921875,2513.6298828125,2495.639892578125,2499.68994140625,0.0006431580719459262,0.0006429513344316897,0.011283072585120495,34.547119140625,40.63474611127125,-19.367987504503617,-26.418357070945,342571105,7572752629681,-0.17321084690773292,-491859100546,280865845785,-32204512507,85666024663,5998.740234375,38349.05859375,22298.900390625,1388.469970703125,106.08000183105469,14.100000381469727,29825.182,21452.2,4.25,4.17,316.528,4.2,563912300000000.0,118.84768138617,2.788,2.638,0.08000000000000007,0.1500001,0
2024-11-29,2455.909912109375,2496.929931640625,2446.9599609375,2496.929931640625,-0.019467638965027012,-0.01965962926521306,0.012002062731389025,36.062831333705354,38.19394872903219,-21.615797708077025,-25.45784519837141,384278001,9106481521439,0.12174668380160081,-749351188353,99435592904,-40090877675,10157082431,6032.3798828125,38208.03125,22262.5,1393.300048828125,105.73999786376953,13.510000228881836,29825.182,21452.2,4.18,4.1,316.528,4.2,563912300000000.0,118.84768138617,2.751,2.607,0.08000000000000007,0.14399981,0
2024-12-02,2454.47998046875,2483.2900390625,2448.449951171875,2479.02001953125,-0.0005822410804136036,-0.0005824106485743582,0.011061519252923799,34.914986746651785,44.858123224138225,-23.244637312315717,-25.015203621160275,328109545,7591739683478,-0.14616620221254872,-130920289410,426966125180,-20717896897,-8074264978,6047.14990234375,38513.01953125,22736.9296875,1399.8599853515625,106.44999694824219,13.34000015258789,29825.182,21485.9,4.19,4.11,317.604,4.1,563912300000000.0,118.84768138617,2.697,2.567,0.08000000000000007,0.13000011,1
2024-12-03,2500.10009765625,2500.669921875,2471.550048828125,2472.06005859375,0.018586469456062682,0.018415851908771267,0.01200560730001542,33.442836216517854,66.38896278902988,-20.61668591820262,-24.135500080568747,324137730,9145172832624,-0.012105149211675603,565500381091,244015246982,-4024994759,-318937050,6049.8798828125,39248.859375,23027.4609375,1401.06005859375,106.37000274658203,13.300000190734863,29825.182,21485.9,4.23,4.13,317.604,4.1,563912300000000.0,118.84768138617,2.713,2.585,0.10000000000000053,0.12800002,0
2024-12-04,2464.0,2483.0400390625,2442.4599609375,2450.760009765625,-0.014439460920021796,-0.014544724463839894,0.012333995916334623,35.381417410714285,57.84767714393159,-21.2025815231068,-23.54891636907636,670284268,13296925007005,1.0678995561547246,-407121454238,24347148909,-77409636642,111981588236,6086.490234375,39276.390625,23255.330078125,1411.6700439453125,106.33999633789062,13.449999809265137,29825.182,21485.9,4.19,4.09,317.604,4.1,563912300000000.0,118.84768138617,2.765,2.626,0.10000000000000053,0.13900018,0
2024-12-05,2441.85009765625,2471.449951171875,2434.780029296875,2471.449951171875,-0.00898940841872975,-0.009030056938051732,0.012417753386665197,34.9564208984375,54.06010892114126,-23.186935457240907,-23.47652018670927,519351593,9720715707167,-0.22517711097465287,-317368769486,-4639211800,-58486425942,157457069756,6075.10986328125,39395.6015625,23267.939453125,1410.800048828125,105.70999908447266,13.539999961853027,29825.182,21485.9,4.17,4.1,317.604,4.1,563912300000000.0,118.84768138617,2.738,2.603,0.07000000000000028,0.13499999,0
2024-12-06,2428.159912109375,2459.239990234375,2397.72998046875,2451.60009765625,-0.005606480741801145,-0.0056222560452088115,0.012434560689175379,34.839285714285715,42.40239107409718,-25.56948470331008,-23.895113090029433,630408602,10726880321289,0.21383781333660035,-284114671292,470508289470,-2680002790,344514468553,6090.27001953125,39091.171875,23193.26953125,1399.989990234375,105.97000122070312,12.770000457763672,29825.182,21485.9,4.15,4.05,317.604,4.1,563912300000000.0,118.84768138617,2.744,2.62,0.10000000000000053,0.12400007,0
2024-12-09,2360.580078125,2399.52001953125,2360.179931640625,2392.3701171875,-0.027831706489902297,-0.028226348037658666,0.013568038239557725,38.6778564453125,33.32438939331573,-32.53574810906002,-25.623240093835552,591644435,10004534867179,-0.06149054260525466,102683814372,490092984663,-32970450079,228329146264,6052.85009765625,39160.5,23273.25,1424.219970703125,106.1500015258789,14.1899995803833,29825.182,21485.9,4.2,4.09,317.604,4.1,563912300000000.0,118.84768138617,2.677,2.579,0.11000000000000032,0.09800005,1
2024-12-10,2417.840087890625,2419.06005859375,2384.510009765625,2384.510009765625,0.02425675379379899,0.023967231315023728,0.014324500645494235,41.61500767299107,41.53867751991554,-33.05511896577718,-27.10961586822388,598770280,9303804224973,0.012044134244244109,-104694432233,364528755014,11505853560,20341073636,6034.91015625,39367.578125,23125.080078125,1426.5999755859375,106.4000015258789,14.180000305175781,29825.182,21485.9,4.22,4.08,317.604,4.1,563912300000000.0,118.84768138617,2.645,2.524,0.13999999999999968,0.12100005,1
2024-12-11,2442.510009765625,2443.340087890625,2411.3798828125,2412.14990234375,0.010203289290534823,0.010151587125047915,0.013211638522739088,42.301461356026785,45.280559735124484,-31.117365966443685,-27.911165887867842,617716470,7745860519277,0.03164183432751533,-137602911179,170913269638,9212492395,-26820336054,6084.18994140625,39372.23046875,22903.630859375,1433.949951171875,106.70999908447266,13.579999923706055,29825.182,21485.9,4.26,4.09,317.604,4.1,563912300000000.0,118.84768138617,2.692,2.536,0.16999999999999993,0.1559999,1
2024-12-12,2482.1201171875,2487.949951171875,2448.760009765625,2456.6298828125,0.016216968308627733,0.016086877842287385,0.013662853844120866,43.3614501953125,47.739220050403134,-26.084788910902716,-27.54589049247482,664187237,12259144225557,0.07522993032709646,-20895446529,-531546267616,168342655759,387787418198,6051.25,39849.140625,23046.80078125,1429.1500244140625,106.95999908447266,13.920000076293945,29825.182,21485.9,4.32,4.14,317.604,4.1,563912300000000.0,118.84768138617,2.7,2.549,0.1800000000000006,0.15100002,1
2024-12-13,2494.4599609375,2500.320068359375,2470.239990234375,2473.75,0.00497149338766989,0.004959176320362687,0.013676900606932791,42.61574009486607,45.04101697570311,-20.860249107719028,-26.20876221552366,577737398,8849455236945,-0.1301588380265729,-173855549323,-147104375772,-14543519819,260846212030,6051.08984375,39470.44140625,23020.48046875,1427.8599853515625,107.0,13.8100004196167,29825.182,21485.9,4.4,4.21,317.604,4.1,563912300000000.0,118.84768138617,2.676,2.541,0.1900000000000004,0.13500023,0
2024-12-16,2488.969970703125,2515.6201171875,2483.429931640625,2511.080078125,-0.002200873263290104,-0.002203298744288293,0.012873650519728934,43.334315708705354,46.01253174182776,-16.967172994488465,-24.360444371316625,526708153,8466421567755,-0.08832602005106827,-433889326275,-60241181602,-54361564808,142276947620,6074.080078125,39457.48828125,23039.900390625,1434.449951171875,106.86000061035156,14.6899995803833,29825.182,21485.9,4.39,4.22,317.604,4.1,563912300000000.0,118.84768138617,2.721,2.553,0.16999999999999993,0.16799998,0
2024-12-17,2456.81005859375,2487.31005859375,2455.050048828125,2487.31005859375,-0.012920972325065838,-0.013005174187676018,0.013214818564878961,43.757167271205354,44.338625730085376,-16.28914711399284,-22.74618491985187,559039721,9284835596090,0.061384217836476074,-702048088822,47947415961,-14850160394,141467543105,6050.60986328125,39364.6796875,23018.009765625,1431.3499755859375,106.95999908447266,15.869999885559082,29825.182,21485.9,4.4,4.22,317.604,4.1,563912300000000.0,118.84768138617,2.79,2.621,0.1800000000000006,0.16899991,1
2024-12-18,2484.429931640625,2492.0,2462.820068359375,2463.06005859375,0.01124216866104999,0.011179445144063568,0.013430920444355513,44.98573521205357,47.67077857238784,-13.369004233922169,-20.87074878266593,441677820,8338565732727,-0.20993481606291797,392377279981,85258693459,-17429787527,100327354911,5872.16015625,39081.7109375,23168.669921875,1436.4200439453125,108.02999877929688,27.6200008392334,29825.182,21485.9,4.5,4.35,317.604,4.1,563912300000000.0,118.84768138617,2.738,2.536,0.15000000000000036,0.2019999,0
2024-12-19,2435.929931640625,2450.050048828125,2423.590087890625,2426.550048828125,-0.019521580939886873,-0.019714643725532194,0.014140510682821676,45.209298270089285,47.69932372408303,-14.79773554744088,-19.656146135620922,504467068,8443749654047,0.14216074513318322,-433846681432,-559085781513,-30465188738,136641701243,5867.080078125,38813.578125,22932.25,1451.5,108.41000366210938,24.09000015258789,29825.182,21485.9,4.57,4.35,317.604,4.1,563912300000000.0,118.84768138617,2.814,2.603,0.22000000000000064,0.21099997,0
2024-12-20,2404.14990234375,2430.68994140625,2389.860107421875,2429.6298828125,-0.013046364299760804,-0.013132215626442506,0.014218750996699147,46.011422293526785,44.58315246694743,-18.28363580197174,-19.381644068891084,617782376,9347347558007,0.22462379645364683,-822426007869,-194850504335,-25239156185,186998265857,5930.85009765625,38701.8984375,22510.25,1437.449951171875,107.62000274658203,18.360000610351562,29825.182,21485.9,4.52,4.32,317.604,4.1,563912300000000.0,118.84768138617,2.873,2.629,0.1999999999999993,0.24399996,1
2024-12-23,2442.010009765625,2446.969970703125,2413.6201171875,2423.360107421875,0.015747814803463767,0.01562510457003404,0.014367541074311875,45.770717075892854,43.641764466009974,-17.786214203611962,-19.06255809583526,428166806,7375539570358,-0.306929393531291,144818363771,391894608673,-39824353595,76991963721,5974.06982421875,39161.33984375,23104.5390625,1445.4200439453125,108.04000091552734,16.780000686645508,29825.182,21485.9,4.59,4.36,317.604,4.1,563912300000000.0,118.84768138617,2.844,2.616,0.22999999999999954,0.22800016,0
2024-12-24,2440.52001953125,2452.85009765625,2432.419921875,2450.550048828125,-0.0006101491101250245,-0.0006103353268438138,0.014343393885099523,43.112862723214285,47.21932771651449,-17.312664147199484,-18.712579306108108,386777917,6740790173171,-0.096665337947753,-6185403456,149345005197,-91045365786,-24738114625,6040.0400390625,39036.8515625,23120.240234375,1442.699951171875,108.26000213623047,14.270000457763672,29825.182,21485.9,4.59,4.36,317.604,4.1,563912300000000.0,118.84768138617,2.876,2.626,0.22999999999999954,0.25,0
2024-12-26,2429.669921875,2449.52001953125,2428.820068359375,2449.52001953125,-0.00444581383042042,-0.004455725849632505,0.014306551948541477,41.97215053013393,48.5178658218492,-17.609888683588906,-18.492041181604268,322800054,6410407187557,-0.1654123986608057,20405643904,206347520236,-1019756878,-6761836838,6037.58984375,39568.05859375,23246.939453125,1457.6099853515625,108.12999725341797,14.729999542236328,29825.182,21485.9,4.58,4.35,317.604,4.1,563912300000000.0,118.84768138617,2.904,2.648,0.23000000000000043,0.25600004,0
2024-12-27,2404.77001953125,2423.860107421875,2388.330078125,2419.4599609375,-0.010248265461727635,-0.010301140496020846,0.014429528420805388,40.531424386160715,47.22940540590563,-19.628391414066755,-18.719311228096764,311291279,6339606976315,-0.035652952523979486,-173913674129,-167118946067,22774506911,82250826237,5970.83984375,40281.16015625,23275.6796875,1466.989990234375,108.0,15.949999809265137,29825.182,21485.9,4.62,4.36,317.604,4.1,563912300000000.0,118.84768138617,2.876,2.634,0.2599999999999998,0.24199986,0
2024-12-30,2399.489990234375,2429.75,2390.43994140625,2397.489990234375,-0.0021956483380910496,-0.0021980623080366793,0.013822508195914877,38.483572823660715,55.4070109466739,-21.40735296830462,-19.256919576138337,303963509,5315451121758,-0.02353991420363566,-120749176406,30920329920,3854726549,18562954107,5906.93994140625,39894.5390625,23190.19921875,1472.800048828125,108.12999725341797,17.399999618530273,29825.182,21485.9,4.55,4.29,317.604,4.1,563912300000000.0,118.84768138617,2.855,2.597,0.2599999999999998,0.25800014,0
2025-01-02,2398.93994140625,2410.989990234375,2386.840087890625,2400.8701171875,-0.00022923572524313762,-0.0002292620037680627,0.013823513156631478,36.031424386160715,46.88219141890798,-22.601046366395167,-19.925744934189705,350691927,6958648750080,0.1537303545209434,-238177921931,-267638420928,9774611646,9159869200,5868.5498046875,39894.5390625,22832.060546875,1473.52001953125,109.38999938964844,17.93000030517578,30042.113,21548.1,4.57,4.29,318.961,4.0,563912300000000.0,118.84768138617,2.749,2.507,0.28000000000000025,0.2420001,1
2025-01-03,2441.919921875,2454.669921875,2402.580078125,2402.580078125,0.017916238638119086,0.01775763442693059,0.013775192412592695,37.72926548549107,49.908203221432665,-19.850112024185364,-19.910618352188838,407536387,8230070287923,0.1620922970376788,284263476147,272000014571,4593747827,40991978215,5942.47021484375,39894.5390625,22908.30078125,1471.6500244140625,108.94999694824219,16.1299991607666,30042.113,21548.1,4.6,4.32,318.961,4.0,563912300000000.0,118.84768138617,2.754,2.482,0.27999999999999936,0.27199984,1
2025-01-06,2488.639892578125,2489.10009765625,2446.820068359375,2453.300048828125,0.019132474527359333,0.018951750233685914,0.014096944715911473,37.853567940848215,50.992295727536145,-13.741660252413567,-18.676826732233785,302760981,8142307849602,-0.25709460392306027,370467928397,-30739910350,19649537894,39986219397,5975.3798828125,39307.05078125,23547.7109375,1465.530029296875,108.26000213623047,16.040000915527344,30042.113,21548.1,4.62,4.3,318.961,4.0,563912300000000.0,118.84768138617,2.817,2.524,0.3200000000000003,0.29299998,1
2025-01-07,2492.10009765625,2521.860107421875,2492.090087890625,2513.489990234375,0.001390400068906894,0.0013894343577773255,0.013917701285048266,38.07786342075893,49.63085623328236,-8.523208342343423,-16.646103054255715,407692929,9405964049041,0.34658345885066355,162943070323,-149516816244,-5172925695,96854973661,5909.02978515625,40083.30078125,23651.26953125,1459.449951171875,108.54000091552734,17.81999969482422,30042.113,21548.1,4.67,4.33,318.961,4.0,563912300000000.0,118.84768138617,2.794,2.508,0.33999999999999986,0.286,1
2025-01-08,2521.050048828125,2526.77001953125,2481.25,2481.25,0.011616688751427517,0.011549733059391377,0.014015798454589732,39.029994419642854,54.67503191403064,-2.0281492498907028,-13.722512293382714,362908922,10391057773317,-0.10984739693633494,222038928890,-109660168441,50831772028,138540031384,5918.25,39981.05859375,23407.330078125,1451.8800048828125,109.08999633789062,17.700000762939453,30042.113,21548.1,4.67,4.31,318.961,4.0,563912300000000.0,118.84768138617,2.796,2.505,0.3600000000000003,0.2909999,1
2025-01-09,2521.89990234375,2535.8701171875,2515.820068359375,2526.10009765625,0.0003371029924694735,0.0003370461860217647,0.012113000823400576,38.03928920200893,60.43808903352304,3.15147965569804,-10.347713903566563,404290371,11524453907612,0.11402709189938287,750956593550,-531971556086,87469936064,25261924759,5918.25,39605.08984375,23081.130859375,1457.969970703125,109.18000030517578,17.700000762939453,30042.113,21548.1,4.68,4.31,318.961,4.0,563912300000000.0,118.84768138617,2.778,2.5,0.3700000000000001,0.27800012,0
2025-01-10,2515.780029296875,2535.239990234375,2506.2900390625,2528.419921875,-0.0024266914960373587,-0.00242964068399148,0.011142387477293058,37.593575613839285,55.39978873500036,6.685484171657208,-6.941074288521808,377586658,9691007647524,-0.0660508261276398,-3813706835,-484759706338,-63878133168,264348170123,5827.0400390625,39190.3984375,23011.859375,1455.22998046875,109.6500015258789,19.540000915527344,30042.113,21548.1,4.77,4.46,318.961,4.0,563912300000000.0,118.84768138617,2.837,2.561,0.3099999999999996,0.27599978,0
2025-01-13,2489.56005859375,2513.929931640625,2483.72998046875,2508.14990234375,-0.01042220321243792,-0.01047689470814692,0.011300324257469923,35.537161690848215,60.00524700551756,7.286481680245743,-4.0955630947682975,578565446,9049053425756,0.5322719533167404,-874307907172,-99274778032,-14359968392,259299892503,5836.22021484375,39190.3984375,22488.330078125,1472.25,109.95999908447266,19.190000534057617,30042.113,21548.1,4.79,4.49,318.961,4.0,563912300000000.0,118.84768138617,2.871,2.664,0.2999999999999998,0.20700002,1
2025-01-14,2497.39990234375,2504.889892578125,2482.739990234375,2501.489990234375,0.003149088017755375,0.0031441400251383316,0.01074505024040117,33.82859584263393,69.10313991057407,8.299712486915269,-1.6165079784315841,414487640,8199244671041,-0.2835942020637022,-296463429698,-53550157072,-20838579147,56996888787,5842.91015625,38474.30078125,22797.51953125,1458.8900146484375,109.2699966430664,18.709999084472656,30042.113,21548.1,4.78,4.46,318.961,4.0,563912300000000.0,118.84768138617,2.841,2.646,0.3200000000000003,0.19500017,0
2025-01-15,2496.81005859375,2524.360107421875,2493.10009765625,2511.070068359375,-0.00023618313969120397,-0.00023621103532134598,0.01068931389169011,33.002877371651785,63.24955640215288,8.951917606249935,0.4971771385047199,538534310,9176243659173,0.29927712681613383,56761084835,-209699835349,-25951915330,38649159979,5949.91015625,38444.578125,22514.5703125,1460.43994140625,109.08999633789062,16.1200008392334,30042.113,21548.1,4.66,4.34,318.961,4.0,563912300000000.0,118.84768138617,2.86,2.675,0.3200000000000003,0.18499994,1
2025-01-16,2527.489990234375,2534.010009765625,2519.860107421875,2528.27001953125,0.012287651411459155,0.012212771001746218,0.011010797948141528,34.200718470982146,68.42666092841706,11.80829032228803,2.7593997752613824,451062578,9432261340912,-0.16242555093657818,626312550045,22148124041,-30806046569,75671702975,5937.33984375,38572.6015625,23025.099609375,1437.219970703125,108.95999908447266,16.600000381469727,30042.113,21548.1,4.61,4.29,318.961,4.0,563912300000000.0,118.84768138617,2.802,2.626,0.3200000000000003,0.17600012,0
2025-01-17,2523.550048828125,2528.47998046875,2513.840087890625,2520.85009765625,-0.0015588356121974956,-0.0015600518605489134,0.010544862271832087,33.767857142857146,70.49074452019536,13.597324442648187,4.926984708738743,445884915,10011839897387,-0.011478813035117219,-233805998193,-119264693103,-41340992900,131439500314,5996.66015625,38451.4609375,23148.080078125,1453.3199462890625,109.3499984741211,15.970000267028809,30042.113,21548.1,4.61,4.33,318.961,4.0,563912300000000.0,118.84768138617,2.813,2.588,0.28000000000000025,0.2249999,0
2025-01-20,2520.050048828125,2536.719970703125,2516.280029296875,2533.679931640625,-0.0013869350447894835,-0.0013878977294223735,0.01029926348881746,32.27500697544643,77.75431873086033,14.564831808256258,6.854554128642247,437546001,8663518721587,-0.018701942405923266,-418480930745,40430285207,-22965953321,73572891647,5996.66015625,38902.5,23266.8203125,1457.3800048828125,109.3499984741211,15.970000267028809,30042.113,21548.1,4.61,4.33,318.961,4.0,563912300000000.0,118.84768138617,2.868,2.623,0.28000000000000025,0.24500012,0
2025-01-21,2518.030029296875,2548.43994140625,2507.949951171875,2533.22998046875,-0.0008015791322039112,-0.0008019005685390882,0.009126565381058263,32.359287806919646,78.9943174625165,14.995728251088622,8.482788953131521,572011300,9323573978039,0.30731694197337656,-172883954122,55132666853,-32883396384,58850508084,6049.240234375,39027.98046875,23300.009765625,1435.530029296875,108.05999755859375,15.0600004196167,30042.113,21548.1,4.57,4.33,318.961,4.0,563912300000000.0,118.84768138617,2.818,2.579,0.2400000000000002,0.23900008,1
2025-01-22,2547.06005859375,2552.570068359375,2526.889892578125,2535.800048828125,0.011528865406335687,0.011462914446695411,0.008674701273368324,33.1014404296875,81.79916054828524,17.478219502048887,10.281875062914995,583737394,11074514904158,0.020499759357900826,350745580930,294905800290,13915740457,88094425479,6086.3701171875,39646.25,23525.41015625,1425.7900390625,108.16999816894531,15.100000381469727,30042.113,21548.1,4.6,4.34,318.961,4.0,563912300000000.0,118.84768138617,2.827,2.577,0.2599999999999998,0.25,0
2025-01-23,2515.489990234375,2541.60009765625,2515.489990234375,2541.239990234375,-0.012394709050090102,-0.01247216414402358,0.008777782241063323,31.375732421875,66.60802604877973,16.70559927966542,11.566619906265082,609742131,9907820760947,0.04454869135897788,-619576365599,-244685119458,-66489426772,150406685054,6118.7099609375,39958.87109375,23525.41015625,1434.3399658203125,108.05000305175781,15.020000457763672,30042.113,21548.1,4.65,4.35,318.961,4.0,563912300000000.0,118.84768138617,2.837,2.578,0.3000000000000007,0.25899982,1
2025-01-24,2536.800048828125,2542.830078125,2522.639892578125,2529.2900390625,0.0084715338468766,0.008435851783594898,0.00889654196906535,29.958583286830358,62.280767286482345,17.609840539924335,12.775264032996933,602014660,10179284029760,-0.012673342724942804,273367287682,-15733717469,5258832601,65057805446,6101.240234375,39931.98046875,23525.41015625,1433.9300537109375,107.44000244140625,14.850000381469727,30042.113,21548.1,4.63,4.33,318.961,4.0,563912300000000.0,118.84768138617,2.859,2.57,0.2999999999999998,0.28900003,0
2025-01-31,2517.3701171875,2537.97998046875,2496.949951171875,2534.330078125,-0.0076592286607691795,-0.007688711191384755,0.009046866482938277,30.516427176339285,55.958524167754675,16.56764366947982,13.533739960293511,454403356,13759431159982,-0.24519553062046695,-1175587454160,297700162881,8458144968,35463492151,6040.52978515625,39572.48828125,23525.41015625,1441.6600341796875,108.37000274658203,16.43000030517578,30042.113,21548.1,4.58,4.27,318.961,4.0,563912300000000.0,118.84768138617,2.859,2.573,0.3100000000000005,0.286,0
2025-02-03,2453.949951171875,2468.739990234375,2437.610107421875,2468.739990234375,-0.025193024093922434,-0.025515801013280142,0.01061872368514627,32.96214076450893,36.390510862159125,10.503144061252897,12.92762078048539,522848036,11649962821524,0.15062538402555292,-870658808784,-450580302545,-51138860199,209651399343,5994.56982421875,38520.08984375,22694.7109375,1456.780029296875,108.98999786376953,18.6200008392334,30042.113,21613.5,4.54,4.28,319.679,4.2,563912300000000.0,118.84768138617,2.835,2.572,0.2599999999999998,0.263,1
2025-02-04,2481.68994140625,2508.35009765625,2471.6298828125,2481.43994140625,0.011304220047816393,0.0112408048113941,0.010828024227202292,35.415719168526785,42.646572954747185,7.844938243745673,11.911084273137446,479377343,11000937680837,-0.08314211779883207,77245571545,11570047283,-54871642961,138729974005,6037.8798828125,38798.37109375,22793.9609375,1459.050048828125,107.95999908447266,17.209999084472656,30042.113,21613.5,4.52,4.25,319.679,4.2,563912300000000.0,118.84768138617,2.844,2.584,0.2699999999999996,0.26,1
2025-02-05,2509.27001953125,2514.7099609375,2498.739990234375,2503.93994140625,0.01111342624428402,0.011052125876112663,0.01101532375291013,35.70643833705357,48.89612158435221,7.873017544915456,11.10347092749305,437344153,9949594557748,-0.08768288825865511,65594890099,27625408313,-20727305064,90759040565,6061.47998046875,38831.48046875,23161.580078125,1450.1600341796875,107.58000183105469,15.770000457763672,30042.113,21613.5,4.43,4.19,319.679,4.2,563912300000000.0,118.84768138617,2.818,2.578,0.23999999999999932,0.24000001,1
2025-02-06,2536.75,2536.75,2515.340087890625,2521.820068359375,0.010951384368703243,0.010891852204292495,0.010605916049971105,35.3800048828125,57.96777767884525,9.997431193824468,10.882262980759332,479697230,11863047995673,0.09684153019875863,355589916592,140353323355,-14760411027,47082490535,6083.56982421875,39066.53125,23316.599609375,1443.8900146484375,107.69000244140625,15.5,30042.113,21613.5,4.45,4.23,319.679,4.2,563912300000000.0,118.84768138617,2.796,2.582,0.21999999999999975,0.21399999,0
2025-02-07,2521.919921875,2537.6298828125,2519.010009765625,2532.090087890625,-0.005846093673006814,-0.005863248972289575,0.009937134852719284,35.127859933035715,54.04460445561301,10.36490082680075,10.778790549967615,419872051,10240140504999,-0.12471445582456253,-239953778114,-179586951627,-61806450434,122428231580,6025.990234375,38787.01953125,23478.26953125,1442.1500244140625,108.04000091552734,16.540000915527344,30042.113,21613.5,4.49,4.31,319.679,4.2,563912300000000.0,118.84768138617,2.836,2.635,0.1800000000000006,0.20099998,0
2025-02-10,2521.27001953125,2527.330078125,2499.179931640625,2510.639892578125,-0.0002577014195069838,-0.0002577346302235468,0.009937633674328651,34.905726841517854,54.03389846886762,10.482841795850163,10.719600799144125,393563727,10582465784194,-0.0626579548158589,-277002969463,182690426660,-35325072274,184842141637,6066.43994140625,38801.171875,23252.140625,1450.6199951171875,108.31999969482422,15.8100004196167,30042.113,21613.5,4.51,4.3,319.679,4.2,563912300000000.0,118.84768138617,2.83,2.638,0.20999999999999996,0.19199991,1
2025-02-11,2539.050048828125,2549.43994140625,2527.739990234375,2532.8701171875,0.007052013135895985,0.007027263977400462,0.009724090963631997,34.26072474888393,51.99118914572728,11.874133019831788,10.950507243281658,451092989,11023156462010,0.14617521395715416,140804771917,190385091111,-33982381205,58670737259,6068.5,38801.171875,23384.05078125,1453.2099609375,107.95999908447266,16.020000457763672,30042.113,21613.5,4.54,4.28,319.679,4.2,563912300000000.0,118.84768138617,2.849,2.633,0.2599999999999998,0.21600008,1
2025-02-12,2548.389892578125,2549.580078125,2528.739990234375,2534.7099609375,0.003678479577159388,0.003671730516949462,0.009752301993910539,34.70359584263393,54.20045809367636,13.57391700705557,11.47518919603644,464894178,13668983788526,0.03059499778658714,370608431762,52557311052,-29088098916,10160252896,6051.97021484375,38963.69921875,23289.75,1450.75,107.94000244140625,15.890000343322754,30042.113,21613.5,4.62,4.37,319.679,4.2,563912300000000.0,118.84768138617,2.879,2.651,0.25,0.22799993,1
2025-02-13,2583.169921875,2583.739990234375,2555.97998046875,2558.949951171875,0.013647844624626648,0.013555551579118613,0.010144769851692544,35.768607003348215,59.65253141919716,17.525443356830692,12.685240028195292,680341736,17104156094956,0.46343354723620567,-113368166295,371276033746,65668200903,68302874736,6115.06982421875,39461.46875,23399.41015625,1452.1199951171875,107.30999755859375,15.100000381469727,30042.113,21613.5,4.52,4.31,319.679,4.2,563912300000000.0,118.84768138617,2.872,2.631,0.20999999999999996,0.24099994,1
2025-02-14,2591.050048828125,2600.570068359375,2582.840087890625,2588.199951171875,0.0030505646904579464,0.0030459211591908337,0.009760373692459938,34.142892020089285,60.969886270275346,21.05026252334983,14.358244527226201,499364641,13917625961701,-0.26600910310755943,-320363283217,271842713821,-59623833723,176009312830,6114.6298828125,39149.4296875,23152.609375,1438.739990234375,106.56999969482422,14.770000457763672,30042.113,21613.5,4.47,4.26,319.679,4.2,563912300000000.0,118.84768138617,2.846,2.611,0.20999999999999996,0.2349999,1
2025-02-17,2610.419921875,2612.800048828125,2592.570068359375,2595.989990234375,0.007475684638216684,0.007447880193335424,0.009834139376544376,33.229317801339285,59.80316757122654,25.117159007714235,16.51002742332381,366339998,11017333473620,-0.26638778975942756,-223522947529,263450060744,-37806070744,82783939271,6114.6298828125,39174.25,23505.330078125,1432.5999755859375,106.56999969482422,14.770000457763672,30042.113,21613.5,4.47,4.26,319.679,4.2,563912300000000.0,118.84768138617,2.869,2.623,0.20999999999999996,0.24600005,1
2025-02-18,2626.81005859375,2628.469970703125,2605.14990234375,2613.25,0.006278735685934178,0.0062591065462997515,0.00985622410756644,32.64003208705357,68.07260003472092,29.32471378063292,19.072964694785632,421993118,12618242477587,0.1519165810553944,18935648626,100158481502,-18134673779,120954696883,6129.580078125,39270.3984375,23666.109375,1441.2900390625,107.05000305175781,15.350000381469727,30042.113,21613.5,4.55,4.33,319.679,4.2,563912300000000.0,118.84768138617,2.878,2.641,0.21999999999999975,0.23699999,1
2025-02-19,2671.52001953125,2680.699951171875,2633.909912109375,2633.909912109375,0.017020629562167544,0.016877401582586035,0.010148085033544325,34.536446707589285,70.3271046972261,35.85365285094622,22.42910232601775,525798791,14851621874895,0.2459890187119118,395643678129,659810167894,64551134535,67712126648,6144.14990234375,39164.609375,23604.080078125,1440.0799560546875,107.16999816894531,15.270000457763672,30042.113,21613.5,4.53,4.3,319.679,4.2,563912300000000.0,118.84768138617,2.873,2.63,0.23000000000000043,0.24299979,0
2025-02-20,2654.06005859375,2667.590087890625,2645.530029296875,2661.719970703125,-0.006535590528931712,-0.006557041012845759,0.010320381617832816,33.462158203125,70.74768169905964,39.167512471124155,25.77678435503903,529303324,14551190986281,0.006665159867208503,-288399183537,-8960609712,-81417208164,80847797720,6117.52001953125,38678.0390625,23487.4609375,1439.97998046875,106.33999633789062,15.65999984741211,30042.113,21613.5,4.5,4.27,319.679,4.2,563912300000000.0,118.84768138617,2.888,2.628,0.23000000000000043,0.26,1
2025-02-21,2654.580078125,2656.0400390625,2638.43994140625,2653.760009765625,0.00019593359598868432,0.0001959144035085926,0.010294852464371328,29.022164481026785,87.64026107866712,41.3589708544273,28.893221654916687,444704240,11381060470064,-0.15983100835391695,-216251303694,61015463799,-8634276479,74306429095,6013.1298828125,38776.94140625,23730.25,1431.699951171875,106.61000061035156,18.209999084472656,30042.113,21613.5,4.42,4.19,319.679,4.2,563912300000000.0,118.84768138617,2.856,2.618,0.22999999999999954,0.23799992,0
2025-02-24,2645.27001953125,2645.27001953125,2626.8798828125,2636.1201171875,-0.0035071681093629126,-0.003513332641022882,0.010359664102125146,27.115025111607142,82.96920884605998,41.861915388232774,31.486960401579907,536354114,10802085081805,0.2060917476298405,-200116208520,-91866448407,-7354978147,17820189902,5983.25,38776.94140625,23565.310546875,1434.2900390625,106.5999984741211,18.979999542236328,30042.113,21613.5,4.4,4.17,319.679,4.2,563912300000000.0,118.84768138617,2.825,2.61,0.23000000000000043,0.21500015,0
2025-02-25,2630.2900390625,2641.489990234375,2617.1201171875,2617.639892578125,-0.005662930573493763,-0.005679025757535821,0.010284874391944884,26.767159598214285,75.69645608309159,40.58391718913981,33.30635175909189,410284831,10508475591510,-0.23504859888144725,-320603784686,-92082269066,-39077070571,13822369897,5955.25,38237.7890625,23285.720703125,1428.6500244140625,106.30999755859375,19.43000030517578,30042.113,21613.5,4.3,4.08,319.679,4.2,563912300000000.0,118.84768138617,2.797,2.596,0.21999999999999975,0.20099998,1
2025-02-26,2641.090087890625,2648.06005859375,2620.159912109375,2629.860107421875,0.0041060296270498675,0.004097622891746708,0.009744155769023124,26.797171456473215,73.8437076338561,39.98168412270252,34.641418231814015,386762622,11218719900855,-0.05733141277163134,-322079848680,174246154437,-3608597829,57404901317,5956.06005859375,38142.37109375,23402.55078125,1429.5,106.41999816894531,19.100000381469727,30042.113,21613.5,4.25,4.04,319.679,4.2,563912300000000.0,118.84768138617,2.752,2.591,0.20999999999999996,0.16100001,0
2025-02-27,2621.75,2638.469970703125,2610.469970703125,2637.6298828125,-0.007322767208623127,-0.007349710280896148,0.009871095737821344,27.654331752232142,72.35234694613843,37.51141833723659,35.21541825289853,513909805,10802121046832,0.3287473394985929,-178554727804,-343067576358,20023507006,45851879957,5861.56982421875,38256.171875,23053.1796875,1434.4200439453125,107.23999786376953,21.1299991607666,30042.113,21613.5,4.29,4.05,319.679,4.2,563912300000000.0,118.84768138617,2.754,2.592,0.2400000000000002,0.16199994,0
2025-02-28,2532.780029296875,2586.780029296875,2531.239990234375,2585.610107421875,-0.033935337352198,-0.03452450845110317,0.012641916020716557,32.108607700892854,51.84674214238541,28.051224764474227,33.78257955521367,588571521,15637224696362,0.14528175036473567,-1556162589217,-518474998164,-83318129055,5940831420,5954.5,37155.5,23053.1796875,1449.8599853515625,107.61000061035156,19.6299991607666,30042.113,21613.5,4.24,3.99,319.679,4.2,563912300000000.0,118.84768138617,2.706,2.566,0.25,0.1400001,0
2025-03-04,2528.919921875,2548.780029296875,2513.31005859375,2522.199951171875,-0.0015240594829495357,-0.001525222042960534,0.011108068840803554,32.630039760044646,48.298659773777885,20.011791318946962,31.028421907960333,484081351,13115384134880,-0.17753181435362042,-194497716857,-263315706770,728396200,51526216282,5778.14990234375,37331.1796875,22596.880859375,1457.9300537109375,105.73999786376953,23.510000228881836,30042.113,21693.6,4.22,3.94,319.785,4.2,563912300000000.0,118.84768138617,2.703,2.541,0.2799999999999998,0.16200018,1
2025-03-05,2558.1298828125,2561.469970703125,2535.179931640625,2548.449951171875,0.011550370055151138,0.011484173771035572,0.011119423234440871,33.466465541294646,51.53346878750071,15.815174633630704,27.98577245309441,569412248,13021641663686,0.17627387798295913,-226478200361,-210132871638,97648839135,70907237311,5842.6298828125,37418.23828125,22871.900390625,1452.8499755859375,105.73999786376953,21.93000030517578,30042.113,21693.6,4.28,4.01,319.785,4.2,563912300000000.0,118.84768138617,2.773,2.565,0.27000000000000046,0.20799994,1
2025-03-06,2576.159912109375,2583.64990234375,2565.570068359375,2573.550048828125,0.00704812895467688,0.007023406988229032,0.01097312250063902,32.764317103794646,48.83488976230339,13.785290113164137,25.145675985108355,609615704,11319665264837,0.07060518304832808,137481487402,69495382199,35205731675,-550366428,5738.52001953125,37704.9296875,22715.4296875,1443.030029296875,104.05999755859375,24.8700008392334,30042.113,21693.6,4.29,3.98,319.785,4.2,563912300000000.0,118.84768138617,2.806,2.594,0.31000000000000005,0.2119999,0
2025-03-07,2563.47998046875,2575.47998046875,2541.489990234375,2553.43994140625,-0.004922028163322545,-0.0049341812388628776,0.010815691807408226,33.974312918526785,45.4896350313653,11.026322906558562,22.321805369398398,567191412,12155164964202,-0.06959186208890711,59105655053,-135930660561,23426058917,46285802840,5770.2001953125,36887.171875,22576.0703125,1446.5,103.83999633789062,23.3700008392334,30042.113,21693.6,4.32,4.01,319.785,4.2,563912300000000.0,118.84768138617,2.773,2.565,0.3100000000000005,0.20799994,1
2025-03-10,2570.389892578125,2579.760009765625,2549.989990234375,2555.39990234375,0.002695520215496794,0.002691893816107572,0.010718518659413229,34.547171456473215,43.17290196323361,9.290300871286945,19.715504469776107,435694828,9881353741270,-0.23183810829632234,-429168455871,74637735766,-5523898450,46122251900,5614.56005859375,37028.26953125,22459.150390625,1446.260009765625,103.91000366210938,27.860000610351562,30042.113,21693.6,4.22,3.91,319.785,4.2,563912300000000.0,118.84768138617,2.801,2.596,0.3099999999999996,0.20500016,0
2025-03-11,2537.60009765625,2547.8798828125,2505.909912109375,2516.68994140625,-0.012756739752421975,-0.01283880563272698,0.011153595746218846,37.48716517857143,35.59130219448295,5.20858713625239,16.814121003071364,399016248,10917540670799,-0.08418410695478806,-1540341821814,-174056910849,-22418295696,-26885014630,5572.06982421875,36793.109375,22071.08984375,1457.030029296875,103.44000244140625,26.920000076293945,30042.113,21693.6,4.28,3.92,319.785,4.2,563912300000000.0,118.84768138617,2.76,2.56,0.3600000000000003,0.20000005,1
2025-03-12,2574.820068359375,2579.68994140625,2541.659912109375,2552.60009765625,0.01466739016029428,0.01456086436684516,0.011513347210654943,36.64430454799107,33.994305429723454,4.920420623454447,14.435380927147982,401644557,12284769101722,0.006586972368102684,379614967742,38789074057,8035847301,-30632355371,5599.2998046875,36819.08984375,22278.359375,1451.02001953125,103.61000061035156,24.229999542236328,30042.113,21693.6,4.32,3.98,319.785,4.2,563912300000000.0,118.84768138617,2.763,2.55,0.3400000000000003,0.21300006,0
2025-03-13,2573.639892578125,2600.070068359375,2561.02001953125,2598.06005859375,-0.0004583527197696835,-0.0004584577954865974,0.01149425430087419,37.57716587611607,35.93069414344497,4.544430893003664,12.45719092031912,427292042,13112911085717,0.06385617470225058,-480857460251,293805448495,147326809941,-46569214601,5521.52001953125,36790.03125,21961.6796875,1448.75,103.83000183105469,24.65999984741211,30042.113,21693.6,4.27,3.93,319.785,4.2,563912300000000.0,118.84768138617,2.77,2.57,0.3399999999999994,0.20000005,0
2025-03-14,2566.360107421875,2576.739990234375,2559.239990234375,2565.179931640625,-0.00282859508715394,-0.0028326031220936884,0.011091105163078374,37.570016043526785,34.922746333423746,3.617340055906425,10.689220747436583,362329393,9941799575184,-0.15203336972046866,-295408817434,50076864432,-53919251663,56115640598,5638.93994140625,37053.1015625,21968.05078125,1453.22998046875,103.72000122070312,21.770000457763672,30042.113,21693.6,4.31,4.0,319.785,4.2,563912300000000.0,118.84768138617,2.813,2.596,0.3099999999999996,0.21700001,1
2025-03-17,2610.68994140625,2610.68994140625,2587.52001953125,2588.320068359375,0.01727342700510892,0.017125937376540258,0.011744068686338134,38.757847377232146,44.72188146070179,6.386046640343011,9.828585926017869,396573940,11995073046698,0.0945121970825038,622329990144,501274955793,-10148042110,28916360145,5675.1201171875,37396.51953125,22118.630859375,1449.050048828125,103.37000274658203,20.510000228881836,30042.113,21693.6,4.31,4.03,319.785,4.2,563912300000000.0,118.84768138617,2.805,2.601,0.27999999999999936,0.204,1
2025-03-18,2612.340087890625,2638.56005859375,2606.909912109375,2627.27001953125,0.0006320729467728103,0.0006318732728023689,0.011626404305993864,39.007864815848215,47.14399918580884,8.61412135749697,9.58569301231369,555526574,12034578631086,0.40081462236273024,443656694237,134022354811,-23530910394,34156166372,5614.66015625,37845.421875,22271.669921875,1442.489990234375,103.23999786376953,21.700000762939453,30042.113,21693.6,4.29,4.01,319.785,4.2,563912300000000.0,118.84768138617,2.788,2.598,0.28000000000000025,0.19000006,1
2025-03-19,2628.6201171875,2642.830078125,2613.47998046875,2613.47998046875,0.006231971622814525,0.00621263319044804,0.011625099819092167,39.19285365513393,48.04992009089708,11.56028911276735,9.980612232404422,653326938,11841495256564,0.17604983915674932,305237154545,270613484683,-7210762242,22957790839,5675.2900390625,37751.87890625,21960.830078125,1448.93994140625,103.43000030517578,19.899999618530273,30042.113,21693.6,4.25,3.95,319.785,4.2,563912300000000.0,118.84768138617,2.811,2.621,0.2999999999999998,0.19000006,1
2025-03-20,2637.10009765625,2650.719970703125,2629.199951171875,2648.159912109375,0.003226019771096933,0.0032208273335888877,0.01096611677330816,38.584263392857146,52.484882976453015,14.41326469502792,10.867142724929122,455019267,11989258245357,-0.3035351207269522,551500529298,124188310758,-38124048864,-2992436037,5662.89013671875,37751.87890625,22377.259765625,1443.3900146484375,103.8499984741211,19.799999237060547,30042.113,21693.6,4.24,3.93,319.785,4.2,563912300000000.0,118.84768138617,2.792,2.598,0.31000000000000005,0.194,1
2025-03-21,2643.1298828125,2645.820068359375,2617.780029296875,2633.89990234375,0.0022865211531444274,0.0022839110416121642,0.010893350659026812,34.122122628348215,74.42130867823563,16.965256748351294,12.086765529613556,497529180,14188127737060,0.09342442415740604,850311733663,-342253263528,-37003018808,13372154676,5667.56005859375,37677.05859375,22209.099609375,1465.8199462890625,104.08999633789062,19.280000686645508,30042.113,21693.6,4.25,3.92,319.785,4.2,563912300000000.0,118.84768138617,2.805,2.597,0.33000000000000007,0.20800018,0
2025-03-24,2632.070068359375,2648.820068359375,2629.3798828125,2636.429931640625,-0.0041843628362887575,-0.004193141780545539,0.010928972304927766,32.977137974330354,72.12296195296456,17.88908006169322,13.24722843602949,372431632,6924064394711,-0.25143761015183064,6151772366,7830685905,-53815461430,4992047134,5767.56982421875,37608.48828125,22106.640625,1464.780029296875,104.26000213623047,17.479999542236328,30042.113,21693.6,4.34,4.01,319.785,4.2,563912300000000.0,118.84768138617,2.816,2.604,0.33000000000000007,0.2119999,0
2025-03-25,2615.81005859375,2654.6298828125,2612.739990234375,2653.0400390625,-0.006177650800823886,-0.006196811438108377,0.010985200525583503,33.64426967075893,63.09846161352059,17.111914299541695,14.020165608731931,439279423,8305059590006,0.17949010034679325,-75211633491,129648256530,-9151729684,-19561119151,5776.64990234375,37780.5390625,22273.189453125,1466.27001953125,104.18000030517578,17.149999618530273,30042.113,21693.6,4.31,3.98,319.785,4.2,563912300000000.0,118.84768138617,2.821,2.612,0.3299999999999996,0.20900011,1
2025-03-26,2643.93994140625,2649.14990234375,2618.050048828125,2628.090087890625,0.01075379411440247,0.010696383293164559,0.011191893006723987,34.202828543526785,64.71693332329683,18.551995430482748,14.926531573082094,507916080,7655330119639,0.1562482861848049,350794646922,240173140754,-7157583100,15570782366,5712.2001953125,38027.2890625,22260.2890625,1462.0899658203125,104.55000305175781,18.329999923706055,30042.113,21693.6,4.35,4.01,319.785,4.2,563912300000000.0,118.84768138617,2.839,2.618,0.33999999999999986,0.22099996,0
2025-03-27,2607.14990234375,2633.030029296875,2603.409912109375,2620.280029296875,-0.013914854299955204,-0.014012573442491277,0.011590485311878243,34.621407645089285,58.58329062609767,16.534027440558475,15.248030746577372,403313562,7676249317680,-0.2059444898850219,88668299283,-117485403632,-88333381166,-25460178838,5693.31005859375,37799.96875,21951.759765625,1465.6800537109375,104.06999969482422,18.690000534057617,30042.113,21693.6,4.38,4.0,319.785,4.2,563912300000000.0,118.84768138617,2.838,2.622,0.3799999999999999,0.21600008,0
2025-03-28,2557.97998046875,2592.6298828125,2549.260009765625,2592.6298828125,-0.018859645097812683,-0.019039756355993386,0.01222376639446616,36.629970005580354,47.90831841655864,10.842189493289425,14.366862495919783,513561475,7150421589957,0.27335533289108693,-642171659484,21673555398,609806807,40065883283,5580.93994140625,37120.328125,21602.890625,1461.8900146484375,104.04000091552734,21.649999618530273,30042.113,21693.6,4.27,3.91,319.785,4.2,563912300000000.0,118.84768138617,2.842,2.629,0.35999999999999943,0.21300006,0
2025-03-31,2481.1201171875,2514.219970703125,2479.4599609375,2513.43994140625,-0.03004709335808231,-0.030507758516983945,0.011668343752136132,37.63282993861607,41.711653742585554,0.12794343816904075,11.519078684369635,391592782,8236353358064,-0.23749579931010212,-1577183849232,556015773568,-10678439502,60722289266,5611.85009765625,35617.55859375,20695.900390625,1469.4100341796875,104.20999908447266,22.280000686645508,30042.113,21693.6,4.23,3.89,319.785,4.2,563912300000000.0,118.84768138617,2.771,2.569,0.3400000000000003,0.2019999,1
2025-04-01,2521.389892578125,2530.610107421875,2494.429931640625,2511.239990234375,0.016230481995475943,0.016100175786936715,0.012278635001738826,38.161411830357146,42.22876857674078,-5.055463194233653,8.204170308648978,453393641,6939450184454,0.15781919851627912,-391239910471,-7425171231,28527835113,77428143593,5633.06982421875,35624.48046875,21280.169921875,1471.9599609375,104.26000213623047,21.770000457763672,30485.729,21775.6,4.17,3.85,320.302,4.2,563912300000000.0,118.84768138617,2.787,2.581,0.31999999999999984,0.20599985,0
2025-04-02,2505.860107421875,2532.14990234375,2499.830078125,2525.6201171875,-0.006159216074421048,-0.006178262292535217,0.012030558270061177,37.68068150111607,40.53668599601596,-10.297767910782568,4.503782664762669,515599740,7316124788243,0.13720108394727126,-727223417113,-22090030228,14073759070,173542042650,5670.97021484375,35725.87109375,21298.220703125,1469.969970703125,103.80999755859375,21.510000228881836,30485.729,21775.6,4.2,3.89,320.302,4.2,563912300000000.0,118.84768138617,2.767,2.584,0.31000000000000005,0.18299985,0
2025-04-03,2486.699951171875,2488.919921875,2437.429931640625,2437.429931640625,-0.007646139620185233,-0.007675521212054989,0.011961318461566365,41.318551199776785,39.235085607806184,-15.816078738154829,0.4398103841791694,480057159,8267470857840,-0.06893444321752373,-1377636843203,68855170698,92068244282,272206585424,5396.52001953125,34735.9296875,21298.220703125,1466.0400390625,102.06999969482422,30.020000457763672,30485.729,21775.6,4.06,3.68,320.302,4.2,563912300000000.0,118.84768138617,2.738,2.529,0.37999999999999945,0.20899987,0
2025-04-04,2465.419921875,2506.7099609375,2438.02001953125,2450.489990234375,-0.00855753798798553,-0.008594363959806213,0.012040065630822612,43.058558872767854,29.064656773888473,-21.656853618175774,-3.9795224162918195,695074881,10742833732479,0.44790025097823816,-1789285142510,350212517269,63608384142,206742640335,5074.080078125,33780.578125,21298.220703125,1450.6800537109375,103.0199966430664,45.310001373291016,30485.729,21775.6,4.01,3.66,320.302,4.2,563912300000000.0,118.84768138617,2.692,2.461,0.34999999999999964,0.23099995,0
2025-04-07,2328.199951171875,2369.39990234375,2327.010009765625,2359.25,-0.05565784939336682,-0.0572667308284102,0.017187695726983775,50.684256417410715,20.556588298510718,-36.93247999202367,-10.57011393143819,619500714,10505492820465,-0.10872809400229211,-2099175985969,-95673110432,-10723490389,430741943557,5062.25,31136.580078125,19232.349609375,1458.52001953125,103.26000213623047,46.97999954223633,30485.729,21775.6,4.15,3.72,320.302,4.2,563912300000000.0,118.84768138617,2.648,2.405,0.43000000000000016,0.24300003,1
2025-04-08,2334.22998046875,2381.31005859375,2328.93994140625,2381.199951171875,0.002589996316183951,0.0025866480558003214,0.017161052973816964,52.299979073660715,18.83236990633857,-47.9986523923867,-18.055821623627892,557018146,9122473931623,-0.10085955768567523,-646788127624,-367430387319,86889851666,113166135559,4982.77001953125,33012.578125,18459.94921875,1469.949951171875,102.95999908447266,52.33000183105469,30485.729,21775.6,4.26,3.71,320.302,4.2,563912300000000.0,118.84768138617,2.686,2.413,0.5499999999999998,0.273,0
2025-04-09,2293.699951171875,2337.580078125,2284.719970703125,2329.989990234375,-0.017363340217546153,-0.017515850985222292,0.01681308253781271,54.497140066964285,15.954080256921287,-59.3549020244177,-26.315637703785853,699641582,9560332636518,0.2560480965013301,-1004811980763,40051769712,-44322370066,57856324113,5456.89990234375,31714.029296875,17391.759765625,1486.1300048828125,102.9000015258789,33.619998931884766,30485.729,21775.6,4.34,3.91,320.302,4.2,563912300000000.0,118.84768138617,2.732,2.434,0.4299999999999997,0.2980001,1
2025-04-10,2445.06005859375,2445.06005859375,2391.389892578125,2395.1298828125,0.06598949759951966,0.06390347353707088,0.022931644906574802,63.305716378348215,34.75563743064542,-55.501528898771994,-32.152815942783086,670388052,11055426187398,-0.04181216604704319,328608746198,179206760707,308357822801,53966282574,5268.0498046875,34609.0,19000.029296875,1443.949951171875,100.87000274658203,40.720001220703125,30485.729,21775.6,4.4,3.85,320.302,4.2,563912300000000.0,118.84768138617,2.702,2.437,0.5500000000000003,0.26499987,0
2025-04-11,2432.719970703125,2433.179931640625,2394.25,2400.739990234375,-0.005046946739509672,-0.005059725589454197,0.0229384316262822,65.54642159598214,34.68727871193845,-52.83440278991111,-36.28913331220869,369702818,7687103441531,-0.4485241541864472,-689834679872,-135473510577,21739159945,174907091560,5363.35986328125,33585.578125,19528.76953125,1452.0400390625,99.77999877929688,37.560001373291016,30485.729,21775.6,4.48,3.98,320.302,4.2,563912300000000.0,118.84768138617,2.696,2.411,0.5000000000000004,0.2850001,1
2025-04-14,2455.889892578125,2465.56005859375,2449.47998046875,2454.280029296875,0.009524286458791664,0.009479216390027691,0.022652990787007256,64.90000697544643,37.8450486934364,-48.29435975972183,-38.690178601711324,488618364,6687793560550,0.3216517164875925,-243701630758,-64143907086,-334596020,111936074677,5405.97021484375,33982.359375,19513.08984375,1419.050048828125,99.63999938964844,30.889999389648438,30485.729,21775.6,4.38,3.87,320.302,4.2,563912300000000.0,118.84768138617,2.691,2.408,0.5099999999999998,0.283,1
2025-04-15,2477.409912109375,2482.56005859375,2461.22998046875,2464.510009765625,0.008762615781874095,0.00872444687511796,0.02279417077539888,64.42360142299107,37.21418725165768,-42.4702862007025,-39.44620012150956,560339502,6510808882534,0.14678354987083542,-118262630361,64528321115,-5848280889,94464244602,5396.6298828125,34267.5390625,19857.669921875,1419.4200439453125,100.22000122070312,30.1200008392334,30485.729,21775.6,4.35,3.85,320.302,4.2,563912300000000.0,118.84768138617,2.664,2.399,0.49999999999999956,0.2650001,0
2025-04-16,2447.429931640625,2475.830078125,2442.719970703125,2472.780029296875,-0.012101340324106369,-0.012175157673297592,0.0227886476211106,64.00645228794643,37.60745704843604,-39.8148391340128,-39.51992792401021,613173904,6725688052971,0.0942899827897552,-458760818964,-47659695621,-31898896574,86849302137,5275.7001953125,33920.3984375,19468.0,1427.02001953125,99.37999725341797,32.63999938964844,30485.729,21775.6,4.29,3.77,320.302,4.2,563912300000000.0,118.84768138617,2.629,2.351,0.52,0.27799988,1
2025-04-17,2470.409912109375,2473.239990234375,2447.39990234375,2451.699951171875,0.00938943345084664,0.00934562672067658,0.022925464773698532,61.71718052455357,42.91767580774396,-35.44746946734358,-38.70543623267689,601738661,6606299171146,-0.018649265608668197,-351000742194,275056640685,-6456043288,56195835173,5282.7001953125,34377.6015625,19338.73046875,1414.22998046875,99.37999725341797,29.649999618530273,30485.729,21775.6,4.34,3.82,320.302,4.2,563912300000000.0,118.84768138617,2.645,2.385,0.52,0.26,1
2025-04-18,2483.419921875,2486.3701171875,2466.89990234375,2473.300048828125,0.005266336449612163,0.005252517794371651,0.02297284160415589,57.499337332589285,50.20742136924527,-30.583945793152907,-37.0811381447721,450985117,5649647492055,-0.2505299289719395,-104503068653,-12839946026,-16348640640,78362304973,5282.7001953125,34730.28125,19395.029296875,1414.22998046875,99.37999725341797,29.649999618530273,30485.729,21775.6,4.34,3.82,320.302,4.2,563912300000000.0,118.84768138617,2.62,2.362,0.52,0.2579999,1
2025-04-21,2488.419921875,2498.840087890625,2479.22998046875,2486.3798828125,0.0020133526174763716,0.002011328539428447,0.022999412478594553,55.365059988839285,46.824375962657705,-26.02609737840976,-34.87012999149963,428977098,5239732779307,-0.04879987868867963,-288341030090,-17446035020,-8928783020,56296074372,5158.2001953125,34279.921875,19106.19921875,1414.22998046875,98.27999877929688,33.81999969482422,30485.729,21775.6,4.42,3.77,320.302,4.2,563912300000000.0,118.84768138617,2.602,2.331,0.6499999999999999,0.2709999,0
2025-04-22,2486.639892578125,2494.590087890625,2476.139892578125,2481.179931640625,-0.0007153251270926031,-0.0007155810941850693,0.022989537717583726,54.37437220982143,48.09836537588239,-22.30053645745329,-32.35621128469036,416680149,6182470913439,-0.028665747093100102,-242055135758,-36492501044,4172620583,94348217496,5287.759765625,34220.6015625,18793.4296875,1421.6400146484375,98.91999816894531,30.56999969482422,30485.729,21775.6,4.41,3.82,320.302,4.2,563912300000000.0,118.84768138617,2.621,2.33,0.5900000000000003,0.29100013,1
2025-04-23,2525.56005859375,2526.719970703125,2507.10009765625,2520.56005859375,0.01565170981604136,0.015530485085949926,0.023160712616290498,52.349365234375,53.700114324608435,-16.022769940273065,-29.089523015806904,538116134,7764179609542,0.2914369338002709,-197009287338,546636747730,9302100838,63707325336,5375.85986328125,34868.62890625,19639.140625,1429.219970703125,99.83999633789062,28.450000762939453,30485.729,21775.6,4.4,3.87,320.302,4.2,563912300000000.0,118.84768138617,2.598,2.337,0.5300000000000002,0.26100016,0
2025-04-24,2522.330078125,2530.610107421875,2507.2099609375,2525.340087890625,-0.001278916515075279,-0.0012797350267480367,0.022995947689799782,49.1143798828125,55.61166320006163,-11.179358490527193,-25.50749011075096,327935351,7272322115520,-0.39058628745742086,-7382931153,-168273280947,-21164137684,-16024864196,5484.77001953125,35039.1484375,19478.810546875,1426.449951171875,99.29000091552734,26.469999313354492,30485.729,21775.6,4.32,3.8,320.302,4.2,563912300000000.0,118.84768138617,2.623,2.341,0.5200000000000005,0.28199983,1
2025-04-25,2546.300048828125,2553.330078125,2534.93994140625,2544.590087890625,0.009503106239348025,0.009458235773795325,0.022743481971503544,41.44224330357143,77.69030579856772,-5.345128398420002,-21.47501776828477,403527737,8760600168638,0.23051002512992258,614624824761,440506512534,1231577048,84366161670,5525.2099609375,35705.73828125,19872.73046875,1430.06005859375,99.47000122070312,24.84000015258789,30485.729,21775.6,4.29,3.76,320.302,4.2,563912300000000.0,118.84768138617,2.576,2.305,0.5300000000000002,0.2709999,1
2025-04-28,2548.860107421875,2558.68994140625,2541.969970703125,2551.22998046875,0.0010054033478608115,0.0010048982684255545,0.021598135221234868,38.842947823660715,77.49198655304511,-0.5090160635249958,-17.281817427332815,454102177,7803354897543,0.12533076505717378,-85933648957,138775242413,-69430310652,30563085304,5528.75,35839.98828125,20034.41015625,1437.3599853515625,99.01000213623047,25.149999618530273,30485.729,21775.6,4.23,3.67,320.302,4.2,563912300000000.0,118.84768138617,2.588,2.316,0.5600000000000005,0.27200007,1
2025-04-29,2565.419921875,2571.409912109375,2542.25,2550.25,0.006496949128320217,0.006475934924034363,0.0213580062672297,37.150076729910715,87.08170158720004,4.606772429459852,-12.904099455974281,547081468,9215174352275,0.20475411858683956,693140192065,391034236907,-1698955739,57434984612,5560.830078125,35839.98828125,20232.630859375,1435.8800048828125,99.23999786376953,24.170000076293945,30485.729,21775.6,4.19,3.65,320.302,4.2,563912300000000.0,118.84768138617,2.603,2.31,0.5400000000000005,0.29299998,0
2025-04-30,2556.610107421875,2570.830078125,2544.4599609375,2561.0400390625,-0.003434063319616709,-0.003439973248985082,0.021319217039200655,28.222220284598215,74.91849429596414,7.859592774660996,-8.751361009847226,487488833,8435602446234,-0.1089282647753661,-168644737257,-127311455667,22066889243,-8979589058,5569.06005859375,36045.37890625,20235.029296875,1431.1600341796875,99.47000122070312,24.700000762939453,30485.729,21775.6,4.17,3.58,320.302,4.2,563912300000000.0,118.84768138617,2.563,2.267,0.5899999999999999,0.296,1
2025-05-02,2559.7900390625,2567.0400390625,2540.570068359375,2556.52001953125,0.001243807818561704,0.0012430349304334272,0.021221195842998013,26.483642578125,79.59665046793594,10.572200494801109,-4.88664870891756,585492284,8327449263431,0.2010373250949935,-166759969583,200586548791,28242651524,45241556483,5686.669921875,36830.69140625,20787.640625,1435.0999755859375,100.0,22.68000030517578,30485.729,21833.9,4.33,3.82,320.62,4.3,563912300000000.0,118.84768138617,2.593,2.282,0.5100000000000002,0.31099987,1
2025-05-07,2573.800048828125,2581.85009765625,2559.169921875,2577.0400390625,0.005473108947152472,0.005458185911881894,0.02110349241567394,25.7579345703125,78.68723923931535,13.694589652911873,-1.1704010365516737,546755132,8935449197459,-0.06616167805893747,349803905065,126560897480,-19393639714,-8190873040,5631.27978515625,36779.66015625,20546.490234375,1374.77001953125,99.61000061035156,23.549999237060547,30485.729,21833.9,4.26,3.72,320.62,4.3,563912300000000.0,118.84768138617,2.603,2.253,0.5399999999999996,0.3499999,1
2025-05-08,2579.47998046875,2590.89990234375,2575.780029296875,2581.27001953125,0.0022068270778108356,0.002204395611495207,0.01581883989752484,25.0743408203125,76.90732371631911,16.437942205066065,2.351267611771874,471635814,10270131237563,-0.1373911530107046,130458829745,-236612211857,34951277324,-8169018241,5663.93994140625,36928.62890625,20543.400390625,1397.2900390625,100.63999938964844,22.479999542236328,30485.729,21833.9,4.37,3.85,320.62,4.3,563912300000000.0,118.84768138617,2.622,2.281,0.52,0.34100008,0
2025-05-09,2577.27001953125,2589.580078125,2571.199951171875,2587.929931640625,-0.000856746690896304,-0.0008571139080988817,0.015866590328098923,23.909354073660715,90.09893823485503,18.223672338320284,5.525748557081556,485550305,8034852607528,0.02950261745813898,68061412101,-218056885944,2239074552,91176153599,5659.91015625,37503.328125,20915.0390625,1403.8499755859375,100.33999633789062,21.899999618530273,30485.729,21833.9,4.37,3.85,320.62,4.3,563912300000000.0,118.84768138617,2.67,2.331,0.52,0.339,1
2025-05-12,2607.330078125,2607.330078125,2585.60009765625,2593.93994140625,0.011663527052247824,0.011596032430544046,0.015009056344109716,24.210780552455358,90.5137825963207,21.81302486799723,8.783203819264692,409749435,8527539580051,-0.15611331971050868,152136203,310187467679,20451042742,26107972247,5844.18994140625,37644.26171875,21129.5390625,1395.1700439453125,101.79000091552734,18.389999389648438,30485.729,21833.9,4.45,3.97,320.62,4.3,563912300000000.0,118.84768138617,2.685,2.33,0.48,0.35500002,1
2025-05-13,2608.419921875,2620.639892578125,2601.580078125,2601.760009765625,0.00041799224392180534,0.00041790490949970914,0.0065244395046998695,24.181466238839285,89.79381827904172,24.463553275943468,11.919273710600446,422459803,8746089121686,0.031019854853491236,170616066171,-41868800245,20350965676,-59954992500,5886.5498046875,38183.26171875,21330.140625,1416.030029296875,101.0,18.219999313354492,30485.729,21833.9,4.49,4.0,320.62,4.3,563912300000000.0,118.84768138617,2.722,2.37,0.4900000000000002,0.352,1
2025-05-14,2640.570068359375,2646.010009765625,2619.14990234375,2625.360107421875,0.012325525585337838,0.012250184740146637,0.006514480581950864,25.465750558035715,91.29807838859783,28.826075215099536,15.300634011500264,390503815,8893191507759,-0.07564267126261948,476236151329,440114210099,15426535940,14148013174,5892.580078125,38128.12890625,21782.869140625,1416.0,101.04000091552734,18.6200008392334,30485.729,21833.9,4.53,4.05,320.62,4.3,563912300000000.0,118.84768138617,2.718,2.351,0.4800000000000004,0.36699986,0
2025-05-15,2621.360107421875,2643.830078125,2618.080078125,2634.5,-0.007274929443336187,-0.007301520787798928,0.0068567459882649395,25.987165178571427,83.40618174245323,30.383084691331987,18.317124147466608,339578793,7254024641690,-0.13040851342258974,273686659421,-165487639846,-94146720606,4682821428,5916.93017578125,37755.51171875,21730.25,1407.3299560546875,100.87999725341797,17.829999923706055,30485.729,21833.9,4.45,3.95,320.62,4.3,563912300000000.0,118.84768138617,2.727,2.362,0.5,0.365,1
2025-05-16,2626.8701171875,2633.97998046875,2619.10009765625,2630.639892578125,0.0021019659794259127,0.0020997599397426037,0.006737869159542823,24.187151227678573,80.11067122548138,31.69626286978246,20.992951891929778,359706542,8025031996677,0.059272691389771204,169782129553,148771989334,-42173233757,15607601432,5958.3798828125,37753.71875,21843.689453125,1397.02001953125,101.08999633789062,17.239999771118164,30485.729,21833.9,4.43,3.95,320.62,4.3,563912300000000.0,118.84768138617,2.676,2.319,0.47999999999999954,0.3570001,0
2025-05-19,2603.419921875,2619.429931640625,2593.43994140625,2613.699951171875,-0.008927047880695094,-0.008967132710409132,0.006388504219397977,24.903581891741073,71.51498270478955,30.49322434797341,22.893006383138506,313296021,6752438008652,-0.12902328865622914,-113831410163,-91684923295,-18296727890,-24334665267,5963.60009765625,37498.62890625,21523.830078125,1398.1300048828125,100.43000030517578,18.139999389648438,30485.729,21833.9,4.46,3.95,320.62,4.3,563912300000000.0,118.84768138617,2.747,2.366,0.5099999999999998,0.38100004,0
2025-05-20,2601.800048828125,2622.909912109375,2598.10009765625,2622.679931640625,-0.0006222096686224754,-0.0006224033213909221,0.006262315182845648,24.46142578125,66.70684242089297,29.0739510254607,24.129195311602945,456989355,7661430134210,0.45865036377209534,-114454476002,138761917399,-28432106948,-20734981520,5940.4599609375,37529.48828125,21526.029296875,1388.550048828125,100.12000274658203,18.09000015258789,30485.729,21833.9,4.48,3.95,320.62,4.3,563912300000000.0,118.84768138617,2.713,2.33,0.5300000000000002,0.38300014,1
2025-05-21,2625.580078125,2633.409912109375,2614.72998046875,2615.89990234375,0.009139837362823311,0.009098321821109957,0.006405743735367919,25.524989536830358,70.47836394655795,29.527640063977742,25.20888426207791,371527419,7441128800151,-0.1870107805902831,195029010078,84013804591,-2278591515,-5217059205,5844.60986328125,37298.98046875,21803.91015625,1392.72998046875,99.55999755859375,20.8700008392334,30485.729,21833.9,4.58,4.0,320.62,4.3,563912300000000.0,118.84768138617,2.76,2.345,0.5800000000000001,0.41499996,0
2025-05-22,2593.669921875,2616.530029296875,2588.090087890625,2614.659912109375,-0.012153564279322238,-0.012228022747187652,0.007233847121882143,26.1199951171875,56.96946042576156,27.001057586303887,25.567318926923107,358064259,8965468020130,-0.03623732546103142,-226489103668,-262496613664,-61466479207,8343597962,5842.009765625,36985.87109375,21670.9609375,1373.8599853515625,99.95999908447266,20.280000686645508,30485.729,21833.9,4.54,3.99,320.62,4.3,563912300000000.0,118.84768138617,2.755,2.336,0.5499999999999998,0.41900015,0
2025-05-23,2592.090087890625,2604.139892578125,2589.510009765625,2603.570068359375,-0.0006091114258798269,-0.000609297009609002,0.00723173077451076,25.281406947544642,59.07695228863167,24.58781039750511,25.371417221039508,434024136,8659673623776,0.21214034936673198,-58284123298,-113547109394,7324322914,-10737535317,5802.81982421875,37160.46875,21652.240234375,1381.3399658203125,99.11000061035156,22.290000915527344,30485.729,21833.9,4.51,3.96,320.62,4.3,563912300000000.0,118.84768138617,2.766,2.338,0.5499999999999998,0.42799997,1
2025-05-26,2644.39990234375,2644.39990234375,2595.9599609375,2598.449951171875,0.02018055417807396,0.019979625531140417,0.007719360992478367,27.127110072544642,67.29769065982003,26.589749389465396,25.615083654724685,380173138,8342809610327,-0.12407374045207475,101794830222,372625177844,-10817713212,47458975378,5802.81982421875,37531.53125,21536.5703125,1364.72998046875,98.93000030517578,22.290000915527344,30485.729,21833.9,4.51,3.96,320.62,4.3,563912300000000.0,118.84768138617,2.766,2.348,0.5499999999999998,0.41799998,0
2025-05-27,2637.219970703125,2642.6298828125,2625.659912109375,2630.2900390625,-0.0027151459332083183,-0.0027188386275782553,0.0077610706906647885,26.845668247767858,63.33809826018554,27.282444943008613,25.948555912381472,318285651,7908808324037,-0.16278763756317782,-75636719405,13003300666,4541113887,-20636821703,5921.5400390625,37724.109375,21336.5390625,1368.0999755859375,99.5199966430664,18.959999084472656,30485.729,21833.9,4.43,3.93,320.62,4.3,563912300000000.0,118.84768138617,2.709,2.34,0.49999999999999956,0.3690002,1
2025-05-28,2670.14990234375,2692.469970703125,2643.5,2648.860107421875,0.012486607869818922,0.012409293115841755,0.007931955289082894,29.5706787109375,67.10819441347783,30.141133214774527,26.787071372860083,405473857,11238813826664,0.27393068373038276,302587131960,756637251169,-33790635792,44791867826,5888.5498046875,37722.3984375,21357.720703125,1374.800048828125,99.87999725341797,19.309999465942383,30485.729,21833.9,4.47,3.95,320.62,4.3,563912300000000.0,118.84768138617,2.706,2.314,0.5199999999999996,0.3920002,1
2025-05-29,2720.639892578125,2720.639892578125,2686.639892578125,2691.06005859375,0.018909047087602326,0.018732493228092582,0.008721996799759022,31.864240373883927,72.88281288357663,36.06504907927274,28.642666914142616,448340888,10895570257616,0.1057208257942015,294650285048,562079598228,-3392052032,68016030745,5912.169921875,38432.98046875,21347.30078125,1373.5999755859375,99.27999877929688,19.18000030517578,30485.729,21833.9,4.43,3.91,320.62,4.3,563912300000000.0,118.84768138617,2.76,2.341,0.5199999999999996,0.4189999,0
2025-05-30,2697.669921875,2717.5400390625,2689.8701171875,2713.239990234375,-0.008442855949362116,-0.008478698743937635,0.00906611764854226,31.914934430803573,64.75274935571943,38.46293365685824,30.60672026268574,525661026,14803606217765,0.17245836832976957,-611770427542,157544788077,-50512785457,14445323313,5911.68994140625,37965.1015625,21347.30078125,1370.4100341796875,99.33000183105469,18.56999969482422,30485.729,21833.9,4.41,3.87,320.62,4.3,563912300000000.0,118.84768138617,2.786,2.347,0.54,0.43900013,1
2025-06-02,2698.969970703125,2719.8701171875,2685.139892578125,2692.909912109375,0.0004819154551056748,0.0004817993711463453,0.008972506901677385,33.034249441964285,64.77693145589586,40.007001723513895,32.486776554851374,323603809,8062944006492,-0.3843869090648543,128471854863,-190777144404,-29530823675,-8952510266,5935.93994140625,37470.671875,21002.7109375,1381.989990234375,98.69999694824219,18.360000610351562,30485.729,21938.8,4.46,3.91,321.435,4.1,563912300000000.0,118.84768138617,2.793,2.34,0.5499999999999998,0.45300007,1
2025-06-04,2770.840087890625,2771.030029296875,2734.02001953125,2737.919921875,0.026628720574011,0.026280347154458625,0.010391564609808784,35.496390206473215,68.81917179363828,46.49405013572505,35.288231271026106,489937474,12106350015702,0.5140040394271133,1054928521958,122400445298,35258802197,2869575028,5970.81005859375,37747.44921875,21618.08984375,1377.719970703125,98.79000091552734,17.610000610351562,30485.729,21938.8,4.37,3.84,321.435,4.1,563912300000000.0,118.84768138617,2.894,2.414,0.5300000000000002,0.48000002,1
2025-06-05,2812.050048828125,2831.110107421875,2787.760009765625,2790.330078125,0.014872731601365041,0.014763217047208229,0.010666770552923513,37.962105887276785,75.90122683843377,54.3340530390451,39.09739562462991,556013446,13293000248477,0.13486613191788632,984230967116,336998200317,-51910439428,61586656480,5939.2998046875,37554.48828125,21674.4296875,1361.0899658203125,98.73999786376953,18.479999542236328,30485.729,21938.8,4.4,3.9,321.435,4.1,563912300000000.0,118.84768138617,2.891,2.412,0.5000000000000004,0.4790001,1
2025-06-09,2855.77001953125,2867.27001953125,2841.389892578125,2841.56005859375,0.015547365780827604,0.01542774376772155,0.010928394203168462,40.843540736607146,78.16745439185333,63.34494695911417,43.94690589152677,537617180,14030330524110,-0.033086009218561196,979948221379,-453683452737,-59587537114,-111388858666,6005.8798828125,38088.5703125,21790.2890625,1359.18994140625,98.94000244140625,17.15999984741211,30485.729,21938.8,4.49,3.99,321.435,4.1,563912300000000.0,118.84768138617,2.867,2.405,0.5,0.46200013,1
2025-06-10,2871.85009765625,2885.669921875,2849.669921875,2872.6201171875,0.0056307328724038985,0.005614939553634746,0.010838550082555621,41.027099609375,83.64210714412476,70.96562567046021,49.350649847313456,508184663,14289817957640,-0.054746235974081014,633238861194,182454383776,-52322298027,-9048493815,6038.81005859375,38211.51171875,22242.140625,1353.8499755859375,99.05000305175781,16.950000762939453,30485.729,21938.8,4.47,3.95,321.435,4.1,563912300000000.0,118.84768138617,2.831,2.385,0.5199999999999996,0.4460001,1
2025-06-11,2907.0400390625,2908.159912109375,2879.919921875,2887.320068359375,0.012253404672816659,0.012178939394782415,0.010856824783744987,41.84852818080357,85.28624673388647,78.934692628618,55.267458403574366,393929540,12475002592550,-0.22482993155580533,165558656584,384348516540,-68338670804,-27624097410,6022.240234375,38421.19140625,22470.099609375,1363.8800048828125,98.62999725341797,17.260000228881836,30485.729,21938.8,4.41,3.89,321.435,4.1,563912300000000.0,118.84768138617,2.837,2.419,0.52,0.41799998,1
2025-06-12,2920.030029296875,2934.31005859375,2909.989990234375,2909.989990234375,0.004468459346904652,0.004458505423888577,0.010795867425230673,41.538539341517854,84.90979243431622,85.31496148771066,61.276959020401634,713705710,17344655814990,0.8117598136966322,408051979101,-421589848969,151166733099,123979002638,6045.259765625,38173.08984375,22287.8203125,1365.68994140625,97.91999816894531,18.020000457763672,30485.729,21938.8,4.36,3.85,321.435,4.1,563912300000000.0,118.84768138617,2.827,2.429,0.5100000000000002,0.398,0
2025-06-13,2894.6201171875,2932.3798828125,2877.070068359375,2930.570068359375,-0.008701935204239564,-0.008740018133468358,0.011134651115526598,42.81138392857143,86.23901974388222,87.31449582171945,66.4844663806652,931657602,17462763974297,0.3053806196954765,121915601962,-340919910849,-75196282184,29296004837,5976.97021484375,37834.25,22072.94921875,1349.7900390625,98.18000030517578,20.81999969482422,30485.729,21938.8,4.41,3.9,321.435,4.1,563912300000000.0,118.84768138617,2.819,2.462,0.5100000000000002,0.3570001,1
2025-06-16,2946.659912109375,2947.070068359375,2886.1298828125,2903.5,0.01797810863431648,0.017818413608619788,0.011139102338290414,46.1192626953125,88.06934233096929,92.0373682330528,71.59504675114272,726351750,14401114308029,-0.2203662070263449,-322355864420,346634675783,-23042788392,-28386582974,6033.10986328125,38311.328125,22049.900390625,1365.1400146484375,98.0,19.110000610351562,30485.729,21938.8,4.46,3.93,321.435,4.1,563912300000000.0,118.84768138617,2.864,2.483,0.5299999999999998,0.38100004,1
2025-06-17,2950.300048828125,2998.6201171875,2925.7900390625,2959.929931640625,0.0012353433471541386,0.0012345809383879284,0.011156095725942696,47.584995814732146,86.67693530814414,94.97914677524523,76.27186675596323,939594106,17915934818024,0.2935800127142256,-96735251099,227833276164,-45962319151,-111045256860,5982.72021484375,38536.73828125,22211.58984375,1357.780029296875,98.81999969482422,21.600000381469727,30485.729,21938.8,4.39,3.9,321.435,4.1,563912300000000.0,118.84768138617,2.868,2.448,0.48999999999999977,0.42000008,1
2025-06-18,2972.18994140625,2979.320068359375,2933.6298828125,2933.6298828125,0.007419547915751723,0.007392158464907559,0.010601911997071715,49.510009765625,88.79394242704419,97.94777784131202,80.60704897303299,576548034,14668323378767,-0.386386067858114,286445540395,174090903557,-21805385275,-47541758021,5980.8701171875,38885.1484375,22356.73046875,1380.5,98.91000366210938,20.139999389648438,30485.729,21938.8,4.38,3.89,321.435,4.1,563912300000000.0,118.84768138617,2.876,2.472,0.48999999999999977,0.40400004,1
2025-06-19,2977.739990234375,2996.0400390625,2954.469970703125,2989.56005859375,0.0018673264285051783,0.0018655851418732648,0.010526744348932644,48.532871791294646,88.03514273793833,99.60015333701222,84.40566984582884,433310535,13786565754695,-0.248439835977309,-87418957620,-91952282609,17086576619,-135587646491,5980.8701171875,38488.33984375,22003.5,1370.75,98.91000366210938,20.139999389648438,30485.729,21938.8,4.38,3.89,321.435,4.1,563912300000000.0,118.84768138617,2.874,2.475,0.48999999999999977,0.39900017,1
2025-06-20,3021.840087890625,3022.06005859375,2972.3701171875,2986.52001953125,0.014809922223188776,0.014701326211142837,0.01066621739699867,48.47572544642857,87.84302755017656,103.2776615488192,88.18006818642692,484864681,17974844407806,0.11897736573609974,562519271510,90759898596,-3765140423,11318992895,5967.83984375,38403.23046875,22045.740234375,1374.8900146484375,98.70999908447266,20.6200008392334,30485.729,21938.8,4.38,3.86,321.435,4.1,563912300000000.0,118.84768138617,2.867,2.463,0.52,0.40400004,0
2025-06-23,3014.469970703125,3019.81005859375,2971.360107421875,2992.199951171875,-0.0024389501009779435,-0.002441929184652209,0.009935816227049546,49.883597237723215,91.42692224931632,104.39401719212856,91.42285798756726,625650915,17879769854238,0.29036190821248953,-368546797829,-856933503184,-6467508020,-16774804868,6025.169921875,38354.08984375,21732.01953125,1369.469970703125,98.41999816894531,19.829999923706055,30485.729,21938.8,4.34,3.8,321.435,4.1,563912300000000.0,118.84768138617,2.873,2.498,0.54,0.375,1
2025-06-24,3103.639892578125,3105.0400390625,3061.139892578125,3061.139892578125,0.029580630340199088,0.02915156432192246,0.010841902992894881,53.872157505580354,93.02893676319869,111.19224951589376,95.37673629323257,579200567,19107339943731,-0.07424323514335462,443633576018,479218522081,-19710321056,-98400735170,6092.18017578125,38790.55859375,22188.759765625,1361.93994140625,97.86000061035156,17.479999542236328,30485.729,21938.8,4.3,3.75,321.435,4.1,563912300000000.0,118.84768138617,2.823,2.461,0.5499999999999998,0.362,1
2025-06-25,3108.25,3129.090087890625,3084.860107421875,3127.7900390625,0.0014853873456450728,0.0014842852490869747,0.010643568966955792,51.88429478236607,91.86539154774275,115.61910962639013,99.42521095986407,644761399,19662628183278,0.11319193339118394,-111398445502,-212779071481,-152991294261,-51986541705,6092.16015625,38942.0703125,22430.609375,1353.780029296875,97.68000030517578,16.760000228881836,30485.729,21938.8,4.29,3.74,321.435,4.1,563912300000000.0,118.84768138617,2.82,2.46,0.5499999999999998,0.3599999,0
2025-06-26,3079.56005859375,3113.030029296875,3036.550048828125,3108.340087890625,-0.009230255419046096,-0.009273118186674775,0.011085324124139562,53.042149135044646,84.2566325034406,115.48119433438478,102.63640763476822,460611798,17030574191361,-0.28560891096397656,-580607453451,-155227462681,-100902012259,-46682955704,6141.02001953125,39584.578125,22492.33984375,1357.030029296875,97.1500015258789,16.59000015258789,30485.729,21938.8,4.26,3.68,321.435,4.1,563912300000000.0,118.84768138617,2.788,2.454,0.5799999999999996,0.3340001,0
2025-06-27,3055.93994140625,3093.56005859375,3041.85009765625,3077.8701171875,-0.0076699647800621,-0.007699530234278462,0.011543255185028072,52.791434151785715,77.02441867057274,112.17289016376071,104.54370414056672,381633939,13970283384996,-0.17146295284429514,-857924556453,266645074062,16764935778,-12772689265,6173.06982421875,40150.7890625,22580.080078125,1352.760009765625,97.4000015258789,16.31999969482422,30485.729,21938.8,4.29,3.72,321.435,4.1,563912300000000.0,118.84768138617,2.785,2.453,0.5699999999999998,0.33200002,1
2025-06-30,3071.699951171875,3086.0,3063.419921875,3072.75,0.0051571726106542926,0.0051439199406625264,0.011195371562900083,52.367152622767854,77.00454526560674,109.55979918330695,105.54692314911478,464162919,13333814294163,0.2162516788109876,-651343796107,522088063840,-7359262542,-30096619860,6204.9501953125,40487.390625,22256.01953125,1363.5899658203125,96.87999725341797,16.729999542236328,30485.729,21938.8,4.24,3.68,321.435,4.1,563912300000000.0,118.84768138617,2.805,2.452,0.56,0.35300016,1
2025-07-01,3089.64990234375,3133.52001953125,3088.449951171875,3089.639892578125,0.005843653825962747,0.00582664590770231,0.010661303467090797,54.18931361607143,75.88081338216284,107.69586589685332,105.97671169866248,576016844,15184804010768,0.2409798810318151,176452734541,520588891690,66074808160,-68827619645,6198.009765625,39986.328125,22553.720703125,1348.5,96.81999969482422,16.829999923706055,31098.027,22020.0,4.26,3.75,322.169,4.3,563912300000000.0,118.84768138617,2.784,2.454,0.5099999999999998,0.32999992,0
2025-07-02,3075.06005859375,3090.610107421875,3032.469970703125,3083.820068359375,-0.004722167304111791,-0.004733351960572676,0.010884974369030208,56.394321986607146,71.87280627123116,103.8443538103511,105.55024012100021,696798456,14829869598196,0.20968416680537216,-327289545034,310321018399,-89442871071,-1877611701,6227.419921875,39762.48046875,22577.740234375,1355.5899658203125,96.77999877929688,16.639999389648438,31098.027,22020.0,4.3,3.77,322.169,4.3,563912300000000.0,118.84768138617,2.832,2.483,0.5299999999999998,0.34899998,1
2025-07-03,3116.27001953125,3116.27001953125,3085.97998046875,3100.330078125,0.013401351567860376,0.013312347755112525,0.00999604450572397,55.38718959263393,79.93732102792458,102.93078021268866,105.02634813933791,539120202,14883213548329,-0.2262896145108565,645640000938,326390714878,71712261182,-6743727442,6279.35009765625,39785.8984375,22712.970703125,1354.75,97.18000030517578,16.3799991607666,31098.027,22020.0,4.35,3.84,322.169,4.3,563912300000000.0,118.84768138617,2.814,2.449,0.5099999999999998,0.365,0
2025-07-04,3054.280029296875,3123.840087890625,3052.909912109375,3122.280029296875,-0.01989236807011341,-0.020092884848343307,0.01131610971954894,56.100760323660715,64.1553215238521,96.09694663214623,103.24046783789959,520763440,13571164280163,-0.034049479006538874,162119927354,-159666215725,-108288915733,-79484086820,6279.35009765625,39810.87890625,22547.5,1357.0999755859375,97.18000030517578,16.3799991607666,31098.027,22020.0,4.35,3.84,322.169,4.3,563912300000000.0,118.84768138617,2.828,2.467,0.5099999999999998,0.36100006,1
2025-07-07,3059.469970703125,3068.429931640625,3032.989990234375,3044.780029296875,0.0016992356157483623,0.0016977935482865951,0.011006995002588896,53.43003627232143,64.3008643970009,90.06169403441754,100.60471307720319,359404588,10204542570975,-0.30985057630005675,-91190609722,-93888968626,64972410071,-59254783951,6229.97998046875,39587.6796875,22428.720703125,1362.199951171875,97.4800033569336,17.790000915527344,31098.027,22020.0,4.4,3.85,322.169,4.3,563912300000000.0,118.84768138617,2.84,2.482,0.5500000000000003,0.3579998,1
2025-07-08,3114.949951171875,3115.860107421875,3066.030029296875,3071.739990234375,0.01813385357595121,0.017971396298009236,0.0114721586957568,54.19431849888393,67.18840296839423,88.73262911308393,98.23029628437935,745793067,13491404979089,1.075079428312696,243965487021,5061412717,4736677378,-2578060207,6225.52001953125,39688.80859375,22362.26953125,1374.6400146484375,97.51000213623047,16.809999465942383,31098.027,22020.0,4.42,3.86,322.169,4.3,563912300000000.0,118.84768138617,2.847,2.477,0.56,0.3699999,1
2025-07-09,3133.739990234375,3137.169921875,3111.02001953125,3123.219970703125,0.00603221218865202,0.006014091233158586,0.011324482135258093,53.09287806919643,68.2021834324853,88.1790613749954,96.22004930250257,642960883,12654909764711,-0.1378829980461591,-412777806815,-139667668485,55748789432,3099022551,6263.259765625,39821.28125,22527.009765625,1370.300048828125,97.47000122070312,15.9399995803833,31098.027,22020.0,4.34,3.8,322.169,4.3,563912300000000.0,118.84768138617,2.854,2.478,0.54,0.37600017,1
2025-07-10,3183.22998046875,3183.22998046875,3133.81005859375,3144.139892578125,0.015792628102076156,0.015669222125041283,0.011634370566406618,53.07859584263393,68.59716591786957,90.6883843182668,95.11371630565543,596571574,14124821031009,-0.07214950431129108,472318860079,-131822842253,163928082878,44951482986,6280.4599609375,39646.359375,22693.25,1373.0,97.6500015258789,15.779999732971191,31098.027,22020.0,4.35,3.82,322.169,4.3,563912300000000.0,118.84768138617,2.814,2.433,0.5299999999999998,0.3809998,0
2025-07-11,3175.77001953125,3216.68994140625,3170.4599609375,3186.35009765625,-0.0023435193131730037,-0.0023462696523808674,0.011340905022142396,52.7750244140625,68.58296538770284,91.02579561706034,94.29613216793642,465292057,13342066116082,-0.22005660799386328,325589359244,62412074481,-50660170349,4610589498,6259.75,39569.6796875,22751.029296875,1372.6400146484375,97.8499984741211,16.399999618530273,31098.027,22020.0,4.43,3.86,322.169,4.3,563912300000000.0,118.84768138617,2.823,2.448,0.5699999999999998,0.375,1
2025-07-14,3202.030029296875,3202.06005859375,3170.719970703125,3175.590087890625,0.008268863804407722,0.008234864047754267,0.010950287706783262,48.5443115234375,63.25691586227224,92.34763378839216,93.90643249202758,444035800,11565586285784,-0.045683687654268335,371346638046,40976705347,-44884692933,-20497421543,6268.56005859375,39459.62109375,22614.970703125,1378.1700439453125,98.08000183105469,17.200000762939453,31098.027,22020.0,4.43,3.86,322.169,4.3,563912300000000.0,118.84768138617,2.886,2.474,0.5699999999999998,0.41199994,1
2025-07-15,3215.280029296875,3216.010009765625,3183.830078125,3194.820068359375,0.0041379999184172345,0.004129461942080949,0.010928755716233226,47.68359375,64.09292176217537,93.38784735523723,93.80271546466952,419651712,12238772420133,-0.05491468931108712,214192577764,-46441404870,-3029988153,28938628440,6243.759765625,39678.01953125,22835.939453125,1382.010009765625,98.62000274658203,17.3799991607666,31098.027,22020.0,4.5,3.93,322.169,4.3,563912300000000.0,118.84768138617,2.877,2.463,0.5699999999999998,0.41400003,0
2025-07-16,3186.3798828125,3209.199951171875,3178.419921875,3207.47998046875,-0.008988376197731962,-0.009029015354370402,0.011294962155114748,44.853602818080354,64.05746179559115,90.83315573101754,93.20880351793913,531498719,11328776416006,0.2665234140638988,53420699064,-178239029522,-103405393558,-74792499649,6263.7001953125,39663.3984375,23042.900390625,1386.449951171875,98.38999938964844,17.15999984741211,31098.027,22020.0,4.46,3.86,322.169,4.3,563912300000000.0,118.84768138617,2.877,2.459,0.6000000000000001,0.41799998,1
2025-07-17,3192.2900390625,3201.419921875,3152.419921875,3201.419921875,0.001854818467151187,0.0018531004154993841,0.011295056379674864,44.6600341796875,68.82092938301294,88.26794648718715,92.22063211178875,424787619,15365406027980,-0.20077395520496066,47171940790,245428192721,-21471232748,-13621028919,6297.35986328125,39901.19140625,23113.279296875,1384.9200439453125,98.7300033569336,16.520000457763672,31098.027,22020.0,4.47,3.89,322.169,4.3,563912300000000.0,118.84768138617,2.905,2.479,0.5799999999999996,0.42599988,0
2025-07-18,3188.070068359375,3204.75,3169.68994140625,3200.43994140625,-0.0013219258436694137,-0.001322800358418219,0.011022121249431686,45.017177036830354,66.59159608639777,84.91562880146193,90.7596314497234,393449261,11939229667870,-0.07377417937409325,189709505643,213767827608,-23131310118,-94179492988,6296.7900390625,39819.109375,23383.130859375,1391.5799560546875,98.4800033569336,16.40999984741211,31098.027,22020.0,4.44,3.84,322.169,4.3,563912300000000.0,118.84768138617,2.873,2.474,0.6000000000000005,0.39899993,1
2025-07-21,3210.81005859375,3211.139892578125,3188.8701171875,3191.110107421875,0.007132838910933081,0.0071075205387566304,0.010995484970208717,42.249302455357146,67.04176928476161,83.13548591765084,89.23480234330889,343910781,10662279408140,-0.1259081790472597,896066666544,66864532439,24425218883,-9315945629,6305.60009765625,39819.109375,23340.560546875,1390.5699462890625,97.8499984741211,16.649999618530273,31098.027,22020.0,4.38,3.81,322.169,4.3,563912300000000.0,118.84768138617,2.855,2.456,0.5699999999999998,0.39899993,0
2025-07-22,3169.93994140625,3220.27001953125,3155.25,3210.1201171875,-0.012728911533745446,-0.01281061822685019,0.009701189015031638,42.74072265625,62.42663187716235,77.53307988355209,86.89445785135753,378485911,11604659217066,0.10053517339428808,-128915846765,13953518426,-92985182958,-76046275704,6309.6201171875,39774.921875,22987.919921875,1381.8199462890625,97.38999938964844,16.5,31098.027,22020.0,4.35,3.77,322.169,4.3,563912300000000.0,118.84768138617,2.839,2.463,0.5799999999999996,0.37599993,1
2025-07-23,3183.77001953125,3199.860107421875,3141.929931640625,3189.64990234375,0.004362883329223077,0.004353393545617967,0.009729015717703439,43.935023716517854,59.523665178134706,73.36341666015778,84.18824961311758,664826146,12201364684336,0.7565413313363731,421943413975,379520198683,-61854811359,-103366398077,6358.91015625,41171.3203125,23318.669921875,1379.780029296875,97.20999908447266,15.369999885559082,31098.027,22020.0,4.4,3.84,322.169,4.3,563912300000000.0,118.84768138617,2.83,2.458,0.5600000000000005,0.37199998,1
2025-07-24,3190.449951171875,3237.969970703125,3183.050048828125,3209.429931640625,0.002098120027403283,0.0020959220474588078,0.009411828769319851,42.791434151785715,72.765536427993,69.79340820677726,81.30928133184952,425499879,12993187344837,-0.3599832353765461,743076717686,60911740850,43247309316,-15722061203,6363.35009765625,41826.33984375,23373.73046875,1373.719970703125,97.37999725341797,15.390000343322754,31098.027,22020.0,4.43,3.87,322.169,4.3,563912300000000.0,118.84768138617,2.849,2.467,0.5599999999999996,0.38199997,1
2025-07-25,3196.050048828125,3205.820068359375,3184.3701171875,3184.3701171875,0.0017552689250597275,0.0017537302408333702,0.009144890393564425,41.792149135044646,72.80283563984504,66.64775799842482,78.37697666516458,389290718,9822238040874,-0.08509793489271478,268736536796,3963133357,44694186757,46425945691,6388.64013671875,41456.23046875,23364.380859375,1372.0,97.6500015258789,14.930000305175781,31098.027,22020.0,4.4,3.86,322.169,4.3,563912300000000.0,118.84768138617,2.855,2.485,0.5400000000000005,0.37000012,1
2025-07-28,3209.52001953125,3228.610107421875,3180.179931640625,3228.610107421875,0.004214568137962615,0.004205711720929867,0.00913161459382506,41.223580496651785,68.365226972527,64.49822620468376,75.60122657306842,502719579,13872945078805,0.291373145454755,480153817970,522311031589,33332993907,-66818993971,6389.77001953125,40998.26953125,23412.98046875,1382.780029296875,98.66000366210938,15.029999732971191,31098.027,22020.0,4.42,3.87,322.169,4.3,563912300000000.0,118.84768138617,2.829,2.464,0.5499999999999998,0.365,1
2025-07-29,3230.570068359375,3232.31005859375,3169.030029296875,3192.169921875,0.006558628299567104,0.006537214077931342,0.009147857771894067,43.875732421875,68.64049269825992,63.758303751948915,73.23264200884452,373203172,12769212511711,-0.25763151548151664,604734830584,136156069006,-53437379060,-11909538891,6370.85986328125,40674.55078125,23201.51953125,1388.2900390625,98.91000366210938,15.979999542236328,31098.027,22020.0,4.34,3.82,322.169,4.3,563912300000000.0,118.84768138617,2.823,2.46,0.52,0.36299992,1
2025-07-30,3254.469970703125,3269.39990234375,3227.280029296875,3233.31005859375,0.007398044876917753,0.00737081356608227,0.009062925876226221,43.349295479910715,65.21309352382958,64.35854698874391,71.4578230048244,338073688,12968500091756,-0.09412965010919039,580085060219,319625443286,-10192121085,-15700722147,6362.89990234375,40654.69921875,23461.720703125,1388.8599853515625,99.94000244140625,15.479999542236328,31098.027,22020.0,4.38,3.89,322.169,4.3,563912300000000.0,118.84768138617,2.797,2.454,0.48999999999999977,0.34299994,0
2025-07-31,3245.43994140625,3288.260009765625,3227.4599609375,3275.780029296875,-0.0027746543609754593,-0.002778510849654208,0.008794121307074965,44.3900146484375,64.77870881539562,63.37504807663845,69.84126801918723,540323825,16455571940540,0.5982427623885358,344405446423,-367653571200,-102029177213,-142724625033,6339.39013671875,41069.8203125,23542.51953125,1392.52001953125,100.02999877929688,16.719999313354492,31098.027,22020.0,4.37,3.89,322.169,4.3,563912300000000.0,118.84768138617,2.785,2.46,0.48,0.32500005,0
2025-08-01,3119.409912109375,3210.320068359375,3117.919921875,3210.320068359375,-0.038832956878649294,-0.03960706293054119,0.011908876002508303,51.260009765625,37.686299966233136,51.8286001750771,66.2387344503652,507776245,15281248640166,-0.060237173513494446,-656270109906,-461578941887,-255515475619,-19635300337,6238.009765625,40799.6015625,23434.380859375,1391.510009765625,98.69000244140625,20.3799991607666,31098.027,22087.0,4.23,3.67,323.291,4.3,563912300000000.0,118.84768138617,2.832,2.478,0.5600000000000005,0.3540001,1
2025-08-04,3147.75,3157.449951171875,3105.6298828125,3114.27001953125,0.009085079771212534,0.009044058699929221,0.012042291159149867,52.662876674107146,40.368553773598705,44.45234629276365,61.881456818844896,293453733,9724691307255,-0.42208061938777774,82772693376,117770202498,47615279959,10392347608,6329.93994140625,40290.69921875,23378.939453125,1390.1800537109375,98.77999877929688,17.520000457763672,31098.027,22087.0,4.22,3.66,323.291,4.3,563912300000000.0,118.84768138617,2.778,2.421,0.5599999999999996,0.3570001,1
2025-08-05,3198.0,3212.31005859375,3174.22998046875,3187.14990234375,0.015963783654991737,0.015837702512089675,0.011896532903434863,54.641444614955354,51.562177937830604,42.17519756681713,57.940204968439346,273439606,10950201163619,-0.06820198467197558,295269452789,-44602528461,42003566392,18927699525,6299.18994140625,40549.5390625,23660.58984375,1383.5899658203125,98.77999877929688,17.850000381469727,31098.027,22087.0,4.22,3.63,323.291,4.3,563912300000000.0,118.84768138617,2.766,2.425,0.5899999999999999,0.34100008,1
2025-08-06,3198.139892578125,3200.14990234375,3176.610107421875,3182.06005859375,4.37437705207433e-05,4.374281378991419e-05,0.01184723434567228,52.82285853794643,50.79883260621263,39.921637174466014,54.33649140964468,327358365,11128301636396,0.19718708561919152,281462744753,48345638704,-96530391390,-3897955063,6345.06005859375,40794.859375,23447.359375,1386.5799560546875,98.18000030517578,16.770000457763672,31098.027,22087.0,4.22,3.63,323.291,4.3,563912300000000.0,118.84768138617,2.779,2.43,0.5899999999999999,0.34899998,1
2025-08-07,3227.679931640625,3227.679931640625,3200.280029296875,3214.81005859375,0.009236631309047283,0.009194234499245633,0.011509417107524737,52.42857142857143,55.059115838105306,40.05755010083567,51.480703147882885,327047544,11201368337831,-0.0009494823814872877,-17604897762,116428329911,-59278867324,40978001835,6340.0,41059.1484375,24003.76953125,1384.3900146484375,98.4000015258789,16.56999969482422,31098.027,22087.0,4.23,3.66,323.291,4.3,563912300000000.0,118.84768138617,2.772,2.408,0.5700000000000003,0.36400008,0
2025-08-08,3210.010009765625,3227.280029296875,3198.31005859375,3220.580078125,-0.0054744963098055655,-0.005489536280687014,0.011574385991618766,52.878574916294646,49.89647405217051,38.297971872482776,48.844156892802864,341443229,11401116948366,0.04401710168476303,-159565860541,195900209547,-106220273346,-80220164964,6389.4501953125,41820.48046875,24021.259765625,1384.969970703125,98.18000030517578,15.149999618530273,31098.027,22087.0,4.27,3.7,323.291,4.3,563912300000000.0,118.84768138617,2.776,2.409,0.5699999999999994,0.3670001,0
2025-08-11,3206.77001953125,3223.22998046875,3199.89990234375,3220.719970703125,-0.001009339604710946,-0.0010098493309498838,0.01143450306591425,49.900721958705354,55.279994847966,36.224480058097015,46.3202215258617,304968427,10338941285390,-0.10682537798985026,220245378308,41736260722,-72443713350,-90656602643,6373.4501953125,41820.48046875,24135.5,1387.81005859375,98.5199966430664,16.25,31098.027,22087.0,4.27,3.71,323.291,4.3,563912300000000.0,118.84768138617,2.781,2.42,0.5599999999999996,0.36099982,0
2025-08-12,3189.909912109375,3242.169921875,3189.580078125,3209.75,-0.005257660299674227,-0.005271530433248641,0.011452229381915332,49.51926967075893,50.872639528984934,32.84216901250966,43.62461102319129,373217178,10165450116361,0.2237895629766291,-59372183527,3495077882,-37712374821,21397450605,6445.759765625,42718.171875,24158.359375,1389.7900390625,98.0999984741211,14.729999542236328,31098.027,22087.0,4.29,3.69,323.291,4.3,563912300000000.0,118.84768138617,2.801,2.431,0.6000000000000001,0.37000012,1
2025-08-13,3224.3701171875,3226.3701171875,3192.169921875,3225.39990234375,0.010802877205813521,0.010744942991853234,0.011521061495474176,48.200718470982146,54.4681143918583,32.5669027122276,41.41306936099856,320069786,10352059537799,-0.1424033917324138,636548599045,46540066807,-48483121091,-17067257225,6466.580078125,43274.671875,24370.01953125,1383.0899658203125,97.83999633789062,14.489999771118164,31098.027,22087.0,4.24,3.64,323.291,4.3,563912300000000.0,118.84768138617,2.809,2.417,0.6000000000000001,0.39199996,1
2025-08-14,3225.659912109375,3239.550048828125,3210.830078125,3226.52001953125,0.0004000145377232034,0.000399934553237269,0.01151727535817071,48.720005580357146,53.94514106379131,32.08299506090589,39.54705450098003,441467896,10002172706811,0.37928637850246827,-79961068780,151846414725,-3734437885,-78836194555,6468.5400390625,42649.26171875,24238.099609375,1378.780029296875,98.25,14.829999923706055,31098.027,22087.0,4.29,3.7,323.291,4.3,563912300000000.0,118.84768138617,2.787,2.404,0.5899999999999999,0.3829999,0
2025-08-18,3177.280029296875,3206.77001953125,3177.280029296875,3202.6298828125,-0.01499844500992753,-0.015112059141169934,0.012034515752035702,48.71641322544643,46.07001857630839,27.478883086241694,37.13342021803237,326132755,8941932487220,-0.2612537447117106,-489617293124,139066475293,-13107388329,34778984795,6449.14990234375,43714.30859375,24482.51953125,1387.97998046875,98.16999816894531,14.989999771118164,31098.027,22087.0,4.34,3.73,323.291,4.3,563912300000000.0,118.84768138617,2.837,2.426,0.6099999999999999,0.41099977,0
2025-08-19,3151.56005859375,3185.47998046875,3142.47998046875,3185.0400390625,-0.008094965022273137,-0.008127907148983333,0.012031836601426125,47.26783970424107,40.47727640542012,21.506787630215968,34.00809370046909,285290653,8624169781604,-0.12523152419940153,-454581322574,312826333933,-3164080845,-22153850933,6411.3701171875,43546.2890625,24353.5,1386.9100341796875,98.2699966430664,15.569999694824219,31098.027,22087.0,4.3,3.7,323.291,4.3,563912300000000.0,118.84768138617,2.858,2.444,0.5999999999999996,0.41400003,0
2025-08-20,3130.090087890625,3132.830078125,3079.27001953125,3121.52001953125,-0.006812489784092879,-0.00683580072330161,0.011793166080356885,49.4228515625,34.92072324646357,14.869999651254602,30.180474890626193,335285191,11773562869622,0.17524071494904536,-213683431178,619870011498,-44492370378,-72039799210,6395.77978515625,42888.55078125,23625.439453125,1391.3399658203125,98.22000122070312,15.6899995803833,31098.027,22087.0,4.29,3.69,323.291,4.3,563912300000000.0,118.84768138617,2.853,2.441,0.6000000000000001,0.41199994,1
2025-08-21,3141.739990234375,3166.5400390625,3134.860107421875,3140.7099609375,0.00372190640417025,0.003714997248709511,0.011779817091661902,47.683558872767854,37.5072279284213,10.43011524329313,26.23040296115958,276915481,10893275255572,-0.17408973484904078,-17115416031,-64360593619,53614094444,25171829060,6370.169921875,42610.171875,23962.130859375,1396.9100341796875,98.62000274658203,16.600000381469727,31098.027,22087.0,4.33,3.75,323.291,4.3,563912300000000.0,118.84768138617,2.845,2.438,0.5800000000000001,0.40700006,1
2025-08-22,3168.72998046875,3181.949951171875,3159.449951171875,3165.409912109375,0.008590777823202833,0.008554087076352333,0.01194679931463117,41.44712611607143,57.80381431391409,8.985759270073686,22.7814742229424,236797098,8337524064582,-0.14487591251714815,181721291536,33597315183,81168550096,10958318950,6466.91015625,42633.2890625,23764.470703125,1399.6099853515625,97.72000122070312,14.220000267028809,31098.027,22087.0,4.26,3.64,323.291,4.3,563912300000000.0,118.84768138617,2.86,2.456,0.6199999999999997,0.4039998,1
2025-08-25,3209.860107421875,3209.860107421875,3180.1201171875,3195.139892578125,0.012980003725985068,0.01289648541326169,0.012304132153257834,40.683558872767854,59.4452608294356,11.03277529563411,20.431734437480742,220165003,8091673150742,-0.07023774843727182,118752048163,67474555655,43580166224,27972826651,6439.31982421875,42807.8203125,24277.380859375,1382.8900146484375,98.43000030517578,14.789999961853027,31098.027,22087.0,4.28,3.68,323.291,4.3,563912300000000.0,118.84768138617,2.852,2.434,0.6000000000000001,0.41799998,0
2025-08-26,3179.360107421875,3199.919921875,3175.31005859375,3199.919921875,-0.009501971730630165,-0.00954740348723933,0.012452814252543909,38.539986746651785,46.984224542532274,10.077784714001154,18.360944492784824,325353201,12954910480221,0.47776983883310464,-685982539317,-200436700478,-4860816787,-16108522489,6465.93994140625,42394.3984375,24305.099609375,1389.050048828125,98.2300033569336,14.619999885559082,31098.027,22087.0,4.26,3.63,323.291,4.3,563912300000000.0,118.84768138617,2.86,2.422,0.6299999999999999,0.43799996,1
2025-08-27,3187.159912109375,3189.31005859375,3165.77001953125,3185.8701171875,0.0024532624251314417,0.0024502580894807833,0.012364962876733158,38.540004185267854,48.26649974329364,9.836932812134819,16.656142156654823,281721035,8851872014319,-0.13410707460659044,-203714941517,-87202490780,33556798120,17119095887,6481.39990234375,42520.26953125,24519.900390625,1393.949951171875,98.2300033569336,14.850000381469727,31098.027,22087.0,4.24,3.59,323.291,4.3,563912300000000.0,118.84768138617,2.825,2.402,0.6500000000000004,0.4230001,1
2025-08-28,3196.320068359375,3211.340087890625,3164.080078125,3175.330078125,0.002874081157709263,0.002869958883071106,0.012251229328434754,39.805716378348215,44.70844325655049,10.26685409628908,15.378284544581676,312188158,9875760133000,0.1081464257718634,-24298916158,137200308576,30739552714,74751901807,6501.85986328125,42828.7890625,24236.44921875,1392.75,97.80999755859375,14.430000305175781,31098.027,22087.0,4.22,3.6,323.291,4.3,563912300000000.0,118.84768138617,2.815,2.416,0.6199999999999997,0.39900017,0
2025-08-29,3186.010009765625,3212.68994140625,3184.47998046875,3208.800048828125,-0.003225602684728046,-0.003230816155142749,0.012255293442122669,39.722865513392854,45.84717551834266,9.664231008347087,14.235473837334759,245132452,8969307869056,-0.21479259953223462,-372475556622,156318661666,-57929755210,-26994167382,6460.259765625,42718.46875,24233.099609375,1384.4100341796875,97.7699966430664,15.359999656677246,31098.027,22087.0,4.23,3.58,323.291,4.3,563912300000000.0,118.84768138617,2.815,2.426,0.6500000000000004,0.38899994,0
2025-09-01,3142.929931640625,3177.39990234375,3135.02001953125,3164.580078125,-0.013521639289566845,-0.013613889177757682,0.008839289884583778,41.698573521205354,40.291958879240255,5.645369296901208,12.51745292924805,260138455,8003230744765,0.06121589727336474,-267420131640,-26371879503,-70714559789,14645842505,6460.259765625,42188.7890625,24071.73046875,1388.8399658203125,97.7699966430664,15.359999656677246,31098.027,22170.3,4.23,3.58,324.245,4.4,563912300000000.0,118.84768138617,2.847,2.435,0.6500000000000004,0.41199994,1
2025-09-02,3172.35009765625,3174.159912109375,3151.929931640625,3155.72998046875,0.009360745118573988,0.00931720484601459,0.008853587642685281,40.17286900111607,47.42796330453701,4.779261606309319,10.969814664660303,310678131,8676467905841,0.19427991144177437,402174742846,-147960614679,12643551131,17380132401,6415.5400390625,42310.48828125,24016.779296875,1392.93994140625,98.4000015258789,17.170000076293945,31098.027,22170.3,4.28,3.63,324.245,4.4,563912300000000.0,118.84768138617,2.87,2.45,0.6500000000000004,0.41999984,1
2025-09-03,3184.419921875,3187.47998046875,3167.22998046875,3177.75,0.0038046948940684278,0.0037974753487671356,0.00812742899002791,39.01499720982143,43.73761959433601,5.0090576655316,9.777663264834564,335816449,8811868562778,0.08091434668763342,436403099081,-261630665571,-30688242888,-64880315447,6448.259765625,41938.890625,24100.30078125,1394.5699462890625,98.13999938964844,16.350000381469727,31098.027,22170.3,4.22,3.58,324.245,4.4,563912300000000.0,118.84768138617,2.913,2.475,0.6399999999999997,0.4380002,1
2025-09-04,3200.830078125,3205.610107421875,3185.489990234375,3188.840087890625,0.00515326390758708,0.005140031284466733,0.008215309996591987,38.47715541294643,46.28396129003028,6.441086328277834,9.110347877523218,286255881,7977947156742,-0.1475823121457639,203491571929,4507024653,8947485987,-21218993136,6502.080078125,42580.26953125,24179.849609375,1389.6300048828125,98.3499984741211,15.300000190734863,31098.027,22170.3,4.17,3.55,324.245,4.4,563912300000000.0,118.84768138617,2.883,2.472,0.6200000000000001,0.411,1
2025-09-05,3205.1201171875,3214.639892578125,3196.18994140625,3208.830078125,0.001340289536710726,0.0013393921504384113,0.007937819513384568,36.339303152901785,54.800011112598405,7.831868751902675,8.85465205239911,323844686,10942042116464,0.13131190481986987,-137984389367,164625326940,-29780160854,-13789367320,6481.5,43018.75,24494.580078125,1392.06005859375,97.7699966430664,15.180000305175781,31098.027,22170.3,4.1,3.48,324.245,4.4,563912300000000.0,118.84768138617,2.855,2.46,0.6199999999999997,0.39499998,1
2025-09-08,3219.590087890625,3221.139892578125,3206.340087890625,3209.81005859375,0.004514642251792544,0.004504481823450402,0.007911822433676637,34.412144252232146,62.20268515039487,9.986560692576859,9.08103378043466,372299882,8217818415298,0.14962479884570357,231557777407,112947125555,-6396260566,-12974057207,6495.14990234375,43643.80859375,24547.380859375,1385.510009765625,97.44999694824219,15.109999656677246,31098.027,22170.3,4.05,3.47,324.245,4.4,563912300000000.0,118.84768138617,2.848,2.448,0.5799999999999996,0.4000001,1
2025-09-09,3260.050048828125,3260.050048828125,3221.97998046875,3231.31005859375,0.012566805038217721,0.01248849810661339,0.008370222190163241,32.13856724330357,71.82438681999173,14.788477920967125,10.222522608541155,439945501,10628640888119,0.1816965899548686,684198310787,206376441621,6693625489,26981626354,6512.60986328125,43459.2890625,24855.1796875,1385.719970703125,97.79000091552734,15.039999961853027,31098.027,22170.3,4.08,3.48,324.245,4.4,563912300000000.0,118.84768138617,2.818,2.425,0.6000000000000001,0.39300013,1
2025-09-10,3314.530029296875,3317.77001953125,3272.070068359375,3272.199951171875,0.016711393890512127,0.016573294974171003,0.008938916614755855,33.65785435267857,75.3677482623357,22.72811546868388,12.7236411805697,564706848,13703544856383,0.2835836409655659,1384837742063,907679402639,-6550243633,37276629176,6532.0400390625,43837.671875,25192.58984375,1387.25,97.77999877929688,15.350000381469727,31098.027,22170.3,4.04,3.47,324.245,4.4,563912300000000.0,118.84768138617,2.833,2.43,0.5699999999999998,0.40299988,1
2025-09-11,3344.199951171875,3344.699951171875,3311.860107421875,3336.60009765625,0.008951471735887173,0.00891164480938715,0.008852599136909925,33.131417410714285,75.56006495238461,31.056450728647633,16.390203090185288,435588829,14947009019240,-0.2286461009943339,302374275459,1076123403232,-80618937466,-148903352372,6587.47021484375,44372.5,25215.7109375,1387.199951171875,97.54000091552734,14.710000038146973,31098.027,22170.3,4.01,3.47,324.245,4.4,563912300000000.0,118.84768138617,2.813,2.42,0.5399999999999996,0.3929999,1
2025-09-12,3395.5400390625,3395.5400390625,3362.860107421875,3374.64990234375,0.015351979140073357,0.015235329858242766,0.009335327456999032,33.86070033482143,76.26603065535826,41.32308564178993,21.376779600506218,448857492,13932277217565,0.030461440047627963,1417201982747,711667672061,-204654107826,186316550089,6584.2900390625,44768.12109375,25474.640625,1389.5,97.55000305175781,14.760000228881836,31098.027,22170.3,4.06,3.52,324.245,4.4,563912300000000.0,118.84768138617,2.813,2.431,0.5399999999999996,0.38199997,1
2025-09-15,3407.31005859375,3420.22998046875,3391.330078125,3407.780029296875,0.003466317403372443,0.003460323572222513,0.008356680368614096,33.457118443080354,84.04980106560276,49.834746056097174,27.06837289162441,378854245,12792738454649,-0.15595873578512087,266835798820,60345432689,-48987386118,-56689780119,6615.27978515625,44768.12109375,25357.16015625,1393.699951171875,97.30000305175781,15.6899995803833,31098.027,22170.3,4.05,3.5,324.245,4.4,563912300000000.0,118.84768138617,2.821,2.443,0.5499999999999998,0.37800002,1
2025-09-16,3449.6201171875,3452.5,3418.10009765625,3421.1298828125,0.012417437176589718,0.012340973144408716,0.008108031634995608,35.0035400390625,85.54055153070367,59.31066990320551,33.51683229394063,406214278,14058944540679,0.07221783406439064,1798904780037,229252210476,-43433949486,13813197883,6606.759765625,44902.26953125,25629.640625,1385.010009765625,96.62999725341797,16.360000610351562,31098.027,22170.3,4.04,3.47,324.245,4.4,563912300000000.0,118.84768138617,2.804,2.417,0.5699999999999998,0.38699985,0
2025-09-17,3413.39990234375,3433.830078125,3406.75,3433.830078125,-0.010499769137849446,-0.010555280627618078,0.008418866851181813,34.689976283482146,77.3882840997088,63.169559825476426,39.44737780024779,326609906,11611597358894,-0.19596645492603781,-36144722867,-181507620562,-64053755185,43546933022,6600.35009765625,44790.37890625,25438.25,1377.6400146484375,96.87000274658203,15.720000267028809,31098.027,22170.3,4.06,3.51,324.245,4.4,563912300000000.0,118.84768138617,2.787,2.418,0.5499999999999998,0.36899996,1
2025-09-18,3461.300048828125,3461.300048828125,3422.77001953125,3432.77001953125,0.014032972360339402,0.013935421760971612,0.00868539010076129,36.09641810825893,81.72343710612553,69.29411991346797,45.416726222891825,391177053,12409116590064,0.197688881487875,287660931390,312933891456,-22387590211,46741024261,6631.9599609375,45303.4296875,25769.359375,1378.68994140625,97.3499984741211,15.699999809265137,31098.027,22170.3,4.11,3.55,324.245,4.4,563912300000000.0,118.84768138617,2.756,2.403,0.5600000000000005,0.35299993,0
2025-09-19,3445.239990234375,3467.889892578125,3434.610107421875,3461.22998046875,-0.004639892054197237,-0.004650689766427134,0.008887997704088506,34.83140345982143,87.15063886778731,72.02174357135618,50.7377296925847,348844702,15111282864331,-0.10821787902778646,-306234559275,-89468626914,-67514766529,-59981201920,6664.35986328125,45045.80859375,25578.369140625,1386.75,97.63999938964844,15.449999809265137,31098.027,22170.3,4.14,3.56,324.245,4.4,563912300000000.0,118.84768138617,2.815,2.441,0.5799999999999996,0.37400007,1
2025-09-22,3468.64990234375,3482.25,3458.8701171875,3463.840087890625,0.0067948567228208745,0.006771875726861965,0.008674940067598717,35.2442626953125,86.95798343894114,75.20546741949374,55.631277237966515,287867235,11996187013111,-0.17479831756195052,568239270346,419609622645,-44861807877,-13659648631,6693.75,45493.66015625,25880.599609375,1396.22998046875,97.33000183105469,16.100000381469727,31098.027,22170.3,4.15,3.59,324.245,4.4,563912300000000.0,118.84768138617,2.833,2.459,0.5600000000000005,0.37399983,1
2025-09-23,3486.18994140625,3494.489990234375,3467.830078125,3489.4599609375,0.005056733759912779,0.0050439914201137505,0.008079674733173389,35.702113560267854,87.13356125287653,78.24200098732899,60.15342198783901,358335419,12152383322121,0.2447940419478445,336582925103,-33675933112,-34848083944,-29487174255,6656.919921875,45493.66015625,26247.369140625,1389.3900146484375,97.26000213623047,16.639999389648438,31098.027,22170.3,4.12,3.57,324.245,4.4,563912300000000.0,118.84768138617,2.813,2.46,0.5500000000000003,0.35299993,0
2025-09-24,3472.139892578125,3497.949951171875,3442.409912109375,3492.030029296875,-0.004030201757296514,-0.00403834490678627,0.008298129975027255,38.155674525669646,83.58040277687965,78.60860315262153,63.84445822079552,287145415,11806998240931,-0.19866862226086557,-246547067368,387230055069,-28677446668,-95845033859,6637.97021484375,45630.30859375,26196.73046875,1391.8499755859375,97.87000274658203,16.18000030517578,31098.027,22170.3,4.16,3.6,324.245,4.4,563912300000000.0,118.84768138617,2.848,2.489,0.56,0.35899997,0
2025-09-25,3471.110107421875,3479.419921875,3454.080078125,3458.97998046875,-0.00029658515731212365,-0.00029662914738797663,0.00835649498126369,38.64780970982143,83.18981983282855,77.91785443031358,66.65913746269914,293074983,12640781197188,0.020650052866071356,216448000623,212073887638,55903894523,-96224087517,6604.72021484375,45754.9296875,26023.849609375,1403.6500244140625,98.55000305175781,16.739999771118164,31098.027,22170.3,4.18,3.66,324.245,4.4,563912300000000.0,118.84768138617,2.885,2.528,0.5199999999999996,0.35699987,0
2025-09-26,3386.050048828125,3441.909912109375,3365.72998046875,3440.389892578125,-0.0245051456051123,-0.024810393771542618,0.01047955088634853,45.030691964285715,67.65964963536923,69.70329899731996,67.2679697696233,399149806,12606212195076,0.3619374875132211,-570417243815,-272432318968,-38953231022,-68660208836,6643.7001953125,45354.98828125,25580.3203125,1408.9200439453125,98.1500015258789,15.289999961853027,31098.027,22170.3,4.2,3.66,324.245,4.4,563912300000000.0,118.84768138617,2.943,2.562,0.54,0.38100004,1
2025-09-29,3431.2099609375,3439.1201171875,3413.330078125,3414.429931640625,0.013337048022962428,0.01324889255543554,0.009939642421582406,45.93141392299107,67.97897314300633,66.0755542651259,67.02948666872382,416480046,10008858561135,0.04341788406130398,448397509717,112922323244,105593878339,12595246939,6661.2099609375,45043.75,25580.3203125,1408.7099609375,97.91000366210938,16.1200008392334,31098.027,22170.3,4.15,3.63,324.245,4.4,563912300000000.0,118.84768138617,2.939,2.563,0.5200000000000005,0.37599993,0
2025-09-30,3424.60009765625,3443.3798828125,3421.889892578125,3436.0,-0.001926394291372313,-0.0019282521752499201,0.009964160737367677,43.343558175223215,62.854744554268,61.95302380846215,66.01419409667149,526401520,11157443411281,0.263929748989703,25972753484,-209210794907,46191261910,-1657623813,6688.4599609375,44932.62890625,25820.5390625,1399.3299560546875,97.7699966430664,16.280000686645508,31098.027,22170.3,4.16,3.61,324.245,4.4,563912300000000.0,118.84768138617,2.951,2.582,0.5500000000000003,0.36899996,1
2025-10-01,3455.830078125,3459.739990234375,3440.419921875,3444.06005859375,0.009119307241193919,0.009077977435023574,0.010033097748865901,43.507847377232146,62.98960631496053,60.50838415692033,64.91303210872125,493641155,12344643388616,-0.062234556237603544,833323567803,149472145866,36645078234,-34906264253,6711.2001953125,44550.8515625,25982.91015625,1403.1500244140625,97.70999908447266,16.290000915527344,31422.526,22245.1,4.12,3.56,324.245,4.4,563912300000000.0,118.84768138617,2.96,2.596,0.56,0.36400008,1
2025-10-02,3549.2099609375,3565.9599609375,3512.159912109375,3525.47998046875,0.027020970563218283,0.026662349981591265,0.011234022398340282,47.707118443080354,66.2879113303654,66.13609719950773,65.15764512687855,402107231,19456116765360,-0.18542603888040898,3139971030860,-6638937582,-26153987489,45041145467,6715.35009765625,44936.73046875,26378.390625,1401.8199462890625,97.8499984741211,16.6299991607666,31422.526,22245.1,4.1,3.56,324.245,4.4,563912300000000.0,118.84768138617,2.959,2.581,0.5399999999999996,0.37800002,1
2025-10-10,3610.60009765625,3617.860107421875,3569.43994140625,3598.110107421875,0.017296845606320277,0.017148958062065494,0.011503595077029818,50.546421595982146,69.49649956683604,74.68880525089935,67.06387715168272,407410846,19600845152565,0.01318955390782306,1061358949960,-491977257404,-54935274671,83401703361,6552.509765625,48088.80078125,27301.919921875,1421.510009765625,98.9800033569336,21.65999984741211,31422.526,22245.1,4.05,3.52,324.245,4.4,563912300000000.0,118.84768138617,2.964,2.591,0.5299999999999998,0.3729999,0
2025-10-13,3584.550048828125,3584.550048828125,3522.5400390625,3550.080078125,-0.0072148806634760865,-0.007241033785330672,0.01187541340653458,53.608572823660715,63.357016389306324,78.46042384332577,69.34318649001133,408033131,14270855613049,0.001527413926530663,-823319556507,-380603662378,-12394052870,25232290956,6654.72021484375,48088.80078125,26923.419921875,1429.030029296875,99.2699966430664,19.030000686645508,31422.526,22245.1,4.05,3.52,324.245,4.4,563912300000000.0,118.84768138617,2.904,2.554,0.5299999999999998,0.35000014,0
2025-10-14,3561.81005859375,3646.77001953125,3535.52001953125,3604.1201171875,-0.006343889728031349,-0.00636409770659893,0.012027793860455091,58.492850167410715,65.09430214229596,78.70724347575151,71.21599788715938,734084905,18926398057017,0.7990816167327353,555244952994,-421688734133,-51672435581,-35107716624,6644.31005859375,46847.3203125,26793.150390625,1426.0699462890625,99.05000305175781,20.809999465942383,31422.526,22245.1,4.03,3.47,324.245,4.4,563912300000000.0,118.84768138617,2.871,2.533,0.56,0.33800006,1
2025-10-15,3657.280029296875,3659.909912109375,3577.06005859375,3580.639892578125,0.026803779295524244,0.026450850662071822,0.01273482876517285,62.078543526785715,68.17390241251903,85.61951015581326,74.09670034089015,543606716,13879932193738,-0.25947705463307413,162900409409,515785019362,70549152613,82202888456,6671.06005859375,47672.671875,27275.7109375,1429.4300537109375,98.79000091552734,20.639999389648438,31422.526,22245.1,4.05,3.51,324.245,4.4,563912300000000.0,118.84768138617,2.856,2.52,0.54,0.33599997,1
2025-10-16,3748.3701171875,3748.3701171875,3675.820068359375,3675.820068359375,0.02490651171388092,0.024601400346642655,0.013456462373109131,66.20785086495536,74.67643531707371,97.32582855276769,78.74252598326566,495790790,17664818382797,-0.0879605137181565,659143373911,676079145860,100184216363,98166933672,6629.06982421875,48277.73828125,27647.869140625,1420.0899658203125,98.38999938964844,25.309999465942383,31422.526,22245.1,3.99,3.42,324.245,4.4,563912300000000.0,118.84768138617,2.908,2.569,0.5700000000000003,0.339,1
2025-10-17,3748.889892578125,3794.8701171875,3722.070068359375,3732.760009765625,0.00013866704044018796,0.00013865742705483194,0.01331639885569162,68.7642822265625,73.69615345709927,105.4297828430499,84.07997735522252,420769792,17268693077595,-0.15131583626230738,442584235732,-23794686090,10539821316,-8032557205,6664.009765625,47582.1484375,27302.369140625,1415.719970703125,98.43000030517578,20.780000686645508,31422.526,22245.1,4.02,3.47,324.245,4.4,563912300000000.0,118.84768138617,2.885,2.555,0.5499999999999994,0.32999992,1
2025-10-20,3814.68994140625,3814.68994140625,3728.3798828125,3775.39990234375,0.01755187554544957,0.017399620372058017,0.01359617990887394,73.02500697544643,75.68093206978767,115.8265625172462,90.42929438762727,410146751,14190573342156,-0.025246681681939775,-247669155513,870378007535,-114420787981,3168542569,6735.1298828125,49185.5,27688.630859375,1419.739990234375,98.58999633789062,18.229999542236328,31422.526,22245.1,4.0,3.47,324.245,4.4,563912300000000.0,118.84768138617,2.892,2.569,0.5299999999999998,0.32299995,1
2025-10-21,3823.840087890625,3893.06005859375,3816.18994140625,3851.010009765625,0.00239866060542826,0.002395788411107585,0.013520117733688322,74.65572684151786,77.70690493482195,123.38215300698266,97.01986611149835,526854280,19373490542844,0.2845506607463044,-18821013815,497025857192,-99873962571,49618162027,6735.35009765625,49316.05859375,27752.41015625,1419.739990234375,98.93000030517578,17.8700008392334,31422.526,22245.1,3.98,3.46,324.245,4.4,563912300000000.0,118.84768138617,2.904,2.6,0.52,0.30400014,1
2025-10-22,3883.679931640625,3883.679931640625,3794.52001953125,3827.22998046875,0.015649149120932515,0.015527963849277791,0.013179191955812223,79.21430315290179,79.74592101344325,132.66925955299303,104.14974479979728,597215988,15451168656133,0.13355060530209606,-701059858751,539876116156,157630633988,31725550553,6699.39990234375,49307.7890625,27648.91015625,1430.739990234375,98.9000015258789,18.600000381469727,31422.526,22245.1,3.97,3.44,324.245,4.4,563912300000000.0,118.84768138617,2.869,2.572,0.5300000000000002,0.29699993,0
2025-10-23,3845.56005859375,3902.2099609375,3822.330078125,3835.7900390625,-0.009815400269293506,-0.009863888861371151,0.013537664472512267,77.39285714285714,85.5355596697765,135.3926806829886,110.39833197643554,423588471,16255705645739,-0.290728179567758,-409076104352,-179989530225,13488058741,-100712586238,6738.43994140625,48641.609375,27532.259765625,1430.4000244140625,98.94000244140625,17.299999237060547,31422.526,22245.1,4.01,3.49,324.245,4.4,563912300000000.0,118.84768138617,2.912,2.605,0.5199999999999996,0.30699992,1
2025-10-24,3941.590087890625,3951.070068359375,3886.639892578125,3893.22998046875,0.02497166286150554,0.024664966219439026,0.013987286577088798,81.13856724330357,86.59060270647487,143.6439938121316,117.04746434357476,426896560,17800793870343,0.007809676670827104,584872062761,1082560655270,49696911063,73033574655,6791.68994140625,49299.6484375,27532.259765625,1435.8399658203125,98.94999694824219,16.3700008392334,31422.526,22245.1,4.02,3.49,324.245,4.4,563912300000000.0,118.84768138617,2.913,2.591,0.5299999999999994,0.32200003,1
2025-10-27,4042.830078125,4042.830078125,3999.7900390625,3999.7900390625,0.02568506312855945,0.025360743612888044,0.014594668204865135,86.83499581473214,89.02721626910002,156.54785381734018,124.94754223832786,516998547,20122806110920,0.21106280875160954,649464882211,691299793261,-105279586288,-88648147441,6875.16015625,50512.3203125,27993.630859375,1436.969970703125,98.77999877929688,15.789999961853027,31422.526,22245.1,4.01,3.5,324.245,4.4,563912300000000.0,118.84768138617,2.959,2.62,0.5099999999999998,0.33900023,0
2025-10-28,4010.409912109375,4018.219970703125,3972.56005859375,4010.469970703125,-0.008019176020047092,-0.00805150254947403,0.015006119548156359,89.34429059709821,84.95662351947963,162.2874704490373,132.41552788046974,408224732,19719872621077,-0.21039481760864598,-1641029874681,311248691665,-102059417027,-66622546139,6890.89013671875,50219.1796875,27949.109375,1430.969970703125,98.69000244140625,16.420000076293945,31422.526,22245.1,3.99,3.5,324.245,4.4,563912300000000.0,118.84768138617,2.935,2.633,0.4900000000000002,0.30200005,1
2025-10-29,4081.14990234375,4084.090087890625,4014.840087890625,4061.5400390625,0.017639092208698415,0.01748532895143372,0.014944179710562196,86.74074009486607,84.51465572247685,170.57796736779255,140.0480157779343,466898421,22033182304082,0.14372889342726047,-101819764222,1067949298707,-133683747668,-312267068433,6890.58984375,51307.6484375,28294.740234375,1425.969970703125,99.22000122070312,16.920000076293945,31422.526,22245.1,4.08,3.6,324.245,4.4,563912300000000.0,118.84768138617,2.984,2.677,0.48,0.30699992,1
2025-10-30,4086.889892578125,4146.72021484375,4070.7900390625,4105.9501953125,0.001406463955435422,0.0014054758114238966,0.014898740366774434,87.2607421875,83.3093102629903,175.58735343545322,147.15588330943808,566538268,24198286552685,0.2134079759502978,-117758829064,-193009083672,-229680282217,-173382474859,6822.33984375,51325.609375,28287.529296875,1424.010009765625,99.52999877929688,16.90999984741211,31422.526,22245.1,4.11,3.61,324.245,4.4,563912300000000.0,118.84768138617,3.05,2.732,0.5000000000000004,0.31799984,1
2025-10-31,4107.5,4122.08984375,4059.739990234375,4083.25,0.005042980839611966,0.005030307601145826,0.012763793151326249,85.42429896763393,86.85289453101747,179.15520176216978,153.55574699998442,408275232,22950424588062,-0.27935100758277465,1316368148105,1165995852185,-62375553323,-156746749642,6840.2001953125,52411.33984375,28233.349609375,1424.02001953125,99.80000305175781,17.440000534057617,31422.526,22245.1,4.11,3.6,324.245,4.4,563912300000000.0,118.84768138617,3.061,2.716,0.5100000000000002,0.34500003,1
2025-11-03,4221.8701171875,4221.919921875,4123.35986328125,4123.35986328125,0.02784421599208775,0.027463614685768648,0.013356311105245199,85.65072195870536,91.19504368469009,189.0324119161537,160.65107998321827,472676323,22728714597138,0.1577394021295908,-796379882407,427711049045,-56410667374,-33198223741,6851.97021484375,52411.33984375,28334.58984375,1427.1700439453125,99.87000274658203,17.170000076293945,31422.526,22277.5,4.13,3.61,325.063,4.5,563912300000000.0,118.84768138617,3.086,2.741,0.52,0.34500003,0
2025-11-04,4121.740234375,4226.75,4117.91015625,4219.240234375,-0.02371695007974428,-0.024002724449667046,0.01520946067609959,86.41786411830357,78.8198173823388,186.6291823604015,165.84670045865494,423542560,20785686586392,-0.10394800968272744,-2234934617588,-51385373466,-116612441052,-119546921220,6771.5498046875,51497.19921875,28116.560546875,1428.969970703125,100.22000122070312,19.0,31422.526,22277.5,4.1,3.59,325.063,4.5,563912300000000.0,118.84768138617,3.082,2.729,0.5099999999999998,0.35299993,0
2025-11-05,4004.419921875,4055.469970703125,3867.81005859375,4055.469970703125,-0.028463781274122413,-0.028876729618317172,0.017438492923656106,98.04929896763393,65.38704857634809,173.26059658469376,167.3294796838627,594162840,29186234065822,0.40284093291592704,-2069958063489,87405093093,-57809224195,58251975721,6796.2900390625,50212.26953125,27717.060546875,1439.81005859375,100.19999694824219,18.010000228881836,31422.526,22277.5,4.17,3.65,325.063,4.5,563912300000000.0,118.84768138617,3.125,2.767,0.52,0.35800004,1
2025-11-06,4026.449951171875,4111.9599609375,3985.2900390625,4092.4599609375,0.005501428353338111,0.005486350769926817,0.016837796565458255,101.89714704241071,66.25933682712918,162.5695348914005,166.37749072537025,423420832,21483948611420,-0.2873656790788195,-1700015366201,587946882913,189469448322,-36805466458,6720.31982421875,50883.6796875,27899.44921875,1439.739990234375,99.7300033569336,19.5,31422.526,22277.5,4.11,3.58,325.063,4.5,563912300000000.0,118.84768138617,3.203,2.834,0.5300000000000002,0.36899996,0
2025-11-07,3953.760009765625,4037.610107421875,3887.320068359375,3963.719970703125,-0.01805310938612159,-0.018218054968126965,0.01748409256957244,106.46714564732143,58.081424432437096,146.54207487830536,162.41040755595728,377049668,18794295713216,-0.10951554693463927,-462509716457,163971892947,-137386155262,-68751991674,6728.7998046875,50276.37109375,27651.41015625,1447.9000244140625,99.5999984741211,19.079999923706055,31422.526,22277.5,4.11,3.57,325.063,4.5,563912300000000.0,118.84768138617,3.226,2.894,0.5400000000000005,0.33200002,1
2025-11-10,4073.239990234375,4092.909912109375,3984.239990234375,3991.8701171875,0.03021933050403658,0.02977172180949305,0.018118835741645124,110.80855887276786,62.84559711526031,141.84611946523046,158.29754993781194,339514007,16685675541574,-0.09955097215468178,-145213646845,922250865130,132992066054,64813593813,6832.43017578125,50911.76171875,27869.509765625,1454.0,99.62000274658203,17.600000381469727,31422.526,22277.5,4.13,3.56,325.063,4.5,563912300000000.0,118.84768138617,3.23,2.865,0.5699999999999998,0.365,1
2025-11-11,4106.39013671875,4187.4599609375,4066.580078125,4124.2998046875,0.00813852033365392,0.008105581173707398,0.01786992653468898,113.07427106584821,61.79520977068788,139.19492825470616,154.47702560119077,377553974,20118818678387,0.11204240831218493,74380943249,367029232195,22061694723,-89869861481,6846.60986328125,50842.9296875,27784.94921875,1456.0899658203125,99.45999908447266,17.280000686645508,31422.526,22277.5,4.13,3.56,325.063,4.5,563912300000000.0,118.84768138617,3.201,2.831,0.5699999999999998,0.3699999,1
2025-11-12,4150.39013671875,4154.6201171875,4088.860107421875,4097.43994140625,0.010715007228991213,0.01065800833987293,0.01731065927889571,112.06570870535714,66.04452122565985,139.04148866521064,151.38991821399475,334584453,15670659198860,-0.11381027338888505,-426301595451,868654880931,13870437898,-45197406554,6850.919921875,51063.30859375,27947.08984375,1459.8399658203125,99.4800033569336,17.510000228881836,31422.526,22277.5,4.08,3.55,325.063,4.5,563912300000000.0,118.84768138617,3.282,2.923,0.5300000000000002,0.35899997,1
2025-11-13,4170.6298828125,4188.5400390625,4123.83984375,4127.56982421875,0.00487658880901054,0.0048647367658803805,0.016767942548144295,109.15072195870536,63.10055882304477,138.9513207132245,148.9021987138407,424188608,17517048400982,0.2678072881049258,999717743685,-743483081034,1421739128,27502984530,6737.490234375,51281.828125,27903.560546875,1468.02001953125,99.18000030517578,20.0,31422.526,22277.5,4.11,3.57,325.063,4.5,563912300000000.0,118.84768138617,3.267,2.932,0.5400000000000005,0.33500004,0
2025-11-14,4011.570068359375,4092.760009765625,4011.39990234375,4061.909912109375,-0.038138079600067876,-0.03888437250620928,0.019459140058952946,113.29286411830357,48.32292526492571,124.60865326497196,144.04348962406695,399992380,17968602377429,-0.05704120182312866,-2366775352924,-655162016974,-44878847933,-6664717015,6734.10986328125,50376.53125,27397.5,1468.7099609375,99.2699966430664,19.829999923706055,31422.526,22277.5,4.14,3.61,325.063,4.5,563912300000000.0,118.84768138617,3.317,2.944,0.5299999999999998,0.3729999,1
2025-11-17,4089.25,4089.8798828125,4045.39990234375,4078.570068359375,0.019363972289381914,0.019178876224883255,0.019530514691942513,113.86713518415179,54.033814041508705,118.14816871969606,138.86442544319277,344096599,14352976610800,-0.13974211458728292,518284632949,5964690486,30020117961,-46707925574,6672.41015625,50323.91015625,27447.310546875,1446.530029296875,99.58999633789062,22.3799991607666,31422.526,22277.5,4.13,3.6,325.063,4.5,563912300000000.0,118.84768138617,3.301,2.914,0.5299999999999998,0.38700008,0
2025-11-18,3953.6201171875,4072.409912109375,3953.260009765625,4044.469970703125,-0.03316742258666017,-0.03372993459583158,0.021232021573844424,118.31783621651786,43.88129122580803,100.92063982060881,131.275668318676,319659628,14077477816697,-0.07101776382276881,-552107137897,-428743183336,-43108537347,-59361695503,6617.31982421875,48702.98046875,26756.119140625,1461.68994140625,99.55000305175781,24.690000534057617,31422.526,22277.5,4.12,3.58,325.063,4.5,563912300000000.0,118.84768138617,3.268,2.872,0.54,0.3959999,0
2025-11-19,3929.510009765625,3966.639892578125,3854.949951171875,3966.639892578125,-0.006098235719982692,-0.006116905901575496,0.021039177553149196,120.87210518973214,42.57992065947666,84.3498819449851,121.89051104393782,338241537,14586911018135,0.0581302966416517,-1051156432270,461082915142,88744183243,5891802893,6642.16015625,48537.69921875,26580.119140625,1456.550048828125,100.2300033569336,23.65999984741211,31422.526,22277.5,4.13,3.59,325.063,4.5,563912300000000.0,118.84768138617,3.281,2.869,0.54,0.41199994,1
2025-11-20,4004.85009765625,4059.3701171875,4001.31005859375,4030.969970703125,0.019172896290730934,0.018991412360819176,0.021272897247568052,125.69426618303571,45.39781461485618,76.41587772094226,112.79558437933872,360281733,15143579448126,0.06516111591581364,744766288223,747613113921,17378732171,-31443822134,6538.759765625,49823.94140625,27426.359375,1466.1300048828125,100.16000366210938,26.420000076293945,31422.526,22277.5,4.1,3.56,325.063,4.5,563912300000000.0,118.84768138617,3.325,2.908,0.5399999999999996,0.41700006,0
2025-11-21,3853.260009765625,3911.550048828125,3838.4599609375,3908.699951171875,-0.03785162595207736,-0.038586605232371216,0.022402341263779678,129.40642438616072,34.00754379628148,57.23628474819907,101.68372445311078,319324121,14166906140808,-0.11368217771951261,-2830804343064,411542019338,-59779950043,85078446938,6602.990234375,48625.87890625,26434.939453125,1473.25,100.18000030517578,23.43000030517578,31422.526,22277.5,4.06,3.5,325.063,4.5,563912300000000.0,118.84768138617,3.271,2.872,0.5599999999999996,0.39899993,0
2025-11-24,3846.06005859375,3917.159912109375,3838.199951171875,3915.159912109375,-0.0018685349946869767,-0.0018702828838676015,0.02151739683133094,127.27214704241071,36.99032719064545,40.98291768463832,89.54356309941629,373120108,21411253137675,0.16846828492483357,-795650963505,1109492115017,63408149900,-22807985903,6705.1201171875,48625.87890625,26504.240234375,1467.72998046875,100.13999938964844,20.520000457763672,31422.526,22277.5,4.04,3.49,325.063,4.5,563912300000000.0,118.84768138617,3.289,2.904,0.5499999999999998,0.385,1
2025-11-25,3857.780029296875,3946.610107421875,3833.35009765625,3942.360107421875,0.0030472666896965706,0.003042633183191069,0.02150960722608188,117.22427804129464,42.31382389938717,28.716682831275648,77.37818704578815,279293988,13275808347538,-0.25146358501804467,-1710358096,19658363074,7340226117,-61109799874,6765.8798828125,48659.51953125,26912.169921875,1474.8599853515625,99.66000366210938,18.559999465942383,31422.526,22277.5,4.01,3.46,325.063,4.5,563912300000000.0,118.84768138617,3.264,2.902,0.5499999999999998,0.362,1
2025-11-26,3960.8701171875,3960.8701171875,3866.659912109375,3891.8798828125,0.026722645435389047,0.026371831605681503,0.02201778008004187,115.54000418526786,46.831830050265644,27.00283993936,67.30311762450252,295326951,15777742925834,0.05740532803735099,523499974267,1037618840943,105237568665,36174018808,6812.60986328125,49559.0703125,27409.5390625,1464.9200439453125,99.5999984741211,17.190000534057617,31422.526,22277.5,4.0,3.47,325.063,4.5,563912300000000.0,118.84768138617,3.251,2.895,0.5299999999999998,0.35599995,1
2025-11-27,3986.909912109375,4023.419921875,3968.429931640625,3989.449951171875,0.0065742612485271135,0.006552745043662902,0.022083462050323317,109.27284458705357,51.67706717902632,27.42960946294488,59.328415992191,257854943,13008961064052,-0.1268831302836293,157740133135,326073228376,72932154287,-562761869,6812.60986328125,50167.1015625,27554.529296875,1470.5899658203125,99.5999984741211,17.190000534057617,31422.526,22277.5,4.0,3.47,325.063,4.5,563912300000000.0,118.84768138617,3.351,3.013,0.5299999999999998,0.33800006,0
2025-11-28,3926.590087890625,3995.300048828125,3921.889892578125,3995.300048828125,-0.015129467569744093,-0.015245085606031782,0.022245334246709485,104.5771484375,42.108548934043604,22.639547078355463,51.99064220942389,241922807,11927326021478,-0.06178720413360472,-2041033195605,839176462564,-70695237508,-136734168080,6849.08984375,50253.91015625,27626.48046875,1461.4000244140625,99.45999908447266,16.350000381469727,31422.526,22277.5,4.02,3.49,325.063,4.5,563912300000000.0,118.84768138617,3.344,2.991,0.5299999999999994,0.35300016,0
2025-12-01,3920.3701171875,3977.31005859375,3892.080078125,3967.919921875,-0.0015840641788168464,-0.0015853201349968476,0.021123033631048463,102.03072684151786,39.69120341857769,18.132468663075997,45.21900750015432,296914679,11805572699555,0.22731164821512673,223581849965,-68894937864,29097125833,-96241820989,6812.6298828125,49303.28125,27342.529296875,1465.6199951171875,99.41000366210938,17.239999771118164,31422.526,22353.6,4.09,3.55,326.031,4.4,563912300000000.0,118.84768138617,3.387,3.045,0.54,0.342,1
2025-12-02,3994.929931640625,3994.929931640625,3935.139892578125,3939.090087890625,0.01901856514165412,0.018839973055638982,0.021128601263390452,102.65928431919643,41.66700473337007,20.34243551730242,40.243693103583944,319034908,12439175118986,0.07450028767355077,1220591037011,247529075306,33839413485,70784814352,6829.3701171875,49303.44921875,27564.26953125,1470.1700439453125,99.36000061035156,16.59000015258789,31422.526,22353.6,4.09,3.54,326.031,4.4,563912300000000.0,118.84768138617,3.346,3.022,0.5499999999999998,0.32399988,1
2025-12-03,4036.300048828125,4052.830078125,3987.760009765625,4010.260009765625,0.010355655266902408,0.010302402796193565,0.02026131175347676,102.68570382254464,42.95913157312156,25.142248691356144,37.22340422113838,290896486,13375747628074,-0.08819856791345226,282946826479,487271055069,38087894573,62672496011,6849.72021484375,49864.6796875,27793.0390625,1467.3599853515625,98.8499984741211,16.079999923706055,31422.526,22353.6,4.06,3.5,326.031,4.4,563912300000000.0,118.84768138617,3.368,3.041,0.5599999999999996,0.32700014,0
2025-12-04,4028.510009765625,4028.530029296875,3982.5400390625,4018.909912109375,-0.0019299950371037822,-0.0019318598773333004,0.020231108533894353,95.15213448660714,51.055238109142756,27.994837108306,35.377690798571905,352043273,13716192682125,0.210201188198609,-697837340420,107091350008,-27535762591,52221708705,6857.1201171875,51028.421875,27795.7109375,1465.030029296875,98.98999786376953,15.779999732971191,31422.526,22353.6,4.11,3.55,326.031,4.4,563912300000000.0,118.84768138617,3.376,3.025,0.5600000000000005,0.35099983,1
2025-12-05,4100.0498046875,4100.0498046875,4003.2900390625,4023.5,0.017758375863148768,0.017602538151561018,0.0201162688153816,96.46998814174107,50.67793721709194,35.61761979788025,35.425676598433576,478512573,16308814953657,0.35924362059888026,1000558523985,849019994846,85404353976,5782407832,6870.39990234375,50491.87109375,27980.890625,1472.3800048828125,98.98999786376953,15.40999984741211,31422.526,22353.6,4.14,3.59,326.031,4.4,563912300000000.0,118.84768138617,3.358,2.994,0.5499999999999998,0.36400008,1
2025-12-08,4154.85009765625,4154.85009765625,4081.260009765625,4109.25,0.013365762753929866,0.01327722895563854,0.019228371404644267,92.01285226004464,64.05846085201057,45.55551997898101,37.45164527454307,395582936,15207838759256,-0.17330712227701484,322692525385,-140825644214,40683727865,-15317346495,6846.509765625,50581.94140625,28303.779296875,1471.81005859375,99.08999633789062,16.65999984741211,31422.526,22353.6,4.17,3.59,326.031,4.4,563912300000000.0,118.84768138617,3.401,3.034,0.5800000000000001,0.3670001,0
2025-12-09,4143.5498046875,4152.18017578125,4121.2099609375,4129.77001953125,-0.002719783554916866,-0.0027234888862006684,0.019169892588547028,86.4378662109375,65.22591027361264,51.92102501249019,40.34552122213249,400643400,13328759163343,0.012792422370817347,-90993089901,-98306205656,12330272182,99608405445,6840.509765625,50655.1015625,28182.599609375,1468.510009765625,99.22000122070312,16.93000030517578,31422.526,22353.6,4.18,3.62,326.031,4.4,563912300000000.0,118.84768138617,3.453,3.084,0.5599999999999996,0.36899996,0
2025-12-10,4135.0,4172.64013671875,4123.60009765625,4159.0498046875,-0.002063400970305218,-0.0020655327150215443,0.019023879391950077,80.66500418526786,60.23046536763306,55.63451576153602,43.4033201300132,317901549,12625782614479,-0.2065224361614343,373684431659,-102262097829,-95850854610,15652810287,6886.68017578125,50602.80078125,28400.73046875,1467.9300537109375,98.79000091552734,15.770000457763672,31422.526,22353.6,4.13,3.56,326.031,4.4,563912300000000.0,118.84768138617,3.371,3.095,0.5699999999999998,0.27600002,0
2025-12-11,4110.6201171875,4170.77001953125,4103.2001953125,4163.31982421875,-0.00589598133313185,-0.005913431254485845,0.019025941037611828,73.60641043526786,75.28693308436934,55.96510030339232,45.915676164689025,539843372,20308402514420,0.6981464031809421,364975815461,-688190644318,-20114981877,-17402709778,6901.0,50148.8203125,28024.75,1469.0400390625,98.3499984741211,14.850000381469727,31422.526,22353.6,4.14,3.55,326.031,4.4,563912300000000.0,118.84768138617,3.378,3.101,0.5899999999999999,0.27699995,1
2025-12-12,4167.16015625,4168.169921875,4120.72998046875,4123.830078125,0.01375462520267745,0.013660888905809977,0.016999183005798335,72.07711356026786,78.76108478229304,60.09664287190162,48.75186950613155,426616335,16545774986825,-0.20974053377837898,46940837270,1438748075767,-83159725562,89195037509,6827.41015625,50836.55078125,28198.01953125,1470.8499755859375,98.4000015258789,15.739999771118164,31422.526,22353.6,4.19,3.58,326.031,4.4,563912300000000.0,118.84768138617,3.409,3.093,0.6100000000000003,0.31599998,0
2025-12-15,4090.590087890625,4123.18994140625,4052.64990234375,4053.739990234375,-0.018374640159806055,-0.018545550711137067,0.017074100232441828,72.16641671316964,68.68250150660594,56.54059079438002,50.30961376378125,346844575,15438300438426,-0.18698712040644205,-959903866429,-391976021436,-52542669797,116583090458,6816.509765625,50168.109375,27866.939453125,1472.9100341796875,98.1500015258789,16.5,31422.526,22353.6,4.18,3.56,326.031,4.4,563912300000000.0,118.84768138617,3.325,3.0,0.6199999999999997,0.32500005,0
2025-12-16,3999.1298828125,4099.009765625,3996.22998046875,4093.320068359375,-0.022358682515971173,-0.022612427255755258,0.01606899963185083,72.14425223214286,53.12866097175516,45.814202114370346,49.410531433899074,373989521,16525587865207,0.07826256472369497,-1035036843780,148109819904,-245897055311,13731755436,6800.259765625,49383.2890625,27536.66015625,1467.47998046875,98.1500015258789,16.479999542236328,31422.526,22353.6,4.15,3.52,326.031,4.4,563912300000000.0,118.84768138617,3.313,2.999,0.6300000000000003,0.3139999,1
2025-12-17,4056.409912109375,4060.239990234375,3994.64990234375,4019.429931640625,0.014323123023099127,0.01422151616559729,0.0162657486294283,72.36141531808036,55.40704401808527,41.45758423645657,47.81994199441058,360955505,12968279650414,-0.03485128664875081,-27789783436,379394905728,-19550443221,-28662042049,6721.43017578125,49512.28125,27525.169921875,1471.739990234375,98.37000274658203,17.6200008392334,31422.526,22353.6,4.16,3.53,326.031,4.4,563912300000000.0,118.84768138617,3.324,2.996,0.6300000000000003,0.32799983,0
2025-12-18,3994.510009765625,4030.64990234375,3975.5,3989.60009765625,-0.015259774945072357,-0.015377403501862896,0.016145528028679447,72.89711216517857,55.27115567530288,32.633944581194555,44.782742511767374,581445413,13077588489472,0.6108506587259279,-346770479725,156281357049,-70579014311,-84632417818,6774.759765625,49001.5,27468.529296875,1474.0,98.43000030517578,16.8700008392334,31422.526,22353.6,4.12,3.5,326.031,4.4,563912300000000.0,118.84768138617,3.312,2.967,0.6200000000000001,0.34500003,1
2025-12-19,4020.550048828125,4055.780029296875,3997.050048828125,4055.780029296875,0.006518957018217142,0.006497800513700696,0.013408959914856846,71.18568638392857,57.542757124533054,27.426207858197813,41.311435581053466,442664473,16470368044849,-0.23868266374989877,-747130781598,964183805227,-25140822642,-41242101262,6834.5,49507.2109375,27696.349609375,1474.3599853515625,98.5999984741211,14.90999984741211,31422.526,22353.6,4.16,3.53,326.031,4.4,563912300000000.0,118.84768138617,3.342,3.01,0.6300000000000003,0.33200002,1
2025-12-22,4105.93017578125,4105.93017578125,4083.1298828125,4096.259765625,0.02123593187902517,0.021013591703338576,0.014012849039804697,71.95856584821429,58.22345086244973,29.844473169965568,39.01804309883589,315627058,13013701888375,-0.2869835343664455,1114028873793,1622102177879,-34261909288,22809936437,6878.490234375,50402.390625,28149.640625,1473.719970703125,98.29000091552734,14.079999923706055,31422.526,22353.6,4.17,3.56,326.031,4.4,563912300000000.0,118.84768138617,3.359,2.999,0.6099999999999999,0.3599999,1
2025-12-23,4117.31982421875,4140.83984375,4110.25,4127.39990234375,0.0027739508344981623,0.002770110533114279,0.014013213397009824,69.80425153459821,56.281380212621706,32.307593467134666,37.675953172495646,385848331,13460733860454,0.22248179051873307,954342814280,533261642263,-121145645194,-37383279005,6909.7900390625,50412.87109375,28310.470703125,1476.8399658203125,97.94000244140625,14.0,31422.526,22353.6,4.18,3.58,326.031,4.4,563912300000000.0,118.84768138617,3.379,2.963,0.5999999999999996,0.4159999,0
2025-12-24,4108.6201171875,4137.2001953125,4106.6201171875,4136.240234375,-0.002112953912415727,-0.0021151893490051338,0.012947136131577249,68.14854213169643,56.2021064378247,33.17521714513441,36.7758059670234,363613812,12114977293960,-0.05762502313376605,521577461274,252283200550,-26143810406,32658143047,6932.0498046875,50344.1015625,28371.98046875,1478.6700439453125,97.9800033569336,13.470000267028809,31422.526,22353.6,4.15,3.56,326.031,4.4,563912300000000.0,118.84768138617,3.345,2.939,0.5900000000000003,0.40600014,1
2025-12-26,4129.68017578125,4143.14013671875,4116.52978515625,4130.3701171875,0.005125822780658096,0.005112730471248907,0.012923479341794874,63.702845982142854,52.48848292881765,35.15691880751183,36.45202853512109,510161651,16273592100742,0.40303155205776386,1780689598930,529332486432,-23628157217,-97501817252,6929.93994140625,50750.390625,28556.01953125,1446.52001953125,98.0199966430664,13.600000381469727,31422.526,22353.6,4.14,3.54,326.031,4.4,563912300000000.0,118.84768138617,3.374,2.958,0.5999999999999996,0.41600013,1
2025-12-29,4220.56005859375,4220.56005859375,4146.47998046875,4146.47998046875,0.02200651840921486,0.021767869852381033,0.013010148113494215,64.93783133370536,55.20326825284882,43.55856268407524,37.87333536491192,502393980,14535157883542,-0.015225901407473708,335560894891,-363551566199,23932814520,37891796466,6905.740234375,50526.921875,28810.890625,1441.3299560546875,98.04000091552734,14.199999809265137,31422.526,22353.6,4.12,3.51,326.031,4.4,563912300000000.0,118.84768138617,3.354,2.939,0.6100000000000003,0.4150002,0
2025-12-30,4214.169921875,4226.35986328125,4186.9501953125,4193.75,-0.001514049469747203,-0.0015151968008692421,0.013008683728786722,65.34994070870536,55.635907075921665,49.13489882992599,40.12564805791473,408198125,13213491562311,-0.18749399624573526,-488565460858,-228968627322,-24765470947,-108410543534,6896.240234375,50339.48046875,28707.130859375,1434.7099609375,98.23999786376953,14.329999923706055,31422.526,22353.6,4.14,3.5,326.031,4.4,563912300000000.0,118.84768138617,3.385,2.952,0.6399999999999997,0.4330001,1
2026-01-02,4309.6298828125,4313.5498046875,4216.68017578125,4224.52978515625,0.022652138548563183,0.022399388623114042,0.013250070651360654,68.94564383370536,62.23875918483558,60.55892091265923,44.21230262886363,406339246,17521809108064,-0.004553864621499648,644674371630,-113813243883,-72899009835,-19584573734,6858.47021484375,50339.48046875,29349.810546875,1443.6400146484375,98.41999816894531,14.510000228881836,31856.257,22429.3,4.19,3.55,326.588,4.3,563912300000000.0,118.84768138617,3.386,2.935,0.6400000000000006,0.45099998,1
2026-01-05,4457.52001953125,4457.52001953125,4381.93017578125,4385.919921875,0.03431620365093524,0.03374053557585561,0.014801881199190214,74.68280901227679,70.72430082383683,80.61673919535406,51.49318994216172,513869696,22783803354664,0.26463220340769156,2180760737270,-50824024231,-258788899504,-156431485960,6902.0498046875,51832.80078125,30105.0390625,1440.47998046875,98.2699966430664,14.899999618530273,31856.257,22429.3,4.17,3.53,326.588,4.3,563912300000000.0,118.84768138617,3.396,2.933,0.6400000000000001,0.46299982,1
2026-01-06,4525.47998046875,4525.47998046875,4395.0,4446.080078125,0.015246137008857907,0.015131082611611774,0.014875102186676361,79.89210728236607,71.11838617829325,100.83415223583779,61.36138240089694,498391270,25518237182834,-0.030121305304603885,-630215831305,169737206700,-102987604363,-72388513137,6944.81982421875,52518.078125,30576.30078125,1445.56005859375,98.58000183105469,14.75,31856.257,22429.3,4.18,3.54,326.588,4.3,563912300000000.0,118.84768138617,3.398,2.948,0.6399999999999997,0.45000005,1
2026-01-07,4551.06005859375,4611.72021484375,4488.2001953125,4566.33984375,0.005652456366042946,0.005636541179657502,0.014614454913229338,80.53566196986607,78.87430201893616,117.56547464236064,72.60220084918969,553653981,29139900200735,0.1108821809820224,1252139858579,-359416748224,-208993695878,-94664134975,6920.93017578125,51961.98046875,30435.470703125,1444.9599609375,98.68000030517578,15.380000114440918,31856.257,22429.3,4.15,3.53,326.588,4.3,563912300000000.0,118.84768138617,3.354,2.91,0.6200000000000006,0.444,1
2026-01-08,4552.3701171875,4622.31982421875,4527.5,4531.4599609375,0.0002878579005514137,0.0002878164774150861,0.014525810485695578,79.96709333147321,89.11374454047471,129.43878918324208,83.96951851600016,440086040,27476981855641,-0.20512440061367498,-106596250337,-854694939307,-185254969602,-150976414148,6921.4599609375,51117.26171875,30360.55078125,1446.1400146484375,98.93000030517578,15.449999809265137,31856.257,22429.3,4.19,3.56,326.588,4.3,563912300000000.0,118.84768138617,3.341,2.902,0.6300000000000003,0.43900013,1
2026-01-09,4586.31982421875,4590.02978515625,4500.47998046875,4530.02978515625,0.007457589378129237,0.007429919042639982,0.014434685182371886,81.67850167410714,88.74236892543975,139.9743964165309,95.17049409610632,399219985,23478838394919,-0.09285923952507102,-1611323391804,1165449432026,30207520740,52729192651,6966.27978515625,51939.890625,30288.9609375,1450.0799560546875,99.12999725341797,14.489999771118164,31856.257,22429.3,4.18,3.59,326.588,4.3,563912300000000.0,118.84768138617,3.386,2.942,0.5899999999999999,0.444,1
2026-01-12,4624.7900390625,4652.5400390625,4567.5498046875,4639.89013671875,0.008388035793012616,0.008353051716432467,0.01435113703811861,81.96995326450893,97.71525145800211,149.70248877867743,106.07689303262056,394752880,23073767861614,-0.011189582605690473,-352281938034,568207867418,68006389349,-50105642889,6977.27001953125,51939.890625,30567.2890625,1455.239990234375,98.86000061035156,15.119999885559082,31856.257,22429.3,4.19,3.59,326.588,4.3,563912300000000.0,118.84768138617,3.392,2.98,0.6000000000000005,0.41199994,1
2026-01-13,4692.64013671875,4693.06982421875,4641.580078125,4662.43994140625,0.014670957401993645,0.014564380036574315,0.014216552486833527,82.47065080915179,97.85127535332037,161.03074569847922,117.06766356579229,429151090,25240608214513,0.08713859161711501,-278947839683,776853379777,115892533581,2228284302,6963.740234375,53549.16015625,30707.220703125,1464.9300537109375,99.12999725341797,15.979999542236328,31856.257,22429.3,4.18,3.57,326.588,4.3,563912300000000.0,118.84768138617,3.412,3.003,0.6099999999999999,0.40899992,1
2026-01-14,4723.10009765625,4723.10009765625,4669.31982421875,4685.10986328125,0.006491007204911803,0.006470031338382261,0.014119742260484274,80.21351841517857,97.66898079006043,170.5009068848085,127.75431222959554,550416487,24217478031620,0.2825704042834891,-378050341745,604532431486,-9543628245,14937573779,6926.60009765625,54341.23046875,30941.779296875,1473.010009765625,99.12999725341797,16.75,31856.257,22429.3,4.15,3.56,326.588,4.3,563912300000000.0,118.84768138617,3.418,2.996,0.5900000000000003,0.42199993,1
2026-01-15,4797.5498046875,4797.5498046875,4705.43994140625,4710.27978515625,0.01576288994344921,0.015639945879952315,0.012981984149650596,84.29924665178571,97.87589549658779,181.91652653032452,138.58675508974133,545175207,23826144317448,-0.009522389179450585,353033261109,1457733569084,5505542209,-31187586300,6944.47021484375,54110.5,30810.580078125,1462.9000244140625,99.31999969482422,15.84000015258789,31856.257,22429.3,4.17,3.62,326.588,4.3,563912300000000.0,118.84768138617,3.493,3.09,0.5499999999999998,0.40300012,1
2026-01-16,4840.740234375,4855.60986328125,4797.75,4820.66015625,0.009002601629127582,0.008962319791465499,0.010804256293281638,86.26210239955357,99.14214882967259,192.23265566891587,149.31593520557624,720905827,26948188036284,0.32233787916918244,436760079560,511408132413,20716797370,-90074934450,6940.009765625,53936.171875,31408.69921875,1468.8399658203125,99.38999938964844,15.859999656677246,31856.257,22429.3,4.24,3.67,326.588,4.3,563912300000000.0,118.84768138617,3.488,3.08,0.5700000000000003,0.408,1
2026-01-19,4904.66015625,4917.3701171875,4827.9501953125,4829.39990234375,0.013204575907852512,0.013118155427972398,0.010781938884618059,90.18352399553571,99.18882214645086,203.22343260036087,160.09743468453317,570841030,25214738198401,-0.20816144270116987,549073286677,205387076855,-40148109337,-118799615626,6940.009765625,53583.5703125,31639.2890625,1471.5799560546875,99.38999938964844,15.859999656677246,31856.257,22429.3,4.24,3.67,326.588,4.3,563912300000000.0,118.84768138617,3.565,3.13,0.5700000000000003,0.43499994,0
2026-01-20,4885.75,4935.47998046875,4823.8798828125,4900.27978515625,-0.0038555487327501803,-0.003863000520753408,0.00962983024120162,91.66353934151786,96.46540545002213,208.0100011210052,169.6799479718276,667709207,27148846770961,0.16969378847907968,115994205744,-208878217381,-87352942950,-172940172593,6796.85986328125,52991.1015625,31759.990234375,1471.52001953125,98.63999938964844,20.09000015258789,31856.257,22429.3,4.3,3.68,326.588,4.3,563912300000000.0,118.84768138617,3.653,3.191,0.6199999999999997,0.46200013,1
2026-01-21,4909.93017578125,4910.5400390625,4807.1298828125,4808.93994140625,0.004949122607839085,0.004936915958780547,0.00966656036816013,96.23500279017857,97.4222113949066,211.31858021094195,178.00767441965047,600101467,30093031855585,-0.1012532690746617,445736993639,294640214273,-911081273,-56424073332,6875.6201171875,52774.640625,31246.369140625,1477.780029296875,98.76000213623047,16.899999618530273,31856.257,22429.3,4.26,3.66,326.588,4.3,563912300000000.0,118.84768138617,3.602,3.138,0.5999999999999996,0.464,1
2026-01-22,4952.52978515625,5019.5400390625,4934.169921875,4987.06005859375,0.008676214905280588,0.00863879285147958,0.009313559832102948,96.96571568080357,97.22203691947938,214.90084229467084,185.38630799465454,568624077,32919611108208,-0.05245344617696124,-247775912152,316129491147,-19319038527,-204909507250,6913.35009765625,53688.890625,31746.080078125,1464.8299560546875,98.36000061035156,15.640000343322754,31856.257,22429.3,4.26,3.68,326.588,4.3,563912300000000.0,118.84768138617,3.558,3.109,0.5799999999999996,0.44900012,1
2026-01-23,4990.06982421875,5021.1298828125,4926.22021484375,4984.080078125,0.00757997239613073,0.007551388756628055,0.009195764644628629,93.181396484375,96.68458152344198,218.2530924302746,191.95966488177856,612601752,30017138130375,0.0773405080418359,145084754379,928967908641,-85111772219,-271899106665,6915.60986328125,53846.87109375,31961.509765625,1463.260009765625,97.5999984741211,16.09000015258789,31856.257,22429.3,4.24,3.67,326.588,4.3,563912300000000.0,118.84768138617,3.59,3.137,0.5700000000000003,0.45299983,0
2026-01-26,4949.58984375,5023.759765625,4940.77978515625,4997.5400390625,-0.008112107023489967,-0.008145189195890249,0.00968628146450164,89.78853934151786,89.06037654732384,215.1631122719973,196.60035435982232,446903055,22842956876465,-0.27048355062490903,-166444499866,-952833978169,-194989658689,-173034023370,6950.22998046875,52885.25,32064.51953125,1444.81005859375,97.04000091552734,16.149999618530273,31856.257,22429.3,4.22,3.66,326.588,4.3,563912300000000.0,118.84768138617,3.544,3.096,0.5599999999999996,0.44799995,1
2026-01-27,5084.85009765625,5084.85009765625,4890.72021484375,4932.89013671875,0.027327568177603068,0.026960836446647526,0.010394043598312593,94.83210100446429,90.89904404458332,221.080178131715,201.49631911420087,476155582,28496381114727,0.06545609091886839,845296898631,569523393402,-210511730480,-57240611682,6978.60009765625,53333.5390625,32317.919921875,1440.97998046875,96.22000122070312,16.350000381469727,31856.257,22429.3,4.24,3.65,326.588,4.3,563912300000000.0,118.84768138617,3.53,3.094,0.5900000000000003,0.43599987,1
2026-01-28,5170.81005859375,5183.43994140625,5124.7998046875,5145.39013671875,0.016905112104901754,0.01676381094845077,0.010163756862978646,95.10138811383929,91.94404392026371,230.0538285737257,207.20782100610583,593108778,30856467311072,0.2456197100719908,393157976391,-571014215725,-145127377238,-90013754751,6978.02978515625,53358.7109375,32803.8203125,1432.510009765625,96.44999694824219,16.350000381469727,31856.257,22429.3,4.26,3.66,326.588,4.3,563912300000000.0,118.84768138617,3.518,3.067,0.5999999999999996,0.45099998,1
2026-01-29,5221.25,5252.60986328125,5073.1201171875,5243.419921875,0.009754746516441815,0.009707476135102365,0.009788526206525575,101.52566964285714,92.12029808259788,238.48646936185378,213.46355067725543,699659390,35870200939592,0.17964767333118115,-1492298861393,156904534645,-117544820046,-119679535308,6969.009765625,53375.6015625,32536.26953125,1429.27001953125,96.27999877929688,16.8799991607666,31856.257,22429.3,4.24,3.63,326.588,4.3,563912300000000.0,118.84768138617,3.557,3.106,0.6100000000000003,0.45099998,1
2026-01-30,5224.35986328125,5321.68017578125,5199.77978515625,5210.35009765625,0.0005956166207805591,0.0005954393116031194,0.009631541301833592,104.162109375,91.73242449433482,242.62352494921197,219.29554553164675,862540604,35493399111211,0.23280072607901392,-1979215185544,-30925756867,-127842732376,-30656185831,6939.02978515625,53322.8515625,32063.75,1428.760009765625,96.98999786376953,17.440000534057617,31856.257,22429.3,4.26,3.6,326.588,4.3,563912300000000.0,118.84768138617,3.607,3.138,0.6599999999999997,0.4690001,0
2026-02-02,4949.669921875,5196.7099609375,4933.580078125,5122.6201171875,-0.052578679224774216,-0.054011384233120484,0.015969382263563786,120.05496651785714,63.89064956573001,221.18727944309194,219.67389231393582,572544402,32090618217805,-0.33621165270962705,-2533014907412,-2175531513438,25161573975,-39924652613,6976.43994140625,52655.1796875,31624.029296875,1448.800048828125,97.61000061035156,16.34000015258789,31856.257,22627.3,4.29,3.64,327.46,4.4,563912300000000.0,118.84768138617,3.603,3.152,0.6499999999999999,0.45099998,1
2026-02-03,5288.080078125,5288.080078125,5101.31005859375,5114.81005859375,0.0683702472268708,0.06613435389405242,0.020933465910166024,140.38567243303572,72.90818227570225,228.8675294232753,221.51261973580372,672610151,30015961619294,0.17477377937929783,717002674802,1451337083116,345242429507,95780604221,6917.81005859375,54720.66015625,32195.359375,1452.5400390625,97.44000244140625,18.0,31856.257,22627.3,4.28,3.64,327.46,4.4,563912300000000.0,118.84768138617,3.661,3.189,0.6400000000000001,0.47200012,1
2026-02-04,5371.10009765625,5376.919921875,5243.10986328125,5260.7099609375,0.01569946337890671,0.015577501636809557,0.020997649695889953,143.3642578125,73.09517059027779,238.8993219410304,224.98996017684908,789920328,30433498214654,0.1744103576575371,-937831352151,1494469828390,97387857906,29002873357,6882.72021484375,54293.359375,32289.810546875,1446.6800537109375,97.62000274658203,18.639999389648438,31856.257,22627.3,4.29,3.64,327.46,4.4,563912300000000.0,118.84768138617,3.712,3.212,0.6499999999999999,0.5,0
2026-02-05,5163.56982421875,5304.39990234375,5142.2001953125,5251.02978515625,-0.03863831797289696,-0.03940458074770432,0.023517722881188443,155.56710379464286,61.480015738346175,227.48136752042865,225.488241645565,911910087,32385641184187,0.15443299112059306,-5038456296204,-1882856942800,-37381490389,-98472024855,6798.39990234375,53818.0390625,31801.26953125,1460.1099853515625,97.81999969482422,21.770000457763672,31856.257,22627.3,4.21,3.55,327.46,4.4,563912300000000.0,118.84768138617,3.687,3.204,0.6600000000000001,0.48300004,0
2026-02-06,5089.14013671875,5120.77001953125,4899.2998046875,5013.14990234375,-0.014414385790020967,-0.014519282281421984,0.023969955305001324,168.056396484375,56.51154814614381,210.00588550975317,222.39177041840267,745763942,29912342148788,-0.18219575303370894,-3327690968863,578178706600,156410280177,132299560821,6932.2998046875,54253.6796875,31782.919921875,1470.6800537109375,97.62999725341797,20.3700008392334,31856.257,22627.3,4.22,3.57,327.46,4.4,563912300000000.0,118.84768138617,3.71,3.233,0.6499999999999999,0.477,1
2026-02-09,5298.0400390625,5322.35009765625,5265.080078125,5299.10009765625,0.04104817252653592,0.04022806380379499,0.025217726005631096,176.74281529017858,62.83153618579217,210.58541875946867,220.0305000866159,617657784,26454138847440,-0.1717784285151185,438874177525,2424431310218,195359684938,-86295633100,6964.81982421875,56363.94140625,32404.619140625,1462.4000244140625,96.81999969482422,17.360000610351562,31856.257,22627.3,4.22,3.56,327.46,4.4,563912300000000.0,118.84768138617,3.754,3.267,0.6599999999999997,0.487,1
2026-02-10,5301.68994140625,5363.6201171875,5286.669921875,5350.2099609375,0.000688915583279659,0.000688678389870455,0.025183584698134184,174.85281808035714,62.350407983823494,208.93079549524919,217.81055916834254,712267871,23275929869547,0.15317557626700284,146938560431,744201659557,-42186713608,-97722886851,6941.81005859375,57650.5390625,33072.96875,1458.5400390625,96.80000305175781,17.790000915527344,31856.257,22627.3,4.16,3.5,327.46,4.4,563912300000000.0,118.84768138617,3.681,3.224,0.6600000000000001,0.45700002,1
2026-02-11,5354.490234375,5374.22998046875,5257.52978515625,5293.75,0.00995914388662733,0.00990987843758147,0.025197976146984023,175.35927036830358,62.591008605228595,209.46544969320894,216.14153727331583,753767377,25625896916781,0.05826390279507643,857204769953,522333048487,98025004975,-26289554822,6941.47021484375,57650.5390625,33605.7109375,1455.3299560546875,96.83000183105469,17.649999618530273,31856.257,22627.3,4.18,3.55,327.46,4.4,563912300000000.0,118.84768138617,3.639,3.2,0.6299999999999999,0.4389999,1
2026-02-12,5522.27001953125,5522.27001953125,5399.52001953125,5425.39013671875,0.031334408657453405,0.03085350613650691,0.025719842457798743,180.56427873883928,65.41304772059425,220.8814100636955,217.08951183139177,750614562,32322625268341,-0.004182742708431109,3007885576558,1081586711727,149066188232,72185511544,6832.759765625,57639.83984375,33605.7109375,1444.18994140625,96.93000030517578,20.81999969482422,31856.257,22627.3,4.09,3.49,327.46,4.4,563912300000000.0,118.84768138617,3.618,3.154,0.5999999999999996,0.464,0
2026-02-13,5507.009765625,5583.740234375,5480.919921875,5513.7099609375,-0.0027634023422029586,-0.002767227587207976,0.02580714555630673,181.9814453125,66.38275155418555,226.09102930088648,218.88981532529073,1290658558,30820998931626,0.7194691168274989,-926809147120,180956042302,-93212124766,56325913582,6836.169921875,56941.96875,33605.7109375,1440.9000244140625,96.87999725341797,20.600000381469727,31856.257,22627.3,4.04,3.43,327.46,4.4,563912300000000.0,118.84768138617,3.571,3.142,0.6099999999999999,0.42900014,1
2026-02-19,5677.25,5681.64990234375,5614.97021484375,5642.08984375,0.030913370707574828,0.030445176972628954,0.026328430584429043,180.58932059151786,67.06004507029262,241.17652142488623,223.34715654520983,1185838197,28945961371804,-0.08121463290990705,-934502198708,1669060708622,59738858025,15370491816,6861.89013671875,57467.828125,33605.7109375,1440.1600341796875,97.93000030517578,20.229999542236328,31856.257,22627.3,4.08,3.5,327.46,4.4,563912300000000.0,118.84768138617,3.588,3.178,0.5800000000000001,0.4100001,1
2026-02-20,5808.52978515625,5809.91015625,5684.580078125,5696.89013671875,0.023123833749834954,0.022860529252408546,0.02640932617949993,183.02291434151786,67.89799029434351,260.7196502931929,230.82165529480645,1749302679,33119679281825,0.475161352894083,-744055197623,1935071752512,-52697642592,-142174379045,6909.509765625,56825.69921875,33605.7109375,1447.75,97.80000305175781,19.09000015258789,31856.257,22627.3,4.08,3.5,327.46,4.4,563912300000000.0,118.84768138617,3.54,3.143,0.5800000000000001,0.39700007,1
2026-02-23,5846.08984375,5931.85986328125,5792.56982421875,5903.10986328125,0.00646636239857723,0.006445545170212034,0.026400314789758,180.15150669642858,67.66421439251553,276.0562983793361,239.8685839117124,1477788942,32044129428372,-0.15521255427060376,-1110923642136,532967355668,-168726798972,-268530289236,6837.75,56825.69921875,33773.26171875,1443.43994140625,97.69999694824219,21.010000228881836,31856.257,22627.3,4.03,3.45,327.46,4.4,563912300000000.0,118.84768138617,3.578,3.154,0.5800000000000001,0.42400002,1
2026-02-24,5969.64013671875,5969.64013671875,5775.60986328125,5853.47998046875,0.02113383411321279,0.02091361199584636,0.02654049609619871,185.30364118303572,69.725796471225,294.78211385881514,250.85128990113293,1602004836,31372730942186,0.08405523310513452,-190307431241,2666864872798,-145061004425,-71765712033,6890.06982421875,57321.08984375,34700.8203125,1442.199951171875,97.87999725341797,19.549999237060547,31856.257,22627.3,4.04,3.47,327.46,4.4,563912300000000.0,118.84768138617,3.593,3.158,0.5699999999999998,0.43499994,1
2026-02-25,6083.85986328125,6144.7099609375,5984.27978515625,6022.7001953125,0.019133435843132984,0.018952693501950137,0.026622388199995264,177.03864397321428,82.80602841336804,315.2055416228359,263.7221402454735,1415254864,35284562768622,-0.11657266432871116,-1305695440999,1993704788763,-307439923182,74951696394,6946.1298828125,58583.12109375,35413.0703125,1439.989990234375,97.69999694824219,17.93000030517578,31856.257,22627.3,4.05,3.49,327.46,4.4,563912300000000.0,118.84768138617,3.556,3.124,0.5599999999999996,0.43199992,1
2026-02-26,6307.27001953125,6313.27001953125,6107.41015625,6121.02978515625,0.03672177881650063,0.036063598955438085,0.026878504660847,169.2529296875,81.58065067638208,345.43660955336236,280.06503410705125,1409623229,38930015318333,-0.003979237339685304,-2110563257707,1637144482088,53949815743,-98071995959,6908.85986328125,58753.390625,35414.48828125,1426.9300537109375,97.79000091552734,18.6299991607666,31856.257,22627.3,4.02,3.46,327.46,4.4,563912300000000.0,118.84768138617,3.47,3.062,0.5599999999999996,0.408,0
2026-02-27,6244.1298828125,6347.41015625,6153.8701171875,6197.490234375,-0.010010691871955468,-0.010061135782482553,0.027076733761718517,173.51935686383928,77.38916133910499,360.148499623323,296.0817272103056,1166057975,54939339254580,-0.17278748603822847,-7081170551941,1104325496799,-225711725187,-228320503254,6878.8798828125,58850.26953125,35414.48828125,1432.3199462890625,97.61000061035156,19.860000610351562,31856.257,22627.3,3.97,3.39,327.46,4.4,563912300000000.0,118.84768138617,3.446,3.041,0.5800000000000001,0.4050002,0
2026-03-03,5791.91015625,6180.4501953125,5791.64990234375,6165.14990234375,-0.07242317745620142,-0.07517966039007454,0.033060086578612,189.48936244419642,67.08895454998174,331.49614471447876,303.1646107111402,1227193147,52800572976931,0.0524289300452665,-5173689099740,-728288917342,-49526905291,41182772768,6816.6298828125,56279.05078125,34323.6484375,1452.27001953125,99.05000305175781,23.56999969482422,31856.257,22686.0,4.06,3.5,330.293,4.3,563912300000000.0,118.84768138617,3.594,3.18,0.5599999999999996,0.41400003,0
2026-03-04,5093.5400390625,5672.1201171875,5059.4501953125,5592.58984375,-0.12057682152301596,-0.1284890654335964,0.04460015909242494,222.93150111607142,50.089342458935285,249.55954796222886,292.44359816135795,1637605952,62882735183204,0.33443211934755035,236681289846,-583022482538,-128662133609,-72745993641,6869.5,54245.5390625,32828.87890625,1483.0699462890625,98.7699966430664,21.149999618530273,31856.257,22686.0,4.09,3.55,330.293,4.3,563912300000000.0,118.84768138617,3.632,3.223,0.54,0.40899992,1
2026-03-05,5583.89990234375,5715.2998046875,5248.1298828125,5250.919921875,0.09627093524752262,0.09191436166902055,0.04923166913089155,250.68505859375,55.20911985920168,221.63725130455623,278.2823287899976,1660710447,45308989750851,0.014108702384589389,-156997516744,-1223411293323,-109227373024,-87153061190,6830.7099609375,55278.05859375,33672.94140625,1460.75,99.31999969482422,23.75,31856.257,22686.0,4.13,3.59,330.293,4.3,563912300000000.0,118.84768138617,3.589,3.189,0.54,0.4000001,1
2026-03-06,5584.8701171875,5609.97998046875,5381.27001953125,5491.02001953125,0.0001737521912494877,0.00017373709808579392,0.04736574205710553,261.52504185267856,55.16533345731138,197.3124234685083,262.0883477256998,1223019737,31402462335366,-0.26355630555023535,-1951123731453,-597543066797,-178422364893,-174753455417,6740.02001953125,55620.83984375,33599.5390625,1479.510009765625,98.98999786376953,29.489999771118164,31856.257,22686.0,4.15,3.59,330.293,4.3,563912300000000.0,118.84768138617,3.616,3.227,0.5600000000000005,0.38899994,0
2026-03-09,5251.8701171875,5327.419921875,5096.16015625,5265.3701171875,-0.059625379464992134,-0.06147695062701389,0.04743914098854752,288.09716796875,48.301756406937194,149.44183273122326,239.55904472680453,1026237730,33163873061508,-0.16089847207428998,-3197930670343,-1171340012465,-199264312747,-101980601882,6795.990234375,52728.71875,32110.419921875,1483.8900146484375,99.18000030517578,25.5,31856.257,22686.0,4.12,3.58,330.293,4.3,563912300000000.0,118.84768138617,3.739,3.42,0.54,0.319,1
2026-03-10,5532.58984375,5595.8798828125,5427.8798828125,5523.2099609375,0.053451384040097416,0.052071806106739185,0.04876704446269203,300.68502371651783,50.1646272413958,132.62693973997466,218.17262372943858,923209866,28713302920559,-0.10039375964085828,1034421231804,744752642955,68223391071,-9321369642,6781.47998046875,54248.390625,32771.87109375,1464.469970703125,98.83000183105469,24.93000030517578,31856.257,22686.0,4.15,3.58,330.293,4.3,563912300000000.0,118.84768138617,3.629,3.283,0.5700000000000003,0.34599996,1
2026-03-11,5609.9501953125,5746.35986328125,5559.68994140625,5658.72021484375,0.013982665215982237,0.013885809575113315,0.04786302038405204,308.61000279017856,51.610255554801945,124.11265629893842,199.36063024333856,1050946314,26619233612152,0.1383612250088324,-254749372563,725399301344,34574324791,-89339267070,6775.7998046875,55025.37109375,34114.19140625,1472.780029296875,99.2300033569336,24.229999542236328,31856.257,22686.0,4.21,3.64,330.293,4.3,563912300000000.0,118.84768138617,3.608,3.253,0.5699999999999998,0.35500002,0
2026-03-12,5583.25,5629.06982421875,5527.47021484375,5567.64990234375,-0.0047594353573423565,-0.004770797535840658,0.04771233798243936,303.392822265625,48.46046020493716,113.89760205326729,182.26802460532434,801306208,23698184161863,-0.23753840008234717,-2391114073755,-74636557600,75972781322,-37404675330,6672.6201171875,54452.9609375,33581.859375,1475.3399658203125,99.73999786376953,27.290000915527344,31856.257,22686.0,4.27,3.75,330.293,4.3,563912300000000.0,118.84768138617,3.649,3.271,0.5199999999999996,0.37800002,0
2026-03-13,5487.240234375,5537.58984375,5392.52001953125,5412.39013671875,-0.01719603557515781,-0.01734560453693804,0.047185637466556817,307.54066685267856,44.67638884955967,96.937477371579,165.2019151585753,907655536,23719675922031,0.1327199601578526,-1459638491125,-949955662583,-117276098998,28454594636,6632.18994140625,53819.609375,33400.3203125,1470.5799560546875,100.36000061035156,27.190000534057617,31856.257,22686.0,4.28,3.74,330.293,4.3,563912300000000.0,118.84768138617,3.701,3.338,0.54,0.36299992,1
2026-03-16,5549.85009765625,5561.419921875,5448.75,5510.81982421875,0.011410082410649336,0.011345478380766633,0.047233115840697025,305.6392299107143,45.13186356613929,87.5394488101092,149.66942188888208,1073859802,21760269884108,0.1831138129035772,-851909352425,-104005428212,61546304743,41194926054,6699.3798828125,53751.1484375,33342.51171875,1501.75,99.70999908447266,23.510000228881836,31856.257,22686.0,4.23,3.69,330.293,4.3,563912300000000.0,118.84768138617,3.68,3.3,0.5400000000000005,0.3800001,1
2026-03-17,5640.47998046875,5717.1298828125,5632.85986328125,5711.7998046875,0.016330149682920903,0.016198246846634984,0.04730739978574804,303.72848074776783,44.5317141435966,86.4084547049979,137.01722845210526,1135071024,22303803944214,0.05700112983649985,-173310717762,427378666973,235288506367,84333393783,6716.08984375,53700.390625,33836.5703125,1488.9100341796875,99.58000183105469,22.3700008392334,31856.257,22686.0,4.2,3.68,330.293,4.3,563912300000000.0,118.84768138617,3.692,3.324,0.52,0.36800003,1
2026-03-18,5925.02978515625,5934.35009765625,5766.14013671875,5767.10009765625,0.05044779977463065,0.049216549230239534,0.04805683673978491,312.21421595982144,47.5027108397661,107.23676619651997,131.0611360009882,1143771673,26851759232736,0.007665290379221146,888713948775,3098423604966,5529959875,95952881532,6624.7001953125,55239.3984375,34348.578125,1484.8699951171875,100.08999633789062,25.09000015258789,31856.257,22686.0,4.26,3.76,330.293,4.3,563912300000000.0,118.84768138617,3.606,3.261,0.5,0.34500003,0
2026-03-19,5763.22021484375,5863.39013671875,5738.9501953125,5761.39990234375,-0.027309494834587222,-0.02768933047296896,0.04854903158626354,309.11917550223217,41.276917363022235,109.42528650031545,126.73396610085366,1184170077,22994678385098,0.03532033967412307,-1883867735296,-665488615393,22655097073,-64937808613,6606.490234375,53372.53125,33689.6796875,1505.25,99.2300033569336,24.059999465942383,31856.257,22686.0,4.25,3.79,330.293,4.3,563912300000000.0,118.84768138617,3.693,3.329,0.45999999999999996,0.36400008,1
2026-03-20,5781.2001953125,5833.68017578125,5764.64013671875,5813.35009765625,0.003119780226762847,0.0031149238104439805,0.04809688190837256,300.32774135044644,42.468497461748285,111.32722778426978,123.6526184375369,1490805229,34025853798776,0.2589451954206068,-1245543539906,456599009237,-79235923848,60613196498,6506.47998046875,53372.53125,33543.87890625,1489.8399658203125,99.6500015258789,26.780000686645508,31856.257,22686.0,4.39,3.9,330.293,4.3,563912300000000.0,118.84768138617,3.736,3.41,0.48999999999999977,0.32599998,0
2026-03-23,5405.75,5580.14990234375,5397.93994140625,5580.14990234375,-0.06494329596420512,-0.06714810550475793,0.050103782966755446,295.3834751674107,43.55652195450712,81.59822343441283,115.2417394369121,1125619649,27243225200168,-0.24495861222928406,-3698318791892,-3023873847851,-301285844637,-161666973423,6581.0,51515.48828125,32722.5,1504.2099609375,98.94999694824219,26.149999618530273,31856.257,22686.0,4.34,3.85,330.293,4.3,563912300000000.0,118.84768138617,3.879,3.617,0.48999999999999977,0.26199985,1
2026-03-24,5553.919921875,5643.0,5395.169921875,5638.2001953125,0.0274096881792536,0.027040768809230818,0.050530787048780966,260.76705496651783,59.4096440323493,69.19619700293606,106.0326309501169,1170517963,24932387802374,0.03988764236648468,-1979348249942,1017820107822,9836232482,43456766681,6556.3701171875,52252.28125,32612.240234375,1485.3599853515625,99.43000030517578,26.950000762939453,31856.257,22686.0,4.39,3.93,330.293,4.3,563912300000000.0,118.84768138617,3.835,3.523,0.4599999999999995,0.31200004,1
2026-03-25,5642.2099609375,5740.97021484375,5630.06982421875,5680.330078125,0.015896887298420648,0.015771855126438108,0.05041800921636595,229.71637834821428,51.42619719998673,65.7340290174152,97.97291056357656,763223598,24642071803976,-0.3479607984452606,-1286627268211,2335148890289,36931488486,14664870051,6591.89990234375,53749.62109375,33439.109375,1497.31005859375,99.5999984741211,25.329999923706055,31856.257,22686.0,4.33,3.88,330.293,4.3,563912300000000.0,118.84768138617,3.859,3.558,0.4500000000000002,0.30099988,0
2026-03-26,5460.4599609375,5598.3701171875,5448.1201171875,5594.06005859375,-0.032212555232489226,-0.032742797668929624,0.050567924054544446,227.24351283482142,47.204302963005226,47.77382300007048,87.93309305087536,925092573,25615327461870,0.21208591482780648,-2950111589245,318459843457,-250293585577,-242275676127,6477.16015625,53603.6484375,33337.62109375,1500.969970703125,99.9000015258789,27.440000534057617,31856.257,22686.0,4.42,4.0,330.293,4.3,563912300000000.0,118.84768138617,3.865,3.552,0.41999999999999993,0.31299996,0
2026-03-27,5438.8701171875,5462.509765625,5220.10009765625,5300.60986328125,-0.00395385075697785,-0.003961687889604835,0.049623580942917404,209.650634765625,54.88602972321139,31.435738750013115,76.63362219070291,900080937,23659342023182,-0.02703690066269726,-3439997082871,418058302579,185451992980,-22801624440,6368.85009765625,53373.0703125,33112.58984375,1508.3599853515625,100.1500015258789,31.049999237060547,31856.257,22686.0,4.44,3.94,330.293,4.3,563912300000000.0,118.84768138617,3.915,3.582,0.5000000000000004,0.33299994,0
2026-03-30,5277.2998046875,5297.35009765625,5151.22021484375,5181.7998046875,-0.029706595123391133,-0.03015677396809933,0.049882930765562154,205.62493024553572,42.886755477576784,5.388203497119321,62.384538451986195,727391077,20827490324014,-0.1918603682193083,-2098111803864,744049604476,73020339258,-81150069311,6343.72021484375,51885.8515625,32518.16015625,1507.02001953125,100.51000213623047,30.610000610351562,31856.257,22686.0,4.35,3.85,330.293,4.3,563912300000000.0,118.84768138617,3.891,3.542,0.49999999999999956,0.34899998,0
2026-03-31,5052.4599609375,5233.990234375,5042.990234375,5143.75,-0.042605092011313905,-0.043539320620819576,0.04812469608767717,207.092041015625,35.646117081942876,-33.0167555727794,43.304279647033084,1163312408,29837663141391,0.5992943064381309,-3848066500095,947686034923,35211304974,-29135483347,6528.52001953125,51063.71875,31722.990234375,1516.1300048828125,99.95999908447266,25.25,31856.257,22686.0,4.3,3.81,330.293,4.3,563912300000000.0,118.84768138617,3.879,3.552,0.48999999999999977,0.3269999,1
2026-04-01,5478.7001953125,5512.330078125,5272.4501953125,5330.0400390625,0.08436291186282063,0.08099263652928847,0.04274848396070113,232.68279157366072,47.767450686808324,-28.727781668024363,28.897867384021595,958953275,28902428321499,-0.17567003635020118,-627809383597,3430797338931,355241026138,-19186659596,6575.31982421875,53739.6796875,33174.8203125,1503.3299560546875,99.6500015258789,24.540000915527344,31856.257,22686.0,4.33,3.84,332.407,4.3,563912300000000.0,118.84768138617,3.689,3.37,0.4900000000000002,0.319,0
2026-04-02,5234.0498046875,5574.6201171875,5170.27001953125,5551.68994140625,-0.04465482357189754,-0.04568256251960197,0.038672876245393784,247.94137137276786,44.91612000974158,-44.55636282762589,14.2070213416921,1428159621,33290077738020,0.4892901022732312,-140611375508,-1690035116954,-21279690102,9098014731,6582.68994140625,52463.26953125,32572.4296875,1512.0899658203125,100.02999877929688,23.8700008392334,31856.257,22686.0,4.31,3.82,332.407,4.3,563912300000000.0,118.84768138617,3.804,3.477,0.48999999999999977,0.3269999,1
2026-04-03,5377.2998046875,5419.4501953125,5316.419921875,5375.5,0.02736886452087406,0.027001033472952105,0.03925815671981176,253.13640485491072,46.643995930055766,-45.022557607057024,2.3611055519422752,1185178392,22234606978211,-0.17013590457757377,799477699669,283864512021,226640243232,-55740810705,6582.68994140625,53123.48828125,32572.4296875,1509.219970703125,100.02999877929688,23.8700008392334,31856.257,22686.0,4.35,3.88,332.407,4.3,563912300000000.0,118.84768138617,3.747,3.448,0.46999999999999975,0.29900002,1
2026-04-06,5450.330078125,5505.60986328125,5404.91015625,5423.35009765625,0.013581216612441382,0.013489818492036091,0.03676980221752597,250.35285295758928,46.27620033532911,-39.04895554912309,-5.920906668270799,1110507448,21761181854619,-0.06300397012300574,-156381357738,759719011947,88929822132,-85005052024,6611.830078125,53413.6796875,32572.4296875,1509.260009765625,99.9800033569336,24.170000076293945,31856.257,22686.0,4.34,3.88,332.407,4.3,563912300000000.0,118.84768138617,3.725,3.432,0.45999999999999996,0.29299998,1
2026-04-07,5494.77978515625,5594.89990234375,5424.4599609375,5552.18994140625,0.00815541561595512,0.008122339923015085,0.034875181572118545,241.53641183035714,40.69959097925174,-30.37793507902734,-10.812312350422108,990449091,23719394259706,-0.10811125780040698,395027373159,-391764181933,73901897443,-81802493190,6616.85009765625,53429.55859375,33229.8203125,1507.8499755859375,99.63999938964844,25.780000686645508,31856.257,22686.0,4.33,3.82,332.407,4.3,563912300000000.0,118.84768138617,3.754,3.451,0.5100000000000002,0.30299997,1
2026-04-08,5872.33984375,5919.60009765625,5774.0,5804.7001953125,0.068712500474305,0.06645465337775597,0.037857466605300115,258.58932059151783,52.15751999652445,6.880537884554542,-7.273742303426778,932610471,36306960525424,-0.05839635830409384,1945306289772,2995996949472,-85300447664,-208288245502,6782.81005859375,56308.421875,34761.37890625,1499.1300048828125,99.12999725341797,21.040000915527344,31856.257,22686.0,4.29,3.78,332.407,4.3,563912300000000.0,118.84768138617,3.628,3.315,0.5100000000000002,0.31299996,0
2026-04-09,5778.009765625,5862.41015625,5757.490234375,5826.4501953125,-0.016063456924312103,-0.016193872753591715,0.03805518212123805,261.760009765625,49.938767362835705,28.468331975571346,-0.12532744762715353,1026732958,33473404312827,0.10092368671249896,1718944157547,503974975279,-4949986854,4883453765,6824.66015625,55895.3203125,34861.16015625,1477.5999755859375,98.81999969482422,19.489999771118164,31856.257,22686.0,4.29,3.77,332.407,4.3,563912300000000.0,118.84768138617,3.66,3.338,0.52,0.32200003,1
2026-04-10,5858.8701171875,5918.58984375,5850.830078125,5876.1201171875,0.013994498943833644,0.01389748004957494,0.037872415467924546,244.42571149553572,59.80532832354551,51.50781884416756,10.20130181073179,1002353584,23746054636099,-0.02374461032933939,1063584203406,86835035681,-205943859866,-41563952931,6816.89013671875,56924.109375,35417.828125,1473.280029296875,98.6500015258789,19.229999542236328,31856.257,22686.0,4.31,3.8,332.407,4.3,563912300000000.0,118.84768138617,3.686,3.36,0.5099999999999998,0.3260002,0
2026-04-13,5808.6201171875,5827.72998046875,5730.22998046875,5737.27978515625,-0.008576739029013014,-0.008613730920267054,0.03791155257300771,235.91214425223214,55.755517452162955,64.96316817034312,21.153675082654058,1083211365,21456576328531,0.0806679222688349,-461464327798,-481439821219,62410818785,-173326010056,6886.240234375,56502.76953125,35457.2890625,1482.1800537109375,98.37000274658203,19.1200008392334,31856.257,22686.0,4.3,3.79,332.407,4.3,563912300000000.0,118.84768138617,3.715,3.382,0.5099999999999998,0.33299994,1
2026-04-14,5967.75,6026.52001953125,5938.330078125,5960.0,0.027395470800653632,0.027026930632371993,0.03819705878659102,238.11568777901786,57.128090646857444,87.45890922665876,34.414721911455004,889490621,27128583999285,-0.17883928313473707,836734708260,1351331305031,-35274451186,-25564504203,6967.3798828125,57877.390625,36296.12109375,1476.8399658203125,98.12000274658203,18.360000610351562,31856.257,22686.0,4.26,3.76,332.407,4.3,563912300000000.0,118.84768138617,3.658,3.339,0.5,0.319,1
2026-04-15,6091.39013671875,6183.2099609375,6064.22998046875,6141.60009765625,0.020718048966319014,0.02050634920064925,0.03687835365985517,239.64212472098214,64.1757143725394,113.95012569875325,50.32180266891466,923846153,31615609364413,0.03862382715331636,489048666184,821351956688,-288473385315,-111564805874,7022.9501953125,58134.23828125,36722.140625,1469.4200439453125,98.05999755859375,18.170000076293945,31856.257,22686.0,4.29,3.79,332.407,4.3,563912300000000.0,118.84768138617,3.655,3.328,0.5,0.3269999,1
2026-04-16,6226.0498046875,6231.02978515625,6126.06005859375,6149.490234375,0.022106557771931934,0.02186575031111166,0.0364847856469768,232.30140904017858,66.83114895948523,144.1488571236987,69.08721355987146,925694636,27046822836317,0.0020008558719408764,474574932591,1246045634316,-58335460213,-29881550978,7041.27978515625,59518.33984375,37132.01953125,1474.06005859375,98.22000122070312,17.940000534057617,31856.257,22686.0,4.32,3.8,332.407,4.3,563912300000000.0,118.84768138617,3.675,3.34,0.5200000000000005,0.33500004,0
2026-04-17,6191.919921875,6230.31982421875,6159.8798828125,6227.330078125,-0.00548178763150986,-0.005496867765304934,0.036544838446122684,216.78641183035714,70.68321198188231,163.44349813399913,87.958470474697,689739734,24619562398516,-0.25489496516862176,-2003090430867,434298138202,-36835894694,-75665160462,7126.06005859375,58475.8984375,36804.33984375,1477.9200439453125,98.0999984741211,17.479999542236328,31856.257,22686.0,4.26,3.72,332.407,4.3,563912300000000.0,118.84768138617,3.717,3.371,0.5399999999999996,0.34599996,1
2026-04-20,6219.08984375,6278.35986328125,6176.75,6213.919921875,0.00438796402695929,0.004378364982738231,0.03255648152472415,207.307861328125,78.9723481583628,178.8651793243016,106.13981224461793,692878455,23576476166973,0.004550587482901269,-236993461938,518318395372,-42265612859,8038782666,7109.14013671875,58824.890625,36958.80078125,1465.1500244140625,98.05000305175781,18.8700008392334,31856.257,22686.0,4.26,3.73,332.407,4.3,563912300000000.0,118.84768138617,3.688,3.348,0.5299999999999998,0.3399999,1
2026-04-21,6388.47021484375,6388.47021484375,6302.5400390625,6302.5400390625,0.027235556222744206,0.02687126805731198,0.03255101377479339,186.55859375,75.89737616591142,202.4211679301725,125.39608338172886,792021737,31105972365121,0.1430889953130381,1151610013772,975293071942,-17252123240,62175597531,7064.009765625,59349.171875,37605.109375,1469.260009765625,98.41000366210938,19.5,31856.257,22686.0,4.3,3.8,332.407,4.3,563912300000000.0,118.84768138617,3.655,3.33,0.5,0.32500005,1
2026-04-22,6417.93017578125,6423.2900390625,6318.509765625,6387.56982421875,0.004611426514762318,0.004600826462593984,0.03248834791221642,165.16074916294642,88.40524706621052,220.92000297616687,144.50086730061648,900140335,31029074886506,0.1365096347096848,-682178430219,-410154874539,28171950706,99531346289,7137.89990234375,59585.859375,37878.46875,1485.800048828125,98.58999633789062,18.920000076293945,31856.257,22686.0,4.3,3.81,332.407,4.3,563912300000000.0,118.84768138617,3.697,3.365,0.48999999999999977,0.33200002,1
2026-04-23,6475.81005859375,6557.759765625,6309.10009765625,6488.830078125,0.00901846564659059,0.008978042142159044,0.03115191815419377,169.67926897321428,87.72537557705303,237.5129840146119,163.10329064341556,1042392099,40604234649000,0.15803287384072173,-85974429987,17672946443,-231502108676,19704265462,7108.39990234375,59140.23046875,37714.1484375,1477.9599609375,98.80000305175781,19.309999465942383,31856.257,22686.0,4.34,3.84,332.407,4.3,563912300000000.0,118.84768138617,3.791,3.458,0.5,0.33299994,0
2026-04-24,6475.6298828125,6516.5400390625,6403.740234375,6496.10009765625,-2.7822894683393606e-05,-2.7823281747307398e-05,0.031081253221250698,168.57139369419642,87.06581494823742,247.79210916457941,180.04105434764833,878200671,30202932730976,-0.15751407570866482,-1949589492746,1038275706034,44552649569,-20150505393,7165.080078125,59716.1796875,38932.3984375,1479.949951171875,98.51000213623047,18.709999084472656,31856.257,22686.0,4.31,3.8,332.407,4.3,563912300000000.0,118.84768138617,3.817,3.496,0.5099999999999998,0.32099986,1
2026-04-27,6615.02978515625,6657.22021484375,6529.18994140625,6533.60009765625,0.021526848332351856,0.021298418172776525,0.029796581742869935,169.36785016741072,87.89672038971842,264.1419332249998,196.86123012311864,842664190,33410304671355,-0.04046510344786558,867495472272,1549227091713,-57967572105,-177050956389,7173.91015625,60537.359375,39616.62890625,1474.68994140625,98.4800033569336,18.020000457763672,31856.257,22686.0,4.35,3.83,332.407,4.3,563912300000000.0,118.84768138617,3.82,3.492,0.5199999999999996,0.32799983,1
2026-04-28,6641.02001953125,6712.72998046875,6621.72998046875,6646.7998046875,0.003928967097520886,0.003921268863777378,0.026953851481244268,146.00212751116072,84.11927051297556,276.01475500909055,212.69193510031306,1139472198,37622678897537,0.35222572825837073,-193508813895,683874301264,-75276024272,-27744712124,7138.7998046875,59917.4609375,39521.73046875,1473.0,98.62000274658203,17.829999923706055,31856.257,22686.0,4.36,3.86,332.407,4.3,563912300000000.0,118.84768138617,3.861,3.529,0.5000000000000004,0.33200002,1
2026-04-29,6690.89990234375,6702.3798828125,6596.02978515625,6619.0,0.007510876742699679,0.007482810554818783,0.021811851136145328,145.39501953125,92.18491153032302,286.1503780556386,227.38362369137818,717859460,31453311079064,-0.3700070425061832,-613775499997,164610620676,107867683778,-2117024417,7135.9501953125,59917.4609375,39303.5,1471.989990234375,98.91999816894531,18.809999465942383,31856.257,22686.0,4.42,3.94,332.407,4.3,563912300000000.0,118.84768138617,3.843,3.525,0.48,0.31799984,0
2026-04-30,6598.8701171875,6750.27001953125,6597.830078125,6739.39013671875,-0.013754470474743319,-0.013849939633079908,0.018435330233330154,146.24215262276786,83.84621981461763,283.48901293086146,238.60470153927483,685459295,35808593571542,-0.04513441252135897,-1462156445041,508919762215,-51584852115,35038595393,7209.009765625,59284.921875,38926.62890625,1487.3800048828125,98.08000183105469,16.889999389648438,31856.257,22686.0,4.4,3.91,332.407,4.3,563912300000000.0,118.84768138617,3.923,3.595,0.4900000000000002,0.32800007,1
2026-05-04,6936.990234375,6937.0,6741.6298828125,6782.93017578125,0.05123909262993798,0.04996955663163405,0.020087543832072296,161.20570591517858,90.85189807629075,305.14579874343326,251.91292098010652,873008689,42696032755097,0.273611278405671,2945715815390,1915878838482,-48525429500,-50745653363,7200.75,59513.12109375,40705.140625,1471.72998046875,98.47000122070312,18.290000915527344,31856.257,22686.0,4.45,3.98,332.407,4.3,563912300000000.0,118.84768138617,3.932,3.615,0.4700000000000002,0.3169999,1
2026-05-06,7384.56005859375,7426.60009765625,7093.009765625,7093.009765625,0.06451931011822665,0.06252334526974863,0.02297007684108957,180.61356026785714,92.43242768962143,354.3394966967353,272.3982361234323,995691665,60000374667381,0.1405289289165368,3109634379342,-828365155253,-457384278596,-158999636629,7365.1201171875,59513.12109375,41138.8515625,1473.9599609375,98.0199966430664,17.389999389648438,31856.257,22686.0,4.36,3.89,332.407,4.3,563912300000000.0,118.84768138617,3.932,3.595,0.4700000000000002,0.3369999,1
2026-05-07,7490.0498046875,7531.8798828125,7257.89013671875,7499.06982421875,0.014285176809007982,0.014184105085204183,0.022911888834336275,184.79425920758928,92.34925012041894,397.25864724088296,297.37031834692243,767462258,51112463416097,-0.22921695041004486,-6717268677059,1761666899287,-283767139301,49415739537,7337.10986328125,62833.83984375,41933.78125,1444.449951171875,98.25,17.079999923706055,31856.257,22686.0,4.41,3.94,332.407,4.3,563912300000000.0,118.84768138617,3.888,3.546,0.4700000000000002,0.342,1
2026-05-08,7498.0,7511.009765625,7318.9599609375,7353.93994140625,0.0010614342387316178,0.0010608713157120057,0.01969634489917415,188.537841796875,91.71340892801211,426.99180188312585,323.29461505416316,523090848,40792656487092,-0.31841488940033325,-5311725893278,1516640199386,-88730575062,-50195956799,7398.93017578125,62713.6484375,41603.94140625,1454.7900390625,97.83999633789062,17.190000534057617,31856.257,22686.0,4.38,3.92,332.407,4.3,563912300000000.0,118.84768138617,3.909,3.569,0.45999999999999996,0.3399999,1
2026-05-11,7822.240234375,7899.31982421875,7713.490234375,7775.31005859375,0.04324356286676445,0.042334670201391644,0.01960040054053633,212.172119140625,94.91883415648977,471.28632291328086,352.8929566259867,731278789,51843448673413,0.39799576267868475,-2836466059054,1002753262680,-267766853790,-294813349492,7412.83984375,62417.87890625,41790.05859375,1460.550048828125,97.94000244140625,18.3799991607666,31856.257,22686.0,4.42,3.96,332.407,4.3,563912300000000.0,118.84768138617,3.95,3.598,0.45999999999999996,0.352,0
2026-05-12,7643.14990234375,7999.669921875,7421.7099609375,7953.41015625,-0.02289501813613881,-0.02316117942252535,0.021394196869974177,246.19712611607142,86.20502760742366,486.3328149211575,379.58092828502083,1021136121,67114559549714,0.3963704901059286,-5625823919067,-620483676666,-35814357535,-185720447441,7400.9599609375,62742.5703125,41898.3203125,1474.449951171875,98.29000091552734,17.989999771118164,31856.257,22686.0,4.46,4.01,332.407,4.3,563912300000000.0,118.84768138617,4.056,3.674,0.4500000000000002,0.3820002,1
2026-05-13,7844.009765625,7855.47021484375,7402.35986328125,7513.64990234375,0.026279723130859578,0.025940344220977914,0.020922031759271306,266.4635532924107,86.42235907366005,508.60213177117475,405.3851689822516,738739332,50464007486110,-0.2765515617285661,-3758586567249,1885208750886,-11519487397,-236259974152,7444.25,63272.109375,41374.5,1492.989990234375,98.4800033569336,17.8700008392334,31856.257,22686.0,4.46,4.0,332.407,4.3,563912300000000.0,118.84768138617,4.044,3.635,0.45999999999999996,0.40900016,1
2026-05-14,7981.41015625,7991.0400390625,7842.72021484375,7873.91015625,0.017516601168337864,0.01736495384607242,0.020740969440041515,269.57352120535717,87.11823767351463,531.2142814696645,430.55099147973425,849941546,51696927269084,0.15052970538192478,-2167987739496,1261787656543,-374807311896,-193335895684,7501.240234375,62654.05078125,41751.75,1489.8399658203125,98.87999725341797,17.260000228881836,31856.257,22686.0,4.46,4.0,332.407,4.3,563912300000000.0,118.84768138617,4.085,3.654,0.45999999999999996,0.431,0
