Date,Log_Return,Volatility_20,ATR_14,RSI_14,MACD,MACD_Signal,Volume,Transaction_Value,Volume_ROC,Net_Purchase_Foreigner,Net_Purchase_Financial_Investment,Net_Purchase_Investment_Trust,Net_Purchase_Pension_Fund,S&P500,Nikkei225,TaiwanWeighted,USD_KRW,Dollar_Index,VIX,US_GDP,US_M2,US_Interest_Rate_10Y,US_Interest_Rate_3Y,US_CPI,US_UNRATE,KR_GDP,KR_CPI,KR_Interest_Rate_10Y,KR_Interest_Rate_3Y,US_Spread_10Y_3Y,KR_Spread_10Y_3Y
2023-05-02,0.00909685,0.007797235,26.49072266,42.95905244,13.69362317,22.32651576,701398536,9.94239E+12,-0.097920415,3.44755E+11,1.91935E+11,1195030937,20220427019,4169.47998,29157.94922,15636.48047,1342.790039,101.9599991,15.77999973,27530.055,20829.6,3.44,3.67,303.334,3.6,5.51922E+14,117.1504598,3.372,3.335,-0.23,0.03699994
2023-05-03,-0.009148871,0.008098555,26.59212821,36.82574769,11.36521225,20.13425506,889609358,9.86586E+12,0.268336491,-91428316585,-1.91638E+11,-24640022215,-19957725851,4119.580078,29157.94922,15553.41016,1342.300049,101.3399963,17.78000069,27530.055,20829.6,3.38,3.58,303.334,3.6,5.51922E+14,117.1504598,3.324,3.281,-0.2,0.042999983
2023-05-04,-0.000183898,0.00799513,25.55355399,32.78127401,9.374748545,17.98235375,810178245,1.002E+13,-0.089287632,39620053616,-2.61001E+11,7450229244,-63699621016,4090.75,29157.94922,15609.03027,1335.22998,101.4000015,18.34000015,27530.055,20829.6,3.37,3.47,303.334,3.6,5.51922E+14,117.1504598,3.278,3.21,-0.1,0.06800008
2023-05-08,0.004894167,0.007269983,25.81713867,33.69876222,8.687238671,16.12333074,655536077,9.21304E+12,-0.190874254,2.53039E+11,4.45863E+11,35558512859,-1.12003E+11,4061.219971,28949.88086,15699.57031,1316.959961,101.3700027,20.09000015,27530.055,20829.6,3.52,3.7,303.334,3.6,5.51922E+14,117.1504598,3.31,3.261,-0.18,0.049000025
2023-05-09,-0.001254124,0.006757144,26.04856655,31.44964835,7.798317203,14.45832803,751646926,9.35137E+12,0.146614126,1.15246E+11,14371563962,7424806742,28258174569,4138.120117,29242.82031,15727.7002,1322.410034,101.6399994,16.97999954,27530.055,20829.6,3.53,3.67,303.334,3.6,5.51922E+14,117.1504598,3.318,3.256,-0.14,0.062000036
2023-05-10,-0.00541292,0.006581132,25.81070382,29.97524765,5.932083471,12.75307912,635635038,8.9067E+12,-0.154343594,1.15507E+11,-1.11175E+11,-4684242130,-61461501851,4119.169922,29122.17969,15641.75977,1326.050049,101.4800034,17.70999908,27530.055,20829.6,3.43,3.55,303.334,3.6,5.51922E+14,117.1504598,3.341,3.273,-0.12,0.06800008
2023-05-11,-0.002209524,0.005639354,26.53140695,27.60727819,3.962787506,10.9950208,648134386,9.00241E+12,0.019664347,1829048943,13706685978,26152016461,17623274813,4137.640137,29126.7207,15514.63965,1318.050049,102.0599976,16.94000053,27530.055,20829.6,3.39,3.56,303.334,3.6,5.51922E+14,117.1504598,3.292,3.22,-0.17,0.07200003
2023-05-12,-0.006274189,0.005726608,26.21212333,27.0864247,1.131876601,9.022391957,798229990,8.58924E+12,0.231580992,-2.47468E+11,-61425594326,-13548821653,-34266627,4130.620117,29388.30078,15502.36035,1329.880005,102.6800003,16.93000031,27530.055,20829.6,3.46,3.65,303.334,3.6,5.51922E+14,117.1504598,3.274,3.225,-0.19,0.049000025
2023-05-15,0.001586421,0.005612438,25.68141392,31.57958049,-0.785454122,7.060822741,484564791,6.92028E+12,-0.392950908,-49794741705,91931794877,4991779430,48066738562,4124.080078,29626.33984,15475.0498,1341.52002,102.4300003,17.03000069,27530.055,20829.6,3.5,3.67,303.334,3.6,5.51922E+14,117.1504598,3.332,3.279,-0.17,0.052999973
2023-05-16,0.000358857,0.005486875,25.53642927,36.18419103,-2.207696686,5.207118856,628743773,8.08696E+12,0.297543248,2.28307E+11,-12011852011,-1689197625,902871183,4136.279785,29842.99023,15673.90039,1335.400024,102.5599976,17.12000084,27530.055,20829.6,3.54,3.74,303.334,3.6,5.51922E+14,117.1504598,3.303,3.242,-0.2,0.06099987
2023-05-17,0.005797086,0.005696606,22.98857771,52.06589841,-2.146523198,3.736390445,564411579,7.21831E+12,-0.102318618,1.64026E+11,39718012319,36099119311,57824376465,4109.899902,30093.58984,15925.29004,1342.430054,102.8799973,17.98999977,27530.055,20829.6,3.57,3.8,303.334,3.6,5.51922E+14,117.1504598,3.319,3.274,-0.23,0.045000076
2023-05-18,0.008279386,0.006108668,23.24285017,59.98688769,-0.419661293,2.905180097,572764581,7.78286E+12,0.014799487,5.3788E+11,-84102266428,17219251298,10270990698,4158.77002,30573.92969,16101.87988,1334.150024,103.5800018,16.87000084,27530.055,20829.6,3.65,3.94,303.334,3.6,5.51922E+14,117.1504598,3.367,3.316,-0.29,0.05100012
2023-05-19,0.008861841,0.006482632,22.50929478,62.76297897,2.724183427,2.868980763,570097445,9.19995E+12,-0.004656601,5.57944E+11,6.57034E+11,16815142051,-1.15962E+11,4198.049805,30808.34961,16174.91992,1334.73999,103.1999969,16.04999924,27530.055,20829.6,3.7,3.98,303.334,3.6,5.51922E+14,117.1504598,3.419,3.34,-0.28,0.078999996
2023-05-22,0.007572374,0.006666728,22.72645787,65.6013143,6.695071343,3.634198879,593619969,8.21458E+12,0.041260532,2.99464E+11,5.1741E+11,-8779370836,17149190029,4191.97998,31086.82031,16180.88965,1324.209961,103.1999969,16.80999947,27530.055,20829.6,3.72,3.98,303.334,3.6,5.51922E+14,117.1504598,3.398,3.321,-0.26,0.0769999
2023-05-23,0.004086143,0.006503656,22.53717913,63.02829046,10.56508009,5.020375122,576045359,7.44335E+12,-0.029605827,-53533549246,3.53892E+11,-16820874351,45130308340,4192.629883,30957.76953,16188.03027,1313.829956,103.4899979,17.20999908,27530.055,20829.6,3.7,3.99,303.334,3.6,5.51922E+14,117.1504598,3.473,3.373,-0.29,0.10000014
2023-05-24,-3.90E-05,0.006176444,21.86647252,73.13482867,13.46875346,6.710050789,1072440018,7.9006E+12,0.861728423,93525128152,-1.38745E+11,-32629028741,39268859617,4145.580078,30682.67969,16159.32031,1319.839966,103.8899994,18.53000069,27530.055,20829.6,3.73,4.04,303.334,3.6,5.51922E+14,117.1504598,3.502,3.378,-0.31,0.12400007
2023-05-25,-0.004982307,0.005337878,22.40291922,67.3330856,14.57232864,8.282506359,917553486,9.41654E+12,-0.144424424,2.24438E+11,-4.84818E+11,-12419225686,-83975340772,4115.240234,30801.13086,16292,1318.52002,104.2099991,20.03000069,27530.055,20829.6,3.83,4.21,303.334,3.6,5.51922E+14,117.1504598,3.597,3.48,-0.38,0.116999865
2023-05-26,0.001611467,0.005291487,21.60362026,65.52075439,15.59955696,9.745916479,634759104,9.4019E+12,-0.308204793,9.11283E+11,-3.15721E+11,-35711185502,-1.03227E+11,4151.279785,30916.31055,16505.05078,1330.890015,104.2099991,19.13999939,27530.055,20829.6,3.8,4.23,303.334,3.6,5.51922E+14,117.1504598,3.639,3.524,-0.43,0.11500001
2023-05-30,0.010384326,0.00562455,22.19145857,72.13415525,18.35730188,11.46819356,641646565,1.10663E+13,0.010850512,6.75136E+11,52958933936,-70407557933,-23858403022,4205.450195,31328.16016,16622.74023,1324.589966,104.1699982,17.95000076,27530.055,20829.6,3.69,4.1,303.334,3.6,5.51922E+14,117.1504598,3.651,3.56,-0.41,0.09100008
2023-05-31,-0.003254114,0.005732931,22.09289551,74.38145297,19.63865054,13.10228496,686186797,1.51351E+13,0.069415523,2.15604E+11,-34180566216,-37316050290,-74439754507,4205.52002,30887.88086,16578.96094,1319.790039,104.3199997,17.45999908,27530.055,20829.6,3.64,4.04,303.334,3.6,5.51922E+14,117.1504598,3.532,3.459,-0.4,0.072999954
2023-06-01,-0.003089683,0.005525589,21.4793178,73.2994618,19.78455029,14.43873802,675233437,9.1685E+12,-0.01596265,-8205036565,-1.52253E+11,-64976192345,-89826988954,4179.830078,31148.00977,16512.65039,1321.73999,103.5599976,17.94000053,27530.055,20799.3,3.61,3.98,304.014,3.6,5.51922E+14,117.139918,3.549,3.478,-0.37,0.0710001
2023-06-02,0.012451567,0.005573151,22.45502581,84.15593909,22.2412723,15.99924488,569619542,9.38353E+12,-0.156410938,3.72752E+11,1.86464E+11,50570760983,-41529220660,4221.02002,31524.2207,16706.91016,1312.849976,104.0199966,15.64999962,27530.055,20799.3,3.69,4.13,304.014,3.6,5.51922E+14,117.139918,3.495,3.436,-0.44,0.058999777
2023-06-05,0.005386413,0.005599539,22.01930455,84.98037261,25.03337484,17.80607087,545879707,8.56631E+12,-0.041676651,-19511906838,2.99452E+11,39623511662,32891565367,4282.370117,32217.42969,16714.42969,1305.140015,104,14.60000038,27530.055,20799.3,3.69,4.1,304.014,3.6,5.51922E+14,117.139918,3.561,3.502,-0.41,0.059000015
2023-06-07,7.27E-05,0.005582915,21.49072266,84.92613941,26.95081044,19.63501878,537616723,1.01529E+13,-0.015137005,-40297072056,4.03418E+11,-5509195087,-27170606428,4273.790039,31913.74023,16922.48047,1299.199951,104.0999985,14.72999954,27530.055,20799.3,3.79,4.21,304.014,3.6,5.51922E+14,117.139918,3.522,3.471,-0.42,0.05100012
2023-06-08,-0.001817678,0.005601577,21.27071708,81.55445375,27.76702568,21.26142016,581325177,1.14737E+13,0.081300399,-3.83833E+11,2.29041E+11,31205733976,22177453652,4267.52002,31641.26953,16733.68945,1308.339966,103.3399963,13.93999958,27530.055,20799.3,3.73,4.17,304.014,3.6,5.51922E+14,117.139918,3.632,3.543,-0.44,0.08899999
2023-06-09,0.011542305,0.005707684,22.20713588,82.4658553,30.50795415,23.11072696,583219035,1.11281E+13,0.003257829,4.80811E+11,2.71639E+11,94071048993,-2906622654,4293.930176,32265.16992,16886.40039,1296.329956,103.5599976,13.64999962,27530.055,20799.3,3.75,4.23,304.014,3.6,5.51922E+14,117.139918,3.613,3.506,-0.48,0.106999874
2023-06-12,-0.004481477,0.005834181,22.50069754,75.00273341,31.36564278,24.76171012,557056391,9.36514E+12,-0.044859037,-3.41958E+11,2.4127E+11,-24320651857,-1.53735E+11,4298.859863,32434,16955.36914,1286.689941,103.6299973,13.82999992,27530.055,20799.3,3.73,4.16,304.014,3.6,5.51922E+14,117.139918,3.576,3.493,-0.43,0.082999945
2023-06-13,0.003265377,0.005438164,21.47783552,73.4527911,32.36620602,26.2826093,694320536,1.11533E+13,0.246409784,1.36776E+11,4.29109E+11,-10779867124,-2.30651E+11,4338.930176,33018.64844,17216.59961,1284.579956,103.3399963,15.01000023,27530.055,20799.3,3.84,4.3,304.014,3.6,5.51922E+14,117.139918,3.578,3.484,-0.46,0.0940001
2023-06-14,-0.007178941,0.005906368,22.07570103,64.24978767,31.27598843,27.28128513,654404452,1.31005E+13,-0.057489419,1.12803E+11,-6524523412,27831824145,-1.67942E+11,4369.009766,33502.42188,17238.14063,1267.619995,103.0100021,14.60999966,27530.055,20799.3,3.83,4.37,304.014,3.6,5.51922E+14,117.139918,3.635,3.545,-0.54,0.089999914
2023-06-15,-0.004032448,0.006078704,23.11356027,60.74252035,29.22460698,27.6699495,582437342,1.15138E+13,-0.109973442,-64115208893,78906405394,-16651753314,-2.09919E+11,4372.589844,33485.48828,17334.98047,1273.98999,102.1200027,13.88000011,27530.055,20799.3,3.72,4.23,304.014,3.6,5.51922E+14,117.139918,3.685,3.626,-0.51,0.059000015
2023-06-16,0.006591125,0.006103764,22.6628418,68.16189585,28.66042372,27.86804434,673673049,1.26206E+13,0.156644673,4.2797E+11,-1.21577E+11,6384164616,-1.07998E+11,4425.839844,33706.07813,17288.91016,1270.050049,102.3000031,14.5,27530.055,20799.3,3.77,4.32,304.014,3.6,5.51922E+14,117.139918,3.657,3.585,-0.55,0.07200003
2023-06-19,-0.006223186,0.006248461,23.49070522,62.19037621,26.59229499,27.61289447,719549044,1.10966E+13,0.068098308,-3.60413E+11,2.30001E+11,-23908851758,-1.96699E+11,4409.589844,33370.42188,17274.56055,1276.310059,102.3000031,13.53999996,27530.055,20799.3,3.77,4.32,304.014,3.6,5.51922E+14,117.139918,3.633,3.583,-0.55,0.049999952
2023-06-20,-0.00176054,0.00606873,22.47642299,55.21823402,24.30275925,26.95086743,722540797,1.08804E+13,0.004157817,-2.81238E+11,54014798597,-12371268810,-92494181083,4409.589844,33388.91016,17184.91016,1283.23999,102.5400009,13.53999996,27530.055,20799.3,3.74,4.29,304.014,3.6,5.51922E+14,117.139918,3.642,3.567,-0.55,0.07500005
2023-06-21,-0.008589878,0.006263239,22.83783831,51.37971848,20.45468465,25.65163087,659798470,1.06543E+13,-0.086835688,-1.99982E+11,49997720039,-21982924145,-96729857377,4388.709961,33575.14063,17202.40039,1287.540039,102.0699997,13.88000011,27530.055,20799.3,3.72,4.29,304.014,3.6,5.51922E+14,117.139918,3.621,3.571,-0.57,0.049999952
2023-06-22,0.004277195,0.006269144,23.33499581,56.04814195,18.08979195,24.13926309,613221379,8.93792E+12,-0.070592905,-1.06795E+11,79027112090,13416725259,1.40391E+11,4365.689941,33264.87891,17202.40039,1288.380005,102.3899994,13.19999981,27530.055,20799.3,3.8,4.37,304.014,3.6,5.51922E+14,117.139918,3.647,3.592,-0.57,0.055000067
2023-06-23,-0.009140562,0.006630752,23.37285505,41.95157152,14.14819491,22.14104945,528307350,8.54852E+12,-0.138472062,-1.87833E+11,-3.91044E+11,-26957872725,-14954388654,4381.890137,32781.53906,17202.40039,1298.209961,102.9000015,12.90999985,27530.055,20799.3,3.74,4.32,304.014,3.6,5.51922E+14,117.139918,3.663,3.609,-0.58,0.05400014
2023-06-26,0.004696883,0.006597148,23.80285645,41.36279706,11.86404657,20.08564888,481750510,8.43766E+12,-0.088124536,15003253159,2.76121E+11,-16122451726,-20915421468,4348.330078,32698.81055,17059.24023,1307.670044,102.6900024,13.43999958,27530.055,20799.3,3.72,4.3,304.014,3.6,5.51922E+14,117.139918,3.611,3.568,-0.58,0.042999983
2023-06-27,-0.000313758,0.006594668,23.61999512,41.13125053,9.874648797,18.04344886,538509244,8.59219E+12,0.117817694,-1.08257E+11,-1.61641E+11,10904615920,1.18451E+11,4328.819824,32538.33008,16887.90039,1302.660034,102.4899979,14.25,27530.055,20799.3,3.77,4.38,304.014,3.6,5.51922E+14,117.139918,3.603,3.538,-0.61,0.06499982
2023-06-28,-0.006685356,0.00633948,24.39071219,38.63717437,6.831396328,15.80103835,488767961,8.81433E+12,-0.092368485,-3.92267E+11,87539481672,-8638474844,10069135500,4378.410156,33193.98828,16935.63086,1296.599976,102.9100037,13.73999977,27530.055,20799.3,3.71,4.32,304.014,3.6,5.51922E+14,117.139918,3.611,3.557,-0.61,0.05400014
2023-06-29,-0.005541406,0.006413607,23.9492885,25.91178752,3.238866907,13.28860406,604508630,8.82494E+12,0.236800851,55313840334,-2.28533E+11,16699257815,24163096986,4376.859863,33234.14063,16942.30078,1309.01001,103.3399963,13.43000031,27530.055,20799.3,3.85,4.49,304.014,3.6,5.51922E+14,117.139918,3.626,3.584,-0.64,0.041999817
2023-06-30,0.005576539,0.00652328,24.11286272,33.02191957,1.524847577,10.93585277,510933786,8.20912E+12,-0.154794885,-1.78359E+11,1.89743E+11,10497416523,48310428301,4396.439941,33189.03906,16915.53906,1323.069946,102.9100037,13.53999996,27530.055,20799.3,3.81,4.49,304.014,3.6,5.51922E+14,117.139918,3.675,3.662,-0.68,0.013000011
2023-07-03,0.014783234,0.006775286,25.83285086,41.98082806,3.211068811,9.390895976,618006181,8.97359E+12,0.209562174,-13324597690,8.75654E+11,64401304737,-2.1787E+11,4450.379883,33753.32813,17084.19922,1315.300049,102.9899979,13.59000015,28074.846,20791.2,3.86,4.56,304.609,3.5,5.63912E+14,117.224252,3.607,3.613,-0.7,-0.005999804
2023-07-04,-0.003525908,0.006696475,24.91782924,43.90807808,3.764883697,8.26569352,674410584,9.1608E+12,0.091268348,-59437290111,-3805616772,-1532098821,-2.698E+11,4455.589844,33422.51953,17140.76953,1306.099976,102.9899979,13.56999969,28074.846,20791.2,3.86,4.56,304.609,3.5,5.63912E+14,117.224252,3.623,3.619,-0.7,0.003999949
2023-07-05,-0.005533348,0.006791236,24.31998117,43.13915168,3.014336456,7.215422107,601088685,1.02577E+13,-0.108719971,2.55964E+11,-5.78751E+11,3462530865,-56753342379,4455.589844,33338.69922,17056.42969,1295.5,103.3700027,13.56999969,28074.846,20791.2,3.95,4.59,304.609,3.5,5.63912E+14,117.224252,3.644,3.618,-0.64,0.026000023
2023-07-06,-0.008844723,0.007029451,25.11141532,34.2574794,0.58032864,5.888403414,531900313,1.0291E+13,-0.115105098,-1.6839E+11,-5.59889E+11,-54386264848,2.42707E+11,4446.819824,32773.01953,16762.16992,1302.969971,103.1699982,14.18000031,28074.846,20791.2,4.05,4.68,304.609,3.5,5.63912E+14,117.224252,3.713,3.676,-0.63,0.03699994
2023-07-07,-0.011638958,0.006748358,26.24855259,32.31207216,-3.692935324,3.972135666,613265045,1.03674E+13,0.152969889,-45069398717,-3.50593E+11,-1.89686E+11,16867127198,4411.589844,32388.41992,16664.21094,1309.219971,102.2699966,15.43999958,28074.846,20791.2,4.06,4.64,304.609,3.5,5.63912E+14,117.224252,3.761,3.735,-0.58,0.026000023
2023-07-10,-0.002381424,0.006727542,26.87355259,32.11720838,-7.478280402,1.682052453,561821159,9.6987E+12,-0.083885241,-1.55683E+11,-1.71554E+11,29933482880,15771050352,4398.950195,32189.73047,16652.80078,1297.369995,101.9700012,14.82999992,28074.846,20791.2,4.01,4.54,304.609,3.5,5.63912E+14,117.224252,3.863,3.795,-0.53,0.06799984
2023-07-11,0.016442817,0.007835704,28.04499163,46.05037752,-7.025105704,-0.059379179,594134894,1.05965E+13,0.057516052,2.68683E+11,82297714481,18476209359,69080511617,4409.529785,32203.57031,16898.91016,1299.540039,101.7300034,15.06999969,28074.846,20791.2,3.99,4.52,304.609,3.5,5.63912E+14,117.224252,3.758,3.703,-0.53,0.05499983
2023-07-12,0.004761341,0.007831197,27.92783901,46.29470405,-5.614385141,-1.170380371,696924185,1.32299E+13,0.173006656,2.18843E+11,-74975559341,40968801970,29429726291,4439.259766,31943.92969,16962.0293,1291.51001,100.5199966,14.84000015,28074.846,20791.2,3.86,4.36,304.609,3.5,5.63912E+14,117.224252,3.756,3.704,-0.5,0.052000046
2023-07-13,0.00639188,0.007954458,27.55283901,54.24244088,-3.128100329,-1.561924363,585660777,1.3258E+13,-0.159649228,2.17331E+11,3.48976E+11,1.30701E+11,-52237443665,4472.160156,32419.33008,17061.40039,1274.699951,99.76999664,13.53999996,28074.846,20791.2,3.76,4.21,304.609,3.5,5.63912E+14,117.224252,3.657,3.602,-0.45,0.055000067
2023-07-14,0.014204609,0.008468808,28.5378418,58.41242658,1.81264793,-0.887009904,569815109,1.42853E+13,-0.027056051,6.15154E+11,7.89473E+11,14593734525,50471717790,4510.040039,32391.25977,17283.71094,1266.829956,99.91000366,13.60999966,28074.846,20791.2,3.83,4.35,304.609,3.5,5.63912E+14,117.224252,3.685,3.614,-0.52,0.07099986
2023-07-17,-0.003544702,0.008385187,28.75713239,56.65689205,4.921063349,0.274604746,550569962,1.17322E+13,-0.033774371,-1.64636E+11,5687841480,-58337179548,-1.32453E+11,4505.419922,32391.25977,17334.28906,1268.339966,99.83999634,13.34000015,28074.846,20791.2,3.81,4.34,304.609,3.5,5.63912E+14,117.224252,3.66,3.611,-0.53,0.049000025
2023-07-18,-0.004354593,0.008436715,28.41141183,57.8487346,6.392554141,1.498194625,493202186,1.20038E+13,-0.104197068,-1.55125E+11,-2.52861E+11,-27827559934,-2606983094,4522.790039,32493.89063,17227.91016,1265.449951,99.94000244,13.47999954,28074.846,20791.2,3.8,4.35,304.609,3.5,5.63912E+14,117.224252,3.651,3.596,-0.55,0.055000067
2023-07-19,0.000237688,0.008188057,28.15070452,61.0633929,7.522030485,2.702961797,440073850,1.12317E+13,-0.107721209,-40280153577,-2.11816E+11,-31643799987,48754019427,4554.97998,32896.03125,17116.43945,1264.939941,100.2799988,13.30000019,28074.846,20791.2,3.75,4.34,304.609,3.5,5.63912E+14,117.224252,3.575,3.543,-0.59,0.032000065
2023-07-20,-0.003075765,0.008174284,27.63213239,56.99769707,7.682251565,3.698819751,372364710,9.47322E+12,-0.153858585,1.62682E+11,-2.71152E+11,-19656863803,44302897232,4565.720215,32490.51953,17164.89063,1265.089966,100.8799973,13.76000023,28074.846,20791.2,3.85,4.43,304.609,3.5,5.63912E+14,117.224252,3.606,3.581,-0.58,0.024999857
2023-07-21,0.003658372,0.007907306,27.54856655,51.59722193,8.480464133,4.655148627,501871967,1.22588E+13,0.347796807,-2.90354E+11,17545949523,-7849825643,-7713771300,4534.870117,32304.25,17030.69922,1278.400024,101.0699997,13.98999977,28074.846,20791.2,3.84,4.44,304.609,3.5,5.63912E+14,117.224252,3.636,3.602,-0.6,0.03399992
2023-07-24,0.007166499,0.007990769,29.33787319,57.40475161,10.50652438,5.825423778,529363268,1.90504E+13,0.054777519,-1.70878E+11,-2.23333E+11,1892885189,-37238109281,4536.339844,32700.93945,17033.60938,1285.650024,101.3499985,13.60000038,28074.846,20791.2,3.86,4.48,304.609,3.5,5.63912E+14,117.224252,3.64,3.617,-0.62,0.023000002
2023-07-25,0.003012328,0.007999024,29.4650007,62.41357922,12.60674819,7.181688659,723471549,1.92046E+13,0.366682565,-1.35343E+12,43905183219,-99706387904,-39124282022,4554.640137,32682.50977,17198.89063,1280.530029,101.3499985,13.90999985,28074.846,20791.2,3.91,4.53,304.609,3.5,5.63912E+14,117.224252,3.684,3.645,-0.62,0.039000034
2023-07-26,-0.016868394,0.008801503,31.60070801,57.13326979,10.590619,7.863474727,834106504,3.63482E+13,0.15292233,-9.4673E+11,2.48029E+11,-1.31621E+11,-18026845243,4567.459961,32668.33984,17162.55078,1274.119995,100.8899994,13.85999966,28074.846,20791.2,3.86,4.47,304.609,3.5,5.63912E+14,117.224252,3.658,3.627,-0.61,0.030999899
2023-07-27,0.00440708,0.00872009,30.88856724,66.425265,9.803726208,8.251525023,594162667,2.40764E+13,-0.287665707,82278490784,4.93124E+11,-38620439415,-68439674010,4566.75,32891.16016,17241.82031,1275.170044,101.7699966,13.18999958,28074.846,20791.2,4.01,4.58,304.609,3.5,5.63912E+14,117.224252,3.637,3.587,-0.57,0.05000019
2023-07-28,0.001730583,0.008657049,30.97785296,68.78649813,9.435264246,8.488272868,503267298,1.68073E+13,-0.152980613,60211856009,-2.82895E+11,-31609777270,-84250387368,4537.410156,32759.23047,17292.92969,1283.880005,101.6200027,14.40999985,28074.846,20791.2,3.96,4.52,304.609,3.5,5.63912E+14,117.224252,3.728,3.635,-0.56,0.092999935
2023-07-31,0.009258021,0.008268502,30.21641323,66.24940711,10.97433028,8.98548435,454242638,1.5688E+13,-0.097412767,-2.92334E+11,-83756810865,-5869470172,-37728782982,4582.22998,33172.21875,17145.42969,1272.390015,101.8600006,13.32999992,28074.846,20791.2,3.97,4.51,304.609,3.5,5.63912E+14,117.224252,3.761,3.681,-0.54,0.07999992
2023-08-01,0.013016134,0.008654999,31.29926409,69.40701445,14.8064259,10.14967266,493643248,1.58519E+13,0.086739127,1.97812E+11,2.65927E+11,67499779327,-40045355102,4588.959961,33476.57813,17212.86914,1277.930054,102.3000031,13.63000011,28074.846,20777.2,4.05,4.57,306.082,3.7,5.63912E+14,118.4154697,3.727,3.647,-0.52,0.07999992
2023-08-02,-0.019154447,0.009702063,33.28569685,54.63936679,13.6035708,10.84045229,704673842,1.60019E+13,0.427496162,-70146532016,-4.35206E+11,-98655960387,-56359337376,4576.72998,32707.68945,16893.73047,1289.050049,102.5899963,13.93000031,28074.846,20777.2,4.08,4.54,306.082,3.7,5.63912E+14,118.4154697,3.793,3.677,-0.46,0.11599994
2023-08-03,-0.004243735,0.009516068,33.07711356,45.34402791,11.62225563,10.99681296,789416273,1.49215E+13,0.120257665,-1.50844E+11,-4.9071E+11,-2610524450,-1.56511E+11,4513.390137,32159.2793,16893.73047,1295.369995,102.5400009,16.09000015,28074.846,20777.2,4.2,4.58,306.082,3.7,5.63912E+14,118.4154697,3.861,3.714,-0.38,0.14700007
2023-08-04,-0.000994527,0.009061668,32.87498256,46.61541459,9.730898594,10.74363008,645750159,1.09714E+13,-0.181990312,-2.45255E+11,-1.48389E+11,29789231937,-99918483580,4501.890137,32192.75,16843.67969,1296.400024,102.0199966,15.92000008,28074.846,20777.2,4.05,4.45,306.082,3.7,5.63912E+14,118.4154697,3.876,3.738,-0.4,0.13800001
2023-08-07,-0.008523268,0.009300465,32.9057094,44.61860989,6.376000476,9.870104162,504070760,1.18945E+13,-0.219402809,2.81067E+11,-1.69246E+11,-27169783821,-1.11209E+11,4478.029785,32254.56055,16996,1303.050049,102.0500031,17.10000038,28074.846,20777.2,4.09,4.44,306.082,3.7,5.63912E+14,118.4154697,3.814,3.689,-0.35,0.125
2023-08-08,-0.002611208,0.008604172,33.56570871,43.3122464,3.137993531,8.523682035,638418712,1.24354E+13,0.266525977,-1.41897E+11,-2.72798E+11,-25243400368,-1.26544E+11,4518.439941,32377.28906,16877.07031,1307.75,102.5299988,15.77000046,28074.846,20777.2,4.02,4.36,306.082,3.7,5.63912E+14,118.4154697,3.74,3.647,-0.34,0.092999935
2023-08-09,0.012025453,0.008952085,34.49070522,50.87552125,3.049446363,7.428834901,467526732,1.03263E+13,-0.267680093,3.65704E+11,-1.59031E+11,-64682010361,-26623506531,4499.379883,32204.33008,16870.93945,1316.670044,102.4899979,15.98999977,28074.846,20777.2,4,4.41,306.082,3.7,5.63912E+14,118.4154697,3.774,3.672,-0.41,0.102
2023-08-10,-0.001367497,0.008854877,32.77071708,48.49982625,2.661326998,6.47533332,568155109,1.1349E+13,0.215235558,-2.33145E+11,8214190140,-47709033284,-57959444574,4467.709961,32473.65039,16634.69922,1313.640015,102.5199966,15.96000004,28074.846,20777.2,4.09,4.47,306.082,3.7,5.63912E+14,118.4154697,3.786,3.687,-0.38,0.09899998
2023-08-11,-0.00396704,0.008254039,31.77429199,42.96340888,1.505260044,5.481318665,675389953,1.05135E+13,0.188742198,-1.90553E+11,9618551605,52357085949,-61792240669,4468.830078,32473.65039,16601.25,1318.329956,102.8399963,15.85000038,28074.846,20777.2,4.16,4.56,306.082,3.7,5.63912E+14,118.4154697,3.824,3.698,-0.4,0.12599993
2023-08-14,-0.007899839,0.008389112,32.19716099,38.17306168,-1.044188515,4.176217229,624377647,9.99533E+12,-0.075530152,-1.20196E+11,-2.65061E+11,-2502191745,-34198056616,4464.049805,32059.91016,16393.66016,1329.609985,103.1900024,14.84000015,28074.846,20777.2,4.19,4.64,306.082,3.7,5.63912E+14,118.4154697,3.889,3.747,-0.45,0.14199996
2023-08-16,-0.017749955,0.009175045,31.60930525,38.01808122,-6.637829225,2.013407938,685135617,1.20255E+13,0.09730965,-1898044111,-1.76359E+11,-1.0193E+11,18237382266,4489.720215,31766.82031,16446.7793,1338.73999,103.4199982,14.81999969,28074.846,20777.2,4.28,4.68,306.082,3.7,5.63912E+14,118.4154697,3.867,3.712,-0.4,0.15500021
2023-08-17,-0.002295039,0.009165861,32.49000767,34.60920172,-11.40653047,-0.670579743,735132744,1.07276E+13,0.072974059,-1229151556,-1.35053E+11,34867160839,-21794190917,4404.330078,31626,16516.66016,1343.329956,103.4400024,16.78000069,28074.846,20777.2,4.3,4.67,306.082,3.7,5.63912E+14,118.4154697,3.976,3.788,-0.37,0.18799996
2023-08-18,-0.006110301,0.009214406,32.99074009,31.69606078,-16.23721267,-3.783906329,557784633,1.07768E+13,-0.241246377,-1.0802E+11,-1.86281E+11,-6884108879,-29293162299,4370.359863,31450.75977,16381.30957,1339.079956,103.3799973,17.88999939,28074.846,20777.2,4.26,4.63,306.082,3.7,5.63912E+14,118.4154697,3.914,3.729,-0.37,0.18499994
2023-08-21,0.001715457,0.009163091,32.18931362,26.52483491,-19.4938719,-6.925899443,399458711,8.52482E+12,-0.283847766,-34008655799,36200932204,13796593680,-23363288732,4369.709961,31565.64063,16381.49023,1339.170044,103.3300018,17.29999924,28074.846,20777.2,4.34,4.7,306.082,3.7,5.63912E+14,118.4154697,3.973,3.795,-0.36,0.17799997
2023-08-22,0.00276242,0.008983052,31.40359933,17.95081001,-21.26961959,-9.794643473,471808571,9.27027E+12,0.181119745,-14806143234,-13252495253,33334206,-28011446799,4399.77002,31856.71094,16437.60938,1339.73999,103.5599976,17.12999916,28074.846,20777.2,4.34,4.75,306.082,3.7,5.63912E+14,118.4154697,3.986,3.802,-0.41,0.18400002
2023-08-23,-0.004078676,0.008906406,28.71217564,21.65231611,-23.2353514,-12.48278506,547169704,8.57799E+12,0.159728198,20622541049,40541331832,-63778763073,-51835317928,4387.549805,32010.25977,16576.90039,1339.689941,103.3600006,16.96999931,28074.846,20777.2,4.19,4.64,306.082,3.7,5.63912E+14,118.4154697,3.92,3.771,-0.45,0.14900017
2023-08-24,0.012761935,0.00886313,28.69717843,34.38640028,-21.94360426,-14.3749489,441140168,1.00995E+13,-0.193778156,1.10643E+11,1.21687E+11,28619640312,47429944502,4436.009766,32287.21094,16770.86914,1327.780029,103.9800034,15.97999954,28074.846,20777.2,4.23,4.69,306.082,3.7,5.63912E+14,118.4154697,3.878,3.759,-0.46,0.11899996
2023-08-25,-0.00733272,0.008870336,30.24787249,32.03023069,-22.16045957,-15.93205103,577383852,8.30285E+12,0.308844431,-1.91548E+11,-1.80057E+11,-19674114025,28197277830,4376.310059,31624.2793,16481.58008,1326.619995,104.0800018,17.20000076,28074.846,20777.2,4.25,4.72,306.082,3.7,5.63912E+14,118.4154697,3.935,3.789,-0.47,0.14599991
2023-08-28,0.009588135,0.00919611,30.07786342,42.06247526,-20.14174967,-16.77399076,483587568,8.22191E+12,-0.16245048,-13515475702,1.66541E+11,80218616141,25465344457,4405.709961,32169.99023,16509.25977,1323.609985,104.0599976,15.68000031,28074.846,20777.2,4.2,4.69,306.082,3.7,5.63912E+14,118.4154697,3.872,3.759,-0.49,0.112999916
2023-08-29,0.003434359,0.008934005,28.67143903,45.39622591,-17.63259805,-16.94571222,441365852,8.27502E+12,-0.08730935,-1.61237E+11,-5316486785,8275556226,21964499226,4433.310059,32226.9707,16623.65039,1322.819946,103.5500031,15.07999992,28074.846,20777.2,4.12,4.56,306.082,3.7,5.63912E+14,118.4154697,3.844,3.74,-0.44,0.10400009
2023-08-30,0.003543671,0.008353305,28.06145368,39.78591983,-14.74305751,-16.50518128,364003001,7.76544E+12,-0.175280554,-16495437008,2.22793E+11,-11821751819,1330609779,4497.629883,32333.46094,16719.82031,1321.069946,103.1600037,14.44999981,28074.846,20777.2,4.12,4.57,306.082,3.7,5.63912E+14,118.4154697,3.85,3.732,-0.45,0.11799979
2023-08-31,-0.001934524,0.007318091,28.4357387,39.53025316,-12.70602831,-15.74535068,473168805,1.1335E+13,0.299903582,-2.15736E+11,3.00528E+11,-51354930376,-29397802841,4514.870117,32619.33984,16634.50977,1323.030029,103.6200027,13.88000011,28074.846,20777.2,4.09,4.54,306.082,3.7,5.63912E+14,118.4154697,3.821,3.711,-0.45,0.11000013
2023-09-01,0.002906241,0.007334341,27.75571987,43.54587976,-10.37176763,-14.67063407,493367317,1.00297E+13,0.042687751,3.69058E+11,-1.18803E+11,-32221966497,-90160555822,4507.660156,32710.61914,16644.93945,1324.640015,104.2399979,13.56999969,28074.846,20747.8,4.18,4.57,307.276,3.7,5.63912E+14,119.1112251,3.778,3.689,-0.39,0.089000225
2023-09-04,0.008096018,0.007598973,27.27000209,53.19803711,-6.762276975,-13.08896265,342072516,8.69961E+12,-0.306657526,4.12832E+11,25012921633,2769282705,-1.01864E+11,4515.77002,32939.17969,16789.68945,1317.459961,104.2399979,13.09000015,28074.846,20747.8,4.18,4.57,307.276,3.7,5.63912E+14,119.1112251,3.856,3.738,-0.39,0.11800003
2023-09-05,-0.000917454,0.007354906,24.51714216,66.53023992,-4.046334648,-11.28043705,384579023,7.59007E+12,0.124261684,1.61804E+11,-1.11409E+11,12306602839,-67695462635,4515.77002,33036.76172,16791.60938,1317.949951,104.8099976,13.09000015,28074.846,20747.8,4.27,4.65,307.276,3.7,5.63912E+14,119.1112251,3.886,3.765,-0.38,0.12099981
2023-09-06,-0.007322847,0.007517566,23.25357492,61.8134335,-3.375241049,-9.699397851,422126144,7.62669E+12,0.097631745,-69319515554,-1.98331E+11,923068801,-56426406209,4496.830078,33241.01953,16738.16016,1331.72998,104.8600006,14.01000023,28074.846,20747.8,4.3,4.73,307.276,3.7,5.63912E+14,119.1112251,3.893,3.765,-0.43,0.12799978
2023-09-07,-0.005900353,0.007035522,22.81642369,61.90424324,-4.013960375,-8.562310356,377270533,8.32583E+12,-0.106261154,-5894909225,-63791459498,-31645708178,-57030681436,4465.47998,32991.07813,16619.14063,1333.459961,105.0599976,14.44999981,28074.846,20747.8,4.27,4.66,307.276,3.7,5.63912E+14,119.1112251,3.969,3.847,-0.39,0.12200022
2023-09-08,-0.000227663,0.007037887,22.88785226,60.79516491,-4.5149124,-7.752830765,396289098,7.71899E+12,0.050410947,-3.55191E+11,2.28982E+11,-33738752044,-23745563866,4451.140137,32606.83984,16576.01953,1334.02002,105.0899963,14.39999962,28074.846,20747.8,4.26,4.68,307.276,3.7,5.63912E+14,119.1112251,3.895,3.795,-0.42,0.099999905
2023-09-11,0.003604605,0.007076055,22.30357143,61.28108828,-4.122044948,-7.026673601,411070381,8.34073E+12,0.037299242,23838762297,56398227660,6427668743,-27693064065,4457.490234,32467.75977,16432.94922,1335.319946,104.5699997,13.84000015,28074.846,20747.8,4.29,4.64,307.276,3.7,5.63912E+14,119.1112251,3.961,3.865,-0.35,0.095999956
2023-09-12,-0.007970972,0.007079898,23.43071638,58.07694748,-5.386625581,-6.698663997,359409844,8.92721E+12,-0.125673217,-2.98118E+11,1.23283E+11,-43959317160,-20577765339,4487.459961,32776.37109,16572.71094,1320.439941,104.7099991,13.80000019,28074.846,20747.8,4.27,4.66,307.276,3.7,5.63912E+14,119.1112251,3.965,3.863,-0.39,0.102
2023-09-13,-0.00074148,0.005832022,22.52071708,49.08082089,-6.465989474,-6.652129093,417576035,9.271E+12,0.161838058,1.13315E+11,81462358506,16126457450,-45074081410,4461.899902,32706.51953,16581.50977,1324.099976,104.7699966,14.22999954,28074.846,20747.8,4.25,4.64,307.276,3.7,5.63912E+14,119.1112251,3.949,3.853,-0.39,0.095999956
2023-09-14,0.014954471,0.006663143,22.7035784,64.78679505,-4.191467403,-6.159996755,412509123,9.5775E+12,-0.012134106,-5.17265E+11,9.94285E+11,94019052355,40530016080,4467.439941,33168.10156,16807.56055,1329.77002,105.4100037,13.47999954,28074.846,20747.8,4.29,4.68,307.276,3.7,5.63912E+14,119.1112251,3.917,3.836,-0.39,0.08100009
2023-09-15,0.010973904,0.006791877,23.72928292,65.56735372,-0.096928181,-4.94738304,441729809,1.19952E+13,0.07083646,47799868129,9.43236E+11,38932624094,-2066687615,4505.100098,33533.08984,16920.91992,1327.060059,105.3199997,12.81999969,28074.846,20747.8,4.33,4.72,307.276,3.7,5.63912E+14,119.1112251,3.928,3.85,-0.39,0.07800007
2023-09-18,-0.010262864,0.007316482,24.76142229,55.53810858,0.993397626,-3.759226907,416289507,8.77209E+12,-0.05759245,-3.74504E+11,-60941190277,25277139127,-10653468979,4450.319824,33533.08984,16698.24023,1328.420044,105.1999969,13.78999996,28074.846,20747.8,4.32,4.74,307.276,3.7,5.63912E+14,119.1112251,3.982,3.891,-0.42,0.09100008
2023-09-19,-0.006042177,0.007486563,24.85641044,49.52172261,0.599054985,-2.887570528,462342076,7.82732E+12,0.110626303,-1648570533,-2.91725E+11,-458974483,-29168014311,4453.529785,33242.58984,16636.32031,1329.660034,105.1999969,14,28074.846,20747.8,4.37,4.79,307.276,3.7,5.63912E+14,119.1112251,3.952,3.887,-0.42,0.06499982
2023-09-20,0.000207085,0.007398686,24.51068987,50.84341239,0.325551777,-2.244946067,414667757,7.57172E+12,-0.103114818,-1.6763E+11,1.37388E+11,991289389,-37567212618,4443.950195,33023.78125,16534.75,1328.530029,105.1600037,14.10999966,28074.846,20747.8,4.35,4.82,307.276,3.7,5.63912E+14,119.1112251,3.963,3.89,-0.47,0.072999954
2023-09-21,-0.017644824,0.007971786,26.46784319,39.97285767,-3.463838924,-2.488724639,394676191,7.8031E+12,-0.048211045,-68589734691,-6.11773E+11,-49558658730,-16541773482,4402.200195,32571.0293,16316.66992,1332.339966,105.3600006,15.14000034,28074.846,20747.8,4.49,4.85,307.276,3.7,5.63912E+14,119.1112251,4.031,3.93,-0.36,0.10100007
2023-09-22,-0.002723455,0.007827642,26.7964216,33.31730887,-6.938908861,-3.378761483,433184441,7.06303E+12,0.097569225,-1.27824E+11,-564065051,3799839379,-79461316737,4330,32402.41016,16344.48047,1341.170044,105.5800018,17.54000092,28074.846,20747.8,4.44,4.8,307.276,3.7,5.63912E+14,119.1112251,4.001,3.876,-0.36,0.125
2023-09-25,-0.004944113,0.007538515,27.6164202,31.92354674,-10.56923662,-4.81685651,438614599,7.45954E+12,0.012535441,-1.32155E+11,3.28953E+11,-23986723292,-1.60438E+11,4320.060059,32678.61914,16452.23047,1334.660034,106,17.20000076,28074.846,20747.8,4.55,4.83,307.276,3.7,5.63912E+14,119.1112251,4.012,3.876,-0.28,0.13600016
2023-09-26,-0.013225369,0.007938864,28.20785086,30.16324278,-15.90879297,-7.035243803,427476174,7.06084E+12,-0.025394561,-42589254898,-3.15819E+11,-15192809548,-38308362599,4337.439941,32315.05078,16276.07031,1338.449951,106.2300034,16.89999962,28074.846,20747.8,4.56,4.84,307.276,3.7,5.63912E+14,119.1112251,4.054,3.891,-0.28,0.16299987
2023-09-27,0.000852305,0.00786638,28.21569824,32.66950265,-19.74338013,-9.576871068,366240767,6.76128E+12,-0.143248702,-28216151255,-1.11376E+11,39597810867,-22779748824,4273.529785,32371.90039,16310.36035,1353.75,106.6699982,18.94000053,28074.846,20747.8,4.61,4.89,307.276,3.7,5.63912E+14,119.1112251,4.03,3.884,-0.28,0.14600015
2023-10-04,-0.024383492,0.009334248,31.1671317,26.2407807,-27.25956674,-13.1134102,424858687,1.02447E+13,0.160052963,-4.2302E+11,-3.40374E+11,-31506596796,13924326296,4274.509766,30526.88086,16273.37988,1359.219971,106.8000031,18.21999931,28424.722,20732.9,4.73,4.85,307.696,3.9,5.63912E+14,119.5118116,4.351,4.108,-0.12,0.24300003
2023-10-05,-0.000869086,0.009245514,31.71428571,23.72648568,-33.00437779,-17.09160372,451722351,9.14136E+12,0.063229645,-2.72074E+11,1.27213E+11,-1387675662,68030280875,4263.75,31075.35938,16453.51953,1351.160034,106.3300018,18.57999992,28424.722,20732.9,4.72,4.82,307.696,3.9,5.63912E+14,119.5118116,4.322,4.081,-0.1,0.24100018
2023-10-06,0.002131975,0.008952717,30.58426339,26.88316435,-36.71995844,-21.01727466,289391533,6.52275E+12,-0.359359721,-3.26293E+11,2.09017E+11,-11469949318,2768252958,4258.189941,30994.66992,16520.57031,1346.060059,106.0400009,18.48999977,28424.722,20732.9,4.78,4.87,307.696,3.9,5.63912E+14,119.5118116,4.24,4.015,-0.09,0.2249999
2023-10-10,-0.002556437,0.0089351,32.34141323,26.47438567,-39.70315533,-24.7544508,416004097,9.50595E+12,0.437513022,-2.07849E+11,6.1644E+11,-11463561654,-15338673947,4308.5,31746.5293,16520.57031,1346.890015,105.8300018,17.45000076,28424.722,20732.9,4.66,4.74,307.696,3.9,5.63912E+14,119.5118116,4.219,3.997,-0.08,0.22199988
2023-10-11,0.019577516,0.010270767,33.96927316,28.83393041,-37.79878646,-27.36331793,446948721,9.14084E+12,0.074385383,-1.19609E+11,4.52763E+11,26281767162,61435564790,4358.240234,31936.50977,16672.0293,1341.890015,105.8199997,17.03000069,28424.722,20732.9,4.58,4.73,307.696,3.9,5.63912E+14,119.5118116,4.142,3.953,-0.15,0.18900013
2023-10-12,0.012065295,0.010711752,33.33428083,29.16352549,-33.50358329,-28.591371,515451710,8.92912E+12,0.153268117,-57984808125,1.12937E+11,39077522626,58458289216,4376.950195,32494.66016,16825.91016,1338.26001,106.5699997,16.09000015,28424.722,20732.9,4.7,4.82,307.696,3.9,5.63912E+14,119.5118116,4.101,3.932,-0.12,0.16899991
2023-10-13,-0.009590961,0.010863146,33.26070731,29.45558439,-31.64480677,-29.20205815,582883748,7.16446E+12,0.130821252,-1.61144E+11,-2.15289E+11,-44677591430,13460559607,4349.609863,32315.99023,16782.57031,1348.339966,106.6500015,16.69000053,28424.722,20732.9,4.63,4.8,307.696,3.9,5.63912E+14,119.5118116,4.169,3.957,-0.17,0.21200013
2023-10-16,-0.00813918,0.010871352,33.67783901,29.01321244,-31.4161309,-29.6448727,788356048,8.3931E+12,0.352509914,-2.10561E+11,30844524784,-3895866712,7677329,4327.779785,31659.0293,16652.24023,1352.069946,106.2399979,19.31999969,28424.722,20732.9,4.71,4.87,307.696,3.9,5.63912E+14,119.5118116,4.191,3.973,-0.16,0.21799994
2023-10-17,0.009774558,0.011115583,34.75856236,34.26366149,-28.9700099,-29.50990014,509375162,7.71125E+12,-0.353876763,4.28197E+11,-1.25328E+11,6290701834,-3265771520,4373.629883,32040.28906,16642.55078,1347.76001,106.25,17.20999908,28424.722,20732.9,4.83,5.01,307.696,3.9,5.63912E+14,119.5118116,4.224,3.991,-0.18,0.23300004
2023-10-18,0.000987321,0.011128746,32.59927804,40.44450107,-26.52953058,-28.91382623,911545886,8.89757E+12,0.789537367,3.46054E+11,-16998260843,12624213597,-33366749309,4373.200195,32042.25,16440.91016,1352.98999,106.5699997,17.87999916,28424.722,20732.9,4.91,5.03,307.696,3.9,5.63912E+14,119.5118116,4.287,4.031,-0.12,0.25600004
2023-10-19,-0.019187227,0.011099638,34.11499023,35.29732844,-28.04848054,-28.74075709,756946720,9.05447E+12,-0.169601079,-1.3806E+11,-1.65687E+11,-18619309272,-25972480849,4314.600098,31430.61914,16452.73047,1354.560059,106.25,19.21999931,28424.722,20732.9,4.98,5.01,307.696,3.9,5.63912E+14,119.5118116,4.362,4.07,-0.03,0.29199982
2023-10-20,-0.017033078,0.010990127,36.1757115,32.36669131,-32.17360499,-29.42732667,521208061,9.29596E+12,-0.311433622,2.10262E+11,-33484841601,-23356612466,-15807856229,4278,31259.35938,16440.7207,1356.22998,106.1600037,21.39999962,28424.722,20732.9,4.93,4.93,307.696,3.9,5.63912E+14,119.5118116,4.327,4.033,0,0.29400015
2023-10-23,-0.00759932,0.010933251,35.24143764,33.82987143,-36.47318977,-30.83649929,395930159,7.11757E+12,-0.240360638,-2.58377E+11,1.37787E+11,-12535026557,-29639933856,4224.160156,30999.55078,16251.36035,1349.339966,105.5400009,21.70999908,28424.722,20732.9,4.86,4.89,307.696,3.9,5.63912E+14,119.5118116,4.374,4.055,-0.03,0.31900024
2023-10-24,0.011176078,0.011463598,37.61715262,38.4147644,-37.31299982,-32.1317994,444165247,7.94928E+12,0.121827264,-1.54287E+11,-34645073508,24992630141,29204055296,4217.040039,31062.34961,16309.75977,1334.439941,106.2699966,20.37000084,28424.722,20732.9,4.83,4.91,307.696,3.9,5.63912E+14,119.5118116,4.269,4.004,-0.08,0.26499987
2023-10-25,-0.00857029,0.011479945,35.11572266,43.20679562,-39.16832241,-33.539104,440806736,7.8322E+12,-0.0075614,-3.45705E+11,-59644597356,59667258939,-40605774771,4247.680176,31269.91992,16358.88965,1343.640015,106.5299988,18.96999931,28424.722,20732.9,4.95,4.98,307.696,3.9,5.63912E+14,119.5118116,4.281,4.038,-0.03,0.24300003
2023-10-26,-0.027494828,0.012279776,37.97141811,36.06250928,-45.2881402,-35.88891124,531072827,9.25152E+12,0.204774754,-4.79956E+11,1.76972E+11,-42161800785,-1442681989,4186.77002,30601.7793,16073.74023,1352.680054,106.5999985,20.19000053,28424.722,20732.9,4.86,4.89,307.696,3.9,5.63912E+14,119.5118116,4.392,4.104,-0.03,0.2880001
2023-10-27,0.001621065,0.012350847,38.77214704,35.82290592,-49.26921678,-38.56497235,514875992,8.00995E+12,-0.030498331,-3.80133E+11,1.8302E+11,8392948190,55811842429,4137.22998,30991.68945,16134.61035,1350.339966,106.5599976,20.68000031,28424.722,20732.9,4.84,4.84,307.696,3.9,5.63912E+14,119.5118116,4.28,4.073,0,0.20700026
2023-10-30,0.003355471,0.012465912,37.31570871,37.73424052,-51.2093862,-41.09385512,444842306,6.95463E+12,-0.136020492,-66328418195,52459625770,1395609395,11140504061,4117.370117,30696.96094,16149.67969,1355.219971,106.1200027,21.27000046,28424.722,20732.9,4.88,4.87,307.696,3.9,5.63912E+14,119.5118116,4.312,4.089,0.01,0.22299957
2023-10-31,-0.014192142,0.012505968,36.42285156,26.11254686,-54.74326279,-43.82373665,394982283,8.23307E+12,-0.112084715,-3.2733E+11,-32180808742,-5614830315,-27733226134,4166.819824,30858.84961,16001.26953,1348.069946,106.6600037,19.75,28424.722,20732.9,4.88,4.9,307.696,3.9,5.63912E+14,119.5118116,4.325,4.085,-0.02,0.23999977
2023-11-01,0.010293708,0.012867903,36.73856027,24.8248973,-55.00788131,-46.06056558,358157301,6.73928E+12,-0.093231984,-1.27321E+11,3.70088E+11,36155663302,27148167996,4193.799805,31601.65039,16038.55957,1350.160034,106.8799973,18.13999939,28424.722,20746.5,4.77,4.76,308.148,3.7,5.63912E+14,118.8476814,4.288,4.071,0.01,0.21700001
2023-11-02,0.017896245,0.012716745,38.40712193,34.80497248,-51.27300076,-47.10305262,377461502,7.6793E+12,0.053898667,1.40098E+11,2.32919E+11,43251095939,-26207914278,4237.859863,31949.89063,16396.94922,1347.839966,106.1200027,16.87000084,28424.722,20746.5,4.67,4.78,308.148,3.7,5.63912E+14,118.8476814,4.168,3.979,-0.11,0.18900013
2023-11-03,0.0107059,0.012998507,37.94498117,41.00044267,-45.75065507,-46.83257311,578661884,8.04096E+12,0.533035504,1.33973E+11,64326363211,46721279590,46060022904,4317.779785,31949.89063,16507.65039,1333.680054,105.0199966,15.65999985,28424.722,20746.5,4.57,4.62,308.148,3.7,5.63912E+14,118.8476814,4.105,3.949,-0.05,0.15600014
2023-11-06,0.055049005,0.018026737,45.33068848,54.32964322,-30.21080179,-43.50821884,528584832,1.52255E+13,-0.0865394,7.11542E+11,3.17814E+11,-40670034237,-26369617725,4358.339844,32708.48047,16649.35938,1307.839966,105.2200012,14.90999985,28424.722,20746.5,4.67,4.72,308.148,3.7,5.63912E+14,118.8476814,4.056,3.877,-0.05,0.17900014
2023-11-07,-0.023618671,0.018895496,50.26497977,48.28460889,-22.35092006,-39.27675909,457675546,1.20866E+13,-0.134149302,4.11154E+11,-2.73785E+11,22198230036,-91882947671,4365.97998,32271.82031,16684.94922,1297.109985,105.5400009,14.89000034,28424.722,20746.5,4.58,4.64,308.148,3.7,5.63912E+14,118.8476814,4.055,3.887,-0.06,0.16799974
2023-11-08,-0.009182872,0.018485494,50.28212193,50.5608514,-17.72027753,-34.96546278,467217484,7.66733E+12,0.020848695,-13714797057,2.32627E+11,-2639601913,-1.38541E+11,4378.379883,32166.48047,16740.83008,1304.550049,105.5899963,14.81000042,28424.722,20746.5,4.49,4.65,308.148,3.7,5.63912E+14,118.8476814,4.022,3.868,-0.16,0.1539998
2023-11-09,0.002252135,0.01826094,48.35853795,55.38551415,-13.45478831,-30.66332788,395030998,7.28845E+12,-0.154502964,2.83213E+11,45294106275,20197957420,-66663851463,4382.779785,32646.46094,16745.65039,1308.119995,105.9100037,14.44999981,28424.722,20746.5,4.62,4.77,308.148,3.7,5.63912E+14,118.8476814,3.945,3.847,-0.15,0.09800005
2023-11-10,-0.007203299,0.018210069,49.24068778,55.44971325,-11.34919276,-26.80050086,312467956,5.8256E+12,-0.209003958,50419710381,-74056490487,5027214236,-75164072675,4347.350098,32568.10938,16682.66992,1315.199951,105.8600006,15.28999996,28424.722,20746.5,4.61,4.8,308.148,3.7,5.63912E+14,118.8476814,3.969,3.862,-0.19,0.10700011
2023-11-13,-0.00245144,0.018136239,47.72712054,52.18980415,-10.04082159,-23.44856501,307123090,5.93417E+12,-0.017105325,13789995380,16204094102,-27512021026,37279199726,4415.240234,32585.10938,16839.28906,1319.619995,105.6600037,14.17000008,28424.722,20746.5,4.63,4.8,308.148,3.7,5.63912E+14,118.8476814,4.005,3.877,-0.17,0.12800002
2023-11-14,0.01219363,0.018217454,48.54141671,57.43129403,-6.548841289,-20.06862026,306963703,6.3821E+12,-0.000518968,-91051423175,5.68363E+11,24327135840,35544981079,4411.549805,32695.92969,16915.71094,1319.069946,104.1100006,14.76000023,28424.722,20746.5,4.44,4.56,308.148,3.7,5.63912E+14,118.8476814,3.98,3.857,-0.12,0.12299991
2023-11-15,0.021716622,0.018886916,47.83285086,70.35258804,0.523089653,-15.95027828,419843260,9.32822E+12,0.367729331,5.54363E+11,1.09621E+12,33571058162,-47933820931,4495.700195,33519.69922,17128.7793,1304.23999,104.3899994,14.15999985,28424.722,20746.5,4.53,4.68,308.148,3.7,5.63912E+14,118.8476814,3.815,3.744,-0.15,0.0710001
2023-11-16,0.000607057,0.018311588,47.15427944,70.20908158,6.178271771,-11.52456827,407440839,6.80641E+12,-0.029540598,4.57125E+11,-1.61164E+11,186561962,60383627461,4502.879883,33424.41016,17171.17969,1301.859985,104.3700027,14.18000031,28424.722,20746.5,4.45,4.59,308.148,3.7,5.63912E+14,118.8476814,3.799,3.701,-0.14,0.09800005
2023-11-17,-0.007394032,0.01792149,47.09570313,66.97498602,9.076353378,-7.404383939,388973752,8.12952E+12,-0.045324585,-75238474139,-81675366334,-37321048424,-19315939507,4508.240234,33585.19922,17208.94922,1292.449951,103.8199997,14.31999969,28424.722,20746.5,4.44,4.64,308.148,3.7,5.63912E+14,118.8476814,3.796,3.681,-0.2,0.11500001
2023-11-20,0.008607043,0.017832778,46.18355887,73.27570032,12.94661813,-3.334183526,323806345,6.58644E+12,-0.167536773,99964854525,3.54642E+11,9466020611,39970751088,4514.02002,33388.03125,17210.4707,1294.5,103.4700012,13.80000019,28424.722,20746.5,4.42,4.62,308.148,3.7,5.63912E+14,118.8476814,3.755,3.667,-0.2,0.08800006
2023-11-21,0.007685536,0.017763106,45.63928223,73.01944365,17.36455406,0.805563991,345054695,7.71338E+12,0.065620549,3.52945E+11,1.15084E+11,6089359018,2598939340,4547.379883,33354.14063,17416.69922,1288.150024,103.5899963,13.40999985,28424.722,20746.5,4.41,4.6,308.148,3.7,5.63912E+14,118.8476814,3.726,3.644,-0.19,0.08200002
2023-11-22,0.000509757,0.017577819,43.92072405,70.39043753,20.73012382,4.790475958,439485471,7.75532E+12,0.273669008,1.42987E+11,-93440363943,-21130474454,-14890996375,4538.189941,33451.82813,17310.25977,1295.189941,103.9199982,13.35000038,28424.722,20746.5,4.42,4.62,308.148,3.7,5.63912E+14,118.8476814,3.762,3.666,-0.2,0.096000195
2023-11-23,0.001297088,0.016058084,43.04500907,68.72924145,23.39078326,8.510537418,360873812,6.57787E+12,-0.178872031,1.18534E+11,-7730491623,-9415175381,-61286809145,4556.620117,33451.82813,17294.55078,1298.790039,103.9199982,12.85000038,28424.722,20746.5,4.42,4.62,308.148,3.7,5.63912E+14,118.8476814,3.712,3.644,-0.2,0.06799984
2023-11-24,-0.007315108,0.016265025,35.25216239,48.9590454,23.74655541,11.55774102,359382702,6.53796E+12,-0.004131943,-2.14753E+11,1.04016E+11,-14552541225,-36743353134,4556.620117,33625.53125,17287.41992,1300.180054,103.4000015,12.85000038,28424.722,20746.5,4.47,4.67,308.148,3.7,5.63912E+14,118.8476814,3.779,3.677,-0.2,0.102
2023-11-27,-0.000388588,0.016294844,30.86359515,61.84260122,23.67730168,13.98165315,364743731,8.37648E+12,0.014917326,-1.06313E+11,2.27072E+11,-6079973448,-3053823423,4559.339844,33447.67188,17137.41992,1289.790039,103.1999969,12.46000004,28424.722,20746.5,4.39,4.6,308.148,3.7,5.63912E+14,118.8476814,3.767,3.689,-0.21,0.07800007
2023-11-28,0.010403886,0.015781296,29.18502372,72.54998763,25.43527533,16.27237758,443089715,8.75342E+12,0.214797342,-94681286706,4.81503E+11,38553770729,456656053,4550.430176,33408.39063,17341.25,1302.530029,102.75,12.68999958,28424.722,20746.5,4.34,4.49,308.148,3.7,5.63912E+14,118.8476814,3.726,3.648,-0.15,0.07800007
2023-11-29,-0.000773549,0.015783009,29.01932199,71.21678297,26.36719276,18.29134062,579271100,9.4282E+12,0.307344947,79866148864,-2.43515E+11,6570736938,51627599035,4554.890137,33321.21875,17370.56055,1287.530029,102.7699966,12.68999958,28424.722,20746.5,4.27,4.4,308.148,3.7,5.63912E+14,118.8476814,3.641,3.554,-0.13,0.08700013
2023-11-30,0.006124519,0.015474797,28.59430804,79.00188356,28.03171691,20.23941588,664284035,1.19925E+13,0.146758461,1.25286E+11,2.49429E+11,-8125593408,1778071116,4550.580078,33486.89063,17433.84961,1288.359985,103.5,12.97999954,28424.722,20746.5,4.37,4.48,308.148,3.7,5.63912E+14,118.8476814,3.699,3.583,-0.11,0.11599994
2023-12-01,-0.012015314,0.015782994,28.23359026,71.00886311,26.6008806,21.51170882,516596238,8.83775E+12,-0.222326278,-1.76686E+11,-2.98975E+11,-49335911087,-32095023693,4567.799805,33431.51172,17438.34961,1296.660034,103.2699966,12.92000008,28424.722,20777.9,4.22,4.31,308.741,3.8,5.63912E+14,118.8476814,3.699,3.587,-0.09,0.11199999
2023-12-04,0.003960173,0.009932317,26.94857352,68.44911708,25.96964085,22.40329523,498860818,8.77237E+12,-0.034331299,2.57074E+11,1.3467E+11,14744581721,9682279634,4594.629883,33231.26953,17421.48047,1299.189941,103.6399994,12.63000011,28424.722,20777.9,4.28,4.4,308.741,3.8,5.63912E+14,118.8476814,3.626,3.531,-0.12,0.09500003
2023-12-05,-0.008252781,0.008476356,24.67928641,52.01678073,23.53024682,22.62868555,427066848,8.30052E+12,-0.143915833,29410123845,-2.29486E+11,5375995538,95674873924,4569.779785,32775.82031,17328.00977,1307.800049,104.0500031,13.07999992,28424.722,20777.9,4.18,4.33,308.741,3.8,5.63912E+14,118.8476814,3.579,3.484,-0.15,0.09500003
2023-12-06,0.000440853,0.008132936,24.40070452,51.91224091,21.43862731,22.3906739,390989432,7.68532E+12,-0.08447721,-1.4574E+11,2.43899E+11,-2897283516,-30786894530,4567.180176,33445.89844,17360.7207,1313.369995,104.1500015,12.85000038,28424.722,20777.9,4.12,4.33,308.741,3.8,5.63912E+14,118.8476814,3.533,3.463,-0.21,0.06999993
2023-12-07,-0.001327257,0.008154872,23.98214286,56.41307856,19.29154846,21.77084881,446877270,8.12764E+12,0.14293951,36060258561,-2.02987E+11,-19525997049,30629380367,4549.339844,32858.30859,17278.74023,1313.719971,103.5400009,12.97000027,28424.722,20777.9,4.14,4.31,308.741,3.8,5.63912E+14,118.8476814,3.576,3.511,-0.17,0.06500006
2023-12-08,0.010291684,0.008130625,23.5392892,57.49991412,19.44604401,21.30588785,431796634,7.91679E+12,-0.033746706,2.03839E+11,2.77014E+11,33774736433,83565047318,4585.589844,32307.85938,17383.99023,1312.76001,104.0100021,13.06000042,28424.722,20777.9,4.23,4.45,308.741,3.8,5.63912E+14,118.8476814,3.534,3.461,-0.22,0.072999954
2023-12-11,0.002978268,0.0080576,22.81785366,54.50114818,19.9445693,21.03362414,435003610,8.26051E+12,0.007427052,5342310158,1.57321E+11,-23683207663,27083471747,4604.370117,32791.80078,17418.33984,1316.51001,104.0999985,12.35000038,28424.722,20777.9,4.23,4.42,308.741,3.8,5.63912E+14,118.8476814,3.566,3.48,-0.19,0.085999966
2023-12-12,0.003916479,0.007737977,22.20427595,56.75013529,20.89839755,21.00657882,378033628,7.73253E+12,-0.130964389,74912663432,6.57593E+11,-16138043973,-55948709324,4622.439941,32843.69922,17450.63086,1313.619995,103.8700027,12.63000011,28424.722,20777.9,4.2,4.42,308.741,3.8,5.63912E+14,118.8476814,3.527,3.446,-0.22,0.08099985
2023-12-13,-0.009754516,0.006652764,22.95286342,48.90271117,19.44434106,20.69413127,377934427,7.51362E+12,-0.000262413,-1.30864E+11,64103027249,-26289983091,57100772435,4643.700195,32926.35156,17468.92969,1310.140015,102.8700027,12.06999969,28424.722,20777.9,4.04,4.18,308.741,3.8,5.63912E+14,118.8476814,3.525,3.465,-0.14,0.06000018
2023-12-14,0.013262739,0.007241324,23.95713588,61.26086539,20.75749675,20.70680437,530123485,1.29607E+13,0.402686411,6.252E+11,3.22737E+11,1.45557E+11,1.59791E+11,4707.089844,32686.25,17653.10938,1292.01001,101.9599991,12.18999958,28424.722,20777.9,3.92,4.09,308.741,3.8,5.63912E+14,118.8476814,3.332,3.258,-0.17,0.07400012
2023-12-15,0.00758857,0.007088325,24.51855469,64.79049559,23.09576279,21.18459605,465313553,1.28733E+13,-0.122254406,8.56547E+11,2.27749E+11,56582565051,32437027401,4719.549805,32970.55078,17673.86914,1291.920044,102.5500031,12.47999954,28424.722,20777.9,3.91,4.13,308.741,3.8,5.63912E+14,118.8476814,3.358,3.281,-0.22,0.07700014
2023-12-18,0.001286464,0.006908418,23.82496861,60.90745696,24.9277898,21.9332348,384828383,1.01816E+13,-0.172969752,59377574402,-1.84339E+11,17396007377,43159464303,4719.189941,32758.98047,17652.0293,1276.469971,102.5100021,12.27999973,28424.722,20777.9,3.95,4.15,308.741,3.8,5.63912E+14,118.8476814,3.336,3.277,-0.2,0.059000015
2023-12-19,0.000658152,0.006754024,23.18211147,61.8026086,26.21387136,22.78936211,392497373,8.41811E+12,0.019928338,-92128963587,1.33439E+11,-25045227011,20169403822,4740.560059,33219.39063,17576.55078,1302.930054,102.1699982,12.56000042,28424.722,20777.9,3.93,4.15,308.741,3.8,5.63912E+14,118.8476814,3.328,3.296,-0.22,0.032000065
2023-12-20,0.017654838,0.007692129,24.56352888,66.68639731,30.57232418,24.34595453,570423377,1.12025E+13,0.453317694,4.80438E+11,1.09667E+12,33337206710,9714347547,4768.370117,33675.94141,17635.19922,1297.76001,102.4100037,12.52999973,28424.722,20777.9,3.86,4.06,308.741,3.8,5.63912E+14,118.8476814,3.28,3.232,-0.2,0.04799986
2023-12-21,-0.005477249,0.007871847,24.27139718,71.51984481,32.49951624,25.97666687,578334789,9.46781E+12,0.013869368,13090104788,1.79404E+11,-34617536391,-64993753419,4698.350098,33140.46875,17543.74023,1296.97998,101.8399963,13.67000008,28424.722,20777.9,3.89,4.06,308.741,3.8,5.63912E+14,118.8476814,3.297,3.236,-0.17,0.06099987
2023-12-22,-0.000196175,0.00760079,24.35998535,70.00760196,33.59837514,27.50100852,465967201,8.84829E+12,-0.194295052,-37303203376,3.77386E+11,-49297684267,13269625657,4746.75,33169.05078,17596.63086,1291.709961,101.6999969,13.64999962,28424.722,20777.9,3.9,4.04,308.741,3.8,5.63912E+14,118.8476814,3.301,3.234,-0.14,0.06700015
2023-12-26,0.001184167,0.007582683,24.00927734,77.95387124,34.32212126,28.86523107,440428129,9.58277E+12,-0.054808733,82263319958,9.58563E+11,-798990823,-28109502226,4754.629883,33305.85156,17751.73047,1294.579956,101.4700012,13.02999973,28424.722,20777.9,3.89,4.05,308.741,3.8,5.63912E+14,118.8476814,3.271,3.221,-0.16,0.049999952
2023-12-27,0.004183182,0.00734799,24.58285086,79.01643277,35.36832991,30.16585084,349733378,1.03598E+13,-0.205924066,2.24944E+11,-2.85766E+11,-474021395,-13529290475,4774.75,33681.23828,17891.5,1293.920044,100.9899979,12.98999977,28424.722,20777.9,3.79,3.97,308.741,3.8,5.63912E+14,118.8476814,3.26,3.22,-0.18,0.03999996
2023-12-28,0.015859802,0.007958879,26.35642787,83.71963756,39.11783099,31.95624687,460086621,9.41893E+12,0.315535348,7.01652E+11,7.85403E+11,45360139712,29680611113,4781.580078,33539.62109,17910.36914,1294.76001,101.2300034,12.43000031,28424.722,20777.9,3.84,4.02,308.741,3.8,5.63912E+14,118.8476814,3.183,3.154,-0.18,0.029000044
2024-01-02,0.005457209,0.007944793,26.67143903,82.92593901,42.76877769,34.11875303,409871688,9.62819E+12,-0.109142346,2.28169E+11,2.07004E+11,-45651530761,-48757352917,4783.350098,33464.17188,17853.75977,1293.540039,102.1999969,12.47000027,28708.161,20843.9,3.95,4.09,309.698,3.7,5.63912E+14,118.8476814,3.306,3.24,-0.14,0.065999985
2024-01-03,-0.02368827,0.009374032,29.96144322,64.33943677,40.15605756,35.32621394,463131608,1.01216E+13,0.12994291,-97306133000,-1.02632E+12,-82922074334,-23322437270,4742.830078,33464.17188,17559.31055,1307.619995,102.4599991,13.19999981,28708.161,20843.9,3.91,4.07,309.698,3.7,5.63912E+14,118.8476814,3.338,3.278,-0.16,0.059999943
2024-01-04,-0.007812419,0.009611176,30.64144461,58.73770559,36.0328571,35.46754257,770176172,8.99227E+12,0.662974754,1.14905E+11,-5.73621E+11,-1.01652E+11,-51803099856,4704.810059,33288.28906,17549.65039,1309.530029,102.4199982,14.03999996,28708.161,20843.9,3.99,4.14,309.698,3.7,5.63912E+14,118.8476814,3.288,3.227,-0.15,0.06100011
2024-01-05,-0.003461676,0.009415301,30.23500279,62.01956014,31.67864082,34.70976222,522289892,8.38447E+12,-0.321856595,-51007262023,-2.2572E+11,-47365153570,-1.20252E+11,4688.680176,33377.42188,17519.14063,1311.25,102.4100037,14.13000011,28708.161,20843.9,4.05,4.17,309.698,3.7,5.63912E+14,118.8476814,3.344,3.283,-0.12,0.06100011
2024-01-08,-0.00398765,0.009497008,29.25999233,54.5956685,27.08774534,33.18535884,320143990,6.76363E+12,-0.387037745,1.70002E+11,-2.5266E+11,-60224900997,-69842222660,4697.240234,33377.42188,17572.66016,1313.130005,102.2099991,13.35000038,28708.161,20843.9,4.01,4.11,309.698,3.7,5.63912E+14,118.8476814,3.344,3.297,-0.1,0.04700017
2024-01-09,-0.002565804,0.00951995,30.21142578,49.52535455,22.65729114,31.0797453,791214273,8.89671E+12,1.471432536,65561520138,1.44537E+11,-30452817222,-1.2393E+11,4763.540039,33763.17969,17535.49023,1311.800049,102.5699997,13.07999992,28708.161,20843.9,4.02,4.09,309.698,3.7,5.63912E+14,118.8476814,3.323,3.255,-0.07,0.06799984
2024-01-10,-0.007548215,0.009475578,31.01785714,45.2219779,17.39152378,28.342101,570021066,8.79583E+12,-0.2795617,-23772970820,17558623393,-40309700084,-88601071428,4756.5,34441.71875,17465.63086,1319.790039,102.3600006,12.76000023,28708.161,20843.9,4.04,4.1,309.698,3.7,5.63912E+14,118.8476814,3.346,3.269,-0.06,0.0769999
2024-01-11,-0.000672915,0.009460009,31.26714216,44.5694724,12.93132142,25.25994508,788422596,1.36699E+13,0.383146419,2.29622E+12,-4.241E+11,92631377706,-56890552755,4783.450195,35049.85938,17545.32031,1317.5,102.2900009,12.68999958,28708.161,20843.9,3.98,4.02,309.698,3.7,5.63912E+14,118.8476814,3.307,3.227,-0.04,0.07999992
2024-01-12,-0.006009498,0.009520161,29.78430176,30.58517249,8.075366685,21.8230294,790177187,8.36877E+12,0.002225445,-2.11917E+11,-53291793982,-44027256870,-65731730497,4780.240234,35577.10938,17512.83008,1311.98999,102.4000015,12.43999958,28708.161,20843.9,3.96,3.92,309.698,3.7,5.63912E+14,118.8476814,3.306,3.204,0.04,0.102
2024-01-15,0.000372177,0.009250851,29.29000419,32.90378598,4.253797854,18.30918309,802102006,8.18271E+12,0.015091323,-49758040039,1.89454E+11,-38977120453,-75262965119,4783.830078,35901.78906,17546.82031,1312.849976,102.4000015,12.69999981,28708.161,20843.9,3.96,3.92,309.698,3.7,5.63912E+14,118.8476814,3.293,3.191,0.04,0.102
2024-01-16,-0.011306759,0.009069041,30.21857561,29.14894382,-1.054304385,14.4364856,659578602,8.82851E+12,-0.17768738,-1.8387E+11,-2.87721E+11,-31179346966,-83150626229,4783.830078,35619.17969,17346.86914,1319.709961,103.3600006,12.69999981,28708.161,20843.9,4.07,4.02,309.698,3.7,5.63912E+14,118.8476814,3.322,3.235,0.05,0.08700013
2024-01-17,-0.025010044,0.010303898,33.86713518,22.49427739,-10.12221348,9.524745781,965595357,1.12816E+13,0.463957979,-9.05571E+11,89850072093,-26931353592,-81359132204,4765.97998,35477.75,17161.78906,1337.790039,103.4499969,13.84000015,28708.161,20843.9,4.1,4.12,309.698,3.7,5.63912E+14,118.8476814,3.369,3.277,-0.02,0.09200001
2024-01-18,0.001698191,0.010312383,33.96927316,20.72309214,-16.78108049,4.263580527,571507487,8.30018E+12,-0.408129417,-1.32615E+11,-11955621903,11780753905,-38692383388,4739.209961,35466.17188,17227.78906,1344.050049,103.5400009,14.78999996,28708.161,20843.9,4.14,4.13,309.698,3.7,5.63912E+14,118.8476814,3.38,3.285,0.01,0.09500003
2024-01-19,0.013312395,0.010890502,33.64069475,18.21633589,-19.19836104,-0.428807786,518806918,9.17454E+12,-0.092213261,7.02836E+11,-1.05263E+11,-38034751727,-75358587043,4780.939941,35963.26953,17681.51953,1337.660034,103.2900009,14.13000011,28708.161,20843.9,4.15,4.18,309.698,3.7,5.63912E+14,118.8476814,3.422,3.307,-0.03,0.11500001
2024-01-22,-0.003398723,0.009870526,33.09924316,13.44389249,-21.54273625,-4.651593479,388045571,8.41992E+12,-0.252042412,3.00054E+11,-21916102074,20482718153,1845425801,4839.810059,36546.94922,17815.09961,1333.209961,103.3300018,13.30000019,28708.161,20843.9,4.11,4.14,309.698,3.7,5.63912E+14,118.8476814,3.372,3.278,-0.03,0.09399986
2024-01-23,0.005769842,0.010038135,29.96353585,22.35588646,-21.99644555,-8.120563893,472284165,8.0294E+12,0.217084282,1.41102E+11,1.37826E+11,9801457112,62362891350,4850.430176,36517.57031,17874.58984,1338.73999,103.6200027,13.18999958,28708.161,20843.9,4.14,4.16,309.698,3.7,5.63912E+14,118.8476814,3.372,3.286,-0.02,0.085999966
2024-01-24,-0.00360535,0.010027843,29.75282506,23.50390784,-22.81282425,-11.05901596,395463694,7.44653E+12,-0.162657308,72596902146,-35392768573,-30480446493,-6129803897,4864.600098,36226.48047,17875.83008,1336.780029,103.2399979,12.55000019,28708.161,20843.9,4.18,4.19,309.698,3.7,5.63912E+14,118.8476814,3.4,3.3,-0.01,0.10000014
2024-01-25,0.000263216,0.010011839,29.89282227,24.72320581,-23.14059845,-13.47533246,357233504,8.12434E+12,-0.096671807,45736559913,1.22082E+11,2018862992,35308436380,4868.549805,36236.46875,18002.61914,1329.890015,103.5699997,13.14000034,28708.161,20843.9,4.14,4.12,309.698,3.7,5.63912E+14,118.8476814,3.419,3.313,0.02,0.10599995
2024-01-26,0.003321941,0.009982904,31.59427316,28.85638775,-22.47796692,-15.27585935,292662412,7.14449E+12,-0.18075318,3.78938E+11,-1.07632E+11,36249499311,37543912204,4894.160156,35751.07031,17995.0293,1336.030029,103.4700012,13.44999981,28708.161,20843.9,4.15,4.15,309.698,3.7,5.63912E+14,118.8476814,3.386,3.263,0,0.12299991
2024-01-29,0.008872889,0.009406671,31.23639788,36.63002242,-19.94049921,-16.20878732,427439639,8.95852E+12,0.460521138,5.46796E+11,-5753762947,70986827780,88985971442,4890.970215,36026.94141,18119.63086,1336.76001,103.6100006,13.26000023,28708.161,20843.9,4.08,4.1,309.698,3.7,5.63912E+14,118.8476814,3.436,3.304,-0.02,0.13200021
2024-01-30,-0.000736017,0.00921357,31.33354841,39.68065736,-17.87198072,-16.541426,481808939,8.73443E+12,0.127197609,-13424075615,80957806616,21539683447,59507512094,4927.930176,36065.85938,18034.63086,1333.209961,103.4000015,13.60000038,28708.161,20843.9,4.06,4.14,309.698,3.7,5.63912E+14,118.8476814,3.35,3.268,-0.08,0.08200002
2024-01-31,-0.000688553,0.00787414,31.22283064,39.67875854,-16.18488292,-16.47011739,454574443,9.00043E+12,-0.05652551,89167046947,27968112155,-280576421,8363215432,4924.970215,36286.71094,17889.56055,1326.619995,103.2699966,13.31000042,28708.161,20843.9,3.99,4.05,309.698,3.7,5.63912E+14,118.8476814,3.345,3.261,-0.06,0.08400011
2024-02-01,0.018006012,0.008942536,32.9699707,53.63722145,-11.0593904,-15.38797199,751074606,1.34625E+13,0.652258761,1.04522E+12,64529536631,1.46513E+11,-44509005586,4845.649902,36011.46094,17968.10938,1333.910034,103.0500031,14.35000038,28708.161,20927.4,3.87,3.96,310.967,3.9,5.63912E+14,118.8476814,3.339,3.267,-0.09,0.07200003
2024-02-02,0.028250559,0.011027086,36.73141044,64.34906682,-1.106254396,-12.53162847,596121129,1.43681E+13,-0.206309035,1.93441E+12,4.10084E+11,65644912089,1.32048E+11,4906.189941,36158.01953,18059.92969,1328.949951,103.9199982,13.88000011,28708.161,20927.4,4.03,4.14,310.967,3.9,5.63912E+14,118.8476814,3.287,3.248,-0.11,0.039000034
2024-02-05,-0.009219098,0.011205165,38.0135498,65.27179375,4.789863606,-9.067330055,511677820,1.24762E+13,-0.141654615,1.79461E+11,-9.68005E+11,67433199407,1.23947E+11,4958.609863,36354.16016,18096.07031,1337.72998,104.4499969,13.85000038,28708.161,20927.4,4.17,4.27,310.967,3.9,5.63912E+14,118.8476814,3.374,3.312,-0.1,0.062000036
2024-02-06,-0.005848136,0.011275559,35.63783482,76.95382378,8.149379242,-5.623988195,411617635,1.03865E+13,-0.195553102,3.37847E+11,-36523993515,-58257628092,-53133920957,4942.810059,36160.66016,18096.07031,1333.390015,104.1800003,13.67000008,28708.161,20927.4,4.09,4.14,310.967,3.9,5.63912E+14,118.8476814,3.382,3.292,-0.05,0.089999914
2024-02-07,0.012873893,0.011451594,37.36570522,79.28152661,13.35141012,-1.828908533,518182343,1.14917E+13,0.258892474,5.38979E+11,6.22454E+11,-25330361669,-4488688516,4954.22998,36119.92188,18096.07031,1326.790039,104.0400009,13.06000042,28708.161,20927.4,4.09,4.16,310.967,3.9,5.63912E+14,118.8476814,3.378,3.286,-0.07,0.09200001
2024-02-08,0.004107155,0.011457861,36.00641741,77.58093305,18.13167387,2.163207948,430009355,1.24934E+13,-0.170158226,4.11334E+11,1.7036E+11,19339886087,56020020407,4995.060059,36863.28125,18096.07031,1327.619995,104.1500015,12.82999992,28708.161,20927.4,4.15,4.22,310.967,3.9,5.63912E+14,118.8476814,3.4,3.305,-0.07,0.09500003
2024-02-13,0.011127267,0.01150336,36.73571777,82.11595898,24.00916935,6.53240023,559385295,1.32944E+13,0.300867733,9.60755E+11,7.75036E+11,-1.1022E+11,-90423236839,4997.910156,37963.96875,18096.07031,1328.5,104.9599991,12.78999996,28708.161,20927.4,4.31,4.44,310.967,3.9,5.63912E+14,118.8476814,3.453,3.353,-0.13,0.10000014
2024-02-14,-0.011089161,0.011889143,38.81070382,73.36780252,26.00949813,10.42781981,543525036,1.01077E+13,-0.028353014,1.07712E+11,-4.70714E+11,-37644681117,10495829718,4953.169922,37703.32031,18096.07031,1340.790039,104.7200012,15.85000038,28708.161,20927.4,4.27,4.38,310.967,3.9,5.63912E+14,118.8476814,3.502,3.425,-0.11,0.07700014
2024-02-15,-0.002529461,0.011535237,39.22427804,73.92825031,26.75222171,13.69270019,621363093,1.0691E+13,0.143209699,-9300908897,1.09424E+11,-32521350908,-16150453454,5000.620117,38157.94141,18644.57031,1326,104.3000031,14.38000011,28708.161,20927.4,4.24,4.36,310.967,3.9,5.63912E+14,118.8476814,3.477,3.405,-0.12,0.07200003
2024-02-16,0.01328649,0.009818621,40.17499651,76.59495182,29.81808782,16.91777772,593841761,1.02218E+13,-0.044291868,5.64332E+11,2.76996E+11,14433252751,5759449020,5029.72998,38487.23828,18607.25,1327.660034,104.2799988,14.01000023,28708.161,20927.4,4.3,4.43,310.967,3.9,5.63912E+14,118.8476814,3.482,3.405,-0.13,0.07700014
2024-02-19,0.011822199,0.009943638,39.13711984,78.113883,34.39313291,20.41284875,422699048,9.82089E+12,-0.28819582,6.15819E+11,3.08695E+11,39642375053,92021674096,5005.569824,38470.37891,18635.80078,1331.579956,104.2799988,14.23999977,28708.161,20927.4,4.3,4.43,310.967,3.9,5.63912E+14,118.8476814,3.467,3.397,-0.13,0.06999993
2024-02-20,-0.008418843,0.010137845,38.99213518,71.87974208,35.79314912,23.48890883,612668186,9.99924E+12,0.449419366,1.081E+11,-2.35238E+11,-52939992009,4490071306,5005.569824,38363.60938,18753.16016,1333.339966,104.0800018,14.23999977,28708.161,20927.4,4.27,4.38,310.967,3.9,5.63912E+14,118.8476814,3.489,3.405,-0.11,0.08400011
2024-02-21,-0.001687026,0.010082652,38.79070173,71.35513192,36.12475142,26.01607735,562144348,9.15015E+12,-0.082465255,-64775807045,82532801604,-23285416426,50767809671,4975.509766,38262.16016,18676.31055,1333.75,104.0100021,15.42000008,28708.161,20927.4,4.32,4.43,310.967,3.9,5.63912E+14,118.8476814,3.474,3.402,-0.11,0.07200003
2024-02-22,0.004122167,0.010071523,38.99783761,72.53221878,36.84717459,28.1822968,456396847,1.02789E+13,-0.188114497,1.69402E+11,1.20719E+11,-15650718952,-48461557762,4981.799805,39098.67969,18852.7793,1332.869995,103.9599991,15.34000015,28708.161,20927.4,4.33,4.49,310.967,3.9,5.63912E+14,118.8476814,3.424,3.342,-0.16,0.08200002
2024-02-23,0.001286553,0.009945644,37.56926618,69.03113121,37.26687761,29.99921296,415376166,1.02821E+13,-0.089879414,1.46514E+11,88295019877,-11939678140,4438819180,5087.029785,39098.67969,18889.18945,1327.170044,103.9400024,14.53999996,28708.161,20927.4,4.26,4.45,310.967,3.9,5.63912E+14,118.8476814,3.468,3.374,-0.19,0.09399986
2024-02-26,-0.007759484,0.010255159,35.07210868,55.73860569,35.52612085,31.10459454,531661427,1.09506E+13,0.279951693,1.19241E+11,57616042097,-68806104315,-18713777280,5088.799805,39233.71094,18948.05078,1330,103.8300018,13.75,28708.161,20927.4,4.28,4.48,310.967,3.9,5.63912E+14,118.8476814,3.402,3.34,-0.2,0.062000036
2024-02-27,-0.008357213,0.010590188,33.82711356,56.13812389,32.00004274,31.28368418,574301706,1.26345E+13,0.080201942,35893174343,96777588677,-39228185895,38556958308,5069.529785,39239.51953,18854.41016,1331.719971,103.8300018,13.73999977,28708.161,20927.4,4.31,4.5,310.967,3.9,5.63912E+14,118.8476814,3.43,3.364,-0.19,0.065999985
2024-02-28,0.01032347,0.010638313,33.7457101,63.25752259,31.04576376,31.23610009,421552569,1.02664E+13,-0.265973678,4.77877E+11,76639185114,4945486310,-1281253923,5078.180176,39208.03125,18854.41016,1331.790039,103.9800034,13.43000031,28708.161,20927.4,4.27,4.44,310.967,3.9,5.63912E+14,118.8476814,3.442,3.359,-0.17,0.082999945
2024-02-29,-0.003750935,0.010714288,31.93355887,56.21966416,29.15218011,30.8193161,496064469,1.29754E+13,0.176755891,1.7949E+11,-4.45242E+11,-37925464817,16723307982,5069.759766,39166.19141,18966.76953,1333.380005,104.1600037,13.84000015,28708.161,20927.4,4.25,4.43,310.967,3.9,5.63912E+14,118.8476814,3.475,3.385,-0.18,0.089999914
2024-03-04,0.012003955,0.010871962,33.39855957,59.47523641,29.88190465,30.63183381,404014324,1.26802E+13,-0.185560851,7.70226E+11,-43513838625,11319634698,73931939075,5096.27002,40109.23047,19305.31055,1330.900024,103.8300018,13.39999962,28708.161,20973.9,4.22,4.39,312.345,3.9,5.63912E+14,118.8476814,3.434,3.36,-0.17,0.07400012
2024-03-05,-0.009343291,0.010659697,33.32212612,49.95718123,28.12915066,30.13129718,457237152,1.22071E+13,0.131735003,85533627777,-4.07198E+11,-72997670191,34085214971,5130.950195,40097.62891,19386.91992,1328.939941,103.8000031,13.48999977,28708.161,20973.9,4.13,4.32,312.345,3.9,5.63912E+14,118.8476814,3.409,3.349,-0.19,0.059999943
2024-03-06,-0.002990014,0.008735034,31.3199986,54.06868915,25.8043601,29.26590976,378993989,1.0533E+13,-0.171121622,-3.7738E+11,-1.32126E+11,-51006404764,-24711028395,5078.649902,40090.78125,19499.44922,1333.430054,103.3700027,14.46000004,28708.161,20973.9,4.11,4.32,312.345,3.9,5.63912E+14,118.8476814,3.381,3.325,-0.21,0.055999994
2024-03-07,0.002318019,0.008435358,31.07927595,56.54312567,24.17788918,28.24830565,462910823,1.08719E+13,0.22141996,-3.24588E+11,41853533217,-26515067376,-14115908194,5104.759766,39598.71094,19693.51953,1327.089966,102.8199997,14.5,28708.161,20973.9,4.09,4.28,312.345,3.9,5.63912E+14,118.8476814,3.399,3.321,-0.19,0.07799983
2024-03-08,0.012286252,0.008624549,31.46641323,56.16488873,25.23899572,27.64644366,454259855,1.14794E+13,-0.018688196,1.82117E+11,6.72495E+11,-13318613139,-15234742937,5157.359863,39688.94141,19785.32031,1321.180054,102.7399979,14.43999958,28708.161,20973.9,4.09,4.25,312.345,3.9,5.63912E+14,118.8476814,3.334,3.271,-0.16,0.0630002
2024-03-11,-0.007681416,0.008481807,30.53642927,45.8364031,24.14659697,26.94647432,391384816,8.85606E+12,-0.138412053,-1.06182E+11,-38700956515,-54255192239,27596986702,5123.689941,38820.48828,19726.08008,1315.97998,102.8700027,14.73999977,28708.161,20973.9,4.1,4.26,312.345,3.9,5.63912E+14,118.8476814,3.342,3.275,-0.16,0.06699991
2024-03-12,0.008225958,0.008611412,29.82856097,54.90765903,24.76814437,26.51080833,403969278,9.73103E+12,0.03215368,-3.7226E+11,4.75106E+11,-48028409585,-23520120205,5117.939941,38797.51172,19914.55078,1310.540039,102.9599991,15.22000027,28708.161,20973.9,4.16,4.33,312.345,3.9,5.63912E+14,118.8476814,3.335,3.273,-0.17,0.062000036
2024-03-13,0.004375515,0.008327768,29.47141811,57.98810491,25.91097409,26.39084149,498759769,1.09576E+13,0.234647772,3.3478E+11,40228954152,-1.76396E+11,48287264219,5175.27002,38695.96875,19928.50977,1311.150024,102.7900009,13.84000015,28708.161,20973.9,4.19,4.37,312.345,3.9,5.63912E+14,118.8476814,3.331,3.251,-0.18,0.08000016
2024-03-14,0.009308421,0.008036154,29.95785086,60.23364087,28.52052576,26.81677834,609288045,1.41426E+13,0.221606238,4.72611E+11,-1.86256E+11,-37065139151,1.36617E+11,5165.310059,38807.37891,19937.91992,1313.650024,103.3600006,13.75,28708.161,20973.9,4.29,4.46,312.345,3.9,5.63912E+14,118.8476814,3.354,3.273,-0.17,0.08100009
2024-03-15,-0.019281614,0.009290866,31.48570033,49.86339222,26.09826591,26.67307585,584947718,1.32358E+13,-0.039948801,-1.03548E+12,14606140982,-1.06124E+11,75833319845,5150.47998,38707.64063,19682.5,1321.920044,103.4300003,14.39999962,28708.161,20973.9,4.31,4.51,312.345,3.9,5.63912E+14,118.8476814,3.41,3.308,-0.2,0.102
2024-03-18,0.007099277,0.008957408,30.40499442,56.1897202,25.41873736,26.42220816,408182483,9.52381E+12,-0.302189802,-86899513299,3.06873E+11,-899914637,1395248889,5117.089844,39740.44141,19879.84961,1329.339966,103.5800018,14.40999985,28708.161,20973.9,4.34,4.52,312.345,3.9,5.63912E+14,118.8476814,3.435,3.348,-0.18,0.08699989
2024-03-19,-0.011108355,0.008925677,30.7849993,54.85126177,22.22982012,25.58373055,695865617,1.07028E+13,0.704790494,-2.41441E+11,-5.38776E+11,-35396996074,18301934161,5149.419922,40003.60156,19857.19922,1336.089966,103.8099976,14.32999992,28708.161,20973.9,4.3,4.47,312.345,3.9,5.63912E+14,118.8476814,3.472,3.383,-0.17,0.08899999
2024-03-20,0.012707991,0.009179669,30.94070871,55.77913349,22.18790462,24.90456536,720451805,1.27394E+13,0.035331805,8.5383E+11,5.55425E+11,23926904692,10218348100,5178.509766,40003.60156,19784.44922,1337.02002,103.4100037,13.81999969,28708.161,20973.9,4.27,4.41,312.345,3.9,5.63912E+14,118.8476814,3.451,3.371,-0.14,0.07999992
2024-03-21,0.023773467,0.010513593,33.91500419,64.71510559,27.06507737,25.33666777,825226939,1.40136E+13,0.145429761,1.87834E+12,1.09686E+12,10202996486,-15368975587,5224.620117,40815.66016,20199.08984,1330.109985,104,13.03999996,28708.161,20973.9,4.27,4.42,312.345,3.9,5.63912E+14,118.8476814,3.411,3.306,-0.15,0.10500002
2024-03-22,-0.002289504,0.010539282,32.80358887,60.41496673,30.07522218,26.28437865,509545275,1.15327E+13,-0.382539213,6.66788E+11,-26332545579,-72132530851,-17959564694,5241.529785,40888.42969,20228.42969,1334.680054,104.4300003,12.92000008,28708.161,20973.9,4.22,4.36,312.345,3.9,5.63912E+14,118.8476814,3.362,3.284,-0.14,0.07800007
2024-03-25,-0.004006469,0.010612641,32.55001395,62.86140826,31.2141658,27.27033608,489620187,9.97972E+12,-0.039103666,-43286028618,-1.41536E+11,-79833518248,10313948958,5234.180176,40414.12109,20192.25,1343.599976,104.2300034,13.06000042,28708.161,20973.9,4.25,4.39,312.345,3.9,5.63912E+14,118.8476814,3.37,3.29,-0.14,0.07999992
2024-03-26,0.007105117,0.010464801,34.13642229,66.31017222,33.3079361,28.47785608,448300913,1.21883E+13,-0.084390462,6.23039E+11,7.09985E+11,-45568972334,-83112767384,5218.189941,40398.03125,20126.49023,1339.130005,104.2900009,13.18999958,28708.161,20973.9,4.24,4.38,312.345,3.9,5.63912E+14,118.8476814,3.397,3.301,-0.14,0.095999956
2024-03-27,-0.000718399,0.0102016,33.44642857,65.34561878,34.41082965,29.6644508,510644016,1.24619E+13,0.139065305,2.92898E+11,1.72526E+11,-68364828056,85111846153,5203.580078,40762.73047,20200.11914,1343.060059,104.3499985,13.23999977,28708.161,20973.9,4.2,4.36,312.345,3.9,5.63912E+14,118.8476814,3.373,3.288,-0.16,0.0849998
2024-03-28,-0.003377628,0.010102328,31.57502093,60.01712322,34.1416881,30.55989826,419277948,1.1925E+13,-0.178923213,73487346552,-1.89843E+11,-34140067486,-671097806,5248.490234,40168.07031,20146.55078,1349.800049,104.5500031,12.77999973,28708.161,20973.9,4.2,4.4,312.345,3.9,5.63912E+14,118.8476814,3.377,3.293,-0.2,0.08400011
2024-03-29,0.000294883,0.010026967,31.34786551,64.13099907,33.60634372,31.16918735,495495575,1.11901E+13,0.181783057,7.82349E+11,-1.17411E+11,-82278583086,-77790551674,5254.350098,40369.44141,20294.44922,1349.800049,104.5500031,13.01000023,28708.161,20973.9,4.2,4.4,312.345,3.9,5.63912E+14,118.8476814,3.413,3.322,-0.2,0.09100008
2024-04-01,0.000447803,0.009745213,31.12074498,61.53308364,32.90207367,31.51576461,397600506,1.00668E+13,-0.197570017,2.70727E+11,1.27609E+11,-43473379591,-4839075428,5254.350098,39803.08984,20222.33008,1345.310059,105.0199966,13.01000023,29147.044,20959.7,4.33,4.51,313.023,3.9,5.63912E+14,118.8476814,3.381,3.291,-0.18,0.09000015
2024-04-02,0.001926845,0.009414114,31.20861816,60.64522038,32.39811917,31.69223553,630392908,1.31169E+13,0.585493224,1.00646E+12,-2.5308E+11,19967817486,-1.16723E+11,5243.77002,39838.91016,20466.57031,1355.530029,104.8199997,13.64999962,29147.044,20959.7,4.36,4.51,313.023,3.9,5.63912E+14,118.8476814,3.425,3.333,-0.15,0.09200001
2024-04-03,-0.016919394,0.010272654,32.70861816,48.04080666,27.949406,30.94366962,640806255,1.3257E+13,0.01651882,531578062,-5.95526E+11,-99269272338,56271725959,5205.810059,39451.85156,20337.59961,1350.72998,104.25,14.60999966,29147.044,20959.7,4.36,4.48,313.023,3.9,5.63912E+14,118.8476814,3.452,3.341,-0.12,0.11099982
2024-04-04,0.012857664,0.010596933,31.81576102,63.23236752,26.93985351,30.1429064,477952756,1.19782E+13,-0.254138435,5.86429E+11,-33795731478,-4016363006,-43559657516,5211.490234,39773.14063,20337.59961,1344.839966,104.1200027,14.32999992,29147.044,20959.7,4.31,4.46,313.023,3.9,5.63912E+14,118.8476814,3.457,3.338,-0.15,0.11899996
2024-04-05,-0.010186661,0.010612515,32.80861119,54.84474292,23.62501749,28.83932862,621030559,1.12939E+13,0.299355535,-1.13075E+11,-3.83324E+11,-62186516304,60407304303,5147.209961,38992.07813,20337.59961,1351.359985,104.3000031,16.35000038,29147.044,20959.7,4.39,4.54,313.023,3.9,5.63912E+14,118.8476814,3.433,3.329,-0.15,0.10400009
2024-04-08,0.00126658,0.010430844,31.24717494,61.53210665,21.03310405,27.2780837,620652526,1.05609E+13,-0.000608719,2.06097E+11,-2.04863E+11,35816006554,51208702671,5204.339844,39347.03906,20417.69922,1350.27002,104.1399994,16.03000069,29147.044,20959.7,4.42,4.6,313.023,3.9,5.63912E+14,118.8476814,3.488,3.383,-0.18,0.10500002
2024-04-09,-0.004606473,0.010362278,31.31288365,53.06430854,17.76635665,25.37573829,470183666,1.00377E+13,-0.242436555,3.03574E+11,53173111089,16762606397,-3594160472,5202.390137,39773.12891,20796.19922,1354.219971,104.1500015,15.18999958,29147.044,20959.7,4.36,4.52,313.023,3.9,5.63912E+14,118.8476814,3.503,3.391,-0.16,0.11199999
2024-04-11,0.000665192,0.010321119,30.65860421,36.85217128,15.1480672,23.33020407,561333352,1.27899E+13,0.193859746,1.06509E+12,-1.3027E+12,1.04127E+11,98875013081,5209.910156,39442.62891,20753.2207,1363.76001,105.2799988,14.97999954,29147.044,20959.7,4.56,4.77,313.023,3.9,5.63912E+14,118.8476814,3.585,3.466,-0.21,0.11899996
2024-04-12,-0.009330526,0.010301427,31.32716588,33.39799221,10.91861177,20.84788561,514575252,1.19035E+13,-0.083298275,14607221018,-5.56272E+11,-38180264801,38901923580,5199.060059,39523.55078,20736.57031,1367.839966,106.0400009,14.90999985,29147.044,20959.7,4.5,4.7,313.023,3.9,5.63912E+14,118.8476814,3.538,3.403,-0.2,0.13499999
2024-04-15,-0.004256211,0.009380468,31.95075335,33.33163623,6.571892338,17.99268696,561950019,1.05066E+13,0.09206577,-2.38068E+11,-31416184970,-9752284617,52468571584,5123.410156,39232.80078,20449.76953,1379.609985,106.2099991,17.30999947,29147.044,20959.7,4.63,4.78,313.023,3.9,5.63912E+14,118.8476814,3.561,3.44,-0.15,0.12100005
2024-04-16,-0.023031079,0.010539556,33.89004953,19.61837675,-1.758696779,14.04241021,570212078,1.22577E+13,0.01470248,-2.70262E+11,-79588663622,-91530079344,22980198501,5061.819824,38471.19922,19901.96094,1387.670044,106.2600021,19.22999954,29147.044,20959.7,4.67,4.83,313.023,3.9,5.63912E+14,118.8476814,3.618,3.469,-0.16,0.14899993
2024-04-17,-0.009800187,0.010480284,35.70575823,17.88836399,-10.29566502,9.174795165,414348111,9.77932E+12,-0.273343854,-1.69245E+11,-1.29365E+11,-26296801166,-39210361102,5051.410156,37961.80078,20213.33008,1387.339966,105.9499969,18.39999962,29147.044,20959.7,4.59,4.77,313.023,3.9,5.63912E+14,118.8476814,3.632,3.475,-0.18,0.15700006
2024-04-18,0.019361089,0.01104135,38.82503836,31.92462757,-12.83675636,4.77248486,478786204,1.05711E+13,0.155516802,5.74595E+11,-81879476001,44505115327,18849862974,5022.209961,38079.69922,20301.19922,1379.540039,106.1500015,18.20999908,29147.044,20959.7,4.64,4.83,313.023,3.9,5.63912E+14,118.8476814,3.562,3.427,-0.19,0.13499999
2024-04-19,-0.016393499,0.009882396,43.30503627,27.85269249,-18.0987755,0.198232789,809473426,1.40448E+13,0.690678259,-3.48922E+11,-6.30396E+11,-7212402476,65608826735,5011.120117,37068.35156,19527.11914,1379.400024,106.1500015,18,29147.044,20959.7,4.62,4.81,313.023,3.9,5.63912E+14,118.8476814,3.583,3.468,-0.19,0.11500001
2024-04-22,0.014395067,0.010626163,44.32929339,34.65103783,-19.0173647,-3.644886708,401892185,1.10211E+13,-0.503514047,-7.50441E+11,6.31278E+11,7751327836,1.47385E+11,4967.22998,37438.60938,19411.2207,1373.930054,106.0800018,18.70999908,29147.044,20959.7,4.62,4.81,313.023,3.9,5.63912E+14,118.8476814,3.65,3.512,-0.19,0.13800001
2024-04-23,-0.00244454,0.010618043,44.25214495,33.18082944,-20.03246551,-6.922402468,430275765,9.94834E+12,0.070624862,-25292878480,42341247741,17371773643,36406688137,5010.600098,37552.16016,19599.2793,1378.839966,105.6900024,16.94000053,29147.044,20959.7,4.61,4.76,313.023,3.9,5.63912E+14,118.8476814,3.625,3.489,-0.15,0.13599992
2024-04-24,0.019903382,0.011549188,44.86929757,46.03223066,-16.39310199,-8.816542373,325739636,1.02277E+13,-0.242951469,4.92409E+11,2.22342E+11,41659091754,56511371856,5070.549805,38460.07813,20131.74023,1370.47998,105.8600006,15.68999958,29147.044,20959.7,4.65,4.78,313.023,3.9,5.63912E+14,118.8476814,3.645,3.509,-0.13,0.13599992
2024-04-25,-0.017770677,0.012104736,45.42000907,36.02041652,-17.11458161,-10.47615022,334062359,8.98796E+12,0.025550231,-2.89241E+11,-4.08178E+11,-54408070716,43689175152,5071.629883,37628.48047,19857.41992,1376.969971,105.5999985,15.97000027,29147.044,20959.7,4.7,4.85,313.023,3.9,5.63912E+14,118.8476814,3.707,3.543,-0.15,0.16400003
2024-04-26,0.010486462,0.012435251,45.19072614,42.86208059,-15.27432423,-11.43578502,450520678,1.01489E+13,0.348612515,4.73102E+11,21394724435,-31278545362,68613364520,5048.419922,37934.76172,20120.50977,1371.699951,105.9400024,15.36999989,29147.044,20959.7,4.67,4.84,313.023,3.9,5.63912E+14,118.8476814,3.694,3.531,-0.17,0.1630001
2024-04-29,0.011643546,0.012783053,46.06713867,46.51243281,-11.17676228,-11.38398047,470546033,1.04914E+13,0.044449358,3.45192E+11,2.53653E+11,24783141696,81079168766,5099.959961,37934.76172,20495.51953,1377.089966,105.5800018,15.02999973,29147.044,20959.7,4.63,4.8,313.023,3.9,5.63912E+14,118.8476814,3.704,3.552,-0.17,0.15199995
2024-04-30,0.001717676,0.012794239,45.04356166,48.45970877,-7.470494845,-10.60128335,460083516,1.13471E+13,-0.022234843,2.384E+11,1.73358E+11,59908474116,11678673739,5116.169922,38405.66016,20396.59961,1374.640015,106.2200012,14.67000008,29147.044,20959.7,4.69,4.87,313.023,3.9,5.63912E+14,118.8476814,3.656,3.529,-0.18,0.12699986
2024-05-02,-0.00312895,0.012782771,42.00639997,47.30113701,-5.152485877,-9.511523854,351087270,9.05905E+12,-0.236905349,2674010328,-1.45513E+11,19372105745,-2122962625,5035.689941,38236.07031,20222.43945,1375,105.3000031,15.64999962,29147.044,21020.6,4.58,4.71,313.175,3.9,5.63912E+14,118.8476814,3.638,3.509,-0.13,0.12899995
2024-05-03,-0.002619275,0.012250721,41.60569545,49.37275653,-3.837665754,-8.376752234,338612027,7.85045E+12,-0.035533168,94476971612,57001136004,-13838084914,12629640424,5064.200195,38236.07031,20330.32031,1364.640015,105.0299988,14.68000031,29147.044,21020.6,4.5,4.63,313.175,3.9,5.63912E+14,118.8476814,3.614,3.5,-0.13,0.11400008
2024-05-07,0.021338947,0.012870851,42.82498605,56.94787752,1.841458137,-6.33311016,532203424,1.11537E+13,0.571720381,1.11554E+12,7.9271E+11,-23927915909,-41010585708,5127.790039,38835.10156,20653.5293,1352.170044,105.4100037,13.48999977,29147.044,21020.6,4.47,4.6,313.175,3.9,5.63912E+14,118.8476814,3.536,3.448,-0.13,0.08800006
2024-05-08,0.003901863,0.012676087,39.1207101,66.51627714,7.122687758,-3.641950576,436315210,1.02936E+13,-0.18017211,4.00078E+11,90059882225,3997296237,-11754431659,5187.700195,38202.37109,20700.50977,1357.72998,105.5500031,13.22999954,29147.044,21020.6,4.48,4.63,313.175,3.9,5.63912E+14,118.8476814,3.53,3.439,-0.15,0.09100008
2024-05-09,-0.012061356,0.012983855,38.8664202,65.32748609,8.553921432,-1.202776174,423810541,1.11028E+13,-0.028659714,-3.58695E+11,84720280682,68042480247,-1.78896E+11,5187.669922,38073.98047,20560.76953,1361.939941,105.2300034,13,29147.044,21020.6,4.45,4.6,313.175,3.9,5.63912E+14,118.8476814,3.556,3.453,-0.15,0.102999926
2024-05-10,0.005695106,0.013000058,36.97999791,62.15120136,10.81344651,1.200468362,586133434,1.15669E+13,0.383008154,1.48284E+11,3.99905E+11,-4277000835,30362348178,5214.080078,38229.10938,20708.83984,1365.400024,105.3099976,12.68999958,29147.044,21020.6,4.5,4.65,313.175,3.9,5.63912E+14,118.8476814,3.538,3.44,-0.15,0.09800005
2024-05-13,-0.000153963,0.013000514,32.93071638,69.90614836,12.42700148,3.445774987,625277713,1.30547E+13,0.066783904,20102584195,73704563018,-12863342247,-47682492630,5222.680176,38179.46094,20857.71094,1370.109985,105.2200012,12.55000019,29147.044,21020.6,4.48,4.66,313.175,3.9,5.63912E+14,118.8476814,3.554,3.452,-0.18,0.102
2024-05-14,0.001147081,0.012798464,31.18073382,66.51284031,13.79926122,5.516472233,443295551,9.4911E+12,-0.291042137,84516691286,1.13662E+11,10175792200,-12775451031,5221.419922,38356.05859,20985.84961,1363.790039,105.0100021,13.60000038,29147.044,21020.6,4.45,4.62,313.175,3.9,5.63912E+14,118.8476814,3.546,3.454,-0.17,0.09200001
2024-05-16,0.00826505,0.012839328,32.68500628,70.19826546,16.52476527,7.718130841,521841311,1.32532E+13,0.177185988,4.25686E+11,6.80881E+11,20138752277,-68611125297,5246.680176,38920.26172,21304.25977,1353.599976,104.4599991,13.42000008,29147.044,21020.6,4.38,4.58,313.175,3.9,5.63912E+14,118.8476814,3.458,3.375,-0.2,0.082999945
2024-05-17,-0.010362214,0.011837628,30.79570661,58.21594625,16.207893,9.416083274,575936318,1.10083E+13,0.103661795,-2.41486E+11,-18961498104,-6162987108,-85629787897,5297.100098,38787.37891,21258.4707,1346.040039,104.4499969,12.42000008,29147.044,21020.6,4.42,4.6,313.175,3.9,5.63912E+14,118.8476814,3.454,3.379,-0.18,0.07500005
2024-05-20,0.006409586,0.011526772,29.69998605,71.19487578,17.17251484,10.96736959,582071105,1.25023E+13,0.01065185,-16080521471,4.64617E+11,50160158193,-1.5222E+11,5303.27002,39069.67969,21271.63086,1353.390015,104.5699997,11.98999977,29147.044,21020.6,4.44,4.62,313.175,3.9,5.63912E+14,118.8476814,3.497,3.412,-0.18,0.08500004
2024-05-21,-0.006571158,0.0110335,28.9085519,63.14664613,16.29987108,12.03386989,560818982,1.04904E+13,-0.036511215,-1.06648E+11,29634389785,-68433902903,-2.22972E+11,5308.129883,38946.92969,21236.75,1360.160034,104.6600037,12.14999962,29147.044,21020.6,4.41,4.61,313.175,3.9,5.63912E+14,118.8476814,3.491,3.411,-0.2,0.07999992
2024-05-22,-0.000264324,0.010201836,28.48641532,57.91091865,15.37298875,12.70169366,484723878,1.23785E+13,-0.135685678,2.94146E+11,1.14019E+11,-9654005532,-82718762426,5321.410156,38617.10156,21551.83008,1363.420044,104.9400024,11.85999966,29147.044,21020.6,4.43,4.64,313.175,3.9,5.63912E+14,118.8476814,3.478,3.409,-0.21,0.069000006
2024-05-23,-0.000605995,0.009823884,29.00999233,56.62023405,14.33999199,13.02935333,428079461,1.14493E+13,-0.116859143,3.61786E+11,-2.65533E+11,-18517954611,-1.20027E+11,5307.009766,39103.21875,21607.42969,1365.810059,105.1100006,12.28999996,29147.044,21020.6,4.47,4.71,313.175,3.9,5.63912E+14,118.8476814,3.472,3.402,-0.24,0.06999993
2024-05-24,-0.012648483,0.010305078,30.93929618,50.78849441,10.63824561,12.55113178,501638731,1.23634E+13,0.171835551,-3.13508E+11,-7.50503E+11,-56139454255,19663305533,5267.839844,38646.10938,21565.33984,1367.619995,104.7200012,12.77000046,29147.044,21020.6,4.46,4.71,313.175,3.9,5.63912E+14,118.8476814,3.515,3.423,-0.25,0.09200001
2024-05-27,0.013081899,0.00975207,31.57142857,58.31244545,10.43990872,12.12888717,556709910,1.58478E+13,0.10978255,-1.36694E+11,3.76044E+11,24060689470,-31889385495,5304.720215,38900.01953,21803.76953,1365.709961,104.7200012,11.93000031,29147.044,21020.6,4.46,4.71,313.175,3.9,5.63912E+14,118.8476814,3.498,3.413,-0.25,0.0849998
2024-05-28,-5.14E-05,0.00871916,28.57498605,47.39909458,10.15438373,11.73398648,440956718,1.1587E+13,-0.207923714,44235878679,-15319724316,-9950412122,91413317565,5304.720215,38855.37109,21858.41016,1360.930054,104.6100006,11.93000031,29147.044,21020.6,4.54,4.75,313.175,3.9,5.63912E+14,118.8476814,3.481,3.394,-0.21,0.08699989
2024-05-29,-0.016870319,0.009397716,30.62212263,36.77426304,6.181340216,10.62345723,438980914,1.30765E+13,-0.004480721,-1.02737E+12,-2.27779E+11,-28666562594,19495675617,5306.040039,38556.87109,21662.5,1362.76001,105.0999985,12.92000008,29147.044,21020.6,4.61,4.79,313.175,3.9,5.63912E+14,118.8476814,3.536,3.425,-0.18,0.11100006
2024-05-30,-0.015758713,0.009664891,30.83428083,35.53264288,-0.341153617,8.430535059,372741998,1.11321E+13,-0.150892474,-7.84858E+11,-3.46763E+11,-35263388378,-11311011216,5266.950195,38054.12891,21364.48047,1370.550049,104.7200012,14.27999973,29147.044,21020.6,4.55,4.74,313.175,3.9,5.63912E+14,118.8476814,3.564,3.44,-0.19,0.123999834
2024-05-31,0.000409744,0.009650112,30.6628418,31.82669064,-5.361321714,5.672163705,613717789,1.63539E+13,0.646494874,-1.33689E+12,1.01686E+12,1846432380,35726932921,5235.47998,38487.89844,21174.2207,1375.619995,104.6699982,14.47000027,29147.044,21020.6,4.51,4.69,313.175,3.9,5.63912E+14,118.8476814,3.578,3.452,-0.18,0.12600017
2024-06-03,0.017296785,0.010464169,32.7878418,42.45738142,-5.563888494,3.424953265,782329142,1.39956E+13,0.274737601,1.89037E+11,2.39275E+11,14675655173,-87898380882,5277.509766,38923.03125,21536.75977,1382.099976,104.1399994,12.92000008,29147.044,21068.4,4.41,4.62,313.044,4.1,5.63912E+14,118.8476814,3.532,3.434,-0.21,0.09800005
2024-06-04,-0.007641337,0.010589306,33.50284249,39.1177934,-7.288128161,1.28233698,773459815,1.2649E+13,-0.011337079,-2.11346E+11,-1.45614E+11,-51292937456,-56759701617,5283.399902,38837.46094,21356.61914,1370.790039,104.1100006,13.10999966,29147.044,21068.4,4.33,4.55,313.044,4.1,5.63912E+14,118.8476814,3.47,3.39,-0.22,0.07999992
2024-06-05,0.010239981,0.009645944,32.94641113,40.02448469,-6.370225398,-0.248175496,881481171,1.3625E+13,0.139659946,5.91569E+11,-2.78082E+11,23426254515,-28481749691,5291.339844,38490.17188,21484.88086,1373.719971,104.2699966,13.15999985,29147.044,21068.4,4.29,4.5,313.044,4.1,5.63912E+14,118.8476814,3.43,3.345,-0.21,0.08500004
2024-06-07,0.012257685,0.010034672,33.78569685,49.69817697,-2.932441996,-0.785028796,783870642,1.24653E+13,-0.110734673,2.86092E+11,2.50291E+11,7850912166,-75792233751,5354.029785,38683.92969,21858.38086,1365.25,104.8899994,12.63000011,29147.044,21068.4,4.43,4.65,313.044,4.1,5.63912E+14,118.8476814,3.385,3.308,-0.22,0.0769999
2024-06-10,-0.007928004,0.009822382,33.90642439,43.7364278,-1.920703525,-1.012163742,506891681,1.13277E+13,-0.353347793,16955223849,-4.69019E+11,2815508326,-42084005040,5346.990234,39038.16016,21858.38086,1379.050049,105.1500015,12.22000027,29147.044,21068.4,4.47,4.62,313.044,4.1,5.63912E+14,118.8476814,3.433,3.353,-0.15,0.08000016
2024-06-11,0.001535246,0.009734572,33.57142857,46.98954818,-0.775076758,-0.964746345,558892980,1.17765E+13,0.102588582,-2.23955E+11,-1.61349E+11,6004198584,55170078788,5360.790039,39134.78906,21792.11914,1373.959961,105.2300034,12.73999977,29147.044,21068.4,4.39,4.57,313.044,4.1,5.63912E+14,118.8476814,3.425,3.341,-0.18,0.08399987
2024-06-12,0.008410796,0.009932828,33.55571638,50.70220445,1.954107192,-0.380975638,511008858,1.18396E+13,-0.085676728,2.34249E+11,75504916231,-31391354851,-39944640603,5375.319824,38876.71094,22048.96094,1377.359985,104.6500015,12.85000038,29147.044,21068.4,4.31,4.48,313.044,4.1,5.63912E+14,118.8476814,3.382,3.307,-0.17,0.07500005
2024-06-13,0.009746449,0.010167641,34.86143276,54.58881669,6.201595332,0.935538556,700027275,1.91359E+13,0.369892643,1.5449E+12,-3.65296E+11,93869481202,1.45755E+11,5421.029785,38720.46875,22312.03906,1370.410034,105.1999969,12.03999996,29147.044,21068.4,4.24,4.42,313.044,4.1,5.63912E+14,118.8476814,3.345,3.277,-0.18,0.06800008
2024-06-14,0.001280548,0.010003629,33.26569475,60.73809355,9.740323758,2.696495597,644979251,1.6187E+13,-0.07863697,7.31514E+11,-3.87074E+11,-30296646285,26248186801,5433.740234,38814.55859,22504.7207,1373.73999,105.5500031,11.93999958,29147.044,21068.4,4.2,4.41,313.044,4.1,5.63912E+14,118.8476814,3.302,3.252,-0.21,0.049999952
2024-06-17,-0.005204836,0.009783848,31.93355887,53.41930871,11.25950878,4.409098234,593985068,1.24576E+13,-0.079063292,-1.37446E+11,69937951278,-38586060425,-1.04815E+11,5431.600098,38102.44141,22496.5293,1382.280029,105.3199997,12.65999985,29147.044,21068.4,4.28,4.5,313.044,4.1,5.63912E+14,118.8476814,3.283,3.212,-0.22,0.0710001
2024-06-18,0.007196746,0.009811026,32.82427107,56.25359665,13.90250857,6.307780301,561975111,1.32695E+13,-0.053890171,6.49277E+11,4851659863,-61083195488,-86674294484,5473.22998,38482.10938,22757.42969,1379.060059,105.2600021,12.75,29147.044,21068.4,4.22,4.43,313.044,4.1,5.63912E+14,118.8476814,3.279,3.214,-0.21,0.06500006
2024-06-19,0.012015485,0.009994953,32.08285086,68.97829576,18.4799994,8.742224121,646706151,1.40696E+13,0.150773652,2.75707E+11,7.37353E+11,-33536889816,-40867759683,5487.029785,38570.76172,23209.53906,1378.609985,105.2600021,12.30000019,29147.044,21068.4,4.22,4.43,313.044,4.1,5.63912E+14,118.8476814,3.231,3.162,-0.21,0.069000006
2024-06-20,0.003675251,0.010000802,30.25355748,80.24384094,22.67739118,11.52925753,758165860,1.3577E+13,0.172349851,4.96594E+11,2.38199E+11,-54302043687,-12058234062,5487.029785,38633.01953,23406.09961,1381.150024,105.5899963,12.30000019,29147.044,21068.4,4.25,4.45,313.044,4.1,5.63912E+14,118.8476814,3.269,3.196,-0.2,0.072999954
2024-06-21,-0.008358537,0.010235117,30.34354074,74.06508365,23.8432508,13.99205619,631143373,1.4493E+13,-0.167539181,-3.42445E+11,1.30976E+11,-20531474845,-55625807230,5473.169922,38596.46875,23253.39063,1391.819946,105.8000031,13.27999973,29147.044,21068.4,4.25,4.45,313.044,4.1,5.63912E+14,118.8476814,3.255,3.176,-0.2,0.078999996
2024-06-24,-0.007039158,0.009909226,28.3406808,64.65474321,22.92700457,15.77904586,594166310,1.10827E+13,-0.058587422,-5.29881E+11,69441491634,-18088421801,-40610700848,5464.620117,38804.64844,22813.69922,1388.390015,105.4700012,13.19999981,29147.044,21068.4,4.25,4.46,313.044,4.1,5.63912E+14,118.8476814,3.264,3.194,-0.21,0.06999993
2024-06-25,0.003487891,0.00954004,27.81209891,70.81527972,22.71846271,17.16692923,714242157,1.17677E+13,0.202091308,60954213464,2.45808E+11,1104857609,-69786241878,5447.870117,39173.14844,22875.9707,1386.109985,105.6100006,13.32999992,29147.044,21068.4,4.23,4.45,313.044,4.1,5.63912E+14,118.8476814,3.271,3.201,-0.22,0.06999993
2024-06-26,0.006345246,0.009612182,27.36640276,69.72195955,23.70496274,18.47453593,535034373,1.13251E+13,-0.250906198,4.33534E+11,-1.99816E+11,25277874885,-57566702430,5469.299805,39667.07031,22986.68945,1390.890015,106.0500031,12.84000015,29147.044,21068.4,4.32,4.53,313.044,4.1,5.63912E+14,118.8476814,3.278,3.215,-0.21,0.0630002
2024-06-27,-0.002865796,0.008687978,26.67855399,63.07232423,23.57034147,19.49369704,397169222,1.02711E+13,-0.257675316,5.13619E+11,-6.6757E+11,-8276939954,-49150461166,5477.899902,39341.53906,22905.98047,1393.380005,105.9100037,12.55000019,29147.044,21068.4,4.29,4.49,313.044,4.1,5.63912E+14,118.8476814,3.3,3.22,-0.2,0.07999992
2024-06-28,0.004930252,0.007635823,25.38856724,71.28205514,24.29392568,20.45374277,610550442,1.10201E+13,0.537255175,32153817876,3.07069E+11,-8248546170,-67354281714,5482.870117,39583.07813,23032.25,1386.949951,105.8700027,12.23999977,29147.044,21068.4,4.36,4.52,313.044,4.1,5.63912E+14,118.8476814,3.266,3.182,-0.16,0.08400011
2024-07-01,0.002316973,0.007613787,25.69285366,71.57496161,25.10170254,21.38333472,459218341,9.94534E+12,-0.24786175,-63341087773,1.25995E+11,-18725047300,31781348253,5460.47998,39631.05859,23058.57031,1380.290039,105.9000015,12.43999958,29511.664,21095.3,4.48,4.58,313.569,4.2,5.63912E+14,118.8476814,3.312,3.21,-0.1,0.102
2024-07-02,-0.008397269,0.007248513,25.96569824,61.453914,23.5778655,21.82224088,538842197,1.16485E+13,0.173389974,-33276899038,-1.94929E+11,-59832305081,-2260295343,5475.089844,40074.69141,22879.36914,1383.420044,105.7200012,12.22000027,29511.664,21095.3,4.43,4.54,313.569,4.2,5.63912E+14,118.8476814,3.289,3.169,-0.11,0.120000124
2024-07-03,0.004717572,0.006920639,24.28283691,59.03719646,23.1642775,22.0906482,340337982,1.0244E+13,-0.368390256,1.01432E+11,1.24207E+11,15688502665,31642026271,5509.009766,40580.76172,23172.42969,1383.420044,105.4000015,12.02999973,29511.664,21095.3,4.36,4.48,313.569,4.2,5.63912E+14,118.8476814,3.274,3.16,-0.12,0.11399984
2024-07-04,0.011009261,0.006968373,25.18498884,63.64013192,25.04360593,22.68123975,393738620,1.30671E+13,0.156904727,3.21798E+11,1.01451E+12,-5162319581,73082580326,5537.02002,40913.64844,23522.5293,1385.77002,105.4000015,12.09000015,29511.664,21095.3,4.36,4.48,313.569,4.2,5.63912E+14,118.8476814,3.234,3.128,-0.12,0.10599995
2024-07-05,0.01311393,0.007034078,27.19855608,72.1374898,29.205321,23.986056,378159145,1.31423E+13,-0.039568064,1.31305E+12,1.27922E+12,-7108346526,-9650906892,5537.02002,40912.37109,23556.58984,1380.25,104.8799973,12.09000015,29511.664,21095.3,4.28,4.39,313.569,4.2,5.63912E+14,118.8476814,3.227,3.115,-0.11,0.11199999
2024-07-08,-0.00156293,0.006672145,26.14212472,68.65906975,31.77652094,25.54414899,425055594,9.93858E+12,0.124012468,5.28365E+11,-2.05357E+11,-28226073262,-47534558080,5567.189941,40780.69922,23878.15039,1376.569946,105.0100021,12.47999954,29511.664,21095.3,4.28,4.4,313.569,4.2,5.63912E+14,118.8476814,3.212,3.119,-0.12,0.092999935
2024-07-09,0.003360575,0.006666162,25.13070243,65.38410396,34.19626551,27.27457229,456429222,1.12419E+13,0.073810646,3.2744E+11,1.34507E+11,-53028077615,-65384088183,5572.850098,41580.17188,23900.08008,1382.75,105.1200027,12.36999989,29511.664,21095.3,4.3,4.37,313.569,4.2,5.63912E+14,118.8476814,3.191,3.114,-0.07,0.0769999
2024-07-10,0.000212753,0.006561269,24.87641253,63.8453483,35.7510453,28.96986689,472472909,1.18415E+13,0.035150438,5.26916E+11,1.70882E+11,-67403242003,-71942289050,5576.97998,41831.98828,24007.08008,1382.420044,105.0500031,12.51000023,29511.664,21095.3,4.28,4.38,313.569,4.2,5.63912E+14,118.8476814,3.198,3.12,-0.1,0.07800007
2024-07-11,0.008112122,0.006475878,24.74356515,74.56533062,38.42524264,30.86094204,462216873,1.46497E+13,-0.021707141,6.10466E+11,-2.18632E+11,1.922E+11,-24089116123,5633.910156,42224.01953,24390.0293,1382.98999,104.4400024,12.85000038,29511.664,21095.3,4.2,4.26,313.569,4.2,5.63912E+14,118.8476814,3.234,3.163,-0.06,0.07099986
2024-07-12,-0.011951432,0.007230116,26.19358608,69.81829203,37.34233826,32.15722129,408178316,1.40857E+13,-0.116911693,-5.50066E+11,2.43499E+11,-39330074671,-15959715340,5584.540039,41190.67969,23916.92969,1371.27002,104.0899963,12.92000008,29511.664,21095.3,4.18,4.22,313.569,4.2,5.63912E+14,118.8476814,3.177,3.101,-0.04,0.075999975
2024-07-15,0.001371101,0.007044048,26.78501674,69.05527652,36.38105551,33.00198813,424457898,1.21657E+13,0.039883505,-76964828774,2.07103E+11,-31056527583,-72565329112,5615.350098,41190.67969,23879.35938,1374.109985,104.1900024,12.46000004,29511.664,21095.3,4.23,4.23,313.569,4.2,5.63912E+14,118.8476814,3.177,3.076,0,0.10100007
2024-07-16,0.001805538,0.006940511,25.78857422,67.25391938,35.62574973,33.52674045,677904823,1.26603E+13,0.597107337,1.88337E+11,1.92344E+11,2143664276,-51740833718,5631.220215,41275.07813,23997.25,1383.689941,104.2699966,13.11999989,29511.664,21095.3,4.17,4.21,313.569,4.2,5.63912E+14,118.8476814,3.137,3.035,-0.04,0.102
2024-07-17,-0.007986916,0.0068336,25.55643136,62.91144226,32.80918718,33.3832298,549094120,1.39235E+13,-0.190012961,-2.56584E+11,3.52402E+11,4754932181,-1.96991E+11,5667.200195,41097.69141,23769.82031,1382.640015,103.75,13.18999958,29511.664,21095.3,4.16,4.19,313.569,4.2,5.63912E+14,118.8476814,3.139,3.05,-0.03,0.08899999
2024-07-18,-0.006683562,0.006996022,27.61713518,55.65551562,28.71770624,32.45012509,658374570,1.55482E+13,0.199019523,-3.49461E+11,3.83195E+11,-65524507563,-85407403428,5588.27002,40126.35156,23398.4707,1378.650024,104.1699982,14.47999954,29511.664,21095.3,4.2,4.24,313.569,4.2,5.63912E+14,118.8476814,3.138,3.058,-0.04,0.07999992
2024-07-19,-0.010281626,0.007133117,29.43071638,48.27785738,22.88023641,30.53614735,426207952,9.58523E+12,-0.352636066,-4.20231E+11,-73813572200,-1.02271E+11,-1.08266E+11,5544.589844,40063.78906,22869.25977,1385.23999,104.4000015,15.93000031,29511.664,21095.3,4.25,4.28,313.569,4.2,5.63912E+14,118.8476814,3.156,3.074,-0.03,0.08200002
2024-07-22,-0.011495044,0.007434373,30.43287877,46.7319486,15.49726267,27.52837041,463878258,1.04996E+13,0.088384803,-85368275960,1.51951E+11,-83764592286,-93564874878,5505,39599,22256.99023,1388.810059,104.3099976,16.52000046,29511.664,21095.3,4.26,4.29,313.569,4.2,5.63912E+14,118.8476814,3.145,3.071,-0.03,0.07399988
2024-07-23,0.003893258,0.007444991,31.03430176,46.25210078,10.39621991,24.10194031,423403234,1.15268E+13,-0.087253548,2.47048E+11,-1.06392E+11,25867469004,13683039498,5564.410156,39594.39063,22871.83984,1387.099976,104.4499969,14.90999985,29511.664,21095.3,4.25,4.26,313.569,4.2,5.63912E+14,118.8476814,3.171,3.084,-0.01,0.08699989
2024-07-24,-0.005631708,0.007389069,30.94360352,36.63265346,5.038345759,20.2892214,469221275,1.10539E+13,0.108213725,-2.63539E+11,6181282757,16199577051,-12685965214,5555.740234,39154.85156,22871.83984,1384.569946,104.3899994,14.72000027,29511.664,21095.3,4.28,4.24,313.569,4.2,5.63912E+14,118.8476814,3.131,3.046,0.04,0.08500004
2024-07-25,-0.017574743,0.008301997,31.50287737,20.68089133,-3.050686761,15.62123977,440318335,1.36737E+13,-0.061597676,-6.76696E+11,-267899826,-45715442104,-21567374341,5427.129883,37869.51172,22871.83984,1382.650024,104.3600006,18.04000092,29511.664,21095.3,4.27,4.26,313.569,4.2,5.63912E+14,118.8476814,3.128,3.024,0.01,0.10400009
2024-07-26,0.00780888,0.008440158,32.52359445,27.13966311,-7.658325496,10.96532672,516467609,1.29717E+13,0.172941411,-47288785165,2.85735E+11,66778146327,5130738888,5399.220215,37667.41016,22119.21094,1381.430054,104.3199997,18.45999908,29511.664,21095.3,4.2,4.2,313.569,4.2,5.63912E+14,118.8476814,3.108,3.024,0,0.08400011
2024-07-29,0.012235007,0.008934102,34.21787807,32.98479886,-8.498279329,7.072605507,456515695,1.09636E+13,-0.116080685,4.47442E+11,-95649741562,31245544893,21975444038,5459.100098,38468.62891,22164.49023,1382.089966,104.5599976,16.38999939,29511.664,21095.3,4.17,4.19,313.569,4.2,5.63912E+14,118.8476814,3.046,2.978,-0.02,0.06800008
2024-07-30,-0.009935212,0.009010169,35.64787946,30.09328424,-11.240492,3.409986006,392868090,1.01997E+13,-0.139420409,-2.44858E+11,-1.77361E+11,-7090627249,-1.00432E+11,5463.540039,38525.94922,22223.57031,1381.359985,104.5500031,16.60000038,29511.664,21095.3,4.15,4.16,313.569,4.2,5.63912E+14,118.8476814,3.052,2.994,-0.01,0.058000088
2024-07-31,0.011799269,0.009369295,36.2643171,31.99965327,-10.66825985,0.594336834,557090057,1.2198E+13,0.418007904,1.49325E+11,62441095900,4047743517,-53944809039,5436.439941,39101.82031,22199.34961,1383.5,104.0999985,17.69000053,29511.664,21095.3,4.09,4.1,313.569,4.2,5.63912E+14,118.8476814,3.064,3.004,-0.01,0.059999943
2024-08-01,0.002519657,0.00900969,34.61788504,37.11502113,-9.540748156,-1.432680164,480833975,1.0905E+13,-0.136882863,4.40977E+11,-2.14045E+11,7930266188,25173277491,5522.299805,38126.32813,22642.09961,1367.920044,104.4199982,16.36000061,29511.664,21186.8,3.99,3.96,314.062,4.2,5.63912E+14,118.8476814,3.01,2.976,0.03,0.03399992
2024-08-02,-0.037221903,0.011571753,40.8543178,27.21467985,-16.64471117,-4.475086365,531785136,1.31021E+13,0.105964145,-8.47871E+11,-3.2757E+11,-1.3246E+11,-1.09463E+11,5446.680176,35909.69922,21638.08984,1368.969971,103.2099991,18.59000015,29511.664,21186.8,3.8,3.7,314.062,4.2,5.63912E+14,118.8476814,2.976,2.939,0.1,0.03700018
2024-08-05,-0.091761016,0.022882845,60.43218122,16.56324294,-40.73852306,-11.7277737,763777757,1.87817E+13,0.436252549,-1.52381E+12,-4.19457E+11,23447557100,2.35845E+11,5346.560059,31458.41992,19830.88086,1357.170044,102.6900024,23.38999939,29511.664,21186.8,3.78,3.71,314.062,4.2,5.63912E+14,118.8476814,2.878,2.806,0.07,0.07200003
2024-08-06,0.03247857,0.024503888,68.28717913,26.81767777,-52.7215666,-19.92653228,567266430,1.55358E+13,-0.257288623,-1.74155E+11,-7.67265E+11,1.40199E+11,2.37212E+11,5186.330078,34675.46094,20501.01953,1367.400024,102.9700012,38.56999969,29511.664,21186.8,3.9,3.76,314.062,4.2,5.63912E+14,118.8476814,2.993,2.935,0.14,0.058000088
2024-08-07,0.018175323,0.02508194,71.12574986,32.22539359,-57.81891826,-27.50500948,476990686,1.30817E+13,-0.1591417,-18716243874,-4.45931E+11,64953210444,32426918201,5240.029785,35089.62109,21295.2793,1370.310059,103.1999969,27.70999908,29511.664,21186.8,3.96,3.81,314.062,4.2,5.63912E+14,118.8476814,3.001,2.929,0.15,0.07200003
2024-08-08,-0.004557906,0.024878791,71.4443185,33.01458695,-62.08539723,-34.42108703,495299005,1.14637E+13,0.03838297,-5.19635E+11,-4.18737E+11,43335833798,85226342980,5199.5,34831.14844,20870.09961,1375.329956,103.2099991,27.85000038,29511.664,21186.8,3.99,3.86,314.062,4.2,5.63912E+14,118.8476814,2.997,2.911,0.13,0.085999966
2024-08-09,0.012322397,0.025171234,71.69574847,37.53878448,-62.19178326,-39.97522627,475012051,9.72169E+12,-0.040959004,152537242,-1.15613E+11,37718158055,34021210450,5319.310059,35025,21469,1373.76001,103.1399994,23.79000092,29511.664,21186.8,3.94,3.86,314.062,4.2,5.63912E+14,118.8476814,3.012,2.941,0.08,0.0710001
2024-08-12,0.011473783,0.025404753,71.76862444,39.19123247,-59.18359449,-43.81689992,293083794,7.60122E+12,-0.38299714,78501696596,89921761727,26044643926,3960511024,5344.160156,35025,21773.25977,1363.839966,103.1399994,20.37000084,29511.664,21186.8,3.9,3.82,314.062,4.2,5.63912E+14,118.8476814,3,2.946,0.08,0.0539999
2024-08-13,0.001221402,0.025397541,71.69290597,40.32656276,-55.89702776,-46.23292549,378532151,8.96595E+12,0.291549239,1.33323E+11,-28516764667,-7649488765,-2248875325,5344.390137,36232.51172,21796.57031,1369.540039,102.5599976,20.70999908,29511.664,21186.8,3.85,3.75,314.062,4.2,5.63912E+14,118.8476814,2.974,2.918,0.1,0.055999994
2024-08-14,0.008735338,0.025550122,70.07577079,45.16554032,-50.85032132,-47.15640465,328748140,8.86708E+12,-0.13151858,3.91762E+11,-95053747571,-3977404730,-29044198714,5434.430176,36442.42969,22027.25,1362.170044,102.5699997,18.12000084,29511.664,21186.8,3.83,3.76,314.062,4.2,5.63912E+14,118.8476814,2.945,2.888,0.07,0.05699992
2024-08-16,0.019743302,0.026061786,72.03006417,47.57766391,-42.11047799,-46.14721932,385851899,1.11929E+13,0.17370063,1.21079E+12,2.33179E+11,-15559717124,-2357676377,5455.209961,38062.67188,22349.33008,1363.51001,102.4599991,16.19000053,29511.664,21186.8,3.89,3.87,314.062,4.2,5.63912E+14,118.8476814,2.973,2.928,0.02,0.045000076
2024-08-19,-0.008515174,0.026036303,71.35862514,43.53285217,-36.60750823,-44.2392771,395636824,9.26257E+12,0.025359277,-1.19587E+11,96704917440,-22660691972,-37701027259,5554.25,37388.62109,22409.63086,1348.97998,101.8899994,14.80000019,29511.664,21186.8,3.86,3.86,314.062,4.2,5.63912E+14,118.8476814,2.985,2.927,0,0.05799985
2024-08-20,0.008292662,0.02604104,71.2857666,47.03057308,-30.10237882,-41.41189745,484188400,8.95416E+12,0.223820359,2.92913E+11,890635336,-13108035045,14505808864,5608.25,38062.92188,22429.09961,1330.880005,101.4400024,14.64999962,29511.664,21186.8,3.82,3.8,314.062,4.2,5.63912E+14,118.8476814,2.999,2.944,0.02,0.055000067
2024-08-21,0.001667359,0.026022764,70.09289551,44.82285432,-24.30374604,-37.99026716,417329635,9.37856E+12,-0.138084194,31111966566,1.63607E+11,-49926784595,-64132505607,5597.120117,37951.80078,22237.89063,1327.579956,101.0400009,15.88000011,29511.664,21186.8,3.79,3.74,314.062,4.2,5.63912E+14,118.8476814,2.997,2.94,0.05,0.05699992
2024-08-22,0.002418297,0.026015083,69.92215402,44.78587354,-18.96197939,-34.18460961,441756204,8.94632E+12,0.058530636,68658227680,79186890455,-5964946296,7471486834,5620.850098,38211.01172,22148.83008,1333.660034,101.5100021,16.27000046,29511.664,21186.8,3.86,3.82,314.062,4.2,5.63912E+14,118.8476814,2.98,2.907,0.04,0.072999954
2024-08-23,-0.002210976,0.025723031,63.6378697,52.21415919,-15.03777913,-30.35524351,330591762,8.28577E+12,-0.251642062,-2.95195E+11,3.36611E+11,-28194176229,14509555932,5570.640137,38364.26953,22158.05078,1339.540039,100.7200012,17.54999924,29511.664,21186.8,3.81,3.73,314.062,4.2,5.63912E+14,118.8476814,3.005,2.92,0.08,0.08500004
2024-08-26,-0.001363014,0.025655048,45.0985805,87.18110809,-12.08544836,-26.70128448,333687885,9.08741E+12,0.009365397,-4.66658E+11,3.43378E+11,7719858795,31745801309,5634.609863,38110.21875,22240.11914,1323.880005,100.8499985,15.85999966,29511.664,21186.8,3.82,3.74,314.062,4.2,5.63912E+14,118.8476814,2.974,2.89,0.08,0.08399987
2024-08-27,-0.003252124,0.025479615,36.60144043,80.59998033,-10.33344698,-23.42771698,264056855,8.05072E+12,-0.208671136,-4.07467E+11,3.80792E+11,8339642979,-18214989888,5616.839844,38288.62109,22185,1326.640015,100.5500031,16.14999962,29511.664,21186.8,3.83,3.72,314.062,4.2,5.63912E+14,118.8476814,3.073,2.94,0.11,0.1329999
2024-08-28,0.000215679,0.025401598,32.30929129,76.70222762,-8.796762209,-20.50152603,280773871,1.05675E+13,0.063308396,-3.43507E+11,2.42473E+11,6498887162,-32766656648,5625.799805,38371.76172,22370.66016,1326.359985,101.0899963,15.43000031,29511.664,21186.8,3.84,3.72,314.062,4.2,5.63912E+14,118.8476814,3.054,2.919,0.12,0.13499999
2024-08-29,-0.010295114,0.025300896,31.48428781,71.69760376,-9.690283596,-18.33927754,288835634,1.14647E+13,0.028712654,-4.20835E+11,-85314301143,-55602532288,-28011649724,5592.180176,38362.53125,22201.84961,1336.689941,101.3399963,17.11000061,29511.664,21186.8,3.87,3.76,314.062,4.2,5.63912E+14,118.8476814,3.075,2.939,0.11,0.13600016
2024-08-30,0.004508516,0.025323475,29.90427944,69.20741596,-9.320244925,-16.53547102,278845310,1.03408E+13,-0.034588267,-3.78966E+11,4.21572E+11,-12734537738,64139996341,5591.959961,38647.75,22268.08984,1332.880005,101.6999969,15.64999962,29511.664,21186.8,3.91,3.79,314.062,4.2,5.63912E+14,118.8476814,3.088,2.953,0.12,0.13499999
2024-09-02,0.002498434,0.023926218,29.49283273,65.64529001,-8.390444431,-14.9064657,266992573,8.66996E+12,-0.042506496,2.38731E+11,-4.10572E+11,12931563638,1896520545,5648.399902,38700.87109,22235.09961,1336.579956,101.6999969,15,29511.664,21269.5,3.91,3.79,314.732,4.1,5.63912E+14,118.8476814,3.121,2.989,0.12,0.13199997
2024-09-03,-0.006124692,0.010543606,29.66141183,60.09831942,-8.872228954,-13.69961835,303460408,8.97842E+12,0.136587451,-2.90653E+11,-1.82763E+11,-33003480658,3211590973,5648.399902,38686.30859,22092.21094,1337.550049,101.8300018,15,29511.664,21269.5,3.84,3.73,314.732,4.1,5.63912E+14,118.8476814,3.12,2.981,0.11,0.13899994
2024-09-04,-0.03196572,0.011320524,33.54354422,38.39200469,-15.83586764,-14.12686821,455469305,1.13703E+13,0.500918383,-9.88766E+11,-5.66755E+11,-68018071389,30786041031,5528.930176,37047.60938,21092.75,1340.410034,101.3600006,20.71999931,29511.664,21269.5,3.77,3.63,314.732,4.1,5.63912E+14,118.8476814,3.052,2.931,0.14,0.12100005
2024-09-05,-0.002055757,0.010600042,33.54640416,23.18128715,-21.53404011,-15.60830259,379002653,1.01898E+13,-0.167885412,-5.85848E+11,56112367418,-2909730265,52350112512,5520.069824,36657.08984,21187.71094,1331.01001,101.1100006,21.31999969,29511.664,21269.5,3.73,3.61,314.732,4.1,5.63912E+14,118.8476814,3.03,2.905,0.12,0.125
2024-09-06,-0.012195976,0.010911155,34.40853446,22.35865149,-28.24350007,-18.13534209,374782188,8.68531E+12,-0.011135714,-2.6615E+11,1.26556E+11,-29159169767,852444260,5503.410156,36391.46875,21435.18945,1332.790039,101.1800003,19.89999962,29511.664,21269.5,3.72,3.54,314.732,4.1,5.63912E+14,118.8476814,2.99,2.881,0.18,0.10899997
2024-09-09,-0.003287307,0.01051609,35.92925153,13.70497357,-33.84444088,-21.27716185,270230978,7.45438E+12,-0.278965259,-5.42156E+11,-8601764591,14212301153,35738313274,5408.419922,36215.75,21144.43945,1337.77002,101.5500031,22.37999916,29511.664,21269.5,3.7,3.54,314.732,4.1,5.63912E+14,118.8476814,3.032,2.897,0.16,0.13499999
2024-09-10,-0.004941347,0.010122499,36.07069615,11.26518162,-38.84410174,-24.79054982,347650170,8.42187E+12,0.286492661,-6.70846E+11,-1.02992E+11,11857202176,37065925984,5471.049805,36159.16016,21064.08008,1341.27002,101.6299973,19.45000076,29511.664,21269.5,3.65,3.42,314.732,4.1,5.63912E+14,118.8476814,3.01,2.877,0.23,0.1329999
2024-09-11,-0.003994531,0.010106509,36.9085519,8.286842817,-43.12103944,-28.45664775,302560681,9.62302E+12,-0.129697877,-1.03511E+12,80077198047,-39489199510,19281845159,5495.52002,35619.76953,21031,1343.339966,101.6800003,19.07999992,29511.664,21269.5,3.65,3.45,314.732,4.1,5.63912E+14,118.8476814,2.943,2.82,0.2,0.123000145
2024-09-12,0.023094303,0.01135064,39.43854632,27.31411878,-41.29629451,-31.0245771,340478891,1.12824E+13,0.125324315,2.78183E+11,-1.66884E+11,1.43593E+11,-43818934496,5554.129883,36833.26953,21653.25,1339.180054,101.3700027,17.69000053,29511.664,21269.5,3.68,3.47,314.732,4.1,5.63912E+14,118.8476814,2.97,2.866,0.21,0.10400009
2024-09-13,0.001289878,0.010237985,38.83285086,28.51230546,-39.13120872,-32.64590342,358262872,8.42203E+12,0.052232257,-9.57725E+11,2.75817E+11,36853809822,71033961638,5595.759766,36581.76172,21759.65039,1335.689941,101.1100006,17.06999969,29511.664,21269.5,3.66,3.42,314.732,4.1,5.63912E+14,118.8476814,2.928,2.822,0.24,0.10599995
2024-09-19,0.002090737,0.010174184,40.99926758,30.76514047,-36.55899432,-33.4285216,385081293,1.28711E+13,0.074856825,-1.17557E+12,8.87828E+11,-1173328275,10738731739,5626.02002,37155.32813,22042.68945,1322.26001,100.6100006,16.55999947,29511.664,21269.5,3.73,3.47,314.732,4.1,5.63912E+14,118.8476814,2.979,2.843,0.26,0.13600016
2024-09-20,0.004858786,0.010023099,42.05855887,33.58965754,-33.12435941,-33.36768916,495964133,1.42766E+13,0.287946577,-33693633654,2.34291E+11,28014301786,14036438593,5713.640137,37723.91016,22159.41992,1327.609985,100.7200012,16.32999992,29511.664,21269.5,3.73,3.46,314.732,4.1,5.63912E+14,118.8476814,2.989,2.838,0.27,0.15100002
2024-09-23,0.003325994,0.010061413,40.25927734,39.04140602,-29.36669836,-32.567491,339140017,9.52646E+12,-0.316200518,-7.02263E+11,2.80796E+11,9944915232,28082208914,5702.549805,37723.91016,22285.5293,1331.5,100.9199982,16.14999962,29511.664,21269.5,3.75,3.47,314.732,4.1,5.63912E+14,118.8476814,3.022,2.864,0.28,0.15799999
2024-09-24,0.011338173,0.010451603,40.9478411,42.71602713,-23.72116732,-30.79822627,355097005,1.03384E+13,0.047051327,-3.7733E+11,5.52063E+11,208412350,6470306187,5718.569824,37940.58984,22431.7793,1333.619995,100.3700027,15.89000034,29511.664,21269.5,3.74,3.44,314.732,4.1,5.63912E+14,118.8476814,3.026,2.854,0.3,0.17199993
2024-09-25,-0.013527315,0.010797095,43.68856376,36.82227708,-21.84843361,-29.00826773,454471748,1.16715E+13,0.279852383,-5.70117E+11,7.07251E+11,-81369236152,-46333782707,5732.930176,37870.26172,22761.59961,1324.890015,100.9199982,15.39000034,29511.664,21269.5,3.79,3.49,314.732,4.1,5.63912E+14,118.8476814,2.997,2.812,0.3,0.18499994
2024-09-26,0.028571256,0.012780967,46.85212054,50.91275129,-14.12935809,-26.03248581,324888966,1.16024E+13,-0.285128355,4.95328E+11,6.98914E+11,51972990585,4125029205,5722.259766,38925.62891,22858.81055,1335.050049,100.5599976,15.40999985,29511.664,21269.5,3.79,3.54,314.732,4.1,5.63912E+14,118.8476814,3.001,2.807,0.25,0.194
2024-09-27,-0.008189711,0.01288435,42.93141392,60.84114803,-9.658867766,-22.7577622,413004129,1.1987E+13,0.271216238,2.65886E+11,-4.21966E+11,3161310152,2057999664,5745.370117,39829.55859,22822.78906,1313.300049,100.4199982,15.36999989,29511.664,21269.5,3.75,3.49,314.732,4.1,5.63912E+14,118.8476814,3,2.826,0.26,0.17400002
2024-09-30,-0.021556994,0.013693805,44.37711007,52.40558255,-10.55419529,-20.31704882,358915798,1.08069E+13,-0.130963173,-1.00323E+12,-1.71834E+11,4061327531,-23375912575,5738.169922,37919.55078,22224.53906,1309.300049,100.7799988,16.95999908,29511.664,21269.5,3.81,3.58,314.732,4.1,5.63912E+14,118.8476814,2.992,2.811,0.23,0.181
2024-10-02,-0.012252461,0.013764316,43.67569406,52.35453808,-13.65459551,-18.98455816,351004351,9.60788E+12,-0.022042627,-3.07356E+11,-6.22606E+11,-32708753832,-21190827398,5762.47998,37808.76172,22390.39063,1324.839966,101.6800003,16.72999954,29825.182,21331.9,3.79,3.54,315.631,4.1,5.63912E+14,118.8476814,2.932,2.78,0.25,0.15199995
2024-10-04,0.003125863,0.013733737,42.03569685,54.57253538,-15.28830244,-18.24530701,414328553,1.00166E+13,0.180408596,42753532722,-1.69478E+11,-7709625782,-65243575899,5709.540039,38635.62109,22302.71094,1334.410034,102.5199966,18.89999962,29825.182,21331.9,3.98,3.84,315.631,4.1,5.63912E+14,118.8476814,2.996,2.824,0.14,0.17200017
2024-10-07,0.015702723,0.014268097,44.04425921,60.9357373,-13.14972233,-17.22619008,343671145,1.03789E+13,-0.17053473,29180864802,-63788114571,25309093861,86903623202,5751.069824,39332.73828,22702.56055,1345.880005,102.5400009,19.20999908,29825.182,21331.9,4.03,3.89,315.631,4.1,5.63912E+14,118.8476814,3.101,2.96,0.14,0.14100003
2024-10-08,-0.00615586,0.01426865,43.74640765,60.03569754,-12.60227302,-16.30140667,318240024,9.16828E+12,-0.073998418,-3.81046E+11,-3.24304E+11,-17553266100,4681380222,5695.939941,38937.53906,22611.39063,1342.369995,102.5500031,22.63999939,29825.182,21331.9,4.04,3.86,315.631,4.1,5.63912E+14,118.8476814,3.077,2.932,0.18,0.14499998
2024-10-10,0.001848383,0.012318368,40.92712402,53.87166025,-11.64685369,-15.37049607,618559988,1.38676E+13,0.943690112,1.62646E+11,-4.39356E+11,23804233192,1.18421E+11,5751.129883,39380.89063,22659.08008,1343.02002,102.9899979,21.42000008,29825.182,21331.9,4.09,3.88,315.631,4.1,5.63912E+14,118.8476814,3.088,2.962,0.21,0.12600017
2024-10-11,-0.000866039,0.012308986,41.37711007,53.08447563,-10.94506529,-14.48540991,491276237,9.54844E+12,-0.205774304,-5.99057E+11,1.75059E+11,-14539617289,71242141360,5780.049805,39605.80078,22901.64063,1349.73999,102.8899994,20.93000031,29825.182,21331.9,4.08,3.85,315.631,4.1,5.63912E+14,118.8476814,3.085,2.947,0.23,0.13800001
2024-10-14,0.010107027,0.012115207,40.16570173,55.74951223,-8.166103391,-13.22154861,401705670,8.52541E+12,-0.182322205,91477689688,2.47612E+11,-9158474001,89708652791,5815.029785,39605.80078,22975.28906,1348.329956,103.3000031,20.45999908,29825.182,21331.9,4.08,3.85,315.631,4.1,5.63912E+14,118.8476814,3.087,2.938,0.23,0.14899993
2024-10-15,0.003865485,0.012071039,38.81570871,55.45898982,-5.085315713,-11.59430203,438292799,1.00544E+13,0.091079444,2.90378E+11,-84716024327,228325772,71140727656,5859.850098,39910.55078,23292.03906,1357.27002,103.2600021,19.70000076,29825.182,21331.9,4.03,3.86,315.631,4.1,5.63912E+14,118.8476814,3.05,2.906,0.17,0.14400005
2024-10-16,-0.008806571,0.012216182,40.03140695,51.0942357,-4.455565715,-10.16655477,437552776,1.00531E+13,-0.001688422,-6.59709E+11,-1.46469E+11,-8520262010,1.63445E+11,5815.259766,39180.30078,23010.98047,1363.180054,103.5899963,20.63999939,29825.182,21331.9,4.02,3.84,315.631,4.1,5.63912E+14,118.8476814,3.008,2.88,0.18,0.12799978
2024-10-17,-0.000406179,0.012154441,38.9828404,46.82950112,-3.995959242,-8.932435662,331265227,9.95365E+12,-0.242913666,-4.04864E+11,1.59491E+11,15592590772,18201444337,5842.470215,38911.19141,23053.83984,1364.199951,103.8300018,19.57999992,29825.182,21331.9,4.09,3.89,315.631,4.1,5.63912E+14,118.8476814,3.028,2.897,0.2,0.13100004
2024-10-18,-0.005950286,0.011181638,36.36284528,49.62469176,-4.825200941,-8.110988718,265201103,8.27485E+12,-0.199429697,-4.78459E+11,1.4061E+11,-15970324584,35681143792,5841.470215,38981.75,23487.26953,1370.050049,103.4899979,19.11000061,29825.182,21331.9,4.08,3.86,315.631,4.1,5.63912E+14,118.8476814,3.072,2.908,0.22,0.16400003
2024-10-21,0.004270216,0.011213646,32.76569475,37.60732414,-4.534445286,-7.395680032,240675023,7.75721E+12,-0.092481063,22102494346,1.97494E+11,3003491522,-31017212887,5864.669922,38954.60156,23542.5293,1369.01001,104.0100021,18.03000069,29825.182,21331.9,4.19,3.95,315.631,4.1,5.63912E+14,118.8476814,3.054,2.902,0.24,0.15199995
2024-10-22,-0.013223718,0.011619829,33.39355469,35.94578459,-6.984768914,-7.313497808,343318170,8.95806E+12,0.426480263,-2.81396E+11,-2.77651E+11,-46752818001,16006775432,5853.97998,38411.96094,23535.42969,1376.5,104.0800018,18.37000084,29825.182,21331.9,4.2,3.98,315.631,4.1,5.63912E+14,118.8476814,3.13,2.943,0.22,0.18700004
2024-10-23,0.011187109,0.011848631,30.89214216,51.25125318,-6.517917841,-7.154381815,352421162,9.43015E+12,0.02651474,2.1155E+11,2.0476E+11,15210770999,71854236317,5851.200195,38104.85938,23334.75977,1376.630005,104.4300003,18.20000076,29825.182,21331.9,4.24,4.03,315.631,4.1,5.63912E+14,118.8476814,3.128,2.936,0.21,0.19199991
2024-10-24,-0.00717677,0.011931531,29.72427804,54.01647415,-7.56084304,-7.23567406,343098218,9.73394E+12,-0.026453985,-6.07437E+11,-14263557786,2405545884,-20276440051,5797.419922,38143.28906,23192.51953,1377.339966,104.0599976,19.23999977,29825.182,21331.9,4.21,4.02,315.631,4.1,5.63912E+14,118.8476814,3.074,2.891,0.19,0.18299985
2024-10-25,0.00086749,0.011614662,30.02784947,52.88537065,-8.113097543,-7.411158756,462898403,1.02869E+13,0.349171691,-3.90904E+11,90701516255,5447350376,-8484599509,5809.859863,37913.92188,23348.44922,1376.319946,104.2600021,19.07999992,29825.182,21331.9,4.25,4.05,315.631,4.1,5.63912E+14,118.8476814,3.054,2.882,0.2,0.17199993
2024-10-28,0.011224751,0.01151986,28.54356166,50.45868653,-6.127171786,-7.154361362,333735957,9.13301E+12,-0.279029794,-1.28278E+11,3.49525E+11,22124938772,82873506991,5808.120117,38605.53125,23198.07031,1387.660034,104.3199997,20.32999992,29825.182,21331.9,4.28,4.09,315.631,4.1,5.63912E+14,118.8476814,3.117,2.932,0.19,0.18500018
2024-10-29,0.002053493,0.00943281,28.06856864,55.506992,-4.073036312,-6.538096352,363290058,9.34117E+12,0.08855534,-1.17693E+11,32617447526,-10134760932,25314403149,5823.52002,38903.67969,22926.58984,1381.969971,104.2799988,19.79999924,29825.182,21331.9,4.28,4.08,315.631,4.1,5.63912E+14,118.8476814,3.118,2.936,0.2,0.18199992
2024-10-30,-0.009214147,0.009476491,28.90215193,48.84284955,-4.332582958,-6.096993673,487359045,9.06705E+12,0.341514953,-3.35689E+11,46821689654,-46166150285,8035688985,5832.919922,39277.39063,22820.42969,1383.180054,103.9899979,19.34000015,29825.182,21331.9,4.29,4.14,315.631,4.1,5.63912E+14,118.8476814,3.105,2.937,0.15,0.16799998
2024-10-31,-0.01461796,0.008788948,29.89714704,42.37903215,-7.489189294,-6.375432797,406613036,1.09807E+13,-0.165680744,-8.58299E+11,2.5845E+11,-32653516665,49871877805,5813.669922,39081.25,22820.42969,1378.569946,103.9800034,20.35000038,29825.182,21331.9,4.28,4.12,315.631,4.1,5.63912E+14,118.8476814,3.1,2.936,0.16,0.1639998
2024-11-01,-0.005409356,0.008442778,29.24213518,34.12078947,-10.97700765,-7.295747768,319848769,7.94432E+12,-0.213382896,-39017847667,-2.37273E+11,-34987822855,14780765621,5705.450195,38053.67188,22780.08008,1372.930054,104.2799988,23.15999985,29825.182,21452.2,4.37,4.18,316.528,4.2,5.63912E+14,118.8476814,3.09,2.939,0.19,0.15100002
2024-11-04,0.018167276,0.009388372,31.15354701,42.36473268,-9.866369033,-7.809872021,373943470,8.06475E+12,0.169125869,29716800648,1.83863E+11,4963715143,1.02352E+11,5728.799805,38053.67188,22965.39063,1379.339966,103.8899994,21.87999916,29825.182,21452.2,4.31,4.1,316.528,4.2,5.63912E+14,118.8476814,3.096,2.935,0.21,0.16100001
2024-11-05,-0.004680783,0.008719215,30.59713309,44.02736173,-9.848224774,-8.217542572,310875315,7.71601E+12,-0.168656923,-1.44415E+11,-2.02009E+11,-44763636469,-28910188732,5712.689941,38474.89844,23106.78906,1372.859985,103.4199982,21.97999954,29825.182,21452.2,4.26,4.11,316.528,4.2,5.63912E+14,118.8476814,3.073,2.918,0.15,0.15499997
2024-11-06,-0.005201902,0.008690046,32.70570592,42.17504639,-10.78832128,-8.731698314,548506117,1.17919E+13,0.764392638,-1.0308E+11,-43773444714,-9040870503,76337430691,5782.759766,39480.67188,23217.38086,1378,105.0899963,20.48999977,29825.182,21452.2,4.42,4.2,316.528,4.2,5.63912E+14,118.8476814,3.134,2.96,0.22,0.17400002
2024-11-07,0.000436756,0.008674849,33.34641811,44.75430162,-11.3125857,-9.247875791,465146173,1.08097E+13,-0.151976325,1.0465E+11,-55393323792,4956478096,1.78899E+11,5929.040039,39381.41016,23408.82031,1399.800049,104.5100021,16.27000046,29825.182,21452.2,4.31,4.13,316.528,4.2,5.63912E+14,118.8476814,3.098,2.922,0.18,0.17600012
2024-11-08,-0.001357835,0.008676135,34.40642439,41.91270802,-11.8720211,-9.772704852,448734499,9.92121E+12,-0.035282831,-13207813305,1.93835E+11,-47770120168,-6441943082,5973.100098,39500.37109,23553.89063,1372.079956,105,15.19999981,29825.182,21452.2,4.3,4.18,316.528,4.2,5.63912E+14,118.8476814,3.049,2.889,0.12,0.16000009
2024-11-11,-0.011581159,0.008610308,34.12285505,42.65833153,-14.52750935,-10.72366575,572196827,1.12902E+13,0.275134469,-4.81703E+11,-2.20729E+11,-17545700228,71860171483,5995.540039,39533.32031,23529.64063,1397.199951,105.5400009,14.93999958,29825.182,21452.2,4.3,4.18,316.528,4.2,5.63912E+14,118.8476814,3.038,2.901,0.12,0.13700008
2024-11-12,-0.019580838,0.009364632,34.87569754,29.54025019,-20.35846336,-12.65062527,735812780,1.2848E+13,0.285943482,-3.06358E+11,-26351345295,-87729325236,1.6483E+11,6001.350098,39376.08984,22981.76953,1400.550049,106.0199966,14.97000027,29825.182,21452.2,4.43,4.29,316.528,4.2,5.63912E+14,118.8476814,3.014,2.9,0.14,0.11399984
2024-11-13,-0.026734109,0.010715321,38.11427525,25.37915368,-29.91914206,-16.10432863,619176261,1.12084E+13,-0.158513853,-6.30825E+11,69869273798,-32997618165,25758571687,5983.990234,38721.66016,22860.23047,1406.650024,106.4800034,14.71000004,29825.182,21452.2,4.44,4.25,316.528,4.2,5.63912E+14,118.8476814,3.067,2.939,0.19,0.12800002
2024-11-14,0.000736167,0.010737646,37.84498814,25.27592433,-36.92674678,-20.26881226,639989952,1.30174E+13,0.033615131,-2.3331E+11,-31985934413,96935139213,1.77649E+11,5985.379883,38535.69922,22715.38086,1399,106.6699982,14.02000046,29825.182,21452.2,4.43,4.3,316.528,4.2,5.63912E+14,118.8476814,3.074,2.929,0.13,0.14499998
2024-11-15,-0.000827178,0.010744485,38.76855469,17.97398111,-42.15576191,-24.64620219,623327161,1.23658E+13,-0.02603602,-59478559825,-96392962924,7134765771,1.03831E+11,5949.169922,38642.91016,22742.76953,1400.829956,106.6900024,14.31000042,29825.182,21452.2,4.43,4.27,316.528,4.2,5.63912E+14,118.8476814,3.084,2.941,0.16,0.14300013
2024-11-18,0.021372368,0.012004829,41.71212333,28.88374653,-41.60726392,-28.03841454,443925881,1.06213E+13,-0.28781239,-52987299865,-73025632748,14864147688,43784358580,5870.620117,38220.85156,22546.53906,1394.349976,106.2799988,16.13999939,29825.182,21452.2,4.42,4.25,316.528,4.2,5.63912E+14,118.8476814,3.063,2.915,0.17,0.148
2024-11-19,0.001165704,0.011768406,40.5206822,31.59733822,-40.47363793,-30.52545921,410856127,9.08586E+12,-0.074493864,-3.29957E+11,1.20453E+11,27971023145,3.19488E+11,5893.620117,38414.42969,22848.80078,1389.5,106.2099991,15.57999992,29825.182,21452.2,4.39,4.24,316.528,4.2,5.63912E+14,118.8476814,3.036,2.889,0.15,0.14700007
2024-11-20,0.004174244,0.011456453,38.8013916,37.84156783,-38.29938107,-32.08024359,408789732,7.82008E+12,-0.005029486,-1.82317E+11,-32152100370,24153633173,1.81001E+11,5916.97998,38352.33984,22688.35938,1392.160034,106.6800003,16.35000038,29825.182,21452.2,4.41,4.26,316.528,4.2,5.63912E+14,118.8476814,3.017,2.873,0.15,0.14400005
2024-11-21,-0.000669024,0.011403221,38.79352679,39.41560556,-36.2918774,-32.92257035,451118534,8.35641E+12,0.103546637,-2.5926E+11,-288550286,14389628978,3.00696E+11,5917.109863,38026.17188,22555.66016,1397.619995,106.9700012,17.15999985,29825.182,21452.2,4.43,4.3,316.528,4.2,5.63912E+14,118.8476814,2.978,2.829,0.13,0.14899993
2024-11-22,0.008274092,0.011618921,37.6499721,33.48518022,-32.66135312,-32.8703269,543517791,8.01717E+12,0.204822569,1.17541E+11,1.71519E+11,49241716550,82570042348,5948.709961,38283.85156,22904.32031,1399.599976,107.4899979,16.87000084,29825.182,21452.2,4.41,4.32,316.528,4.2,5.63912E+14,118.8476814,2.976,2.816,0.09,0.16000009
2024-11-25,0.013146678,0.011738027,38.80782645,42.57905698,-26.80425247,-31.65711202,564692445,1.34952E+13,0.03895853,-74748556334,4.35726E+11,-11709771039,54485875472,5969.339844,38780.14063,22948.36914,1403.51001,106.8199997,15.23999977,29825.182,21452.2,4.27,4.21,316.528,4.2,5.63912E+14,118.8476814,2.92,2.773,0.06,0.14700007
2024-11-26,-0.005531492,0.011739115,36.90926688,42.48861448,-23.0251065,-29.93071091,441708781,8.70992E+12,-0.217788754,-68993373953,-2.32966E+11,-76133135952,71949430369,5987.370117,38442,22678.75977,1395.560059,107.0100021,14.60000038,29825.182,21452.2,4.3,4.21,316.528,4.2,5.63912E+14,118.8476814,2.903,2.773,0.09,0.13000011
2024-11-27,-0.006887784,0.011674139,36.09997559,39.85369755,-21.18190366,-28.18094946,414339138,8.58605E+12,-0.061963095,-3.34902E+11,1.42961E+11,-66310527177,2.01214E+11,6021.629883,38134.96875,22334.7793,1395.27002,106.0800018,14.10000038,29825.182,21452.2,4.25,4.17,316.528,4.2,5.63912E+14,118.8476814,2.88,2.741,0.08,0.13900018
2024-11-28,0.000642951,0.011283073,34.54711914,40.63474611,-19.3679875,-26.41835707,342571105,7.57275E+12,-0.173210847,-4.91859E+11,2.80866E+11,-32204512507,85666024663,5998.740234,38349.05859,22298.90039,1388.469971,106.0800018,14.10000038,29825.182,21452.2,4.25,4.17,316.528,4.2,5.63912E+14,118.8476814,2.788,2.638,0.08,0.1500001
2024-11-29,-0.019659629,0.012002063,36.06283133,38.19394873,-21.61579771,-25.4578452,384278001,9.10648E+12,0.121746684,-7.49351E+11,99435592904,-40090877675,10157082431,5998.740234,38208.03125,22262.5,1393.300049,105.7399979,14.10000038,29825.182,21452.2,4.18,4.1,316.528,4.2,5.63912E+14,118.8476814,2.751,2.607,0.08,0.14399981
2024-12-02,-0.000582411,0.011061519,34.91498675,44.85812322,-23.24463731,-25.01520362,328109545,7.59174E+12,-0.146166202,-1.3092E+11,4.26966E+11,-20717896897,-8074264978,6032.379883,38513.01953,22736.92969,1399.859985,106.4499969,13.51000023,29825.182,21485.9,4.19,4.11,317.604,4.1,5.63912E+14,118.8476814,2.697,2.567,0.08,0.13000011
2024-12-03,0.018415852,0.012005607,33.44283622,66.38896279,-20.61668592,-24.13550008,324137730,9.14517E+12,-0.012105149,5.655E+11,2.44015E+11,-4024994759,-318937050,6047.149902,39248.85938,23027.46094,1401.060059,106.3700027,13.34000015,29825.182,21485.9,4.23,4.13,317.604,4.1,5.63912E+14,118.8476814,2.713,2.585,0.1,0.12800002
2024-12-04,-0.014544724,0.012333996,35.38141741,57.84767714,-21.20258152,-23.54891637,670284268,1.32969E+13,1.067899556,-4.07121E+11,24347148909,-77409636642,1.11982E+11,6049.879883,39276.39063,23255.33008,1411.670044,106.3399963,13.30000019,29825.182,21485.9,4.19,4.09,317.604,4.1,5.63912E+14,118.8476814,2.765,2.626,0.1,0.13900018
2024-12-05,-0.009030057,0.012417753,34.9564209,54.06010892,-23.18693546,-23.47652019,519351593,9.72072E+12,-0.225177111,-3.17369E+11,-4639211800,-58486425942,1.57457E+11,6086.490234,39395.60156,23267.93945,1410.800049,105.7099991,13.44999981,29825.182,21485.9,4.17,4.1,317.604,4.1,5.63912E+14,118.8476814,2.738,2.603,0.07,0.13499999
2024-12-06,-0.005622256,0.012434561,34.83928571,42.40239107,-25.5694847,-23.89511309,630408602,1.07269E+13,0.213837813,-2.84115E+11,4.70508E+11,-2680002790,3.44514E+11,6075.109863,39091.17188,23193.26953,1399.98999,105.9700012,13.53999996,29825.182,21485.9,4.15,4.05,317.604,4.1,5.63912E+14,118.8476814,2.744,2.62,0.1,0.12400007
2024-12-09,-0.028226348,0.013568038,38.67785645,33.32438939,-32.53574811,-25.62324009,591644435,1.00045E+13,-0.061490543,1.02684E+11,4.90093E+11,-32970450079,2.28329E+11,6090.27002,39160.5,23273.25,1424.219971,106.1500015,12.77000046,29825.182,21485.9,4.2,4.09,317.604,4.1,5.63912E+14,118.8476814,2.677,2.579,0.11,0.09800005
2024-12-10,0.023967231,0.014324501,41.61500767,41.53867752,-33.05511897,-27.10961587,598770280,9.3038E+12,0.012044134,-1.04694E+11,3.64529E+11,11505853560,20341073636,6052.850098,39367.57813,23125.08008,1426.599976,106.4000015,14.18999958,29825.182,21485.9,4.22,4.08,317.604,4.1,5.63912E+14,118.8476814,2.645,2.524,0.14,0.12100005
2024-12-11,0.010151587,0.013211639,42.30146136,45.28055974,-31.11736597,-27.91116589,617716470,7.74586E+12,0.031641834,-1.37603E+11,1.70913E+11,9212492395,-26820336054,6034.910156,39372.23047,22903.63086,1433.949951,106.7099991,14.18000031,29825.182,21485.9,4.26,4.09,317.604,4.1,5.63912E+14,118.8476814,2.692,2.536,0.17,0.1559999
2024-12-12,0.016086878,0.013662854,43.3614502,47.73922005,-26.08478891,-27.54589049,664187237,1.22591E+13,0.07522993,-20895446529,-5.31546E+11,1.68343E+11,3.87787E+11,6084.189941,39849.14063,23046.80078,1429.150024,106.9599991,13.57999992,29825.182,21485.9,4.32,4.14,317.604,4.1,5.63912E+14,118.8476814,2.7,2.549,0.18,0.15100002
2024-12-13,0.004959176,0.013676901,42.61574009,45.04101698,-20.86024911,-26.20876222,577737398,8.84946E+12,-0.130158838,-1.73856E+11,-1.47104E+11,-14543519819,2.60846E+11,6051.25,39470.44141,23020.48047,1427.859985,107,13.92000008,29825.182,21485.9,4.4,4.21,317.604,4.1,5.63912E+14,118.8476814,2.676,2.541,0.19,0.13500023
2024-12-16,-0.002203299,0.012873651,43.33431571,46.01253174,-16.96717299,-24.36044437,526708153,8.46642E+12,-0.08832602,-4.33889E+11,-60241181602,-54361564808,1.42277E+11,6051.089844,39457.48828,23039.90039,1434.449951,106.8600006,13.81000042,29825.182,21485.9,4.39,4.22,317.604,4.1,5.63912E+14,118.8476814,2.721,2.553,0.17,0.16799998
2024-12-17,-0.013005174,0.013214819,43.75716727,44.33862573,-16.28914711,-22.74618492,559039721,9.28484E+12,0.061384218,-7.02048E+11,47947415961,-14850160394,1.41468E+11,6074.080078,39364.67969,23018.00977,1431.349976,106.9599991,14.68999958,29825.182,21485.9,4.4,4.22,317.604,4.1,5.63912E+14,118.8476814,2.79,2.621,0.18,0.16899991
2024-12-18,0.011179445,0.01343092,44.98573521,47.67077857,-13.36900423,-20.87074878,441677820,8.33857E+12,-0.209934816,3.92377E+11,85258693459,-17429787527,1.00327E+11,6050.609863,39081.71094,23168.66992,1436.420044,108.0299988,15.86999989,29825.182,21485.9,4.5,4.35,317.604,4.1,5.63912E+14,118.8476814,2.738,2.536,0.15,0.2019999
2024-12-19,-0.019714644,0.014140511,45.20929827,47.69932372,-14.79773555,-19.65614614,504467068,8.44375E+12,0.142160745,-4.33847E+11,-5.59086E+11,-30465188738,1.36642E+11,5872.160156,38813.57813,22932.25,1451.5,108.4100037,27.62000084,29825.182,21485.9,4.57,4.35,317.604,4.1,5.63912E+14,118.8476814,2.814,2.603,0.22,0.21099997
2024-12-20,-0.013132216,0.014218751,46.01142229,44.58315247,-18.2836358,-19.38164407,617782376,9.34735E+12,0.224623796,-8.22426E+11,-1.94851E+11,-25239156185,1.86998E+11,5867.080078,38701.89844,22510.25,1437.449951,107.6200027,24.09000015,29825.182,21485.9,4.52,4.32,317.604,4.1,5.63912E+14,118.8476814,2.873,2.629,0.2,0.24399996
2024-12-23,0.015625105,0.014367541,45.77071708,43.64176447,-17.7862142,-19.0625581,428166806,7.37554E+12,-0.306929394,1.44818E+11,3.91895E+11,-39824353595,76991963721,5930.850098,39161.33984,23104.53906,1445.420044,108.0400009,18.36000061,29825.182,21485.9,4.59,4.36,317.604,4.1,5.63912E+14,118.8476814,2.844,2.616,0.23,0.22800016
2024-12-24,-0.000610335,0.014343394,43.11286272,47.21932772,-17.31266415,-18.71257931,386777917,6.74079E+12,-0.096665338,-6185403456,1.49345E+11,-91045365786,-24738114625,5974.069824,39036.85156,23120.24023,1442.699951,108.2600021,16.78000069,29825.182,21485.9,4.59,4.36,317.604,4.1,5.63912E+14,118.8476814,2.876,2.626,0.23,0.25
2024-12-26,-0.004455726,0.014306552,41.97215053,48.51786582,-17.60988868,-18.49204118,322800054,6.41041E+12,-0.165412399,20405643904,2.06348E+11,-1019756878,-6761836838,6040.040039,39568.05859,23246.93945,1457.609985,108.1299973,14.27000046,29825.182,21485.9,4.58,4.35,317.604,4.1,5.63912E+14,118.8476814,2.904,2.648,0.23,0.25600004
2024-12-27,-0.01030114,0.014429528,40.53142439,47.22940541,-19.62839141,-18.71931123,311291279,6.33961E+12,-0.035652953,-1.73914E+11,-1.67119E+11,22774506911,82250826237,6037.589844,40281.16016,23275.67969,1466.98999,108,14.72999954,29825.182,21485.9,4.62,4.36,317.604,4.1,5.63912E+14,118.8476814,2.876,2.634,0.26,0.24199986
2024-12-30,-0.002198062,0.013822508,38.48357282,55.40701095,-21.40735297,-19.25691958,303963509,5.31545E+12,-0.023539914,-1.20749E+11,30920329920,3854726549,18562954107,5970.839844,39894.53906,23190.19922,1472.800049,108.1299973,15.94999981,29825.182,21485.9,4.55,4.29,317.604,4.1,5.63912E+14,118.8476814,2.855,2.597,0.26,0.25800014
2025-01-02,-0.000229262,0.013823513,36.03142439,46.88219142,-22.60104637,-19.92574493,350691927,6.95865E+12,0.153730355,-2.38178E+11,-2.67638E+11,9774611646,9159869200,5906.939941,39894.53906,22832.06055,1473.52002,109.3899994,17.39999962,30042.113,21548.1,4.57,4.29,318.961,4,5.63912E+14,118.8476814,2.749,2.507,0.28,0.2420001
2025-01-03,0.017757634,0.013775192,37.72926549,49.90820322,-19.85011202,-19.91061835,407536387,8.23007E+12,0.162092297,2.84263E+11,2.72E+11,4593747827,40991978215,5868.549805,39894.53906,22908.30078,1471.650024,108.9499969,17.93000031,30042.113,21548.1,4.6,4.32,318.961,4,5.63912E+14,118.8476814,2.754,2.482,0.28,0.27199984
2025-01-06,0.01895175,0.014096945,37.85356794,50.99229573,-13.74166025,-18.67682673,302760981,8.14231E+12,-0.257094604,3.70468E+11,-30739910350,19649537894,39986219397,5942.470215,39307.05078,23547.71094,1465.530029,108.2600021,16.12999916,30042.113,21548.1,4.62,4.3,318.961,4,5.63912E+14,118.8476814,2.817,2.524,0.32,0.29299998
2025-01-07,0.001389434,0.013917701,38.07786342,49.63085623,-8.523208342,-16.64610305,407692929,9.40596E+12,0.346583459,1.62943E+11,-1.49517E+11,-5172925695,96854973661,5975.379883,40083.30078,23651.26953,1459.449951,108.5400009,16.04000092,30042.113,21548.1,4.67,4.33,318.961,4,5.63912E+14,118.8476814,2.794,2.508,0.34,0.286
2025-01-08,0.011549733,0.014015798,39.02999442,54.67503191,-2.02814925,-13.72251229,362908922,1.03911E+13,-0.109847397,2.22039E+11,-1.0966E+11,50831772028,1.3854E+11,5909.029785,39981.05859,23407.33008,1451.880005,109.0899963,17.81999969,30042.113,21548.1,4.67,4.31,318.961,4,5.63912E+14,118.8476814,2.796,2.505,0.36,0.2909999
2025-01-09,0.000337046,0.012113001,38.0392892,60.43808903,3.151479656,-10.3477139,404290371,1.15245E+13,0.114027092,7.50957E+11,-5.31972E+11,87469936064,25261924759,5918.25,39605.08984,23081.13086,1457.969971,109.1800003,17.70000076,30042.113,21548.1,4.68,4.31,318.961,4,5.63912E+14,118.8476814,2.778,2.5,0.37,0.27800012
2025-01-10,-0.002429641,0.011142387,37.59357561,55.39978874,6.685484172,-6.941074289,377586658,9.69101E+12,-0.066050826,-3813706835,-4.8476E+11,-63878133168,2.64348E+11,5918.25,39190.39844,23011.85938,1455.22998,109.6500015,17.70000076,30042.113,21548.1,4.77,4.46,318.961,4,5.63912E+14,118.8476814,2.837,2.561,0.31,0.27599978
2025-01-13,-0.010476895,0.011300324,35.53716169,60.00524701,7.28648168,-4.095563095,578565446,9.04905E+12,0.532271953,-8.74308E+11,-99274778032,-14359968392,2.593E+11,5827.040039,39190.39844,22488.33008,1472.25,109.9599991,19.54000092,30042.113,21548.1,4.79,4.49,318.961,4,5.63912E+14,118.8476814,2.871,2.664,0.3,0.20700002
2025-01-14,0.00314414,0.01074505,33.82859584,69.10313991,8.299712487,-1.616507978,414487640,8.19924E+12,-0.283594202,-2.96463E+11,-53550157072,-20838579147,56996888787,5836.220215,38474.30078,22797.51953,1458.890015,109.2699966,19.19000053,30042.113,21548.1,4.78,4.46,318.961,4,5.63912E+14,118.8476814,2.841,2.646,0.32,0.19500017
2025-01-15,-0.000236211,0.010689314,33.00287737,63.2495564,8.951917606,0.497177139,538534310,9.17624E+12,0.299277127,56761084835,-2.097E+11,-25951915330,38649159979,5842.910156,38444.57813,22514.57031,1460.439941,109.0899963,18.70999908,30042.113,21548.1,4.66,4.34,318.961,4,5.63912E+14,118.8476814,2.86,2.675,0.32,0.18499994
2025-01-16,0.012212771,0.011010798,34.20071847,68.42666093,11.80829032,2.759399775,451062578,9.43226E+12,-0.162425551,6.26313E+11,22148124041,-30806046569,75671702975,5949.910156,38572.60156,23025.09961,1437.219971,108.9599991,16.12000084,30042.113,21548.1,4.61,4.29,318.961,4,5.63912E+14,118.8476814,2.802,2.626,0.32,0.17600012
2025-01-17,-0.001560052,0.010544862,33.76785714,70.49074452,13.59732444,4.926984709,445884915,1.00118E+13,-0.011478813,-2.33806E+11,-1.19265E+11,-41340992900,1.3144E+11,5937.339844,38451.46094,23148.08008,1453.319946,109.3499985,16.60000038,30042.113,21548.1,4.61,4.33,318.961,4,5.63912E+14,118.8476814,2.813,2.588,0.28,0.2249999
2025-01-20,-0.001387898,0.010299263,32.27500698,77.75431873,14.56483181,6.854554129,437546001,8.66352E+12,-0.018701942,-4.18481E+11,40430285207,-22965953321,73572891647,5996.660156,38902.5,23266.82031,1457.380005,109.3499985,15.97000027,30042.113,21548.1,4.61,4.33,318.961,4,5.63912E+14,118.8476814,2.868,2.623,0.28,0.24500012
2025-01-21,-0.000801901,0.009126565,32.35928781,78.99431746,14.99572825,8.482788953,572011300,9.32357E+12,0.307316942,-1.72884E+11,55132666853,-32883396384,58850508084,5996.660156,39027.98047,23300.00977,1435.530029,108.0599976,15.97000027,30042.113,21548.1,4.57,4.33,318.961,4,5.63912E+14,118.8476814,2.818,2.579,0.24,0.23900008
2025-01-22,0.011462914,0.008674701,33.10144043,81.79916055,17.4782195,10.28187506,583737394,1.10745E+13,0.020499759,3.50746E+11,2.94906E+11,13915740457,88094425479,6049.240234,39646.25,23525.41016,1425.790039,108.1699982,15.06000042,30042.113,21548.1,4.6,4.34,318.961,4,5.63912E+14,118.8476814,2.827,2.577,0.26,0.25
2025-01-23,-0.012472164,0.008777782,31.37573242,66.60802605,16.70559928,11.56661991,609742131,9.90782E+12,0.044548691,-6.19576E+11,-2.44685E+11,-66489426772,1.50407E+11,6086.370117,39958.87109,23525.41016,1434.339966,108.0500031,15.10000038,30042.113,21548.1,4.65,4.35,318.961,4,5.63912E+14,118.8476814,2.837,2.578,0.3,0.25899982
2025-01-24,0.008435852,0.008896542,29.95858329,62.28076729,17.60984054,12.77526403,602014660,1.01793E+13,-0.012673343,2.73367E+11,-15733717469,5258832601,65057805446,6118.709961,39931.98047,23525.41016,1433.930054,107.4400024,15.02000046,30042.113,21548.1,4.63,4.33,318.961,4,5.63912E+14,118.8476814,2.859,2.57,0.3,0.28900003
2025-01-31,-0.007688711,0.009046866,30.51642718,55.95852417,16.56764367,13.53373996,454403356,1.37594E+13,-0.245195531,-1.17559E+12,2.977E+11,8458144968,35463492151,6101.240234,39572.48828,23525.41016,1441.660034,108.3700027,14.85000038,30042.113,21548.1,4.58,4.27,318.961,4,5.63912E+14,118.8476814,2.859,2.573,0.31,0.286
2025-02-03,-0.025515801,0.010618724,32.96214076,36.39051086,10.50314406,12.92762078,522848036,1.165E+13,0.150625384,-8.70659E+11,-4.5058E+11,-51138860199,2.09651E+11,6040.529785,38520.08984,22694.71094,1456.780029,108.9899979,16.43000031,30042.113,21613.5,4.54,4.28,319.679,4.2,5.63912E+14,118.8476814,2.835,2.572,0.26,0.263
2025-02-04,0.011240805,0.010828024,35.41571917,42.64657295,7.844938244,11.91108427,479377343,1.10009E+13,-0.083142118,77245571545,11570047283,-54871642961,1.3873E+11,5994.569824,38798.37109,22793.96094,1459.050049,107.9599991,18.62000084,30042.113,21613.5,4.52,4.25,319.679,4.2,5.63912E+14,118.8476814,2.844,2.584,0.27,0.26
2025-02-05,0.011052126,0.011015324,35.70643834,48.89612158,7.873017545,11.10347093,437344153,9.94959E+12,-0.087682888,65594890099,27625408313,-20727305064,90759040565,6037.879883,38831.48047,23161.58008,1450.160034,107.5800018,17.20999908,30042.113,21613.5,4.43,4.19,319.679,4.2,5.63912E+14,118.8476814,2.818,2.578,0.24,0.24000001
2025-02-06,0.010891852,0.010605916,35.38000488,57.96777768,9.997431194,10.88226298,479697230,1.1863E+13,0.09684153,3.5559E+11,1.40353E+11,-14760411027,47082490535,6061.47998,39066.53125,23316.59961,1443.890015,107.6900024,15.77000046,30042.113,21613.5,4.45,4.23,319.679,4.2,5.63912E+14,118.8476814,2.796,2.582,0.22,0.21399999
2025-02-07,-0.005863249,0.009937135,35.12785993,54.04460446,10.36490083,10.77879055,419872051,1.02401E+13,-0.124714456,-2.39954E+11,-1.79587E+11,-61806450434,1.22428E+11,6083.569824,38787.01953,23478.26953,1442.150024,108.0400009,15.5,30042.113,21613.5,4.49,4.31,319.679,4.2,5.63912E+14,118.8476814,2.836,2.635,0.18,0.20099998
2025-02-10,-0.000257735,0.009937634,34.90572684,54.03389847,10.4828418,10.7196008,393563727,1.05825E+13,-0.062657955,-2.77003E+11,1.8269E+11,-35325072274,1.84842E+11,6025.990234,38801.17188,23252.14063,1450.619995,108.3199997,16.54000092,30042.113,21613.5,4.51,4.3,319.679,4.2,5.63912E+14,118.8476814,2.83,2.638,0.21,0.19199991
2025-02-11,0.007027264,0.009724091,34.26072475,51.99118915,11.87413302,10.95050724,451092989,1.10232E+13,0.146175214,1.40805E+11,1.90385E+11,-33982381205,58670737259,6066.439941,38801.17188,23384.05078,1453.209961,107.9599991,15.81000042,30042.113,21613.5,4.54,4.28,319.679,4.2,5.63912E+14,118.8476814,2.849,2.633,0.26,0.21600008
2025-02-12,0.003671731,0.009752302,34.70359584,54.20045809,13.57391701,11.4751892,464894178,1.3669E+13,0.030594998,3.70608E+11,52557311052,-29088098916,10160252896,6068.5,38963.69922,23289.75,1450.75,107.9400024,16.02000046,30042.113,21613.5,4.62,4.37,319.679,4.2,5.63912E+14,118.8476814,2.879,2.651,0.25,0.22799993
2025-02-13,0.013555552,0.01014477,35.768607,59.65253142,17.52544336,12.68524003,680341736,1.71042E+13,0.463433547,-1.13368E+11,3.71276E+11,65668200903,68302874736,6051.970215,39461.46875,23399.41016,1452.119995,107.3099976,15.89000034,30042.113,21613.5,4.52,4.31,319.679,4.2,5.63912E+14,118.8476814,2.872,2.631,0.21,0.24099994
2025-02-14,0.003045921,0.009760374,34.14289202,60.96988627,21.05026252,14.35824453,499364641,1.39176E+13,-0.266009103,-3.20363E+11,2.71843E+11,-59623833723,1.76009E+11,6115.069824,39149.42969,23152.60938,1438.73999,106.5699997,15.10000038,30042.113,21613.5,4.47,4.26,319.679,4.2,5.63912E+14,118.8476814,2.846,2.611,0.21,0.2349999
2025-02-17,0.00744788,0.009834139,33.2293178,59.80316757,25.11715901,16.51002742,366339998,1.10173E+13,-0.26638779,-2.23523E+11,2.6345E+11,-37806070744,82783939271,6114.629883,39174.25,23505.33008,1432.599976,106.5699997,14.77000046,30042.113,21613.5,4.47,4.26,319.679,4.2,5.63912E+14,118.8476814,2.869,2.623,0.21,0.24600005
2025-02-18,0.006259107,0.009856224,32.64003209,68.07260003,29.32471378,19.07296469,421993118,1.26182E+13,0.151916581,18935648626,1.00158E+11,-18134673779,1.20955E+11,6114.629883,39270.39844,23666.10938,1441.290039,107.0500031,14.77000046,30042.113,21613.5,4.55,4.33,319.679,4.2,5.63912E+14,118.8476814,2.878,2.641,0.22,0.23699999
2025-02-19,0.016877402,0.010148085,34.53644671,70.3271047,35.85365285,22.42910233,525798791,1.48516E+13,0.245989019,3.95644E+11,6.5981E+11,64551134535,67712126648,6129.580078,39164.60938,23604.08008,1440.079956,107.1699982,15.35000038,30042.113,21613.5,4.53,4.3,319.679,4.2,5.63912E+14,118.8476814,2.873,2.63,0.23,0.24299979
2025-02-20,-0.006557041,0.010320382,33.4621582,70.7476817,39.16751247,25.77678436,529303324,1.45512E+13,0.00666516,-2.88399E+11,-8960609712,-81417208164,80847797720,6144.149902,38678.03906,23487.46094,1439.97998,106.3399963,15.27000046,30042.113,21613.5,4.5,4.27,319.679,4.2,5.63912E+14,118.8476814,2.888,2.628,0.23,0.26
2025-02-21,0.000195914,0.010294852,29.02216448,87.64026108,41.35897085,28.89322165,444704240,1.13811E+13,-0.159831008,-2.16251E+11,61015463799,-8634276479,74306429095,6117.52002,38776.94141,23730.25,1431.699951,106.6100006,15.65999985,30042.113,21613.5,4.42,4.19,319.679,4.2,5.63912E+14,118.8476814,2.856,2.618,0.23,0.23799992
2025-02-24,-0.003513333,0.010359664,27.11502511,82.96920885,41.86191539,31.4869604,536354114,1.08021E+13,0.206091748,-2.00116E+11,-91866448407,-7354978147,17820189902,6013.129883,38776.94141,23565.31055,1434.290039,106.5999985,18.20999908,30042.113,21613.5,4.4,4.17,319.679,4.2,5.63912E+14,118.8476814,2.825,2.61,0.23,0.21500015
2025-02-25,-0.005679026,0.010284874,26.7671596,75.69645608,40.58391719,33.30635176,410284831,1.05085E+13,-0.235048599,-3.20604E+11,-92082269066,-39077070571,13822369897,5983.25,38237.78906,23285.7207,1428.650024,106.3099976,18.97999954,30042.113,21613.5,4.3,4.08,319.679,4.2,5.63912E+14,118.8476814,2.797,2.596,0.22,0.20099998
2025-02-26,0.004097623,0.009744156,26.79717146,73.84370763,39.98168412,34.64141823,386762622,1.12187E+13,-0.057331413,-3.2208E+11,1.74246E+11,-3608597829,57404901317,5955.25,38142.37109,23402.55078,1429.5,106.4199982,19.43000031,30042.113,21613.5,4.25,4.04,319.679,4.2,5.63912E+14,118.8476814,2.752,2.591,0.21,0.16100001
2025-02-27,-0.00734971,0.009871096,27.65433175,72.35234695,37.51141834,35.21541825,513909805,1.08021E+13,0.328747339,-1.78555E+11,-3.43068E+11,20023507006,45851879957,5956.060059,38256.17188,23053.17969,1434.420044,107.2399979,19.10000038,30042.113,21613.5,4.29,4.05,319.679,4.2,5.63912E+14,118.8476814,2.754,2.592,0.24,0.16199994
2025-02-28,-0.034524508,0.012641916,32.1086077,51.84674214,28.05122476,33.78257956,588571521,1.56372E+13,0.14528175,-1.55616E+12,-5.18475E+11,-83318129055,5940831420,5861.569824,37155.5,23053.17969,1449.859985,107.6100006,21.12999916,30042.113,21613.5,4.24,3.99,319.679,4.2,5.63912E+14,118.8476814,2.706,2.566,0.25,0.1400001
2025-03-04,-0.001525222,0.011108069,32.63003976,48.29865977,20.01179132,31.02842191,484081351,1.31154E+13,-0.177531814,-1.94498E+11,-2.63316E+11,728396200,51526216282,5954.5,37331.17969,22596.88086,1457.930054,105.7399979,19.62999916,30042.113,21693.6,4.22,3.94,319.785,4.2,5.63912E+14,118.8476814,2.703,2.541,0.28,0.16200018
2025-03-05,0.011484174,0.011119423,33.46646554,51.53346879,15.81517463,27.98577245,569412248,1.30216E+13,0.176273878,-2.26478E+11,-2.10133E+11,97648839135,70907237311,5778.149902,37418.23828,22871.90039,1452.849976,105.7399979,23.51000023,30042.113,21693.6,4.28,4.01,319.785,4.2,5.63912E+14,118.8476814,2.773,2.565,0.27,0.20799994
2025-03-06,0.007023407,0.010973123,32.7643171,48.83488976,13.78529011,25.14567599,609615704,1.13197E+13,0.070605183,1.37481E+11,69495382199,35205731675,-550366428,5842.629883,37704.92969,22715.42969,1443.030029,104.0599976,21.93000031,30042.113,21693.6,4.29,3.98,319.785,4.2,5.63912E+14,118.8476814,2.806,2.594,0.31,0.2119999
2025-03-07,-0.004934181,0.010815692,33.97431292,45.48963503,11.02632291,22.32180537,567191412,1.21552E+13,-0.069591862,59105655053,-1.35931E+11,23426058917,46285802840,5738.52002,36887.17188,22576.07031,1446.5,103.8399963,24.87000084,30042.113,21693.6,4.32,4.01,319.785,4.2,5.63912E+14,118.8476814,2.773,2.565,0.31,0.20799994
2025-03-10,0.002691894,0.010718519,34.54717146,43.17290196,9.290300871,19.71550447,435694828,9.88135E+12,-0.231838108,-4.29168E+11,74637735766,-5523898450,46122251900,5770.200195,37028.26953,22459.15039,1446.26001,103.9100037,23.37000084,30042.113,21693.6,4.22,3.91,319.785,4.2,5.63912E+14,118.8476814,2.801,2.596,0.31,0.20500016
2025-03-11,-0.012838806,0.011153596,37.48716518,35.59130219,5.208587136,16.814121,399016248,1.09175E+13,-0.084184107,-1.54034E+12,-1.74057E+11,-22418295696,-26885014630,5614.560059,36793.10938,22071.08984,1457.030029,103.4400024,27.86000061,30042.113,21693.6,4.28,3.92,319.785,4.2,5.63912E+14,118.8476814,2.76,2.56,0.36,0.20000005
2025-03-12,0.014560864,0.011513347,36.64430455,33.99430543,4.920420623,14.43538093,401644557,1.22848E+13,0.006586972,3.79615E+11,38789074057,8035847301,-30632355371,5572.069824,36819.08984,22278.35938,1451.02002,103.6100006,26.92000008,30042.113,21693.6,4.32,3.98,319.785,4.2,5.63912E+14,118.8476814,2.763,2.55,0.34,0.21300006
2025-03-13,-0.000458458,0.011494254,37.57716588,35.93069414,4.544430893,12.45719092,427292042,1.31129E+13,0.063856175,-4.80857E+11,2.93805E+11,1.47327E+11,-46569214601,5599.299805,36790.03125,21961.67969,1448.75,103.8300018,24.22999954,30042.113,21693.6,4.27,3.93,319.785,4.2,5.63912E+14,118.8476814,2.77,2.57,0.34,0.20000005
2025-03-14,-0.002832603,0.011091105,37.57001604,34.92274633,3.617340056,10.68922075,362329393,9.9418E+12,-0.15203337,-2.95409E+11,50076864432,-53919251663,56115640598,5521.52002,37053.10156,21968.05078,1453.22998,103.7200012,24.65999985,30042.113,21693.6,4.31,4,319.785,4.2,5.63912E+14,118.8476814,2.813,2.596,0.31,0.21700001
2025-03-17,0.017125937,0.011744069,38.75784738,44.72188146,6.38604664,9.828585926,396573940,1.19951E+13,0.094512197,6.2233E+11,5.01275E+11,-10148042110,28916360145,5638.939941,37396.51953,22118.63086,1449.050049,103.3700027,21.77000046,30042.113,21693.6,4.31,4.03,319.785,4.2,5.63912E+14,118.8476814,2.805,2.601,0.28,0.204
2025-03-18,0.000631873,0.011626404,39.00786482,47.14399919,8.614121357,9.585693012,555526574,1.20346E+13,0.400814622,4.43657E+11,1.34022E+11,-23530910394,34156166372,5675.120117,37845.42188,22271.66992,1442.48999,103.2399979,20.51000023,30042.113,21693.6,4.29,4.01,319.785,4.2,5.63912E+14,118.8476814,2.788,2.598,0.28,0.19000006
2025-03-19,0.006212633,0.0116251,39.19285366,48.04992009,11.56028911,9.980612232,653326938,1.18415E+13,0.176049839,3.05237E+11,2.70613E+11,-7210762242,22957790839,5614.660156,37751.87891,21960.83008,1448.939941,103.4300003,21.70000076,30042.113,21693.6,4.25,3.95,319.785,4.2,5.63912E+14,118.8476814,2.811,2.621,0.3,0.19000006
2025-03-20,0.003220827,0.010966117,38.58426339,52.48488298,14.4132647,10.86714272,455019267,1.19893E+13,-0.303535121,5.51501E+11,1.24188E+11,-38124048864,-2992436037,5675.290039,37751.87891,22377.25977,1443.390015,103.8499985,19.89999962,30042.113,21693.6,4.24,3.93,319.785,4.2,5.63912E+14,118.8476814,2.792,2.598,0.31,0.194
2025-03-21,0.002283911,0.010893351,34.12212263,74.42130868,16.96525675,12.08676553,497529180,1.41881E+13,0.093424424,8.50312E+11,-3.42253E+11,-37003018808,13372154676,5662.890137,37677.05859,22209.09961,1465.819946,104.0899963,19.79999924,30042.113,21693.6,4.25,3.92,319.785,4.2,5.63912E+14,118.8476814,2.805,2.597,0.33,0.20800018
2025-03-24,-0.004193142,0.010928972,32.97713797,72.12296195,17.88908006,13.24722844,372431632,6.92406E+12,-0.25143761,6151772366,7830685905,-53815461430,4992047134,5667.560059,37608.48828,22106.64063,1464.780029,104.2600021,19.28000069,30042.113,21693.6,4.34,4.01,319.785,4.2,5.63912E+14,118.8476814,2.816,2.604,0.33,0.2119999
2025-03-25,-0.006196811,0.010985201,33.64426967,63.09846161,17.1119143,14.02016561,439279423,8.30506E+12,0.1794901,-75211633491,1.29648E+11,-9151729684,-19561119151,5767.569824,37780.53906,22273.18945,1466.27002,104.1800003,17.47999954,30042.113,21693.6,4.31,3.98,319.785,4.2,5.63912E+14,118.8476814,2.821,2.612,0.33,0.20900011
2025-03-26,0.010696383,0.011191893,34.20282854,64.71693332,18.55199543,14.92653157,507916080,7.65533E+12,0.156248286,3.50795E+11,2.40173E+11,-7157583100,15570782366,5776.649902,38027.28906,22260.28906,1462.089966,104.5500031,17.14999962,30042.113,21693.6,4.35,4.01,319.785,4.2,5.63912E+14,118.8476814,2.839,2.618,0.34,0.22099996
2025-03-27,-0.014012573,0.011590485,34.62140765,58.58329063,16.53402744,15.24803075,403313562,7.67625E+12,-0.20594449,88668299283,-1.17485E+11,-88333381166,-25460178838,5712.200195,37799.96875,21951.75977,1465.680054,104.0699997,18.32999992,30042.113,21693.6,4.38,4,319.785,4.2,5.63912E+14,118.8476814,2.838,2.622,0.38,0.21600008
2025-03-28,-0.019039756,0.012223766,36.62997001,47.90831842,10.84218949,14.3668625,513561475,7.15042E+12,0.273355333,-6.42172E+11,21673555398,609806807,40065883283,5693.310059,37120.32813,21602.89063,1461.890015,104.0400009,18.69000053,30042.113,21693.6,4.27,3.91,319.785,4.2,5.63912E+14,118.8476814,2.842,2.629,0.36,0.21300006
2025-03-31,-0.030507759,0.011668344,37.63282994,41.71165374,0.127943438,11.51907868,391592782,8.23635E+12,-0.237495799,-1.57718E+12,5.56016E+11,-10678439502,60722289266,5580.939941,35617.55859,20695.90039,1469.410034,104.2099991,21.64999962,30042.113,21693.6,4.23,3.89,319.785,4.2,5.63912E+14,118.8476814,2.771,2.569,0.34,0.2019999
2025-04-01,0.016100176,0.012278635,38.16141183,42.22876858,-5.055463194,8.204170309,453393641,6.93945E+12,0.157819199,-3.9124E+11,-7425171231,28527835113,77428143593,5611.850098,35624.48047,21280.16992,1471.959961,104.2600021,22.28000069,30485.729,21775.6,4.17,3.85,320.302,4.2,5.63912E+14,118.8476814,2.787,2.581,0.32,0.20599985
2025-04-02,-0.006178262,0.012030558,37.6806815,40.536686,-10.29776791,4.503782665,515599740,7.31612E+12,0.137201084,-7.27223E+11,-22090030228,14073759070,1.73542E+11,5633.069824,35725.87109,21298.2207,1469.969971,103.8099976,21.77000046,30485.729,21775.6,4.2,3.89,320.302,4.2,5.63912E+14,118.8476814,2.767,2.584,0.31,0.18299985
2025-04-03,-0.007675521,0.011961318,41.3185512,39.23508561,-15.81607874,0.439810384,480057159,8.26747E+12,-0.068934443,-1.37764E+12,68855170698,92068244282,2.72207E+11,5670.970215,34735.92969,21298.2207,1466.040039,102.0699997,21.51000023,30485.729,21775.6,4.06,3.68,320.302,4.2,5.63912E+14,118.8476814,2.738,2.529,0.38,0.20899987
2025-04-04,-0.008594364,0.012040066,43.05855887,29.06465677,-21.65685362,-3.979522416,695074881,1.07428E+13,0.447900251,-1.78929E+12,3.50213E+11,63608384142,2.06743E+11,5396.52002,33780.57813,21298.2207,1450.680054,103.0199966,30.02000046,30485.729,21775.6,4.01,3.66,320.302,4.2,5.63912E+14,118.8476814,2.692,2.461,0.35,0.23099995
2025-04-07,-0.057266731,0.017187696,50.68425642,20.5565883,-36.93247999,-10.57011393,619500714,1.05055E+13,-0.108728094,-2.09918E+12,-95673110432,-10723490389,4.30742E+11,5074.080078,31136.58008,19232.34961,1458.52002,103.2600021,45.31000137,30485.729,21775.6,4.15,3.72,320.302,4.2,5.63912E+14,118.8476814,2.648,2.405,0.43,0.24300003
2025-04-08,0.002586648,0.017161053,52.29997907,18.83236991,-47.99865239,-18.05582162,557018146,9.12247E+12,-0.100859558,-6.46788E+11,-3.6743E+11,86889851666,1.13166E+11,5062.25,33012.57813,18459.94922,1469.949951,102.9599991,46.97999954,30485.729,21775.6,4.26,3.71,320.302,4.2,5.63912E+14,118.8476814,2.686,2.413,0.55,0.273
2025-04-09,-0.017515851,0.016813083,54.49714007,15.95408026,-59.35490202,-26.3156377,699641582,9.56033E+12,0.256048097,-1.00481E+12,40051769712,-44322370066,57856324113,4982.77002,31714.0293,17391.75977,1486.130005,102.9000015,52.33000183,30485.729,21775.6,4.34,3.91,320.302,4.2,5.63912E+14,118.8476814,2.732,2.434,0.43,0.2980001
2025-04-10,0.063903474,0.022931645,63.30571638,34.75563743,-55.5015289,-32.15281594,670388052,1.10554E+13,-0.041812166,3.28609E+11,1.79207E+11,3.08358E+11,53966282574,5456.899902,34609,19000.0293,1443.949951,100.8700027,33.61999893,30485.729,21775.6,4.4,3.85,320.302,4.2,5.63912E+14,118.8476814,2.702,2.437,0.55,0.26499987
2025-04-11,-0.005059726,0.022938432,65.5464216,34.68727871,-52.83440279,-36.28913331,369702818,7.6871E+12,-0.448524154,-6.89835E+11,-1.35474E+11,21739159945,1.74907E+11,5268.049805,33585.57813,19528.76953,1452.040039,99.77999878,40.72000122,30485.729,21775.6,4.48,3.98,320.302,4.2,5.63912E+14,118.8476814,2.696,2.411,0.5,0.2850001
2025-04-14,0.009479216,0.022652991,64.90000698,37.84504869,-48.29435976,-38.6901786,488618364,6.68779E+12,0.321651716,-2.43702E+11,-64143907086,-334596020,1.11936E+11,5363.359863,33982.35938,19513.08984,1419.050049,99.63999939,37.56000137,30485.729,21775.6,4.38,3.87,320.302,4.2,5.63912E+14,118.8476814,2.691,2.408,0.51,0.283
2025-04-15,0.008724447,0.022794171,64.42360142,37.21418725,-42.4702862,-39.44620012,560339502,6.51081E+12,0.14678355,-1.18263E+11,64528321115,-5848280889,94464244602,5405.970215,34267.53906,19857.66992,1419.420044,100.2200012,30.88999939,30485.729,21775.6,4.35,3.85,320.302,4.2,5.63912E+14,118.8476814,2.664,2.399,0.5,0.2650001
2025-04-16,-0.012175158,0.022788648,64.00645229,37.60745705,-39.81483913,-39.51992792,613173904,6.72569E+12,0.094289983,-4.58761E+11,-47659695621,-31898896574,86849302137,5396.629883,33920.39844,19468,1427.02002,99.37999725,30.12000084,30485.729,21775.6,4.29,3.77,320.302,4.2,5.63912E+14,118.8476814,2.629,2.351,0.52,0.27799988
2025-04-17,0.009345627,0.022925465,61.71718052,42.91767581,-35.44746947,-38.70543623,601738661,6.6063E+12,-0.018649266,-3.51001E+11,2.75057E+11,-6456043288,56195835173,5275.700195,34377.60156,19338.73047,1414.22998,99.37999725,32.63999939,30485.729,21775.6,4.34,3.82,320.302,4.2,5.63912E+14,118.8476814,2.645,2.385,0.52,0.26
2025-04-18,0.005252518,0.022972842,57.49933733,50.20742137,-30.58394579,-37.08113814,450985117,5.64965E+12,-0.250529929,-1.04503E+11,-12839946026,-16348640640,78362304973,5282.700195,34730.28125,19395.0293,1414.22998,99.37999725,29.64999962,30485.729,21775.6,4.34,3.82,320.302,4.2,5.63912E+14,118.8476814,2.62,2.362,0.52,0.2579999
2025-04-21,0.002011329,0.022999412,55.36505999,46.82437596,-26.02609738,-34.87012999,428977098,5.23973E+12,-0.048799879,-2.88341E+11,-17446035020,-8928783020,56296074372,5282.700195,34279.92188,19106.19922,1414.22998,98.27999878,29.64999962,30485.729,21775.6,4.42,3.77,320.302,4.2,5.63912E+14,118.8476814,2.602,2.331,0.65,0.2709999
2025-04-22,-0.000715581,0.022989538,54.37437221,48.09836538,-22.30053646,-32.35621128,416680149,6.18247E+12,-0.028665747,-2.42055E+11,-36492501044,4172620583,94348217496,5158.200195,34220.60156,18793.42969,1421.640015,98.91999817,33.81999969,30485.729,21775.6,4.41,3.82,320.302,4.2,5.63912E+14,118.8476814,2.621,2.33,0.59,0.29100013
2025-04-23,0.015530485,0.023160713,52.34936523,53.70011432,-16.02276994,-29.08952302,538116134,7.76418E+12,0.291436934,-1.97009E+11,5.46637E+11,9302100838,63707325336,5287.759766,34868.62891,19639.14063,1429.219971,99.83999634,30.56999969,30485.729,21775.6,4.4,3.87,320.302,4.2,5.63912E+14,118.8476814,2.598,2.337,0.53,0.26100016
2025-04-24,-0.001279735,0.022995948,49.11437988,55.6116632,-11.17935849,-25.50749011,327935351,7.27232E+12,-0.390586287,-7382931153,-1.68273E+11,-21164137684,-16024864196,5375.859863,35039.14844,19478.81055,1426.449951,99.29000092,28.45000076,30485.729,21775.6,4.32,3.8,320.302,4.2,5.63912E+14,118.8476814,2.623,2.341,0.52,0.28199983
2025-04-25,0.009458236,0.022743482,41.4422433,77.6903058,-5.345128398,-21.47501777,403527737,8.7606E+12,0.230510025,6.14625E+11,4.40507E+11,1231577048,84366161670,5484.77002,35705.73828,19872.73047,1430.060059,99.47000122,26.46999931,30485.729,21775.6,4.29,3.76,320.302,4.2,5.63912E+14,118.8476814,2.576,2.305,0.53,0.2709999
2025-04-28,0.001004898,0.021598135,38.84294782,77.49198655,-0.509016064,-17.28181743,454102177,7.80335E+12,0.125330765,-85933648957,1.38775E+11,-69430310652,30563085304,5525.209961,35839.98828,20034.41016,1437.359985,99.01000214,24.84000015,30485.729,21775.6,4.23,3.67,320.302,4.2,5.63912E+14,118.8476814,2.588,2.316,0.56,0.27200007
2025-04-29,0.006475935,0.021358006,37.15007673,87.08170159,4.606772429,-12.90409946,547081468,9.21517E+12,0.204754119,6.9314E+11,3.91034E+11,-1698955739,57434984612,5528.75,35839.98828,20232.63086,1435.880005,99.23999786,25.14999962,30485.729,21775.6,4.19,3.65,320.302,4.2,5.63912E+14,118.8476814,2.603,2.31,0.54,0.29299998
2025-04-30,-0.003439973,0.021319217,28.22222028,74.9184943,7.859592775,-8.75136101,487488833,8.4356E+12,-0.108928265,-1.68645E+11,-1.27311E+11,22066889243,-8979589058,5560.830078,36045.37891,20235.0293,1431.160034,99.47000122,24.17000008,30485.729,21775.6,4.17,3.58,320.302,4.2,5.63912E+14,118.8476814,2.563,2.267,0.59,0.296
2025-05-02,0.001243035,0.021221196,26.48364258,79.59665047,10.57220049,-4.886648709,585492284,8.32745E+12,0.201037325,-1.6676E+11,2.00587E+11,28242651524,45241556483,5569.060059,36830.69141,20787.64063,1435.099976,100,24.70000076,30485.729,21833.9,4.33,3.82,320.62,4.3,5.63912E+14,118.8476814,2.593,2.282,0.51,0.31099987
2025-05-07,0.005458186,0.021103492,25.75793457,78.68723924,13.69458965,-1.170401037,546755132,8.93545E+12,-0.066161678,3.49804E+11,1.26561E+11,-19393639714,-8190873040,5686.669922,36779.66016,20546.49023,1374.77002,99.61000061,22.68000031,30485.729,21833.9,4.26,3.72,320.62,4.3,5.63912E+14,118.8476814,2.603,2.253,0.54,0.3499999
2025-05-08,0.002204396,0.01581884,25.07434082,76.90732372,16.43794221,2.351267612,471635814,1.02701E+13,-0.137391153,1.30459E+11,-2.36612E+11,34951277324,-8169018241,5631.279785,36928.62891,20543.40039,1397.290039,100.6399994,23.54999924,30485.729,21833.9,4.37,3.85,320.62,4.3,5.63912E+14,118.8476814,2.622,2.281,0.52,0.34100008
2025-05-09,-0.000857114,0.01586659,23.90935407,90.09893823,18.22367234,5.525748557,485550305,8.03485E+12,0.029502617,68061412101,-2.18057E+11,2239074552,91176153599,5663.939941,37503.32813,20915.03906,1403.849976,100.3399963,22.47999954,30485.729,21833.9,4.37,3.85,320.62,4.3,5.63912E+14,118.8476814,2.67,2.331,0.52,0.339
2025-05-12,0.011596032,0.015009056,24.21078055,90.5137826,21.81302487,8.783203819,409749435,8.52754E+12,-0.15611332,152136203,3.10187E+11,20451042742,26107972247,5659.910156,37644.26172,21129.53906,1395.170044,101.7900009,21.89999962,30485.729,21833.9,4.45,3.97,320.62,4.3,5.63912E+14,118.8476814,2.685,2.33,0.48,0.35500002
2025-05-13,0.000417905,0.00652444,24.18146624,89.79381828,24.46355328,11.91927371,422459803,8.74609E+12,0.031019855,1.70616E+11,-41868800245,20350965676,-59954992500,5844.189941,38183.26172,21330.14063,1416.030029,101,18.38999939,30485.729,21833.9,4.49,4,320.62,4.3,5.63912E+14,118.8476814,2.722,2.37,0.49,0.352
2025-05-14,0.012250185,0.006514481,25.46575056,91.29807839,28.82607522,15.30063401,390503815,8.89319E+12,-0.075642671,4.76236E+11,4.40114E+11,15426535940,14148013174,5886.549805,38128.12891,21782.86914,1416,101.0400009,18.21999931,30485.729,21833.9,4.53,4.05,320.62,4.3,5.63912E+14,118.8476814,2.718,2.351,0.48,0.36699986
2025-05-15,-0.007301521,0.006856746,25.98716518,83.40618174,30.38308469,18.31712415,339578793,7.25402E+12,-0.130408513,2.73687E+11,-1.65488E+11,-94146720606,4682821428,5892.580078,37755.51172,21730.25,1407.329956,100.8799973,18.62000084,30485.729,21833.9,4.45,3.95,320.62,4.3,5.63912E+14,118.8476814,2.727,2.362,0.5,0.365
2025-05-16,0.00209976,0.006737869,24.18715123,80.11067123,31.69626287,20.99295189,359706542,8.02503E+12,0.059272691,1.69782E+11,1.48772E+11,-42173233757,15607601432,5916.930176,37753.71875,21843.68945,1397.02002,101.0899963,17.82999992,30485.729,21833.9,4.43,3.95,320.62,4.3,5.63912E+14,118.8476814,2.676,2.319,0.48,0.3570001
2025-05-19,-0.008967133,0.006388504,24.90358189,71.5149827,30.49322435,22.89300638,313296021,6.75244E+12,-0.129023289,-1.13831E+11,-91684923295,-18296727890,-24334665267,5958.379883,37498.62891,21523.83008,1398.130005,100.4300003,17.23999977,30485.729,21833.9,4.46,3.95,320.62,4.3,5.63912E+14,118.8476814,2.747,2.366,0.51,0.38100004
2025-05-20,-0.000622403,0.006262315,24.46142578,66.70684242,29.07395103,24.12919531,456989355,7.66143E+12,0.458650364,-1.14454E+11,1.38762E+11,-28432106948,-20734981520,5963.600098,37529.48828,21526.0293,1388.550049,100.1200027,18.13999939,30485.729,21833.9,4.48,3.95,320.62,4.3,5.63912E+14,118.8476814,2.713,2.33,0.53,0.38300014
2025-05-21,0.009098322,0.006405744,25.52498954,70.47836395,29.52764006,25.20888426,371527419,7.44113E+12,-0.187010781,1.95029E+11,84013804591,-2278591515,-5217059205,5940.459961,37298.98047,21803.91016,1392.72998,99.55999756,18.09000015,30485.729,21833.9,4.58,4,320.62,4.3,5.63912E+14,118.8476814,2.76,2.345,0.58,0.41499996
2025-05-22,-0.012228023,0.007233847,26.11999512,56.96946043,27.00105759,25.56731893,358064259,8.96547E+12,-0.036237325,-2.26489E+11,-2.62497E+11,-61466479207,8343597962,5844.609863,36985.87109,21670.96094,1373.859985,99.95999908,20.87000084,30485.729,21833.9,4.54,3.99,320.62,4.3,5.63912E+14,118.8476814,2.755,2.336,0.55,0.41900015
2025-05-23,-0.000609297,0.007231731,25.28140695,59.07695229,24.5878104,25.37141722,434024136,8.65967E+12,0.212140349,-58284123298,-1.13547E+11,7324322914,-10737535317,5842.009766,37160.46875,21652.24023,1381.339966,99.11000061,20.28000069,30485.729,21833.9,4.51,3.96,320.62,4.3,5.63912E+14,118.8476814,2.766,2.338,0.55,0.42799997
2025-05-26,0.019979626,0.007719361,27.12711007,67.29769066,26.58974939,25.61508365,380173138,8.34281E+12,-0.12407374,1.01795E+11,3.72625E+11,-10817713212,47458975378,5802.819824,37531.53125,21536.57031,1364.72998,98.93000031,22.29000092,30485.729,21833.9,4.51,3.96,320.62,4.3,5.63912E+14,118.8476814,2.766,2.348,0.55,0.41799998
2025-05-27,-0.002718839,0.007761071,26.84566825,63.33809826,27.28244494,25.94855591,318285651,7.90881E+12,-0.162787638,-75636719405,13003300666,4541113887,-20636821703,5802.819824,37724.10938,21336.53906,1368.099976,99.51999664,22.29000092,30485.729,21833.9,4.43,3.93,320.62,4.3,5.63912E+14,118.8476814,2.709,2.34,0.5,0.3690002
2025-05-28,0.012409293,0.007931955,29.57067871,67.10819441,30.14113321,26.78707137,405473857,1.12388E+13,0.273930684,3.02587E+11,7.56637E+11,-33790635792,44791867826,5921.540039,37722.39844,21357.7207,1374.800049,99.87999725,18.95999908,30485.729,21833.9,4.47,3.95,320.62,4.3,5.63912E+14,118.8476814,2.706,2.314,0.52,0.3920002
2025-05-29,0.018732493,0.008721997,31.86424037,72.88281288,36.06504908,28.64266691,448340888,1.08956E+13,0.105720826,2.9465E+11,5.6208E+11,-3392052032,68016030745,5888.549805,38432.98047,21347.30078,1373.599976,99.27999878,19.30999947,30485.729,21833.9,4.43,3.91,320.62,4.3,5.63912E+14,118.8476814,2.76,2.341,0.52,0.4189999
2025-05-30,-0.008478699,0.009066118,31.91493443,64.75274936,38.46293366,30.60672026,525661026,1.48036E+13,0.172458368,-6.1177E+11,1.57545E+11,-50512785457,14445323313,5912.169922,37965.10156,21347.30078,1370.410034,99.33000183,19.18000031,30485.729,21833.9,4.41,3.87,320.62,4.3,5.63912E+14,118.8476814,2.786,2.347,0.54,0.43900013
2025-06-02,0.000481799,0.008972507,33.03424944,64.77693146,40.00700172,32.48677655,323603809,8.06294E+12,-0.384386909,1.28472E+11,-1.90777E+11,-29530823675,-8952510266,5911.689941,37470.67188,21002.71094,1381.98999,98.69999695,18.56999969,30485.729,21938.8,4.46,3.91,321.435,4.1,5.63912E+14,118.8476814,2.793,2.34,0.55,0.45300007
2025-06-04,0.026280347,0.010391565,35.49639021,68.81917179,46.49405014,35.28823127,489937474,1.21064E+13,0.514004039,1.05493E+12,1.224E+11,35258802197,2869575028,5935.939941,37747.44922,21618.08984,1377.719971,98.79000092,18.36000061,30485.729,21938.8,4.37,3.84,321.435,4.1,5.63912E+14,118.8476814,2.894,2.414,0.53,0.48000002
2025-06-05,0.014763217,0.010666771,37.96210589,75.90122684,54.33405304,39.09739562,556013446,1.3293E+13,0.134866132,9.84231E+11,3.36998E+11,-51910439428,61586656480,5970.810059,37554.48828,21674.42969,1361.089966,98.73999786,17.61000061,30485.729,21938.8,4.4,3.9,321.435,4.1,5.63912E+14,118.8476814,2.891,2.412,0.5,0.4790001
2025-06-09,0.015427744,0.010928394,40.84354074,78.16745439,63.34494696,43.94690589,537617180,1.40303E+13,-0.033086009,9.79948E+11,-4.53683E+11,-59587537114,-1.11389E+11,5939.299805,38088.57031,21790.28906,1359.189941,98.94000244,18.47999954,30485.729,21938.8,4.49,3.99,321.435,4.1,5.63912E+14,118.8476814,2.867,2.405,0.5,0.46200013
2025-06-10,0.00561494,0.01083855,41.02709961,83.64210714,70.96562567,49.35064985,508184663,1.42898E+13,-0.054746236,6.33239E+11,1.82454E+11,-52322298027,-9048493815,6005.879883,38211.51172,22242.14063,1353.849976,99.05000305,17.15999985,30485.729,21938.8,4.47,3.95,321.435,4.1,5.63912E+14,118.8476814,2.831,2.385,0.52,0.4460001
2025-06-11,0.012178939,0.010856825,41.84852818,85.28624673,78.93469263,55.2674584,393929540,1.2475E+13,-0.224829932,1.65559E+11,3.84349E+11,-68338670804,-27624097410,6038.810059,38421.19141,22470.09961,1363.880005,98.62999725,16.95000076,30485.729,21938.8,4.41,3.89,321.435,4.1,5.63912E+14,118.8476814,2.837,2.419,0.52,0.41799998
2025-06-12,0.004458505,0.010795867,41.53853934,84.90979243,85.31496149,61.27695902,713705710,1.73447E+13,0.811759814,4.08052E+11,-4.2159E+11,1.51167E+11,1.23979E+11,6022.240234,38173.08984,22287.82031,1365.689941,97.91999817,17.26000023,30485.729,21938.8,4.36,3.85,321.435,4.1,5.63912E+14,118.8476814,2.827,2.429,0.51,0.398
2025-06-13,-0.008740018,0.011134651,42.81138393,86.23901974,87.31449582,66.48446638,931657602,1.74628E+13,0.30538062,1.21916E+11,-3.4092E+11,-75196282184,29296004837,6045.259766,37834.25,22072.94922,1349.790039,98.18000031,18.02000046,30485.729,21938.8,4.41,3.9,321.435,4.1,5.63912E+14,118.8476814,2.819,2.462,0.51,0.3570001
2025-06-16,0.017818414,0.011139102,46.1192627,88.06934233,92.03736823,71.59504675,726351750,1.44011E+13,-0.220366207,-3.22356E+11,3.46635E+11,-23042788392,-28386582974,5976.970215,38311.32813,22049.90039,1365.140015,98,20.81999969,30485.729,21938.8,4.46,3.93,321.435,4.1,5.63912E+14,118.8476814,2.864,2.483,0.53,0.38100004
2025-06-17,0.001234581,0.011156096,47.58499581,86.67693531,94.97914678,76.27186676,939594106,1.79159E+13,0.293580013,-96735251099,2.27833E+11,-45962319151,-1.11045E+11,6033.109863,38536.73828,22211.58984,1357.780029,98.81999969,19.11000061,30485.729,21938.8,4.39,3.9,321.435,4.1,5.63912E+14,118.8476814,2.868,2.448,0.49,0.42000008
2025-06-18,0.007392158,0.010601912,49.51000977,88.79394243,97.94777784,80.60704897,576548034,1.46683E+13,-0.386386068,2.86446E+11,1.74091E+11,-21805385275,-47541758021,5982.720215,38885.14844,22356.73047,1380.5,98.91000366,21.60000038,30485.729,21938.8,4.38,3.89,321.435,4.1,5.63912E+14,118.8476814,2.876,2.472,0.49,0.40400004
2025-06-19,0.001865585,0.010526744,48.53287179,88.03514274,99.60015334,84.40566985,433310535,1.37866E+13,-0.248439836,-87418957620,-91952282609,17086576619,-1.35588E+11,5980.870117,38488.33984,22003.5,1370.75,98.91000366,20.13999939,30485.729,21938.8,4.38,3.89,321.435,4.1,5.63912E+14,118.8476814,2.874,2.475,0.49,0.39900017
2025-06-20,0.014701326,0.010666217,48.47572545,87.84302755,103.2776615,88.18006819,484864681,1.79748E+13,0.118977366,5.62519E+11,90759898596,-3765140423,11318992895,5980.870117,38403.23047,22045.74023,1374.890015,98.70999908,20.13999939,30485.729,21938.8,4.38,3.86,321.435,4.1,5.63912E+14,118.8476814,2.867,2.463,0.52,0.40400004
2025-06-23,-0.002441929,0.009935816,49.88359724,91.42692225,104.3940172,91.42285799,625650915,1.78798E+13,0.290361908,-3.68547E+11,-8.56934E+11,-6467508020,-16774804868,5967.839844,38354.08984,21732.01953,1369.469971,98.41999817,20.62000084,30485.729,21938.8,4.34,3.8,321.435,4.1,5.63912E+14,118.8476814,2.873,2.498,0.54,0.375
2025-06-24,0.029151564,0.010841903,53.87215751,93.02893676,111.1922495,95.37673629,579200567,1.91073E+13,-0.074243235,4.43634E+11,4.79219E+11,-19710321056,-98400735170,6025.169922,38790.55859,22188.75977,1361.939941,97.86000061,19.82999992,30485.729,21938.8,4.3,3.75,321.435,4.1,5.63912E+14,118.8476814,2.823,2.461,0.55,0.362
2025-06-25,0.001484285,0.010643569,51.88429478,91.86539155,115.6191096,99.42521096,644761399,1.96626E+13,0.113191933,-1.11398E+11,-2.12779E+11,-1.52991E+11,-51986541705,6092.180176,38942.07031,22430.60938,1353.780029,97.68000031,17.47999954,30485.729,21938.8,4.29,3.74,321.435,4.1,5.63912E+14,118.8476814,2.82,2.46,0.55,0.3599999
2025-06-26,-0.009273118,0.011085324,53.04214914,84.2566325,115.4811943,102.6364076,460611798,1.70306E+13,-0.285608911,-5.80607E+11,-1.55227E+11,-1.00902E+11,-46682955704,6092.160156,39584.57813,22492.33984,1357.030029,97.15000153,16.76000023,30485.729,21938.8,4.26,3.68,321.435,4.1,5.63912E+14,118.8476814,2.788,2.454,0.58,0.3340001
2025-06-27,-0.00769953,0.011543255,52.79143415,77.02441867,112.1728902,104.5437041,381633939,1.39703E+13,-0.171462953,-8.57925E+11,2.66645E+11,16764935778,-12772689265,6141.02002,40150.78906,22580.08008,1352.76001,97.40000153,16.59000015,30485.729,21938.8,4.29,3.72,321.435,4.1,5.63912E+14,118.8476814,2.785,2.453,0.57,0.33200002
2025-06-30,0.00514392,0.011195372,52.36715262,77.00454527,109.5597992,105.5469231,464162919,1.33338E+13,0.216251679,-6.51344E+11,5.22088E+11,-7359262542,-30096619860,6173.069824,40487.39063,22256.01953,1363.589966,96.87999725,16.31999969,30485.729,21938.8,4.24,3.68,321.435,4.1,5.63912E+14,118.8476814,2.805,2.452,0.56,0.35300016
2025-07-01,0.005826646,0.010661303,54.18931362,75.88081338,107.6958659,105.9767117,576016844,1.51848E+13,0.240979881,1.76453E+11,5.20589E+11,66074808160,-68827619645,6204.950195,39986.32813,22553.7207,1348.5,96.81999969,16.72999954,31098.027,22020,4.26,3.75,322.169,4.3,5.63912E+14,118.8476814,2.784,2.454,0.51,0.32999992
2025-07-02,-0.004733352,0.010884974,56.39432199,71.87280627,103.8443538,105.5502401,696798456,1.48299E+13,0.209684167,-3.2729E+11,3.10321E+11,-89442871071,-1877611701,6198.009766,39762.48047,22577.74023,1355.589966,96.77999878,16.82999992,31098.027,22020,4.3,3.77,322.169,4.3,5.63912E+14,118.8476814,2.832,2.483,0.53,0.34899998
2025-07-03,0.013312348,0.009996045,55.38718959,79.93732103,102.9307802,105.0263481,539120202,1.48832E+13,-0.226289615,6.4564E+11,3.26391E+11,71712261182,-6743727442,6227.419922,39785.89844,22712.9707,1354.75,97.18000031,16.63999939,31098.027,22020,4.35,3.84,322.169,4.3,5.63912E+14,118.8476814,2.814,2.449,0.51,0.365
2025-07-04,-0.020092885,0.01131611,56.10076032,64.15532152,96.09694663,103.2404678,520763440,1.35712E+13,-0.034049479,1.6212E+11,-1.59666E+11,-1.08289E+11,-79484086820,6279.350098,39810.87891,22547.5,1357.099976,97.18000031,16.37999916,31098.027,22020,4.35,3.84,322.169,4.3,5.63912E+14,118.8476814,2.828,2.467,0.51,0.36100006
2025-07-07,0.001697794,0.011006995,53.43003627,64.3008644,90.06169403,100.6047131,359404588,1.02045E+13,-0.309850576,-91190609722,-93888968626,64972410071,-59254783951,6279.350098,39587.67969,22428.7207,1362.199951,97.48000336,16.37999916,31098.027,22020,4.4,3.85,322.169,4.3,5.63912E+14,118.8476814,2.84,2.482,0.55,0.3579998
2025-07-08,0.017971396,0.011472159,54.1943185,67.18840297,88.73262911,98.23029628,745793067,1.34914E+13,1.075079428,2.43965E+11,5061412717,4736677378,-2578060207,6229.97998,39688.80859,22362.26953,1374.640015,97.51000214,17.79000092,31098.027,22020,4.42,3.86,322.169,4.3,5.63912E+14,118.8476814,2.847,2.477,0.56,0.3699999
2025-07-09,0.006014091,0.011324482,53.09287807,68.20218343,88.17906137,96.2200493,642960883,1.26549E+13,-0.137882998,-4.12778E+11,-1.39668E+11,55748789432,3099022551,6225.52002,39821.28125,22527.00977,1370.300049,97.47000122,16.80999947,31098.027,22020,4.34,3.8,322.169,4.3,5.63912E+14,118.8476814,2.854,2.478,0.54,0.37600017
2025-07-10,0.015669222,0.011634371,53.07859584,68.59716592,90.68838432,95.11371631,596571574,1.41248E+13,-0.072149504,4.72319E+11,-1.31823E+11,1.63928E+11,44951482986,6263.259766,39646.35938,22693.25,1373,97.65000153,15.93999958,31098.027,22020,4.35,3.82,322.169,4.3,5.63912E+14,118.8476814,2.814,2.433,0.53,0.3809998
2025-07-11,-0.00234627,0.011340905,52.77502441,68.58296539,91.02579562,94.29613217,465292057,1.33421E+13,-0.220056608,3.25589E+11,62412074481,-50660170349,4610589498,6280.459961,39569.67969,22751.0293,1372.640015,97.84999847,15.77999973,31098.027,22020,4.43,3.86,322.169,4.3,5.63912E+14,118.8476814,2.823,2.448,0.57,0.375
2025-07-14,0.008234864,0.010950288,48.54431152,63.25691586,92.34763379,93.90643249,444035800,1.15656E+13,-0.045683688,3.71347E+11,40976705347,-44884692933,-20497421543,6259.75,39459.62109,22614.9707,1378.170044,98.08000183,16.39999962,31098.027,22020,4.43,3.86,322.169,4.3,5.63912E+14,118.8476814,2.886,2.474,0.57,0.41199994
2025-07-15,0.004129462,0.010928756,47.68359375,64.09292176,93.38784736,93.80271546,419651712,1.22388E+13,-0.054914689,2.14193E+11,-46441404870,-3029988153,28938628440,6268.560059,39678.01953,22835.93945,1382.01001,98.62000275,17.20000076,31098.027,22020,4.5,3.93,322.169,4.3,5.63912E+14,118.8476814,2.877,2.463,0.57,0.41400003
2025-07-16,-0.009029015,0.011294962,44.85360282,64.0574618,90.83315573,93.20880352,531498719,1.13288E+13,0.266523414,53420699064,-1.78239E+11,-1.03405E+11,-74792499649,6243.759766,39663.39844,23042.90039,1386.449951,98.38999939,17.37999916,31098.027,22020,4.46,3.86,322.169,4.3,5.63912E+14,118.8476814,2.877,2.459,0.6,0.41799998
2025-07-17,0.0018531,0.011295056,44.66003418,68.82092938,88.26794649,92.22063211,424787619,1.53654E+13,-0.200773955,47171940790,2.45428E+11,-21471232748,-13621028919,6263.700195,39901.19141,23113.2793,1384.920044,98.73000336,17.15999985,31098.027,22020,4.47,3.89,322.169,4.3,5.63912E+14,118.8476814,2.905,2.479,0.58,0.42599988
2025-07-18,-0.0013228,0.011022121,45.01717704,66.59159609,84.9156288,90.75963145,393449261,1.19392E+13,-0.073774179,1.8971E+11,2.13768E+11,-23131310118,-94179492988,6297.359863,39819.10938,23383.13086,1391.579956,98.48000336,16.52000046,31098.027,22020,4.44,3.84,322.169,4.3,5.63912E+14,118.8476814,2.873,2.474,0.6,0.39899993
2025-07-21,0.007107521,0.010995485,42.24930246,67.04176928,83.13548592,89.23480234,343910781,1.06623E+13,-0.125908179,8.96067E+11,66864532439,24425218883,-9315945629,6296.790039,39819.10938,23340.56055,1390.569946,97.84999847,16.40999985,31098.027,22020,4.38,3.81,322.169,4.3,5.63912E+14,118.8476814,2.855,2.456,0.57,0.39899993
2025-07-22,-0.012810618,0.009701189,42.74072266,62.42663188,77.53307988,86.89445785,378485911,1.16047E+13,0.100535173,-1.28916E+11,13953518426,-92985182958,-76046275704,6305.600098,39774.92188,22987.91992,1381.819946,97.38999939,16.64999962,31098.027,22020,4.35,3.77,322.169,4.3,5.63912E+14,118.8476814,2.839,2.463,0.58,0.37599993
2025-07-23,0.004353394,0.009729016,43.93502372,59.52366518,73.36341666,84.18824961,664826146,1.22014E+13,0.756541331,4.21943E+11,3.7952E+11,-61854811359,-1.03366E+11,6309.620117,41171.32031,23318.66992,1379.780029,97.20999908,16.5,31098.027,22020,4.4,3.84,322.169,4.3,5.63912E+14,118.8476814,2.83,2.458,0.56,0.37199998
2025-07-24,0.002095922,0.009411829,42.79143415,72.76553643,69.79340821,81.30928133,425499879,1.29932E+13,-0.359983235,7.43077E+11,60911740850,43247309316,-15722061203,6358.910156,41826.33984,23373.73047,1373.719971,97.37999725,15.36999989,31098.027,22020,4.43,3.87,322.169,4.3,5.63912E+14,118.8476814,2.849,2.467,0.56,0.38199997
2025-07-25,0.00175373,0.00914489,41.79214914,72.80283564,66.647758,78.37697667,389290718,9.82224E+12,-0.085097935,2.68737E+11,3963133357,44694186757,46425945691,6363.350098,41456.23047,23364.38086,1372,97.65000153,15.39000034,31098.027,22020,4.4,3.86,322.169,4.3,5.63912E+14,118.8476814,2.855,2.485,0.54,0.37000012
2025-07-28,0.004205712,0.009131615,41.2235805,68.36522697,64.4982262,75.60122657,502719579,1.38729E+13,0.291373145,4.80154E+11,5.22311E+11,33332993907,-66818993971,6388.640137,40998.26953,23412.98047,1382.780029,98.66000366,14.93000031,31098.027,22020,4.42,3.87,322.169,4.3,5.63912E+14,118.8476814,2.829,2.464,0.55,0.365
2025-07-29,0.006537214,0.009147858,43.87573242,68.6404927,63.75830375,73.23264201,373203172,1.27692E+13,-0.257631515,6.04735E+11,1.36156E+11,-53437379060,-11909538891,6389.77002,40674.55078,23201.51953,1388.290039,98.91000366,15.02999973,31098.027,22020,4.34,3.82,322.169,4.3,5.63912E+14,118.8476814,2.823,2.46,0.52,0.36299992
2025-07-30,0.007370814,0.009062926,43.34929548,65.21309352,64.35854699,71.457823,338073688,1.29685E+13,-0.09412965,5.80085E+11,3.19625E+11,-10192121085,-15700722147,6370.859863,40654.69922,23461.7207,1388.859985,99.94000244,15.97999954,31098.027,22020,4.38,3.89,322.169,4.3,5.63912E+14,118.8476814,2.797,2.454,0.49,0.34299994
2025-07-31,-0.002778511,0.008794121,44.39001465,64.77870882,63.37504808,69.84126802,540323825,1.64556E+13,0.598242762,3.44405E+11,-3.67654E+11,-1.02029E+11,-1.42725E+11,6362.899902,41069.82031,23542.51953,1392.52002,100.0299988,15.47999954,31098.027,22020,4.37,3.89,322.169,4.3,5.63912E+14,118.8476814,2.785,2.46,0.48,0.32500005
2025-08-01,-0.039607063,0.011908876,51.26000977,37.68629997,51.82860018,66.23873445,507776245,1.52812E+13,-0.060237174,-6.5627E+11,-4.61579E+11,-2.55515E+11,-19635300337,6339.390137,40799.60156,23434.38086,1391.51001,98.69000244,16.71999931,31098.027,22087,4.23,3.67,323.291,4.3,5.63912E+14,118.8476814,2.832,2.478,0.56,0.3540001
2025-08-04,0.009044059,0.012042291,52.66287667,40.36855377,44.45234629,61.88145682,293453733,9.72469E+12,-0.422080619,82772693376,1.1777E+11,47615279959,10392347608,6238.009766,40290.69922,23378.93945,1390.180054,98.77999878,20.37999916,31098.027,22087,4.22,3.66,323.291,4.3,5.63912E+14,118.8476814,2.778,2.421,0.56,0.3570001
2025-08-05,0.015837703,0.011896533,54.64144461,51.56217794,42.17519757,57.94020497,273439606,1.09502E+13,-0.068201985,2.95269E+11,-44602528461,42003566392,18927699525,6329.939941,40549.53906,23660.58984,1383.589966,98.77999878,17.52000046,31098.027,22087,4.22,3.63,323.291,4.3,5.63912E+14,118.8476814,2.766,2.425,0.59,0.34100008
2025-08-06,4.37E-05,0.011847234,52.82285854,50.79883261,39.92163717,54.33649141,327358365,1.11283E+13,0.197187086,2.81463E+11,48345638704,-96530391390,-3897955063,6299.189941,40794.85938,23447.35938,1386.579956,98.18000031,17.85000038,31098.027,22087,4.22,3.63,323.291,4.3,5.63912E+14,118.8476814,2.779,2.43,0.59,0.34899998
2025-08-07,0.009194234,0.011509417,52.42857143,55.05911584,40.0575501,51.48070315,327047544,1.12014E+13,-0.000949482,-17604897762,1.16428E+11,-59278867324,40978001835,6345.060059,41059.14844,24003.76953,1384.390015,98.40000153,16.77000046,31098.027,22087,4.23,3.66,323.291,4.3,5.63912E+14,118.8476814,2.772,2.408,0.57,0.36400008
2025-08-08,-0.005489536,0.011574386,52.87857492,49.89647405,38.29797187,48.84415689,341443229,1.14011E+13,0.044017102,-1.59566E+11,1.959E+11,-1.0622E+11,-80220164964,6340,41820.48047,24021.25977,1384.969971,98.18000031,16.56999969,31098.027,22087,4.27,3.7,323.291,4.3,5.63912E+14,118.8476814,2.776,2.409,0.57,0.3670001
2025-08-11,-0.001009849,0.011434503,49.90072196,55.27999485,36.22448006,46.32022153,304968427,1.03389E+13,-0.106825378,2.20245E+11,41736260722,-72443713350,-90656602643,6389.450195,41820.48047,24135.5,1387.810059,98.51999664,15.14999962,31098.027,22087,4.27,3.71,323.291,4.3,5.63912E+14,118.8476814,2.781,2.42,0.56,0.36099982
2025-08-12,-0.00527153,0.011452229,49.51926967,50.87263953,32.84216901,43.62461102,373217178,1.01655E+13,0.223789563,-59372183527,3495077882,-37712374821,21397450605,6373.450195,42718.17188,24158.35938,1389.790039,98.09999847,16.25,31098.027,22087,4.29,3.69,323.291,4.3,5.63912E+14,118.8476814,2.801,2.431,0.6,0.37000012
2025-08-13,0.010744943,0.011521061,48.20071847,54.46811439,32.56690271,41.41306936,320069786,1.03521E+13,-0.142403392,6.36549E+11,46540066807,-48483121091,-17067257225,6445.759766,43274.67188,24370.01953,1383.089966,97.83999634,14.72999954,31098.027,22087,4.24,3.64,323.291,4.3,5.63912E+14,118.8476814,2.809,2.417,0.6,0.39199996
2025-08-14,0.000399935,0.011517275,48.72000558,53.94514106,32.08299506,39.5470545,441467896,1.00022E+13,0.379286379,-79961068780,1.51846E+11,-3734437885,-78836194555,6466.580078,42649.26172,24238.09961,1378.780029,98.25,14.48999977,31098.027,22087,4.29,3.7,323.291,4.3,5.63912E+14,118.8476814,2.787,2.404,0.59,0.3829999
2025-08-18,-0.015112059,0.012034516,48.71641323,46.07001858,27.47888309,37.13342022,326132755,8.94193E+12,-0.261253745,-4.89617E+11,1.39066E+11,-13107388329,34778984795,6468.540039,43714.30859,24482.51953,1387.97998,98.16999817,14.82999992,31098.027,22087,4.34,3.73,323.291,4.3,5.63912E+14,118.8476814,2.837,2.426,0.61,0.41099977
2025-08-19,-0.008127907,0.012031837,47.2678397,40.47727641,21.50678763,34.0080937,285290653,8.62417E+12,-0.125231524,-4.54581E+11,3.12826E+11,-3164080845,-22153850933,6449.149902,43546.28906,24353.5,1386.910034,98.26999664,14.98999977,31098.027,22087,4.3,3.7,323.291,4.3,5.63912E+14,118.8476814,2.858,2.444,0.6,0.41400003
2025-08-20,-0.006835801,0.011793166,49.42285156,34.92072325,14.86999965,30.18047489,335285191,1.17736E+13,0.175240715,-2.13683E+11,6.1987E+11,-44492370378,-72039799210,6411.370117,42888.55078,23625.43945,1391.339966,98.22000122,15.56999969,31098.027,22087,4.29,3.69,323.291,4.3,5.63912E+14,118.8476814,2.853,2.441,0.6,0.41199994
2025-08-21,0.003714997,0.011779817,47.68355887,37.50722793,10.43011524,26.23040296,276915481,1.08933E+13,-0.174089735,-17115416031,-64360593619,53614094444,25171829060,6395.779785,42610.17188,23962.13086,1396.910034,98.62000275,15.68999958,31098.027,22087,4.33,3.75,323.291,4.3,5.63912E+14,118.8476814,2.845,2.438,0.58,0.40700006
2025-08-22,0.008554087,0.011946799,41.44712612,57.80381431,8.98575927,22.78147422,236797098,8.33752E+12,-0.144875913,1.81721E+11,33597315183,81168550096,10958318950,6370.169922,42633.28906,23764.4707,1399.609985,97.72000122,16.60000038,31098.027,22087,4.26,3.64,323.291,4.3,5.63912E+14,118.8476814,2.86,2.456,0.62,0.4039998
2025-08-25,0.012896485,0.012304132,40.68355887,59.44526083,11.0327753,20.43173444,220165003,8.09167E+12,-0.070237748,1.18752E+11,67474555655,43580166224,27972826651,6466.910156,42807.82031,24277.38086,1382.890015,98.43000031,14.22000027,31098.027,22087,4.28,3.68,323.291,4.3,5.63912E+14,118.8476814,2.852,2.434,0.6,0.41799998
2025-08-26,-0.009547403,0.012452814,38.53998675,46.98422454,10.07778471,18.36094449,325353201,1.29549E+13,0.477769839,-6.85983E+11,-2.00437E+11,-4860816787,-16108522489,6439.319824,42394.39844,24305.09961,1389.050049,98.23000336,14.78999996,31098.027,22087,4.26,3.63,323.291,4.3,5.63912E+14,118.8476814,2.86,2.422,0.63,0.43799996
2025-08-27,0.002450258,0.012364963,38.54000419,48.26649974,9.836932812,16.65614216,281721035,8.85187E+12,-0.134107075,-2.03715E+11,-87202490780,33556798120,17119095887,6465.939941,42520.26953,24519.90039,1393.949951,98.23000336,14.61999989,31098.027,22087,4.24,3.59,323.291,4.3,5.63912E+14,118.8476814,2.825,2.402,0.65,0.4230001
2025-08-28,0.002869959,0.012251229,39.80571638,44.70844326,10.2668541,15.37828454,312188158,9.87576E+12,0.108146426,-24298916158,1.372E+11,30739552714,74751901807,6481.399902,42828.78906,24236.44922,1392.75,97.80999756,14.85000038,31098.027,22087,4.22,3.6,323.291,4.3,5.63912E+14,118.8476814,2.815,2.416,0.62,0.39900017
2025-08-29,-0.003230816,0.012255293,39.72286551,45.84717552,9.664231008,14.23547384,245132452,8.96931E+12,-0.2147926,-3.72476E+11,1.56319E+11,-57929755210,-26994167382,6501.859863,42718.46875,24233.09961,1384.410034,97.76999664,14.43000031,31098.027,22087,4.23,3.58,323.291,4.3,5.63912E+14,118.8476814,2.815,2.426,0.65,0.38899994
2025-09-01,-0.013613889,0.00883929,41.69857352,40.29195888,5.645369297,12.51745293,260138455,8.00323E+12,0.061215897,-2.6742E+11,-26371879503,-70714559789,14645842505,6460.259766,42188.78906,24071.73047,1388.839966,97.76999664,15.35999966,31098.027,22170.3,4.23,3.58,324.245,4.4,5.63912E+14,118.8476814,2.847,2.435,0.65,0.41199994
2025-09-02,0.009317205,0.008853588,40.172869,47.4279633,4.779261606,10.96981466,310678131,8.67647E+12,0.194279911,4.02175E+11,-1.47961E+11,12643551131,17380132401,6460.259766,42310.48828,24016.7793,1392.939941,98.40000153,15.35999966,31098.027,22170.3,4.28,3.63,324.245,4.4,5.63912E+14,118.8476814,2.87,2.45,0.65,0.41999984
2025-09-03,0.003797475,0.008127429,39.01499721,43.73761959,5.009057666,9.777663265,335816449,8.81187E+12,0.080914347,4.36403E+11,-2.61631E+11,-30688242888,-64880315447,6415.540039,41938.89063,24100.30078,1394.569946,98.13999939,17.17000008,31098.027,22170.3,4.22,3.58,324.245,4.4,5.63912E+14,118.8476814,2.913,2.475,0.64,0.4380002
2025-09-04,0.005140031,0.00821531,38.47715541,46.28396129,6.441086328,9.110347878,286255881,7.97795E+12,-0.147582312,2.03492E+11,4507024653,8947485987,-21218993136,6448.259766,42580.26953,24179.84961,1389.630005,98.34999847,16.35000038,31098.027,22170.3,4.17,3.55,324.245,4.4,5.63912E+14,118.8476814,2.883,2.472,0.62,0.411
2025-09-05,0.001339392,0.00793782,36.33930315,54.80001111,7.831868752,8.854652052,323844686,1.0942E+13,0.131311905,-1.37984E+11,1.64625E+11,-29780160854,-13789367320,6502.080078,43018.75,24494.58008,1392.060059,97.76999664,15.30000019,31098.027,22170.3,4.1,3.48,324.245,4.4,5.63912E+14,118.8476814,2.855,2.46,0.62,0.39499998
2025-09-08,0.004504482,0.007911822,34.41214425,62.20268515,9.986560693,9.08103378,372299882,8.21782E+12,0.149624799,2.31558E+11,1.12947E+11,-6396260566,-12974057207,6481.5,43643.80859,24547.38086,1385.51001,97.44999695,15.18000031,31098.027,22170.3,4.05,3.47,324.245,4.4,5.63912E+14,118.8476814,2.848,2.448,0.58,0.4000001
2025-09-09,0.012488498,0.008370222,32.13856724,71.82438682,14.78847792,10.22252261,439945501,1.06286E+13,0.18169659,6.84198E+11,2.06376E+11,6693625489,26981626354,6495.149902,43459.28906,24855.17969,1385.719971,97.79000092,15.10999966,31098.027,22170.3,4.08,3.48,324.245,4.4,5.63912E+14,118.8476814,2.818,2.425,0.6,0.39300013
2025-09-10,0.016573295,0.008938917,33.65785435,75.36774826,22.72811547,12.72364118,564706848,1.37035E+13,0.283583641,1.38484E+12,9.07679E+11,-6550243633,37276629176,6512.609863,43837.67188,25192.58984,1387.25,97.77999878,15.03999996,31098.027,22170.3,4.04,3.47,324.245,4.4,5.63912E+14,118.8476814,2.833,2.43,0.57,0.40299988
2025-09-11,0.008911645,0.008852599,33.13141741,75.56006495,31.05645073,16.39020309,435588829,1.4947E+13,-0.228646101,3.02374E+11,1.07612E+12,-80618937466,-1.48903E+11,6532.040039,44372.5,25215.71094,1387.199951,97.54000092,15.35000038,31098.027,22170.3,4.01,3.47,324.245,4.4,5.63912E+14,118.8476814,2.813,2.42,0.54,0.3929999
2025-09-12,0.01523533,0.009335327,33.86070033,76.26603066,41.32308564,21.3767796,448857492,1.39323E+13,0.03046144,1.4172E+12,7.11668E+11,-2.04654E+11,1.86317E+11,6587.470215,44768.12109,25474.64063,1389.5,97.55000305,14.71000004,31098.027,22170.3,4.06,3.52,324.245,4.4,5.63912E+14,118.8476814,2.813,2.431,0.54,0.38199997
2025-09-15,0.003460324,0.00835668,33.45711844,84.04980107,49.83474606,27.06837289,378854245,1.27927E+13,-0.155958736,2.66836E+11,60345432689,-48987386118,-56689780119,6584.290039,44768.12109,25357.16016,1393.699951,97.30000305,14.76000023,31098.027,22170.3,4.05,3.5,324.245,4.4,5.63912E+14,118.8476814,2.821,2.443,0.55,0.37800002
2025-09-16,0.012340973,0.008108032,35.00354004,85.54055153,59.3106699,33.51683229,406214278,1.40589E+13,0.072217834,1.7989E+12,2.29252E+11,-43433949486,13813197883,6615.279785,44902.26953,25629.64063,1385.01001,96.62999725,15.68999958,31098.027,22170.3,4.04,3.47,324.245,4.4,5.63912E+14,118.8476814,2.804,2.417,0.57,0.38699985
2025-09-17,-0.010555281,0.008418867,34.68997628,77.3882841,63.16955983,39.4473778,326609906,1.16116E+13,-0.195966455,-36144722867,-1.81508E+11,-64053755185,43546933022,6606.759766,44790.37891,25438.25,1377.640015,96.87000275,16.36000061,31098.027,22170.3,4.06,3.51,324.245,4.4,5.63912E+14,118.8476814,2.787,2.418,0.55,0.36899996
2025-09-18,0.013935422,0.00868539,36.09641811,81.72343711,69.29411991,45.41672622,391177053,1.24091E+13,0.197688881,2.87661E+11,3.12934E+11,-22387590211,46741024261,6600.350098,45303.42969,25769.35938,1378.689941,97.34999847,15.72000027,31098.027,22170.3,4.11,3.55,324.245,4.4,5.63912E+14,118.8476814,2.756,2.403,0.56,0.35299993
2025-09-19,-0.00465069,0.008887998,34.83140346,87.15063887,72.02174357,50.73772969,348844702,1.51113E+13,-0.108217879,-3.06235E+11,-89468626914,-67514766529,-59981201920,6631.959961,45045.80859,25578.36914,1386.75,97.63999939,15.69999981,31098.027,22170.3,4.14,3.56,324.245,4.4,5.63912E+14,118.8476814,2.815,2.441,0.58,0.37400007
2025-09-22,0.006771876,0.00867494,35.2442627,86.95798344,75.20546742,55.63127724,287867235,1.19962E+13,-0.174798318,5.68239E+11,4.1961E+11,-44861807877,-13659648631,6664.359863,45493.66016,25880.59961,1396.22998,97.33000183,15.44999981,31098.027,22170.3,4.15,3.59,324.245,4.4,5.63912E+14,118.8476814,2.833,2.459,0.56,0.37399983
2025-09-23,0.005043991,0.008079675,35.70211356,87.13356125,78.24200099,60.15342199,358335419,1.21524E+13,0.244794042,3.36583E+11,-33675933112,-34848083944,-29487174255,6693.75,45493.66016,26247.36914,1389.390015,97.26000214,16.10000038,31098.027,22170.3,4.12,3.57,324.245,4.4,5.63912E+14,118.8476814,2.813,2.46,0.55,0.35299993
2025-09-24,-0.004038345,0.00829813,38.15567453,83.58040278,78.60860315,63.84445822,287145415,1.1807E+13,-0.198668622,-2.46547E+11,3.8723E+11,-28677446668,-95845033859,6656.919922,45630.30859,26196.73047,1391.849976,97.87000275,16.63999939,31098.027,22170.3,4.16,3.6,324.245,4.4,5.63912E+14,118.8476814,2.848,2.489,0.56,0.35899997
2025-09-25,-0.000296629,0.008356495,38.64780971,83.18981983,77.91785443,66.65913746,293074983,1.26408E+13,0.020650053,2.16448E+11,2.12074E+11,55903894523,-96224087517,6637.970215,45754.92969,26023.84961,1403.650024,98.55000305,16.18000031,31098.027,22170.3,4.18,3.66,324.245,4.4,5.63912E+14,118.8476814,2.885,2.528,0.52,0.35699987
2025-09-26,-0.024810394,0.010479551,45.03069196,67.65964964,69.703299,67.26796977,399149806,1.26062E+13,0.361937488,-5.70417E+11,-2.72432E+11,-38953231022,-68660208836,6604.720215,45354.98828,25580.32031,1408.920044,98.15000153,16.73999977,31098.027,22170.3,4.2,3.66,324.245,4.4,5.63912E+14,118.8476814,2.943,2.562,0.54,0.38100004
2025-09-29,0.013248893,0.009939642,45.93141392,67.97897314,66.07555427,67.02948667,416480046,1.00089E+13,0.043417884,4.48398E+11,1.12922E+11,1.05594E+11,12595246939,6643.700195,45043.75,25580.32031,1408.709961,97.91000366,15.28999996,31098.027,22170.3,4.15,3.63,324.245,4.4,5.63912E+14,118.8476814,2.939,2.563,0.52,0.37599993
2025-09-30,-0.001928252,0.009964161,43.34355818,62.85474455,61.95302381,66.0141941,526401520,1.11574E+13,0.263929749,25972753484,-2.09211E+11,46191261910,-1657623813,6661.209961,44932.62891,25820.53906,1399.329956,97.76999664,16.12000084,31098.027,22170.3,4.16,3.61,324.245,4.4,5.63912E+14,118.8476814,2.951,2.582,0.55,0.36899996
2025-10-01,0.009077977,0.010033098,43.50784738,62.98960631,60.50838416,64.91303211,493641155,1.23446E+13,-0.062234556,8.33324E+11,1.49472E+11,36645078234,-34906264253,6688.459961,44550.85156,25982.91016,1403.150024,97.70999908,16.28000069,31422.526,22245.1,4.12,3.56,324.245,4.4,5.63912E+14,118.8476814,2.96,2.596,0.56,0.36400008
2025-10-02,0.02666235,0.011234022,47.70711844,66.28791133,66.1360972,65.15764513,402107231,1.94561E+13,-0.185426039,3.13997E+12,-6638937582,-26153987489,45041145467,6711.200195,44936.73047,26378.39063,1401.819946,97.84999847,16.29000092,31422.526,22245.1,4.1,3.56,324.245,4.4,5.63912E+14,118.8476814,2.959,2.581,0.54,0.37800002
2025-10-10,0.017148958,0.011503595,50.5464216,69.49649957,74.68880525,67.06387715,407410846,1.96008E+13,0.013189554,1.06136E+12,-4.91977E+11,-54935274671,83401703361,6715.350098,48088.80078,27301.91992,1421.51001,98.98000336,16.62999916,31422.526,22245.1,4.05,3.52,324.245,4.4,5.63912E+14,118.8476814,2.964,2.591,0.53,0.3729999
2025-10-13,-0.007241034,0.011875413,53.60857282,63.35701639,78.46042384,69.34318649,408033131,1.42709E+13,0.001527414,-8.2332E+11,-3.80604E+11,-12394052870,25232290956,6552.509766,48088.80078,26923.41992,1429.030029,99.26999664,21.65999985,31422.526,22245.1,4.05,3.52,324.245,4.4,5.63912E+14,118.8476814,2.904,2.554,0.53,0.35000014
2025-10-14,-0.006364098,0.012027794,58.49285017,65.09430214,78.70724348,71.21599789,734084905,1.89264E+13,0.799081617,5.55245E+11,-4.21689E+11,-51672435581,-35107716624,6654.720215,46847.32031,26793.15039,1426.069946,99.05000305,19.03000069,31422.526,22245.1,4.03,3.47,324.245,4.4,5.63912E+14,118.8476814,2.871,2.533,0.56,0.33800006
2025-10-15,0.026450851,0.012734829,62.07854353,68.17390241,85.61951016,74.09670034,543606716,1.38799E+13,-0.259477055,1.629E+11,5.15785E+11,70549152613,82202888456,6644.310059,47672.67188,27275.71094,1429.430054,98.79000092,20.80999947,31422.526,22245.1,4.05,3.51,324.245,4.4,5.63912E+14,118.8476814,2.856,2.52,0.54,0.33599997
2025-10-16,0.0246014,0.013456462,66.20785086,74.67643532,97.32582855,78.74252598,495790790,1.76648E+13,-0.087960514,6.59143E+11,6.76079E+11,1.00184E+11,98166933672,6671.060059,48277.73828,27647.86914,1420.089966,98.38999939,20.63999939,31422.526,22245.1,3.99,3.42,324.245,4.4,5.63912E+14,118.8476814,2.908,2.569,0.57,0.339
2025-10-17,0.000138657,0.013316399,68.76428223,73.69615346,105.4297828,84.07997736,420769792,1.72687E+13,-0.151315836,4.42584E+11,-23794686090,10539821316,-8032557205,6629.069824,47582.14844,27302.36914,1415.719971,98.43000031,25.30999947,31422.526,22245.1,4.02,3.47,324.245,4.4,5.63912E+14,118.8476814,2.885,2.555,0.55,0.32999992
2025-10-20,0.01739962,0.01359618,73.02500698,75.68093207,115.8265625,90.42929439,410146751,1.41906E+13,-0.025246682,-2.47669E+11,8.70378E+11,-1.14421E+11,3168542569,6664.009766,49185.5,27688.63086,1419.73999,98.58999634,20.78000069,31422.526,22245.1,4,3.47,324.245,4.4,5.63912E+14,118.8476814,2.892,2.569,0.53,0.32299995
2025-10-21,0.002395788,0.013520118,74.65572684,77.70690493,123.382153,97.01986611,526854280,1.93735E+13,0.284550661,-18821013815,4.97026E+11,-99873962571,49618162027,6735.129883,49316.05859,27752.41016,1419.73999,98.93000031,18.22999954,31422.526,22245.1,3.98,3.46,324.245,4.4,5.63912E+14,118.8476814,2.904,2.6,0.52,0.30400014
2025-10-22,0.015527964,0.013179192,79.21430315,79.74592101,132.6692596,104.1497448,597215988,1.54512E+13,0.133550605,-7.0106E+11,5.39876E+11,1.57631E+11,31725550553,6735.350098,49307.78906,27648.91016,1430.73999,98.90000153,17.87000084,31422.526,22245.1,3.97,3.44,324.245,4.4,5.63912E+14,118.8476814,2.869,2.572,0.53,0.29699993
2025-10-23,-0.009863889,0.013537664,77.39285714,85.53555967,135.3926807,110.398332,423588471,1.62557E+13,-0.29072818,-4.09076E+11,-1.7999E+11,13488058741,-1.00713E+11,6699.399902,48641.60938,27532.25977,1430.400024,98.94000244,18.60000038,31422.526,22245.1,4.01,3.49,324.245,4.4,5.63912E+14,118.8476814,2.912,2.605,0.52,0.30699992
2025-10-24,0.024664966,0.013987287,81.13856724,86.59060271,143.6439938,117.0474643,426896560,1.78008E+13,0.007809677,5.84872E+11,1.08256E+12,49696911063,73033574655,6738.439941,49299.64844,27532.25977,1435.839966,98.94999695,17.29999924,31422.526,22245.1,4.02,3.49,324.245,4.4,5.63912E+14,118.8476814,2.913,2.591,0.53,0.32200003
2025-10-27,0.025360744,0.014594668,86.83499581,89.02721627,156.5478538,124.9475422,516998547,2.01228E+13,0.211062809,6.49465E+11,6.913E+11,-1.0528E+11,-88648147441,6791.689941,50512.32031,27993.63086,1436.969971,98.77999878,16.37000084,31422.526,22245.1,4.01,3.5,324.245,4.4,5.63912E+14,118.8476814,2.959,2.62,0.51,0.33900023
2025-10-28,-0.008051503,0.01500612,89.3442906,84.95662352,162.2874704,132.4155279,408224732,1.97199E+13,-0.210394818,-1.64103E+12,3.11249E+11,-1.02059E+11,-66622546139,6875.160156,50219.17969,27949.10938,1430.969971,98.69000244,15.78999996,31422.526,22245.1,3.99,3.5,324.245,4.4,5.63912E+14,118.8476814,2.935,2.633,0.49,0.30200005
2025-10-29,0.017485329,0.01494418,86.74074009,84.51465572,170.5779674,140.0480158,466898421,2.20332E+13,0.143728893,-1.0182E+11,1.06795E+12,-1.33684E+11,-3.12267E+11,6890.890137,51307.64844,28294.74023,1425.969971,99.22000122,16.42000008,31422.526,22245.1,4.08,3.6,324.245,4.4,5.63912E+14,118.8476814,2.984,2.677,0.48,0.30699992
2025-10-30,0.001405476,0.01489874,87.26074219,83.30931026,175.5873534,147.1558833,566538268,2.41983E+13,0.213407976,-1.17759E+11,-1.93009E+11,-2.2968E+11,-1.73382E+11,6890.589844,51325.60938,28287.5293,1424.01001,99.52999878,16.92000008,31422.526,22245.1,4.11,3.61,324.245,4.4,5.63912E+14,118.8476814,3.05,2.732,0.5,0.31799984
2025-10-31,0.005030308,0.012763793,85.42429897,86.85289453,179.1552018,153.555747,408275232,2.29504E+13,-0.279351008,1.31637E+12,1.166E+12,-62375553323,-1.56747E+11,6822.339844,52411.33984,28233.34961,1424.02002,99.80000305,16.90999985,31422.526,22245.1,4.11,3.6,324.245,4.4,5.63912E+14,118.8476814,3.061,2.716,0.51,0.34500003
2025-11-03,0.027463615,0.013356311,85.65072196,91.19504368,189.0324119,160.65108,472676323,2.27287E+13,0.157739402,-7.9638E+11,4.27711E+11,-56410667374,-33198223741,6840.200195,52411.33984,28334.58984,1427.170044,99.87000275,17.44000053,31422.526,22277.5,4.13,3.61,325.063,4.5,5.63912E+14,118.8476814,3.086,2.741,0.52,0.34500003
2025-11-04,-0.024002724,0.015209461,86.41786412,78.81981738,186.6291824,165.8467005,423542560,2.07857E+13,-0.10394801,-2.23493E+12,-51385373466,-1.16612E+11,-1.19547E+11,6851.970215,51497.19922,28116.56055,1428.969971,100.2200012,17.17000008,31422.526,22277.5,4.1,3.59,325.063,4.5,5.63912E+14,118.8476814,3.082,2.729,0.51,0.35299993
2025-11-05,-0.02887673,0.017438493,98.04929897,65.38704858,173.2605966,167.3294797,594162840,2.91862E+13,0.402840933,-2.06996E+12,87405093093,-57809224195,58251975721,6771.549805,50212.26953,27717.06055,1439.810059,100.1999969,19,31422.526,22277.5,4.17,3.65,325.063,4.5,5.63912E+14,118.8476814,3.125,2.767,0.52,0.35800004
2025-11-06,0.005486351,0.016837797,101.897147,66.25933683,162.5695349,166.3774907,423420832,2.14839E+13,-0.287365679,-1.70002E+12,5.87947E+11,1.89469E+11,-36805466458,6796.290039,50883.67969,27899.44922,1439.73999,99.73000336,18.01000023,31422.526,22277.5,4.11,3.58,325.063,4.5,5.63912E+14,118.8476814,3.203,2.834,0.53,0.36899996
2025-11-07,-0.018218055,0.017484093,106.4671456,58.08142443,146.5420749,162.4104076,377049668,1.87943E+13,-0.109515547,-4.6251E+11,1.63972E+11,-1.37386E+11,-68751991674,6720.319824,50276.37109,27651.41016,1447.900024,99.59999847,19.5,31422.526,22277.5,4.11,3.57,325.063,4.5,5.63912E+14,118.8476814,3.226,2.894,0.54,0.33200002
2025-11-10,0.029771722,0.018118836,110.8085589,62.84559712,141.8461195,158.2975499,339514007,1.66857E+13,-0.099550972,-1.45214E+11,9.22251E+11,1.32992E+11,64813593813,6728.799805,50911.76172,27869.50977,1454,99.62000275,19.07999992,31422.526,22277.5,4.13,3.56,325.063,4.5,5.63912E+14,118.8476814,3.23,2.865,0.57,0.365
2025-11-11,0.008105581,0.017869927,113.0742711,61.79520977,139.1949283,154.4770256,377553974,2.01188E+13,0.112042408,74380943249,3.67029E+11,22061694723,-89869861481,6832.430176,50842.92969,27784.94922,1456.089966,99.45999908,17.60000038,31422.526,22277.5,4.13,3.56,325.063,4.5,5.63912E+14,118.8476814,3.201,2.831,0.57,0.3699999
2025-11-12,0.010658008,0.017310659,112.0657087,66.04452123,139.0414887,151.3899182,334584453,1.56707E+13,-0.113810273,-4.26302E+11,8.68655E+11,13870437898,-45197406554,6846.609863,51063.30859,27947.08984,1459.839966,99.48000336,17.28000069,31422.526,22277.5,4.08,3.55,325.063,4.5,5.63912E+14,118.8476814,3.282,2.923,0.53,0.35899997
2025-11-13,0.004864737,0.016767943,109.150722,63.10055882,138.9513207,148.9021987,424188608,1.7517E+13,0.267807288,9.99718E+11,-7.43483E+11,1421739128,27502984530,6850.919922,51281.82813,27903.56055,1468.02002,99.18000031,17.51000023,31422.526,22277.5,4.11,3.57,325.063,4.5,5.63912E+14,118.8476814,3.267,2.932,0.54,0.33500004
2025-11-14,-0.038884373,0.01945914,113.2928641,48.32292526,124.6086533,144.0434896,399992380,1.79686E+13,-0.057041202,-2.36678E+12,-6.55162E+11,-44878847933,-6664717015,6737.490234,50376.53125,27397.5,1468.709961,99.26999664,20,31422.526,22277.5,4.14,3.61,325.063,4.5,5.63912E+14,118.8476814,3.317,2.944,0.53,0.3729999
2025-11-17,0.019178876,0.019530515,113.8671352,54.03381404,118.1481687,138.8644254,344096599,1.4353E+13,-0.139742115,5.18285E+11,5964690486,30020117961,-46707925574,6734.109863,50323.91016,27447.31055,1446.530029,99.58999634,19.82999992,31422.526,22277.5,4.13,3.6,325.063,4.5,5.63912E+14,118.8476814,3.301,2.914,0.53,0.38700008
2025-11-18,-0.033729935,0.021232022,118.3178362,43.88129123,100.9206398,131.2756683,319659628,1.40775E+13,-0.071017764,-5.52107E+11,-4.28743E+11,-43108537347,-59361695503,6672.410156,48702.98047,26756.11914,1461.689941,99.55000305,22.37999916,31422.526,22277.5,4.12,3.58,325.063,4.5,5.63912E+14,118.8476814,3.268,2.872,0.54,0.3959999
2025-11-19,-0.006116906,0.021039178,120.8721052,42.57992066,84.34988194,121.890511,338241537,1.45869E+13,0.058130297,-1.05116E+12,4.61083E+11,88744183243,5891802893,6617.319824,48537.69922,26580.11914,1456.550049,100.2300034,24.69000053,31422.526,22277.5,4.13,3.59,325.063,4.5,5.63912E+14,118.8476814,3.281,2.869,0.54,0.41199994
2025-11-20,0.018991412,0.021272897,125.6942662,45.39781461,76.41587772,112.7955844,360281733,1.51436E+13,0.065161116,7.44766E+11,7.47613E+11,17378732171,-31443822134,6642.160156,49823.94141,27426.35938,1466.130005,100.1600037,23.65999985,31422.526,22277.5,4.1,3.56,325.063,4.5,5.63912E+14,118.8476814,3.325,2.908,0.54,0.41700006
2025-11-21,-0.038586605,0.022402341,129.4064244,34.0075438,57.23628475,101.6837245,319324121,1.41669E+13,-0.113682178,-2.8308E+12,4.11542E+11,-59779950043,85078446938,6538.759766,48625.87891,26434.93945,1473.25,100.1800003,26.42000008,31422.526,22277.5,4.06,3.5,325.063,4.5,5.63912E+14,118.8476814,3.271,2.872,0.56,0.39899993
2025-11-24,-0.001870283,0.021517397,127.272147,36.99032719,40.98291768,89.5435631,373120108,2.14113E+13,0.168468285,-7.95651E+11,1.10949E+12,63408149900,-22807985903,6602.990234,48625.87891,26504.24023,1467.72998,100.1399994,23.43000031,31422.526,22277.5,4.04,3.49,325.063,4.5,5.63912E+14,118.8476814,3.289,2.904,0.55,0.385
2025-11-25,0.003042633,0.021509607,117.224278,42.3138239,28.71668283,77.37818705,279293988,1.32758E+13,-0.251463585,-1710358096,19658363074,7340226117,-61109799874,6705.120117,48659.51953,26912.16992,1474.859985,99.66000366,20.52000046,31422.526,22277.5,4.01,3.46,325.063,4.5,5.63912E+14,118.8476814,3.264,2.902,0.55,0.362
2025-11-26,0.026371832,0.02201778,115.5400042,46.83183005,27.00283994,67.30311762,295326951,1.57777E+13,0.057405328,5.235E+11,1.03762E+12,1.05238E+11,36174018808,6765.879883,49559.07031,27409.53906,1464.920044,99.59999847,18.55999947,31422.526,22277.5,4,3.47,325.063,4.5,5.63912E+14,118.8476814,3.251,2.895,0.53,0.35599995
2025-11-27,0.006552745,0.022083462,109.2728446,51.67706718,27.42960946,59.32841599,257854943,1.3009E+13,-0.12688313,1.5774E+11,3.26073E+11,72932154287,-562761869,6812.609863,50167.10156,27554.5293,1470.589966,99.59999847,17.19000053,31422.526,22277.5,4,3.47,325.063,4.5,5.63912E+14,118.8476814,3.351,3.013,0.53,0.33800006
2025-11-28,-0.015245086,0.022245334,104.5771484,42.10854893,22.63954708,51.99064221,241922807,1.19273E+13,-0.061787204,-2.04103E+12,8.39176E+11,-70695237508,-1.36734E+11,6812.609863,50253.91016,27626.48047,1461.400024,99.45999908,17.19000053,31422.526,22277.5,4.02,3.49,325.063,4.5,5.63912E+14,118.8476814,3.344,2.991,0.53,0.35300016
2025-12-01,-0.00158532,0.021123034,102.0307268,39.69120342,18.13246866,45.2190075,296914679,1.18056E+13,0.227311648,2.23582E+11,-68894937864,29097125833,-96241820989,6849.089844,49303.28125,27342.5293,1465.619995,99.41000366,16.35000038,31422.526,22353.6,4.09,3.55,326.031,4.4,5.63912E+14,118.8476814,3.387,3.045,0.54,0.342
2025-12-02,0.018839973,0.021128601,102.6592843,41.66700473,20.34243552,40.2436931,319034908,1.24392E+13,0.074500288,1.22059E+12,2.47529E+11,33839413485,70784814352,6812.629883,49303.44922,27564.26953,1470.170044,99.36000061,17.23999977,31422.526,22353.6,4.09,3.54,326.031,4.4,5.63912E+14,118.8476814,3.346,3.022,0.55,0.32399988
2025-12-03,0.010302403,0.020261312,102.6857038,42.95913157,25.14224869,37.22340422,290896486,1.33757E+13,-0.088198568,2.82947E+11,4.87271E+11,38087894573,62672496011,6829.370117,49864.67969,27793.03906,1467.359985,98.84999847,16.59000015,31422.526,22353.6,4.06,3.5,326.031,4.4,5.63912E+14,118.8476814,3.368,3.041,0.56,0.32700014
2025-12-04,-0.00193186,0.020231109,95.15213449,51.05523811,27.99483711,35.3776908,352043273,1.37162E+13,0.210201188,-6.97837E+11,1.07091E+11,-27535762591,52221708705,6849.720215,51028.42188,27795.71094,1465.030029,98.98999786,16.07999992,31422.526,22353.6,4.11,3.55,326.031,4.4,5.63912E+14,118.8476814,3.376,3.025,0.56,0.35099983
2025-12-05,0.017602538,0.020116269,96.46998814,50.67793722,35.6176198,35.4256766,478512573,1.63088E+13,0.359243621,1.00056E+12,8.4902E+11,85404353976,5782407832,6857.120117,50491.87109,27980.89063,1472.380005,98.98999786,15.77999973,31422.526,22353.6,4.14,3.59,326.031,4.4,5.63912E+14,118.8476814,3.358,2.994,0.55,0.36400008
2025-12-08,0.013277229,0.019228371,92.01285226,64.05846085,45.55551998,37.45164527,395582936,1.52078E+13,-0.173307122,3.22693E+11,-1.40826E+11,40683727865,-15317346495,6870.399902,50581.94141,28303.7793,1471.810059,99.08999634,15.40999985,31422.526,22353.6,4.17,3.59,326.031,4.4,5.63912E+14,118.8476814,3.401,3.034,0.58,0.3670001
2025-12-09,-0.002723489,0.019169893,86.43786621,65.22591027,51.92102501,40.34552122,400643400,1.33288E+13,0.012792422,-90993089901,-98306205656,12330272182,99608405445,6846.509766,50655.10156,28182.59961,1468.51001,99.22000122,16.65999985,31422.526,22353.6,4.18,3.62,326.031,4.4,5.63912E+14,118.8476814,3.453,3.084,0.56,0.36899996
2025-12-10,-0.002065533,0.019023879,80.66500419,60.23046537,55.63451576,43.40332013,317901549,1.26258E+13,-0.206522436,3.73684E+11,-1.02262E+11,-95850854610,15652810287,6840.509766,50602.80078,28400.73047,1467.930054,98.79000092,16.93000031,31422.526,22353.6,4.13,3.56,326.031,4.4,5.63912E+14,118.8476814,3.371,3.095,0.57,0.27600002
2025-12-11,-0.005913431,0.019025941,73.60641044,75.28693308,55.9651003,45.91567616,539843372,2.03084E+13,0.698146403,3.64976E+11,-6.88191E+11,-20114981877,-17402709778,6886.680176,50148.82031,28024.75,1469.040039,98.34999847,15.77000046,31422.526,22353.6,4.14,3.55,326.031,4.4,5.63912E+14,118.8476814,3.378,3.101,0.59,0.27699995
2025-12-12,0.013660889,0.016999183,72.07711356,78.76108478,60.09664287,48.75186951,426616335,1.65458E+13,-0.209740534,46940837270,1.43875E+12,-83159725562,89195037509,6901,50836.55078,28198.01953,1470.849976,98.40000153,14.85000038,31422.526,22353.6,4.19,3.58,326.031,4.4,5.63912E+14,118.8476814,3.409,3.093,0.61,0.31599998
2025-12-15,-0.018545551,0.0170741,72.16641671,68.68250151,56.54059079,50.30961376,346844575,1.54383E+13,-0.18698712,-9.59904E+11,-3.91976E+11,-52542669797,1.16583E+11,6827.410156,50168.10938,27866.93945,1472.910034,98.15000153,15.73999977,31422.526,22353.6,4.18,3.56,326.031,4.4,5.63912E+14,118.8476814,3.325,3,0.62,0.32500005
2025-12-16,-0.022612427,0.016069,72.14425223,53.12866097,45.81420211,49.41053143,373989521,1.65256E+13,0.078262565,-1.03504E+12,1.4811E+11,-2.45897E+11,13731755436,6816.509766,49383.28906,27536.66016,1467.47998,98.15000153,16.5,31422.526,22353.6,4.15,3.52,326.031,4.4,5.63912E+14,118.8476814,3.313,2.999,0.63,0.3139999
2025-12-17,0.014221516,0.016265749,72.36141532,55.40704402,41.45758424,47.81994199,360955505,1.29683E+13,-0.034851287,-27789783436,3.79395E+11,-19550443221,-28662042049,6800.259766,49512.28125,27525.16992,1471.73999,98.37000275,16.47999954,31422.526,22353.6,4.16,3.53,326.031,4.4,5.63912E+14,118.8476814,3.324,2.996,0.63,0.32799983
2025-12-18,-0.015377404,0.016145528,72.89711217,55.27115568,32.63394458,44.78274251,581445413,1.30776E+13,0.610850659,-3.4677E+11,1.56281E+11,-70579014311,-84632417818,6721.430176,49001.5,27468.5293,1474,98.43000031,17.62000084,31422.526,22353.6,4.12,3.5,326.031,4.4,5.63912E+14,118.8476814,3.312,2.967,0.62,0.34500003
2025-12-19,0.006497801,0.01340896,71.18568638,57.54275712,27.42620786,41.31143558,442664473,1.64704E+13,-0.238682664,-7.47131E+11,9.64184E+11,-25140822642,-41242101262,6774.759766,49507.21094,27696.34961,1474.359985,98.59999847,16.87000084,31422.526,22353.6,4.16,3.53,326.031,4.4,5.63912E+14,118.8476814,3.342,3.01,0.63,0.33200002
2025-12-22,0.021013592,0.014012849,71.95856585,58.22345086,29.84447317,39.0180431,315627058,1.30137E+13,-0.286983534,1.11403E+12,1.6221E+12,-34261909288,22809936437,6834.5,50402.39063,28149.64063,1473.719971,98.29000092,14.90999985,31422.526,22353.6,4.17,3.56,326.031,4.4,5.63912E+14,118.8476814,3.359,2.999,0.61,0.3599999
2025-12-23,0.002770111,0.014013213,69.80425153,56.28138021,32.30759347,37.67595317,385848331,1.34607E+13,0.222481791,9.54343E+11,5.33262E+11,-1.21146E+11,-37383279005,6878.490234,50412.87109,28310.4707,1476.839966,97.94000244,14.07999992,31422.526,22353.6,4.18,3.58,326.031,4.4,5.63912E+14,118.8476814,3.379,2.963,0.6,0.4159999
2025-12-24,-0.002115189,0.012947136,68.14854213,56.20210644,33.17521715,36.77580597,363613812,1.2115E+13,-0.057625023,5.21577E+11,2.52283E+11,-26143810406,32658143047,6909.790039,50344.10156,28371.98047,1478.670044,97.98000336,14,31422.526,22353.6,4.15,3.56,326.031,4.4,5.63912E+14,118.8476814,3.345,2.939,0.59,0.40600014
2025-12-26,0.00511273,0.012923479,63.70284598,52.48848293,35.15691881,36.45202854,510161651,1.62736E+13,0.403031552,1.78069E+12,5.29332E+11,-23628157217,-97501817252,6932.049805,50750.39063,28556.01953,1446.52002,98.01999664,13.47000027,31422.526,22353.6,4.14,3.54,326.031,4.4,5.63912E+14,118.8476814,3.374,2.958,0.6,0.41600013
2025-12-29,0.02176787,0.013010148,64.93783133,55.20326825,43.55856268,37.87333536,502393980,1.45352E+13,-0.015225901,3.35561E+11,-3.63552E+11,23932814520,37891796466,6929.939941,50526.92188,28810.89063,1441.329956,98.04000092,13.60000038,31422.526,22353.6,4.12,3.51,326.031,4.4,5.63912E+14,118.8476814,3.354,2.939,0.61,0.4150002
2025-12-30,-0.001515197,0.013008684,65.34994071,55.63590708,49.13489883,40.12564806,408198125,1.32135E+13,-0.187493996,-4.88565E+11,-2.28969E+11,-24765470947,-1.08411E+11,6905.740234,50339.48047,28707.13086,1434.709961,98.23999786,14.19999981,31422.526,22353.6,4.14,3.5,326.031,4.4,5.63912E+14,118.8476814,3.385,2.952,0.64,0.4330001
2026-01-02,0.022399389,0.013250071,68.94564383,62.23875918,60.55892091,44.21230263,406339246,1.75218E+13,-0.004553865,6.44674E+11,-1.13813E+11,-72899009835,-19584573734,6896.240234,50339.48047,29349.81055,1443.640015,98.41999817,14.32999992,31856.257,22429.3,4.19,3.55,326.588,4.3,5.63912E+14,118.8476814,3.386,2.935,0.64,0.45099998
2026-01-05,0.033740536,0.014801881,74.68280901,70.72430082,80.6167392,51.49318994,513869696,2.27838E+13,0.264632203,2.18076E+12,-50824024231,-2.58789E+11,-1.56431E+11,6858.470215,51832.80078,30105.03906,1440.47998,98.26999664,14.51000023,31856.257,22429.3,4.17,3.53,326.588,4.3,5.63912E+14,118.8476814,3.396,2.933,0.64,0.46299982
2026-01-06,0.015131083,0.014875102,79.89210728,71.11838618,100.8341522,61.3613824,498391270,2.55182E+13,-0.030121305,-6.30216E+11,1.69737E+11,-1.02988E+11,-72388513137,6902.049805,52518.07813,30576.30078,1445.560059,98.58000183,14.89999962,31856.257,22429.3,4.18,3.54,326.588,4.3,5.63912E+14,118.8476814,3.398,2.948,0.64,0.45000005
2026-01-07,0.005636541,0.014614455,80.53566197,78.87430202,117.5654746,72.60220085,553653981,2.91399E+13,0.110882181,1.25214E+12,-3.59417E+11,-2.08994E+11,-94664134975,6944.819824,51961.98047,30435.4707,1444.959961,98.68000031,14.75,31856.257,22429.3,4.15,3.53,326.588,4.3,5.63912E+14,118.8476814,3.354,2.91,0.62,0.444
2026-01-08,0.000287816,0.01452581,79.96709333,89.11374454,129.4387892,83.96951852,440086040,2.7477E+13,-0.205124401,-1.06596E+11,-8.54695E+11,-1.85255E+11,-1.50976E+11,6920.930176,51117.26172,30360.55078,1446.140015,98.93000031,15.38000011,31856.257,22429.3,4.19,3.56,326.588,4.3,5.63912E+14,118.8476814,3.341,2.902,0.63,0.43900013
2026-01-09,0.007429919,0.014434685,81.67850167,88.74236893,139.9743964,95.1704941,399219985,2.34788E+13,-0.09285924,-1.61132E+12,1.16545E+12,30207520740,52729192651,6921.459961,51939.89063,30288.96094,1450.079956,99.12999725,15.44999981,31856.257,22429.3,4.18,3.59,326.588,4.3,5.63912E+14,118.8476814,3.386,2.942,0.59,0.444
2026-01-12,0.008353052,0.014351137,81.96995326,97.71525146,149.7024888,106.076893,394752880,2.30738E+13,-0.011189583,-3.52282E+11,5.68208E+11,68006389349,-50105642889,6966.279785,51939.89063,30567.28906,1455.23999,98.86000061,14.48999977,31856.257,22429.3,4.19,3.59,326.588,4.3,5.63912E+14,118.8476814,3.392,2.98,0.6,0.41199994
2026-01-13,0.01456438,0.014216552,82.47065081,97.85127535,161.0307457,117.0676636,429151090,2.52406E+13,0.087138592,-2.78948E+11,7.76853E+11,1.15893E+11,2228284302,6977.27002,53549.16016,30707.2207,1464.930054,99.12999725,15.11999989,31856.257,22429.3,4.18,3.57,326.588,4.3,5.63912E+14,118.8476814,3.412,3.003,0.61,0.40899992
2026-01-14,0.006470031,0.014119742,80.21351842,97.66898079,170.5009069,127.7543122,550416487,2.42175E+13,0.282570404,-3.7805E+11,6.04532E+11,-9543628245,14937573779,6963.740234,54341.23047,30941.7793,1473.01001,99.12999725,15.97999954,31856.257,22429.3,4.15,3.56,326.588,4.3,5.63912E+14,118.8476814,3.418,2.996,0.59,0.42199993
2026-01-15,0.015639946,0.012981984,84.29924665,97.8758955,181.9165265,138.5867551,545175207,2.38261E+13,-0.009522389,3.53033E+11,1.45773E+12,5505542209,-31187586300,6926.600098,54110.5,30810.58008,1462.900024,99.31999969,16.75,31856.257,22429.3,4.17,3.62,326.588,4.3,5.63912E+14,118.8476814,3.493,3.09,0.55,0.40300012
2026-01-16,0.00896232,0.010804256,86.2621024,99.14214883,192.2326557,149.3159352,720905827,2.69482E+13,0.322337879,4.3676E+11,5.11408E+11,20716797370,-90074934450,6944.470215,53936.17188,31408.69922,1468.839966,99.38999939,15.84000015,31856.257,22429.3,4.24,3.67,326.588,4.3,5.63912E+14,118.8476814,3.488,3.08,0.57,0.408
2026-01-19,0.013118155,0.010781939,90.183524,99.18882215,203.2234326,160.0974347,570841030,2.52147E+13,-0.208161443,5.49073E+11,2.05387E+11,-40148109337,-1.188E+11,6940.009766,53583.57031,31639.28906,1471.579956,99.38999939,15.85999966,31856.257,22429.3,4.24,3.67,326.588,4.3,5.63912E+14,118.8476814,3.565,3.13,0.57,0.43499994
2026-01-20,-0.003863001,0.00962983,91.66353934,96.46540545,208.0100011,169.679948,667709207,2.71488E+13,0.169693788,1.15994E+11,-2.08878E+11,-87352942950,-1.7294E+11,6940.009766,52991.10156,31759.99023,1471.52002,98.63999939,15.85999966,31856.257,22429.3,4.3,3.68,326.588,4.3,5.63912E+14,118.8476814,3.653,3.191,0.62,0.46200013
2026-01-21,0.004936916,0.00966656,96.23500279,97.42221139,211.3185802,178.0076744,600101467,3.0093E+13,-0.101253269,4.45737E+11,2.9464E+11,-911081273,-56424073332,6796.859863,52774.64063,31246.36914,1477.780029,98.76000214,20.09000015,31856.257,22429.3,4.26,3.66,326.588,4.3,5.63912E+14,118.8476814,3.602,3.138,0.6,0.464
2026-01-22,0.008638793,0.00931356,96.96571568,97.22203692,214.9008423,185.386308,568624077,3.29196E+13,-0.052453446,-2.47776E+11,3.16129E+11,-19319038527,-2.0491E+11,6875.620117,53688.89063,31746.08008,1464.829956,98.36000061,16.89999962,31856.257,22429.3,4.26,3.68,326.588,4.3,5.63912E+14,118.8476814,3.558,3.109,0.58,0.44900012
2026-01-23,0.007551389,0.009195765,93.18139648,96.68458152,218.2530924,191.9596649,612601752,3.00171E+13,0.077340508,1.45085E+11,9.28968E+11,-85111772219,-2.71899E+11,6913.350098,53846.87109,31961.50977,1463.26001,97.59999847,15.64000034,31856.257,22429.3,4.24,3.67,326.588,4.3,5.63912E+14,118.8476814,3.59,3.137,0.57,0.45299983
2026-01-26,-0.008145189,0.009686281,89.78853934,89.06037655,215.1631123,196.6003544,446903055,2.2843E+13,-0.270483551,-1.66444E+11,-9.52834E+11,-1.9499E+11,-1.73034E+11,6915.609863,52885.25,32064.51953,1444.810059,97.04000092,16.09000015,31856.257,22429.3,4.22,3.66,326.588,4.3,5.63912E+14,118.8476814,3.544,3.096,0.56,0.44799995
2026-01-27,0.026960836,0.010394044,94.832101,90.89904404,221.0801781,201.4963191,476155582,2.84964E+13,0.065456091,8.45297E+11,5.69523E+11,-2.10512E+11,-57240611682,6950.22998,53333.53906,32317.91992,1440.97998,96.22000122,16.14999962,31856.257,22429.3,4.24,3.65,326.588,4.3,5.63912E+14,118.8476814,3.53,3.094,0.59,0.43599987
2026-01-28,0.016763811,0.010163757,95.10138811,91.94404392,230.0538286,207.207821,593108778,3.08565E+13,0.24561971,3.93158E+11,-5.71014E+11,-1.45127E+11,-90013754751,6978.600098,53358.71094,32803.82031,1432.51001,96.44999695,16.35000038,31856.257,22429.3,4.26,3.66,326.588,4.3,5.63912E+14,118.8476814,3.518,3.067,0.6,0.45099998
2026-01-29,0.009707476,0.009788526,101.5256696,92.12029808,238.4864694,213.4635507,699659390,3.58702E+13,0.179647673,-1.4923E+12,1.56905E+11,-1.17545E+11,-1.1968E+11,6978.029785,53375.60156,32536.26953,1429.27002,96.27999878,16.35000038,31856.257,22429.3,4.24,3.63,326.588,4.3,5.63912E+14,118.8476814,3.557,3.106,0.61,0.45099998
2026-01-30,0.000595439,0.009631541,104.1621094,91.73242449,242.6235249,219.2955455,862540604,3.54934E+13,0.232800726,-1.97922E+12,-30925756867,-1.27843E+11,-30656185831,6969.009766,53322.85156,32063.75,1428.76001,96.98999786,16.87999916,31856.257,22429.3,4.26,3.6,326.588,4.3,5.63912E+14,118.8476814,3.607,3.138,0.66,0.4690001
2026-02-02,-0.054011384,0.015969382,120.0549665,63.89064957,221.1872794,219.6738923,572544402,3.20906E+13,-0.336211653,-2.53301E+12,-2.17553E+12,25161573975,-39924652613,6939.029785,52655.17969,31624.0293,1448.800049,97.61000061,17.44000053,31856.257,22627.3,4.29,3.64,327.46,4.4,5.63912E+14,118.8476814,3.603,3.152,0.65,0.45099998
2026-02-03,0.066134354,0.020933466,140.3856724,72.90818228,228.8675294,221.5126197,672610151,3.0016E+13,0.174773779,7.17003E+11,1.45134E+12,3.45242E+11,95780604221,6976.439941,54720.66016,32195.35938,1452.540039,97.44000244,16.34000015,31856.257,22627.3,4.28,3.64,327.46,4.4,5.63912E+14,118.8476814,3.661,3.189,0.64,0.47200012
2026-02-04,0.015577502,0.02099765,143.3642578,73.09517059,238.8993219,224.9899602,789920328,3.04335E+13,0.174410358,-9.37831E+11,1.49447E+12,97387857906,29002873357,6917.810059,54293.35938,32289.81055,1446.680054,97.62000275,18,31856.257,22627.3,4.29,3.64,327.46,4.4,5.63912E+14,118.8476814,3.712,3.212,0.65,0.5
2026-02-05,-0.039404581,0.023517723,155.5671038,61.48001574,227.4813675,225.4882416,911910087,3.23856E+13,0.154432991,-5.03846E+12,-1.88286E+12,-37381490389,-98472024855,6882.720215,53818.03906,31801.26953,1460.109985,97.81999969,18.63999939,31856.257,22627.3,4.21,3.55,327.46,4.4,5.63912E+14,118.8476814,3.687,3.204,0.66,0.48300004
2026-02-06,-0.014519282,0.023969955,168.0563965,56.51154815,210.0058855,222.3917704,745763942,2.99123E+13,-0.182195753,-3.32769E+12,5.78179E+11,1.5641E+11,1.323E+11,6798.399902,54253.67969,31782.91992,1470.680054,97.62999725,21.77000046,31856.257,22627.3,4.22,3.57,327.46,4.4,5.63912E+14,118.8476814,3.71,3.233,0.65,0.477
2026-02-09,0.040228064,0.025217726,176.7428153,62.83153619,210.5854188,220.0305001,617657784,2.64541E+13,-0.171778429,4.38874E+11,2.42443E+12,1.9536E+11,-86295633100,6932.299805,56363.94141,32404.61914,1462.400024,96.81999969,20.37000084,31856.257,22627.3,4.22,3.56,327.46,4.4,5.63912E+14,118.8476814,3.754,3.267,0.66,0.487
2026-02-10,0.000688678,0.025183585,174.8528181,62.35040798,208.9307955,217.8105592,712267871,2.32759E+13,0.153175576,1.46939E+11,7.44202E+11,-42186713608,-97722886851,6964.819824,57650.53906,33072.96875,1458.540039,96.80000305,17.36000061,31856.257,22627.3,4.16,3.5,327.46,4.4,5.63912E+14,118.8476814,3.681,3.224,0.66,0.45700002
2026-02-11,0.009909878,0.025197976,175.3592704,62.59100861,209.4654497,216.1415373,753767377,2.56259E+13,0.058263903,8.57205E+11,5.22333E+11,98025004975,-26289554822,6941.810059,57650.53906,33605.71094,1455.329956,96.83000183,17.79000092,31856.257,22627.3,4.18,3.55,327.46,4.4,5.63912E+14,118.8476814,3.639,3.2,0.63,0.4389999
2026-02-12,0.030853506,0.025719842,180.5642787,65.41304772,220.8814101,217.0895118,750614562,3.23226E+13,-0.004182743,3.00789E+12,1.08159E+12,1.49066E+11,72185511544,6941.470215,57639.83984,33605.71094,1444.189941,96.93000031,17.64999962,31856.257,22627.3,4.09,3.49,327.46,4.4,5.63912E+14,118.8476814,3.618,3.154,0.6,0.464
2026-02-13,-0.002767228,0.025807146,181.9814453,66.38275155,226.0910293,218.8898153,1290658558,3.0821E+13,0.719469117,-9.26809E+11,1.80956E+11,-93212124766,56325913582,6832.759766,56941.96875,33605.71094,1440.900024,96.87999725,20.81999969,31856.257,22627.3,4.04,3.43,327.46,4.4,5.63912E+14,118.8476814,3.571,3.142,0.61,0.42900014
2026-02-19,0.030445177,0.026328431,180.5893206,67.06004507,241.1765214,223.3471565,1185838197,2.8946E+13,-0.081214633,-9.34502E+11,1.66906E+12,59738858025,15370491816,6836.169922,57467.82813,33605.71094,1440.160034,97.93000031,20.60000038,31856.257,22627.3,4.08,3.5,327.46,4.4,5.63912E+14,118.8476814,3.588,3.178,0.58,0.4100001
2026-02-20,0.022860529,0.026409326,183.0229143,67.89799029,260.7196503,230.8216553,1749302679,3.31197E+13,0.475161353,-7.44055E+11,1.93507E+12,-52697642592,-1.42174E+11,6861.890137,56825.69922,33605.71094,1447.75,97.80000305,20.22999954,31856.257,22627.3,4.08,3.5,327.46,4.4,5.63912E+14,118.8476814,3.54,3.143,0.58,0.39700007
2026-02-23,0.006445545,0.026400315,180.1515067,67.66421439,276.0562984,239.8685839,1477788942,3.20441E+13,-0.155212554,-1.11092E+12,5.32967E+11,-1.68727E+11,-2.6853E+11,6909.509766,56825.69922,33773.26172,1443.439941,97.69999695,19.09000015,31856.257,22627.3,4.03,3.45,327.46,4.4,5.63912E+14,118.8476814,3.578,3.154,0.58,0.42400002
2026-02-24,0.020913612,0.026540496,185.3036412,69.72579647,294.7821139,250.8512899,1602004836,3.13727E+13,0.084055233,-1.90307E+11,2.66686E+12,-1.45061E+11,-71765712033,6837.75,57321.08984,34700.82031,1442.199951,97.87999725,21.01000023,31856.257,22627.3,4.04,3.47,327.46,4.4,5.63912E+14,118.8476814,3.593,3.158,0.57,0.43499994
2026-02-25,0.018952694,0.026622388,177.038644,82.80602841,315.2055416,263.7221402,1415254864,3.52846E+13,-0.116572664,-1.3057E+12,1.9937E+12,-3.0744E+11,74951696394,6890.069824,58583.12109,35413.07031,1439.98999,97.69999695,19.54999924,31856.257,22627.3,4.05,3.49,327.46,4.4,5.63912E+14,118.8476814,3.556,3.124,0.56,0.43199992
2026-02-26,0.036063599,0.026878505,169.2529297,81.58065068,345.4366096,280.0650341,1409623229,3.893E+13,-0.003979237,-2.11056E+12,1.63714E+12,53949815743,-98071995959,6946.129883,58753.39063,35414.48828,1426.930054,97.79000092,17.93000031,31856.257,22627.3,4.02,3.46,327.46,4.4,5.63912E+14,118.8476814,3.47,3.062,0.56,0.408
2026-02-27,-0.010061136,0.027076734,173.5193569,77.38916134,360.1484996,296.0817272,1166057975,5.49393E+13,-0.172787486,-7.08117E+12,1.10433E+12,-2.25712E+11,-2.28321E+11,6908.859863,58850.26953,35414.48828,1432.319946,97.61000061,18.62999916,31856.257,22627.3,3.97,3.39,327.46,4.4,5.63912E+14,118.8476814,3.446,3.041,0.58,0.4050002
2026-03-03,-0.07517966,0.033060087,189.4893624,67.08895455,331.4961447,303.1646107,1227193147,5.28006E+13,0.05242893,-5.17369E+12,-7.28289E+11,-49526905291,41182772768,6878.879883,56279.05078,34323.64844,1452.27002,99.05000305,19.86000061,31856.257,22686,4.06,3.5,330.293,4.3,5.63912E+14,118.8476814,3.594,3.18,0.56,0.41400003
2026-03-04,-0.128489065,0.044600159,222.9315011,50.08934246,249.559548,292.4435982,1637605952,6.28827E+13,0.334432119,2.36681E+11,-5.83022E+11,-1.28662E+11,-72745993641,6816.629883,54245.53906,32828.87891,1483.069946,98.76999664,23.56999969,31856.257,22686,4.09,3.55,330.293,4.3,5.63912E+14,118.8476814,3.632,3.223,0.54,0.40899992
2026-03-05,0.091914362,0.049231669,250.6850586,55.20911986,221.6372513,278.2823288,1660710447,4.5309E+13,0.014108702,-1.56998E+11,-1.22341E+12,-1.09227E+11,-87153061190,6869.5,55278.05859,33672.94141,1460.75,99.31999969,21.14999962,31856.257,22686,4.13,3.59,330.293,4.3,5.63912E+14,118.8476814,3.589,3.189,0.54,0.4000001
2026-03-06,0.000173737,0.047365742,261.5250419,55.16533346,197.3124235,262.0883477,1223019737,3.14025E+13,-0.263556306,-1.95112E+12,-5.97543E+11,-1.78422E+11,-1.74753E+11,6830.709961,55620.83984,33599.53906,1479.51001,98.98999786,23.75,31856.257,22686,4.15,3.59,330.293,4.3,5.63912E+14,118.8476814,3.616,3.227,0.56,0.38899994
2026-03-09,-0.061476951,0.047439141,288.097168,48.30175641,149.4418327,239.5590447,1026237730,3.31639E+13,-0.160898472,-3.19793E+12,-1.17134E+12,-1.99264E+11,-1.01981E+11,6740.02002,52728.71875,32110.41992,1483.890015,99.18000031,29.48999977,31856.257,22686,4.12,3.58,330.293,4.3,5.63912E+14,118.8476814,3.739,3.42,0.54,0.319
2026-03-10,0.052071806,0.048767044,300.6850237,50.16462724,132.6269397,218.1726237,923209866,2.87133E+13,-0.10039376,1.03442E+12,7.44753E+11,68223391071,-9321369642,6795.990234,54248.39063,32771.87109,1464.469971,98.83000183,25.5,31856.257,22686,4.15,3.58,330.293,4.3,5.63912E+14,118.8476814,3.629,3.283,0.57,0.34599996
2026-03-11,0.01388581,0.04786302,308.6100028,51.61025555,124.1126563,199.3606302,1050946314,2.66192E+13,0.138361225,-2.54749E+11,7.25399E+11,34574324791,-89339267070,6781.47998,55025.37109,34114.19141,1472.780029,99.23000336,24.93000031,31856.257,22686,4.21,3.64,330.293,4.3,5.63912E+14,118.8476814,3.608,3.253,0.57,0.35500002
2026-03-12,-0.004770798,0.047712338,303.3928223,48.4604602,113.8976021,182.2680246,801306208,2.36982E+13,-0.2375384,-2.39111E+12,-74636557600,75972781322,-37404675330,6775.799805,54452.96094,33581.85938,1475.339966,99.73999786,24.22999954,31856.257,22686,4.27,3.75,330.293,4.3,5.63912E+14,118.8476814,3.649,3.271,0.52,0.37800002
2026-03-13,-0.017345605,0.047185637,307.5406669,44.67638885,96.93747737,165.2019152,907655536,2.37197E+13,0.13271996,-1.45964E+12,-9.49956E+11,-1.17276E+11,28454594636,6672.620117,53819.60938,33400.32031,1470.579956,100.3600006,27.29000092,31856.257,22686,4.28,3.74,330.293,4.3,5.63912E+14,118.8476814,3.701,3.338,0.54,0.36299992
2026-03-16,0.011345478,0.047233116,305.6392299,45.13186357,87.53944881,149.6694219,1073859802,2.17603E+13,0.183113813,-8.51909E+11,-1.04005E+11,61546304743,41194926054,6632.189941,53751.14844,33342.51172,1501.75,99.70999908,27.19000053,31856.257,22686,4.23,3.69,330.293,4.3,5.63912E+14,118.8476814,3.68,3.3,0.54,0.3800001
2026-03-17,0.016198247,0.0473074,303.7284807,44.53171414,86.4084547,137.0172285,1135071024,2.23038E+13,0.05700113,-1.73311E+11,4.27379E+11,2.35289E+11,84333393783,6699.379883,53700.39063,33836.57031,1488.910034,99.58000183,23.51000023,31856.257,22686,4.2,3.68,330.293,4.3,5.63912E+14,118.8476814,3.692,3.324,0.52,0.36800003
2026-03-18,0.049216549,0.048056837,312.214216,47.50271084,107.2367662,131.061136,1143771673,2.68518E+13,0.00766529,8.88714E+11,3.09842E+12,5529959875,95952881532,6716.089844,55239.39844,34348.57813,1484.869995,100.0899963,22.37000084,31856.257,22686,4.26,3.76,330.293,4.3,5.63912E+14,118.8476814,3.606,3.261,0.5,0.34500003
2026-03-19,-0.02768933,0.048549032,309.1191755,41.27691736,109.4252865,126.7339661,1184170077,2.29947E+13,0.03532034,-1.88387E+12,-6.65489E+11,22655097073,-64937808613,6624.700195,53372.53125,33689.67969,1505.25,99.23000336,25.09000015,31856.257,22686,4.25,3.79,330.293,4.3,5.63912E+14,118.8476814,3.693,3.329,0.46,0.36400008
2026-03-20,0.003114924,0.048096882,300.3277414,42.46849746,111.3272278,123.6526184,1490805229,3.40259E+13,0.258945195,-1.24554E+12,4.56599E+11,-79235923848,60613196498,6606.490234,53372.53125,33543.87891,1489.839966,99.65000153,24.05999947,31856.257,22686,4.39,3.9,330.293,4.3,5.63912E+14,118.8476814,3.736,3.41,0.49,0.32599998
2026-03-23,-0.067148106,0.050103783,295.3834752,43.55652195,81.59822343,115.2417394,1125619649,2.72432E+13,-0.244958612,-3.69832E+12,-3.02387E+12,-3.01286E+11,-1.61667E+11,6506.47998,51515.48828,32722.5,1504.209961,98.94999695,26.78000069,31856.257,22686,4.34,3.85,330.293,4.3,5.63912E+14,118.8476814,3.879,3.617,0.49,0.26199985
2026-03-24,0.027040769,0.050530787,260.767055,59.40964403,69.196197,106.032631,1170517963,2.49324E+13,0.039887642,-1.97935E+12,1.01782E+12,9836232482,43456766681,6581,52252.28125,32612.24023,1485.359985,99.43000031,26.14999962,31856.257,22686,4.39,3.93,330.293,4.3,5.63912E+14,118.8476814,3.835,3.523,0.46,0.31200004
2026-03-25,0.015771855,0.050418009,229.7163783,51.4261972,65.73402902,97.97291056,763223598,2.46421E+13,-0.347960798,-1.28663E+12,2.33515E+12,36931488486,14664870051,6556.370117,53749.62109,33439.10938,1497.310059,99.59999847,26.95000076,31856.257,22686,4.33,3.88,330.293,4.3,5.63912E+14,118.8476814,3.859,3.558,0.45,0.30099988
2026-03-26,-0.032742798,0.050567924,227.2435128,47.20430296,47.773823,87.93309305,925092573,2.56153E+13,0.212085915,-2.95011E+12,3.1846E+11,-2.50294E+11,-2.42276E+11,6591.899902,53603.64844,33337.62109,1500.969971,99.90000153,25.32999992,31856.257,22686,4.42,4,330.293,4.3,5.63912E+14,118.8476814,3.865,3.552,0.42,0.31299996
2026-03-27,-0.003961688,0.049623581,209.6506348,54.88602972,31.43573875,76.63362219,900080937,2.36593E+13,-0.027036901,-3.44E+12,4.18058E+11,1.85452E+11,-22801624440,6477.160156,53373.07031,33112.58984,1508.359985,100.1500015,27.44000053,31856.257,22686,4.44,3.94,330.293,4.3,5.63912E+14,118.8476814,3.915,3.582,0.5,0.33299994
2026-03-30,-0.030156774,0.049882931,205.6249302,42.88675548,5.388203497,62.38453845,727391077,2.08275E+13,-0.191860368,-2.09811E+12,7.4405E+11,73020339258,-81150069311,6368.850098,51885.85156,32518.16016,1507.02002,100.5100021,31.04999924,31856.257,22686,4.35,3.85,330.293,4.3,5.63912E+14,118.8476814,3.891,3.542,0.5,0.34899998
2026-03-31,-0.043539321,0.048124696,207.092041,35.64611708,-33.01675557,43.30427965,1163312408,2.98377E+13,0.599294306,-3.84807E+12,9.47686E+11,35211304974,-29135483347,6343.720215,51063.71875,31722.99023,1516.130005,99.95999908,30.61000061,31856.257,22686,4.3,3.81,330.293,4.3,5.63912E+14,118.8476814,3.879,3.552,0.49,0.3269999
2026-04-01,0.080992637,0.042748484,232.6827916,47.76745069,-28.72778167,28.89786738,958953275,2.89024E+13,-0.175670036,-6.27809E+11,3.4308E+12,3.55241E+11,-19186659596,6528.52002,53739.67969,33174.82031,1503.329956,99.65000153,25.25,31856.257,22686,4.33,3.84,332.407,4.3,5.63912E+14,118.8476814,3.689,3.37,0.49,0.319
2026-04-02,-0.045682563,0.038672876,247.9413714,44.91612001,-44.55636283,14.20702134,1428159621,3.32901E+13,0.489290102,-1.40611E+11,-1.69004E+12,-21279690102,9098014731,6575.319824,52463.26953,32572.42969,1512.089966,100.0299988,24.54000092,31856.257,22686,4.31,3.82,332.407,4.3,5.63912E+14,118.8476814,3.804,3.477,0.49,0.3269999
2026-04-03,0.027001033,0.039258157,253.1364049,46.64399593,-45.02255761,2.361105552,1185178392,2.22346E+13,-0.170135905,7.99478E+11,2.83865E+11,2.2664E+11,-55740810705,6582.689941,53123.48828,32572.42969,1509.219971,100.0299988,23.87000084,31856.257,22686,4.35,3.88,332.407,4.3,5.63912E+14,118.8476814,3.747,3.448,0.47,0.29900002
2026-04-06,0.013489818,0.036769802,250.352853,46.27620034,-39.04895555,-5.920906668,1110507448,2.17612E+13,-0.06300397,-1.56381E+11,7.59719E+11,88929822132,-85005052024,6582.689941,53413.67969,32572.42969,1509.26001,99.98000336,23.87000084,31856.257,22686,4.34,3.88,332.407,4.3,5.63912E+14,118.8476814,3.725,3.432,0.46,0.29299998
2026-04-07,0.00812234,0.034875182,241.5364118,40.69959098,-30.37793508,-10.81231235,990449091,2.37194E+13,-0.108111258,3.95027E+11,-3.91764E+11,73901897443,-81802493190,6611.830078,53429.55859,33229.82031,1507.849976,99.63999939,24.17000008,31856.257,22686,4.33,3.82,332.407,4.3,5.63912E+14,118.8476814,3.754,3.451,0.51,0.30299997
2026-04-08,0.066454653,0.037857467,258.5893206,52.15752,6.880537885,-7.273742303,932610471,3.6307E+13,-0.058396358,1.94531E+12,2.996E+12,-85300447664,-2.08288E+11,6616.850098,56308.42188,34761.37891,1499.130005,99.12999725,25.78000069,31856.257,22686,4.29,3.78,332.407,4.3,5.63912E+14,118.8476814,3.628,3.315,0.51,0.31299996
2026-04-09,-0.016193873,0.038055182,261.7600098,49.93876736,28.46833198,-0.125327448,1026732958,3.34734E+13,0.100923687,1.71894E+12,5.03975E+11,-4949986854,4883453765,6782.810059,55895.32031,34861.16016,1477.599976,98.81999969,21.04000092,31856.257,22686,4.29,3.77,332.407,4.3,5.63912E+14,118.8476814,3.66,3.338,0.52,0.32200003
2026-04-10,0.01389748,0.037872415,244.4257115,59.80532832,51.50781884,10.20130181,1002353584,2.37461E+13,-0.02374461,1.06358E+12,86835035681,-2.05944E+11,-41563952931,6824.660156,56924.10938,35417.82813,1473.280029,98.65000153,19.48999977,31856.257,22686,4.31,3.8,332.407,4.3,5.63912E+14,118.8476814,3.686,3.36,0.51,0.3260002
2026-04-13,-0.008613731,0.037911553,235.9121443,55.75551745,64.96316817,21.15367508,1083211365,2.14566E+13,0.080667922,-4.61464E+11,-4.8144E+11,62410818785,-1.73326E+11,6816.890137,56502.76953,35457.28906,1482.180054,98.37000275,19.22999954,31856.257,22686,4.3,3.79,332.407,4.3,5.63912E+14,118.8476814,3.715,3.382,0.51,0.33299994
2026-04-14,0.027026931,0.038197059,238.1156878,57.12809065,87.45890923,34.41472191,889490621,2.71286E+13,-0.178839283,8.36735E+11,1.35133E+12,-35274451186,-25564504203,6886.240234,57877.39063,36296.12109,1476.839966,98.12000275,19.12000084,31856.257,22686,4.26,3.76,332.407,4.3,5.63912E+14,118.8476814,3.658,3.339,0.5,0.319
2026-04-15,0.020506349,0.036878354,239.6421247,64.17571437,113.9501257,50.32180267,923846153,3.16156E+13,0.038623827,4.89049E+11,8.21352E+11,-2.88473E+11,-1.11565E+11,6967.379883,58134.23828,36722.14063,1469.420044,98.05999756,18.36000061,31856.257,22686,4.29,3.79,332.407,4.3,5.63912E+14,118.8476814,3.655,3.328,0.5,0.3269999
2026-04-16,0.02186575,0.036484786,232.301409,66.83114896,144.1488571,69.08721356,925694636,2.70468E+13,0.002000856,4.74575E+11,1.24605E+12,-58335460213,-29881550978,7022.950195,59518.33984,37132.01953,1474.060059,98.22000122,18.17000008,31856.257,22686,4.32,3.8,332.407,4.3,5.63912E+14,118.8476814,3.675,3.34,0.52,0.33500004
2026-04-17,-0.005496868,0.036544838,216.7864118,70.68321198,163.4434981,87.95847047,689739734,2.46196E+13,-0.254894965,-2.00309E+12,4.34298E+11,-36835894694,-75665160462,7041.279785,58475.89844,36804.33984,1477.920044,98.09999847,17.94000053,31856.257,22686,4.26,3.72,332.407,4.3,5.63912E+14,118.8476814,3.717,3.371,0.54,0.34599996
2026-04-20,0.004378365,0.032556482,207.3078613,78.97234816,178.8651793,106.1398122,692878455,2.35765E+13,0.004550587,-2.36993E+11,5.18318E+11,-42265612859,8038782666,7126.060059,58824.89063,36958.80078,1465.150024,98.05000305,17.47999954,31856.257,22686,4.26,3.73,332.407,4.3,5.63912E+14,118.8476814,3.688,3.348,0.53,0.3399999
2026-04-21,0.026871268,0.032551014,186.5585938,75.89737617,202.4211679,125.3960834,792021737,3.1106E+13,0.143088995,1.15161E+12,9.75293E+11,-17252123240,62175597531,7109.140137,59349.17188,37605.10938,1469.26001,98.41000366,18.87000084,31856.257,22686,4.3,3.8,332.407,4.3,5.63912E+14,118.8476814,3.655,3.33,0.5,0.32500005
2026-04-22,0.004600826,0.032488348,165.1607492,88.40524707,220.920003,144.5008673,900140335,3.10291E+13,0.136509635,-6.82178E+11,-4.10155E+11,28171950706,99531346289,7064.009766,59585.85938,37878.46875,1485.800049,98.58999634,19.5,31856.257,22686,4.3,3.81,332.407,4.3,5.63912E+14,118.8476814,3.697,3.365,0.49,0.33200002
2026-04-23,0.008978042,0.031151918,169.679269,87.72537558,237.512984,163.1032906,1042392099,4.06042E+13,0.158032874,-85974429987,17672946443,-2.31502E+11,19704265462,7137.899902,59140.23047,37714.14844,1477.959961,98.80000305,18.92000008,31856.257,22686,4.34,3.84,332.407,4.3,5.63912E+14,118.8476814,3.791,3.458,0.5,0.33299994
2026-04-24,-2.78E-05,0.031081253,168.5713937,87.06581495,247.7921092,180.0410543,878200671,3.02029E+13,-0.157514076,-1.94959E+12,1.03828E+12,44552649569,-20150505393,7108.399902,59716.17969,38932.39844,1479.949951,98.51000214,19.30999947,31856.257,22686,4.31,3.8,332.407,4.3,5.63912E+14,118.8476814,3.817,3.496,0.51,0.32099986
2026-04-27,0.021298418,0.029796582,169.3678502,87.89672039,264.1419332,196.8612301,842664190,3.34103E+13,-0.040465103,8.67495E+11,1.54923E+12,-57967572105,-1.77051E+11,7165.080078,60537.35938,39616.62891,1474.689941,98.48000336,18.70999908,31856.257,22686,4.35,3.83,332.407,4.3,5.63912E+14,118.8476814,3.82,3.492,0.52,0.32799983
2026-04-28,0.003921269,0.026953851,146.0021275,84.11927051,276.014755,212.6919351,1139472198,3.76227E+13,0.352225728,-1.93509E+11,6.83874E+11,-75276024272,-27744712124,7173.910156,59917.46094,39521.73047,1473,98.62000275,18.02000046,31856.257,22686,4.36,3.86,332.407,4.3,5.63912E+14,118.8476814,3.861,3.529,0.5,0.33200002
2026-04-29,0.007482811,0.021811851,145.3950195,92.18491153,286.1503781,227.3836237,717859460,3.14533E+13,-0.370007043,-6.13775E+11,1.64611E+11,1.07868E+11,-2117024417,7138.799805,59917.46094,39303.5,1471.98999,98.91999817,17.82999992,31856.257,22686,4.42,3.94,332.407,4.3,5.63912E+14,118.8476814,3.843,3.525,0.48,0.31799984
2026-04-30,-0.01384994,0.01843533,146.2421526,83.84621981,283.4890129,238.6047015,685459295,3.58086E+13,-0.045134413,-1.46216E+12,5.0892E+11,-51584852115,35038595393,7135.950195,59284.92188,38926.62891,1487.380005,98.08000183,18.80999947,31856.257,22686,4.4,3.91,332.407,4.3,5.63912E+14,118.8476814,3.923,3.595,0.49,0.32800007
2026-05-04,0.049969557,0.020087544,161.2057059,90.85189808,305.1457987,251.912921,873008689,4.2696E+13,0.273611278,2.94572E+12,1.91588E+12,-48525429500,-50745653363,7209.009766,59513.12109,40705.14063,1471.72998,98.47000122,16.88999939,31856.257,22686,4.45,3.98,332.407,4.3,5.63912E+14,118.8476814,3.932,3.615,0.47,0.3169999
2026-05-06,0.062523345,0.022970077,180.6135603,92.43242769,354.3394967,272.3982361,995691665,6.00004E+13,0.140528929,3.10963E+12,-8.28365E+11,-4.57384E+11,-1.59E+11,7200.75,59513.12109,41138.85156,1473.959961,98.01999664,18.29000092,31856.257,22686,4.36,3.89,332.407,4.3,5.63912E+14,118.8476814,3.932,3.595,0.47,0.3369999
2026-05-07,0.014184105,0.022911889,184.7942592,92.34925012,397.2586472,297.3703183,767462258,5.11125E+13,-0.22921695,-6.71727E+12,1.76167E+12,-2.83767E+11,49415739537,7365.120117,62833.83984,41933.78125,1444.449951,98.25,17.38999939,31856.257,22686,4.41,3.94,332.407,4.3,5.63912E+14,118.8476814,3.888,3.546,0.47,0.342
2026-05-08,0.001060871,0.019696345,188.5378418,91.71340893,426.9918019,323.2946151,523090848,4.07927E+13,-0.318414889,-5.31173E+12,1.51664E+12,-88730575062,-50195956799,7337.109863,62713.64844,41603.94141,1454.790039,97.83999634,17.07999992,31856.257,22686,4.38,3.92,332.407,4.3,5.63912E+14,118.8476814,3.909,3.569,0.46,0.3399999
2026-05-11,0.04233467,0.019600401,212.1721191,94.91883416,471.2863229,352.8929566,731278789,5.18434E+13,0.397995763,-2.83647E+12,1.00275E+12,-2.67767E+11,-2.94813E+11,7398.930176,62417.87891,41790.05859,1460.550049,97.94000244,17.19000053,31856.257,22686,4.42,3.96,332.407,4.3,5.63912E+14,118.8476814,3.95,3.598,0.46,0.352
2026-05-12,-0.023161179,0.021394197,246.1971261,86.20502761,486.3328149,379.5809283,1021136121,6.71146E+13,0.39637049,-5.62582E+12,-6.20484E+11,-35814357535,-1.8572E+11,7412.839844,62742.57031,41898.32031,1474.449951,98.29000092,18.37999916,31856.257,22686,4.46,4.01,332.407,4.3,5.63912E+14,118.8476814,4.056,3.674,0.45,0.3820002
2026-05-13,0.025940344,0.020922032,266.4635533,86.42235907,508.6021318,405.385169,738739332,5.0464E+13,-0.276551562,-3.75859E+12,1.88521E+12,-11519487397,-2.3626E+11,7400.959961,63272.10938,41374.5,1492.98999,98.48000336,17.98999977,31856.257,22686,4.46,4,332.407,4.3,5.63912E+14,118.8476814,4.044,3.635,0.46,0.40900016
2026-05-14,0.017364954,0.020740969,269.5735212,87.11823767,531.2142815,430.5509915,849941546,5.16969E+13,0.150529705,-2.16799E+12,1.26179E+12,-3.74807E+11,-1.93336E+11,7444.25,62654.05078,41751.75,1489.839966,98.87999725,17.87000084,31856.257,22686,4.46,4,332.407,4.3,5.63912E+14,118.8476814,4.085,3.654,0.46,0.431
