Date,Close,High,Low,Open,Return,Log_Return,Volatility_20,ATR_14,RSI_14,MACD,MACD_Signal
2021-05-17,3134.52001953125,3173.010009765625,3121.320068359375,3163.2099609375,,,,,,0.0,0.0
2021-05-18,3173.050048828125,3176.39990234375,3135.3798828125,3135.3798828125,0.012292162454472733,0.012217227277544969,,,,3.0736205706912187,0.6147241141382438
2021-05-20,3162.280029296875,3174.530029296875,3140.47998046875,3174.530029296875,-0.0033942167206684193,-0.0033999901421061587,,,,4.587553983176349,1.4092900879458647
2021-05-21,3156.419921875,3198.010009765625,3149.4599609375,3171.909912109375,-0.0018531272903045126,-0.0018548464548970743,,,,5.25393137545052,2.178218345446796
2021-05-24,3144.300048828125,3163.27001953125,3137.81005859375,3155.909912109375,-0.0038397530578490047,-0.003847143834860228,,,,4.74932058360173,2.6924387930777827
2021-05-25,3171.320068359375,3173.10009765625,3148.300048828125,3152.929931640625,0.00859333368687909,0.008556621166980624,,,,6.455290090103517,3.4450090524829298
2021-05-26,3168.429931640625,3183.969970703125,3160.300048828125,3171.909912109375,-0.0009113355500081077,-0.0009117510687209602,,,,7.487759109484159,4.253559063883176
2021-05-27,3165.510009765625,3173.860107421875,3142.3701171875,3170.840087890625,-0.000921567444443383,-0.0009219923487927802,,,,7.978414754475125,4.998530202001566
2021-05-28,3188.72998046875,3198.659912109375,3171.85009765625,3172.090087890625,0.007335301620115198,0.007308529138287466,,,,10.124214820121779,6.023667125625609
2021-05-31,3203.919921875,3204.2900390625,3179.8701171875,3192.06005859375,0.004763633640756604,0.0047523234422306455,,,,12.901754757863728,7.3992846520732325
2021-06-01,3221.8701171875,3233.169921875,3199.179931640625,3207.1201171875,0.005602573019988233,0.005586936981944028,,,,16.362785904865177,9.19198490263162
2021-06-02,3224.22998046875,3241.070068359375,3216.10009765625,3224.39990234375,0.000732451401023626,0.0007321832894073601,,,,19.076200701677408,11.16882806244078
2021-06-03,3247.429931640625,3258.5,3224.9599609375,3224.9599609375,0.00719550134835667,0.007169737245131059,,,,22.8354112405068,13.502144698053982
2021-06-04,3240.080078125,3246.18994140625,3218.669921875,3246.169921875,-0.0022632831717208646,-0.0022658482681691713,,33.2249755859375,77.86992393966739,24.93411595497537,15.788538949438262
2021-06-07,3252.1201171875,3264.409912109375,3233.39990234375,3244.590087890625,0.0037159695971056284,0.003709082438457485,,31.747837611607142,79.19276717057609,27.25470976240831,18.081773112032273
2021-06-08,3247.830078125,3264.669921875,3242.56005859375,3251.830078125,-0.0013191514790081849,-0.0013200223252567964,,30.335693359375,72.36513335153899,28.420018492449344,20.149422188115686
2021-06-09,3216.179931640625,3246.489990234375,3216.179931640625,3245.080078125,-0.009745013046571382,-0.009792806437827387,,30.164271763392858,64.33050237961089,26.484336797944707,21.41640511008149
2021-06-10,3224.639892578125,3235.389892578125,3210.31005859375,3216.93994140625,0.0026304376985477607,0.0026269841522047685,,28.487827845982142,67.89048624547502,25.340829940592812,22.201290076183756
2021-06-11,3249.320068359375,3251.580078125,3226.97998046875,3226.97998046875,0.0076536222968817125,0.007624481921586922,,28.593558175223215,75.83896971371593,26.12492457404278,22.98601697575556
2021-06-14,3252.1298828125,3254.489990234375,3238.510009765625,3249.60009765625,0.0008647392051297498,0.0008643655335867446,,27.677839006696427,72.57131167104231,26.66566853583754,23.721947287771957
2021-06-15,3258.6298828125,3262.800048828125,3247.89990234375,3253.169921875,0.001998690161285621,0.0019966954375527906,0.005251676836936239,27.051426478794642,74.69609404139779,27.303964590966643,24.438350748410897
2021-06-16,3278.679931640625,3281.9599609375,3256.679931640625,3259.06005859375,0.006152907678738773,0.006134055831882442,0.004780218303970976,26.607857840401785,78.32789033166458,29.0923318957648,25.369146977881677
2021-06-17,3264.9599609375,3276.199951171875,3251.320068359375,3276.199951171875,-0.004184602031665707,-0.004193381981037227,0.004827282482209669,26.194283621651785,70.03416043856767,29.067467227813268,26.108811027867997
2021-06-18,3267.929931640625,3275.760009765625,3262.580078125,3265.679931640625,0.0009096499616099152,0.0009092364808131155,0.004762365113545911,25.391427176339285,67.97730697973563,28.953653914678398,26.67777960523008
2021-06-21,3240.7900390625,3264.179931640625,3225.56005859375,3264.179931640625,-0.008304918754638013,-0.008339596724348641,0.005131218107117105,25.989990234375,55.052865481214106,26.369522094284093,26.616128103040882
2021-06-22,3263.8798828125,3267.6298828125,3245.7900390625,3245.7900390625,0.007124757689232819,0.007099496518677028,0.005035368544316543,26.123552594866073,59.533531667296735,25.886334874951444,26.470169457422998
2021-06-23,3276.18994140625,3281.8798828125,3263.070068359375,3265.72998046875,0.0037716028272285484,0.0037645081665181345,0.005029061116897349,25.019252232142858,57.29727921581551,26.194767398622844,26.415089045662967
2021-06-24,3286.10009765625,3292.27001953125,3277.85009765625,3281.469970703125,0.003024902837515553,0.003020337024038216,0.004999198979359543,24.113542829241073,61.52689923732088,26.9284547188945,26.517762180309276
2021-06-25,3302.840087890625,3316.080078125,3289.179931640625,3289.179931640625,0.005094181472534709,0.00508125002825356,0.00489538707729169,24.039969308035715,62.41189157540671,28.53178782647774,26.92056730954297
2021-06-28,3301.889892578125,3311.68994140625,3291.300048828125,3305.4599609375,-0.00028769037774001305,-0.00028773176855541836,0.004862750062911228,23.9171142578125,63.449038222092646,29.387012853626857,27.41385641835975
2021-06-29,3286.679931640625,3305.419921875,3276.6298828125,3305.260009765625,-0.004606440987535154,-0.004617083331617607,0.004946622395879817,23.712820870535715,69.10154575618222,28.508836001209602,27.632852334929723
2021-06-30,3296.679931640625,3305.72998046875,3288.6298828125,3288.6298828125,0.00304258406902691,0.003037964777468466,0.0049669831694441795,23.282121930803573,69.35726806125555,28.29363948149512,27.7650097642428
2021-07-01,3282.06005859375,3300.1201171875,3278.10009765625,3297.919921875,-0.004434726254908039,-0.004444588822713015,0.004899845105562544,22.930681501116073,59.300088629734375,26.636345902692483,27.53927699193274
2021-07-02,3281.780029296875,3295.679931640625,3278.18994140625,3282.81005859375,-8.532119823390083e-05,-8.532483829438589e-05,0.004858436335060506,23.038539341517858,58.545203802340225,25.012009896726795,27.033823572891556
2021-07-05,3293.2099609375,3298.929931640625,3285.2900390625,3285.2900390625,0.003482845144582747,0.0034767940852968894,0.00485098375282506,23.199236188616073,59.69064378058259,24.36613424062989,26.500285706439225
2021-07-06,3305.2099609375,3313.510009765625,3295.43994140625,3295.43994140625,0.0036438611999654036,0.0036372384211916732,0.00487281930550807,22.843523297991073,57.78600958679344,24.539694518723536,26.108167468896088
2021-07-07,3285.340087890625,3303.590087890625,3277.659912109375,3303.590087890625,-0.006011682550187802,-0.006029825463230267,0.004497394910999411,22.857107979910715,55.77276027799869,22.81095905743632,25.448725786604136
2021-07-08,3252.679931640625,3295.7099609375,3252.409912109375,3287.679931640625,-0.009941179718465532,-0.009990923192676136,0.005109883521445271,25.008544921875,46.3023124754332,18.59121414836636,24.07722345895658
2021-07-09,3217.949951171875,3245.52001953125,3188.800048828125,3245.52001953125,-0.010677343359520974,-0.010734755226653356,0.00539127861598007,26.544974190848215,44.65854006680179,12.302797738927893,21.722338314950846
2021-07-12,3246.469970703125,3251.449951171875,3227.510009765625,3227.510009765625,0.00886279151758207,0.00882374750389461,0.005776163505250634,27.020699637276785,46.02930842670165,9.510874215633521,19.280045495087382
2021-07-13,3271.3798828125,3273.89990234375,3253.239990234375,3253.239990234375,0.0076729223846725425,0.0076436352323418,0.006016402297641315,27.636422293526785,48.96258961894572,9.20219921077387,17.26447623822468
2021-07-14,3264.81005859375,3270.090087890625,3250.449951171875,3270.090087890625,-0.002008273100066127,-0.0020102923844576366,0.005867050548254164,27.982840401785715,45.341139060620115,8.331402910760971,15.477861572731939
2021-07-15,3286.219970703125,3286.580078125,3263.090087890625,3269.330078125,0.0065577818387991815,0.0065363731322576,0.005973429588280654,27.519269670758927,46.43589362339297,9.26212355154712,14.234713968494976
2021-07-16,3276.909912109375,3282.889892578125,3259.320068359375,3282.889892578125,-0.0028330600741124368,-0.00283708078454255,0.006012738511373431,27.984270368303573,44.82857963091753,9.143086632415816,13.216388501279145
2021-07-19,3244.0400390625,3258.8701171875,3236.389892578125,3258.8701171875,-0.010030752730006087,-0.010081399699620226,0.00615296031339853,28.822126116071427,41.77405969674049,6.323531234685561,11.83781704796043
2021-07-20,3232.699951171875,3234.800048828125,3214.419921875,3223.239990234375,-0.003495668288330478,-0.00350179241282529,0.005967554526971378,29.577130998883927,37.72069407584004,3.1377924305488705,10.097812124478118
2021-07-21,3215.909912109375,3252.25,3215.909912109375,3251.1298828125,-0.005193813009590764,-0.005207347741297337,0.005968913474389479,30.599993024553573,37.409071011740956,-0.7332914287380845,7.9315914138348775
2021-07-22,3250.2099609375,3253.75,3235.169921875,3235.169921875,0.010665736841374063,0.01060925909975927,0.0064546116878470795,32.05357142857143,44.67997396576877,-1.0216490595116738,6.140943319165567
2021-07-23,3254.419921875,3264.010009765625,3246.090087890625,3253.43994140625,0.0012952889161306214,0.0012944507531399128,0.006335194586126201,32.108572823660715,43.30027408812988,-0.900090216134231,4.732736612105607
2021-07-26,3224.949951171875,3265.989990234375,3224.949951171875,3265.989990234375,-0.009055368210180492,-0.00909661726262143,0.00660277209671166,33.590000697544646,36.92662173995691,-3.145475221530887,3.1570942453783086
2021-07-27,3232.530029296875,3252.85009765625,3230.75,3244.429931640625,0.002350448298351182,0.002347690315568103,0.006595554396414771,33.61500767299107,41.039116198606756,-4.264155529502659,1.6728442904021152
2021-07-28,3236.860107421875,3243.2099609375,3210.89990234375,3226.06005859375,0.0013395322195790538,0.0013386358466863635,0.006553908789066031,32.830008370535715,47.0301431441855,-4.746600757634496,0.388955280794793
2021-07-29,3242.64990234375,3252.260009765625,3232.5,3248.489990234375,0.0017887071821853784,0.0017871093505784168,0.006525375316621116,29.6785888671875,55.20218760187539,-4.6086286120307705,-0.6105614977703198
2021-07-30,3202.320068359375,3234.659912109375,3202.320068359375,3234.3701171875,-0.012437307510510198,-0.012515298156708946,0.007044647825975967,30.166434151785715,41.142009596752224,-7.665205526769569,-2.02149030357017
2021-08-02,3223.0400390625,3223.0400390625,3194.0,3218.419921875,0.006470299739195218,0.006449457206484264,0.007179157982767841,30.281441824776785,40.13551215623754,-8.319731594458062,-3.2811385617477486
2021-08-03,3237.139892578125,3237.139892578125,3213.199951171875,3221.570068359375,0.004374706284978824,0.004365165073981863,0.007206109745383018,30.496442522321427,44.521834455837585,-7.612950522660412,-4.147500953930281
2021-08-04,3280.3798828125,3283.139892578125,3237.550048828125,3246.64990234375,0.013357467291887026,0.013269042872881992,0.0077726893649376445,32.104300362723215,48.93576507373256,-3.5231034474541048,-4.022621452635046
2021-08-05,3276.1298828125,3296.169921875,3273.330078125,3283.25,-0.0012955816557307376,-0.0012964216472408497,0.007424268284804266,31.814296177455358,49.855185186192415,-0.6176893179053877,-3.3416350256891145
2021-08-06,3270.360107421875,3288.169921875,3261.929931640625,3277.06005859375,-0.0017611558750753042,-0.0017627085333334004,0.0069761910799607365,30.794294084821427,55.43310308820105,1.2054045053428126,-2.432227119482729
2021-08-09,3260.419921875,3275.14990234375,3251.739990234375,3258.10009765625,-0.003039477372634436,-0.0030441059653651932,0.0067598528482969685,30.3507080078125,55.75533988850331,1.8270682889874479,-1.580368037788694
2021-08-10,3243.18994140625,3272.43994140625,3232.4599609375,3272.43994140625,-0.005284589372414716,-0.00529860220467751,0.00662944335109852,30.610700334821427,55.65366894724646,0.9188341414701426,-1.0805276019369268
2021-08-11,3220.6201171875,3250.2099609375,3217.64990234375,3235.360107421875,-0.0069591435057805295,-0.006983471277616631,0.006783213819395817,30.233555385044642,43.55423378347331,-1.6036581812031727,-1.185153717790176
2021-08-12,3208.3798828125,3229.590087890625,3202.110107421875,3213.580078125,-0.0038005830956832076,-0.0038078236630241635,0.00659567765097703,30.916416713169642,40.30979071861087,-4.5381234761039195,-1.8557476694529247
2021-08-13,3171.2900390625,3209.719970703125,3146.760009765625,3205.75,-0.011560303051609488,-0.011627642836883972,0.00699162299539636,32.482125418526785,39.05701241218615,-9.744223439617599,-3.43344282348586
2021-08-17,3143.090087890625,3179.489990234375,3134.47998046875,3169.739990234375,-0.008892264922009896,-0.008932037061547828,0.006922956680404895,33.704258510044646,33.17528754108058,-15.961600160473154,-5.939074290883319
2021-08-18,3158.929931640625,3175.8798828125,3124.56005859375,3141.97998046875,0.005039576756334929,0.005026920592722539,0.007059713570088294,35.062098911830354,35.94885980465867,-19.38728840148042,-8.62871711300274
2021-08-19,3097.830078125,3158.0,3097.830078125,3140.010009765625,-0.01934194643054088,-0.01953144942737352,0.008136944205504567,38.014944893973215,28.230383262576268,-26.72435680919716,-12.247845052241624
2021-08-20,3060.510009765625,3122.090087890625,3049.030029296875,3111.10009765625,-0.012047164440330937,-0.012120319661514172,0.007885608535452643,40.352818080357146,28.48816366437545,-35.14532062386297,-16.827340166565897
2021-08-23,3090.2099609375,3111.81005859375,3064.64990234375,3086.81005859375,0.00970424899023592,0.009657465190261416,0.008334649191751725,41.942818777901785,30.384782335949794,-38.9731984977243,-21.256511832797578
2021-08-24,3138.300048828125,3142.580078125,3115.22998046875,3119.699951171875,0.015562077819474718,0.015442230469749081,0.00909747611453411,43.973545619419646,36.7357409739687,-37.691862772320746,-24.543582020702214
2021-08-25,3146.81005859375,3161.0,3124.25,3148.1298828125,0.0027116622481022645,0.0027079923249261045,0.009105561538270003,43.312831333705354,30.23235479451263,-35.57956918538957,-26.750779453639687
2021-08-26,3128.530029296875,3159.3701171875,3121.0400390625,3151.300048828125,-0.005809066628267967,-0.005826004884640536,0.009135362066279426,44.419276646205354,29.02694028095489,-34.97740909184222,-28.396105381280194
2021-08-27,3133.89990234375,3143.010009765625,3106.969970703125,3116.2900390625,0.0017164204903226121,0.0017149491240876472,0.009133925641416404,45.11928013392857,30.58775642321352,-33.67866234709754,-29.452616774443666
2021-08-30,3144.18994140625,3164.8701171875,3132.77001953125,3160.8701171875,0.003283461304812052,0.003278082516554692,0.008827768313749665,45.74000767299107,33.48206293274416,-31.456465486860907,-29.853386516927117
2021-08-31,3199.27001953125,3199.889892578125,3130.300048828125,3144.489990234375,0.017518050484051084,0.017366378210725907,0.00961001677398714,47.85499790736607,44.36461236191583,-24.96309743554275,-28.875328700650243
2021-09-01,3207.02001953125,3215.1298828125,3185.800048828125,3195.669921875,0.0024224276015112345,0.002419498253570729,0.00956931993805265,47.624267578125,48.18597574874986,-18.97298745305079,-26.894860451130356
2021-09-02,3175.85009765625,3204.010009765625,3171.780029296875,3198.030029296875,-0.009719278858619673,-0.009766819339641802,0.009208470139020628,48.178553989955354,45.8696485100083,-16.55015445448271,-24.825919251800826
2021-09-03,3201.06005859375,3203.080078125,3181.639892578125,3189.7099609375,0.007938019793851225,0.007906679458943107,0.00945216700975775,45.626412527901785,53.89752106690396,-12.452266708972275,-22.35118874323512
2021-09-06,3203.330078125,3206.25,3186.7900390625,3196.300048828125,0.0007091461858566017,0.0007088948605107323,0.009460013028296972,43.80140904017857,58.46115439824483,-8.918680544510153,-19.664687103490127
2021-09-07,3187.419921875,3201.760009765625,3176.81005859375,3200.070068359375,-0.004966755177259974,-0.0049791304995580035,0.009491480247967263,42.029994419642854,54.00084065823677,-7.317750224267456,-17.195299727645594
2021-09-08,3162.989990234375,3187.550048828125,3157.070068359375,3178.739990234375,-0.007664484830807616,-0.007694007944385918,0.00956167573983112,39.842860630580354,60.200996651075044,-7.928893378038538,-15.342018457724183
2021-09-09,3114.699951171875,3158.60009765625,3111.489990234375,3146.639892578125,-0.01526721210360893,-0.015384955936943449,0.010001181436429394,38.3028564453125,58.201895775226625,-12.169548328252404,-14.707524431829828
2021-09-10,3125.760009765625,3131.5400390625,3103.3798828125,3121.090087890625,0.0035509226465260113,0.0035446330056597463,0.010053536606228543,36.65000697544643,55.70241978750983,-14.471030599963797,-14.660225665456622
2021-09-13,3127.860107421875,3139.1298828125,3109.010009765625,3117.35009765625,0.0006718678496393515,0.0006716422474798982,0.009760745600136943,35.060703822544646,48.03553873152087,-15.941745038555837,-14.916529540076466
2021-09-14,3148.830078125,3164.31005859375,3137.320068359375,3137.320068359375,0.006704254660675701,0.006681881088479365,0.009690956329566871,35.039271763392854,50.363077549573205,-15.239523701721737,-14.981128372405522
2021-09-15,3153.39990234375,3164.010009765625,3138.800048828125,3147.2099609375,0.0014512768569179268,0.0014502247724477654,0.009627876822656499,34.102120535714285,54.70183306270187,-14.151136121774016,-14.815129922279223
2021-09-16,3130.090087890625,3167.679931640625,3126.64990234375,3165.3798828125,-0.007391962698990451,-0.007419418641138124,0.00867416495179138,34.458548409598215,49.325481456251175,-14.996616679366525,-14.851427273696684
2021-09-17,3140.510009765625,3142.1298828125,3112.510009765625,3127.75,0.003328952708202104,0.0033234240115839865,0.008162170752434278,34.28138950892857,49.34877640127782,-14.656909768028981,-14.812523772563145
2021-09-23,3127.580078125,3131.6298828125,3107.97998046875,3123.639892578125,-0.004117143903512033,-0.004125642675605999,0.007998751941778499,31.634259905133927,35.08880439065807,-15.255174857053134,-14.901053989461143
2021-09-24,3125.239990234375,3146.860107421875,3119.39990234375,3140.72998046875,-0.0007482103838019061,-0.0007484904328902578,0.007196759172285581,31.500714983258927,32.59849326269615,-15.736726597768211,-15.068188511122557
2021-09-27,3133.639892578125,3146.35009765625,3119.260009765625,3121.699951171875,0.0026877623382517424,0.002684156764230675,0.007196252737974249,30.9185791015625,40.05460124181585,-15.264597129621507,-15.107470234822348
2021-09-28,3097.919921875,3134.4599609375,3095.719970703125,3133.39990234375,-0.011398875406113507,-0.011464340547830786,0.0075305326332758245,31.74072265625,26.845307258895488,-17.570195954205246,-15.600015378698929
2021-09-29,3060.27001953125,3069.0400390625,3030.60009765625,3055.5,-0.012153284556484789,-0.01222773958293486,0.007949237611963488,35.15928431919643,22.28588238855214,-22.179757659528605,-16.915963834864865
2021-09-30,3068.820068359375,3079.429931640625,3046.429931640625,3054.8701171875,0.002793887066682599,0.002789991418525721,0.007935539878346368,35.622140066964285,26.34998622239489,-24.85642167986589,-18.50405540386507
2021-10-01,3019.179931640625,3062.60009765625,3015.010009765625,3056.2099609375,-0.01617564262908644,-0.01630789646945112,0.007335699504611556,37.28857421875,23.942704969521102,-30.63015600179824,-20.929275523451707
2021-10-05,2962.169921875,2998.169921875,2940.590087890625,2998.169921875,-0.01888261417220194,-0.019063167219830018,0.008053921473873968,39.223563058035715,23.209294626876172,-39.352482463227716,-24.61391691140691
2021-10-06,2908.31005859375,2993.469970703125,2908.300048828125,2986.06005859375,-0.018182570447261015,-0.01834990486477443,0.008589850854607504,43.295689174107146,16.79844033653542,-50.0342659929006,-29.69798672770565
2021-10-07,2959.4599609375,2961.530029296875,2927.60009765625,2936.8701171875,0.01758749972088003,0.017434629448946855,0.009521957523150769,44.94569614955357,27.63724830974509,-53.752659557184415,-34.508921293601404
2021-10-08,2956.300048828125,2978.080078125,2949.010009765625,2977.820068359375,-0.0010677326779491292,-0.0010683031105674238,0.009484669194031809,44.41856166294643,23.163496504733985,-56.30543770821487,-38.8682245765241
2021-10-12,2916.3798828125,2950.93994140625,2901.510009765625,2950.219970703125,-0.01350342162712792,-0.013595421976701489,0.009723557825287261,46.531424386160715,19.925864337809813,-60.84833482826616,-43.26424662687251
2021-10-13,2944.409912109375,2953.330078125,2909.469970703125,2913.340087890625,0.009611240792760878,0.009565346650081439,0.010175278201613671,46.733572823660715,26.718958345832817,-61.478142658432716,-46.907025833184555
2021-10-14,2988.639892578125,2988.969970703125,2962.330078125,2968.8701171875,0.015021678974400654,0.014909970861127726,0.01057268248434903,47.800728934151785,32.446407447874805,-57.74265869699957,-49.07415240594756
2021-10-15,3015.06005859375,3021.89990234375,2999.330078125,3012.6201171875,0.00884019720182283,0.008801351426883769,0.010782749924564225,47.852870396205354,37.38791250169664,-52.05036988611846,-49.669395901981744
2021-10-18,3006.679931640625,3021.169921875,2990.43994140625,3017.47998046875,-0.002779422893829042,-0.0027832926617847955,0.010768685854783133,48.08642578125,36.88843361679241,-47.665932997658274,-49.26870332111705
2021-10-19,3029.0400390625,3034.530029296875,3014.18994140625,3022.22998046875,0.00743681001312102,0.007409293281790946,0.010800646031141977,48.140712193080354,38.77877390240772,-41.903919082758875,-47.79574647344542
2021-10-20,3013.1298828125,3047.239990234375,3012.969970703125,3043.1298828125,-0.005252540753777679,-0.005266383841495047,0.010794127603603484,47.82142857142857,40.500152085097625,-38.18116943054156,-45.87283106486465
2021-10-21,3007.330078125,3025.8798828125,3002.739990234375,3012.280029296875,-0.0019248439042017784,-0.0019266987968642997,0.010726012172564045,44.665719168526785,43.612773392810226,-35.29203467033676,-43.75667178595907
2021-10-22,3006.159912109375,3018.699951171875,2996.260009765625,3005.360107421875,-0.00038910461612995384,-0.0003891803369739577,0.010660953708079688,43.911429268973215,42.302958545810505,-32.71962569797188,-41.549262568361634
2021-10-25,3020.5400390625,3025.27001953125,2983.2900390625,3001.10009765625,0.0047835535612057445,0.004772148724838245,0.010760941466150833,43.06642368861607,50.182918060195185,-29.184199701162925,-39.076249994921895
2021-10-26,3049.080078125,3051.64990234375,3030.530029296875,3039.820068359375,0.009448654443712678,0.009404295113390318,0.011045937405257845,39.674996512276785,62.6576589389845,-23.804997303222535,-36.02199945658202
2021-10-27,3025.489990234375,3049.02001953125,3019.0,3045.830078125,-0.007736788567760944,-0.0077668727870527626,0.011097928818572838,35.74000767299107,68.71640091560307,-21.201070842513218,-33.05781373376826
2021-10-28,3009.550048828125,3034.419921875,3009.550048828125,3023.169921875,-0.005268548716968358,-0.005282476460628934,0.010897588313011786,33.715000697544646,59.01449479127764,-20.190912151088924,-30.484433417232395
2021-10-29,2970.679931640625,3030.169921875,2965.39990234375,3025.669921875,-0.012915590887958683,-0.012999722321830578,0.010939071487004038,36.26499720982143,52.293142219979686,-22.2701315029517,-28.841573034376257
2021-11-01,2978.93994140625,2991.81005859375,2976.8701171875,2984.179931640625,0.0027805115178003437,0.0027766530463447696,0.010938797501320846,33.8607177734375,61.09689723744656,-22.98644068333033,-27.670546564167072
2021-11-02,3013.489990234375,3034.300048828125,2995.580078125,2995.580078125,0.011598101844179975,0.0115313594222131,0.010722617579966585,34.68214634486607,61.976398682795924,-20.52956858841071,-26.242350969015803
2021-11-03,2975.7099609375,3020.8701171875,2969.010009765625,3020.360107421875,-0.012536968571094098,-0.012616219435314636,0.01020685697325472,35.203578404017854,47.70705992270998,-21.384505112217084,-25.270781797656063
2021-11-04,2983.219970703125,3011.56005859375,2978.070068359375,3000.919921875,0.002523770751924781,0.0025205913907163377,0.009227407713459802,35.388584681919646,43.94768960892507,-21.211540012959176,-24.458933440716685
2021-11-05,2969.27001953125,3003.530029296875,2953.9599609375,3003.530029296875,-0.004676138973616184,-0.004687106314696891,0.008483879595620915,36.734305245535715,43.03640423948106,-21.947115712288905,-23.95656989503113
2021-11-08,2960.199951171875,2968.179931640625,2930.89990234375,2965.360107421875,-0.003054645855618987,-0.0030593208089157845,0.008510757605592638,37.48573521205357,36.518890449639656,-22.996850095562422,-23.76462593513739
2021-11-09,2962.4599609375,2987.280029296875,2949.169921875,2958.14990234375,0.0007634652398160746,0.0007631739484809814,0.007879929412092087,37.76002720424107,39.516730276942106,-23.376933518868555,-23.687087451883624
2021-11-10,2930.169921875,2958.610107421875,2924.360107421875,2947.4599609375,-0.010899738557911709,-0.01095957591316563,0.008011511537466971,38.82859584263393,35.61307227149655,-25.98415944788212,-24.146501851083322
2021-11-11,2924.919921875,2925.18994140625,2903.719970703125,2911.409912109375,-0.0017917049659156303,-0.001793311989085882,0.007175847673210134,39.115025111607146,35.07936977679968,-28.14954546693434,-24.947110574253525
2021-11-12,2968.800048828125,2973.840087890625,2938.27001953125,2945.949951171875,0.015002163520769551,0.014890744039035118,0.007725224822402853,39.610752650669646,41.42640879856367,-26.0248714460904,-25.162662748620903
2021-11-15,2999.52001953125,3003.7099609375,2979.9599609375,2989.679931640625,0.010347605159616968,0.010294435166860613,0.008090933383166507,39.88218470982143,41.84653992664224,-21.613065117874612,-24.452743222471646
2021-11-16,2997.2099609375,3011.8798828125,2985.340087890625,2995.679931640625,-0.0007701427490759416,-0.0007704394613532391,0.007894705802723626,39.629307338169646,44.99717110292435,-18.094497140365092,-23.181094006050337
2021-11-17,2962.419921875,3004.669921875,2957.699951171875,3004.02001953125,-0.011607474790193861,-0.011675367411650187,0.008220502210923304,41.2078857421875,42.18381171021254,-17.906853013223554,-22.12624580748498
2021-11-18,2947.3798828125,2964.47998046875,2937.530029296875,2959.260009765625,-0.005076943667385536,-0.005089875132667991,0.008272599117463772,38.50645228794643,45.804218247300405,-18.755546878559926,-21.45210602169997
2021-11-19,2971.02001953125,2974.639892578125,2948.070068359375,2951.06005859375,0.008020729481328814,0.007988734399356677,0.008514108402470256,38.944301060267854,48.64866441055275,-17.320916671518262,-20.625868151663628
2021-11-22,3013.25,3018.010009765625,2980.72998046875,2983.3798828125,0.014213966984784276,0.014113895714427938,0.009062241507528086,38.346435546875,49.96009745476156,-12.630755911553933,-19.02684570364169
2021-11-23,2997.330078125,3016.360107421875,2992.139892578125,3013.159912109375,-0.005283306023396661,-0.005297312038488791,0.008842545425423714,36.372157505580354,53.8765132917532,-10.08215357498284,-17.23790727790992
2021-11-24,2994.2900390625,3017.89990234375,2981.02001953125,3006.340087890625,-0.0010142490093723033,-0.0010147637079499223,0.008692421790571087,36.445713588169646,52.01721144974256,-8.212999264137125,-15.432925675155362
2021-11-25,2980.27001953125,2996.739990234375,2973.239990234375,2996.739990234375,-0.0046822516684588145,-0.004693247746498491,0.008676408368214579,34.583565848214285,52.00393171972709,-7.773372809253033,-13.901015101974897
2021-11-26,2936.43994140625,2985.77001953125,2930.31005859375,2973.0400390625,-0.014706747320799352,-0.014815963663352182,0.008822520714229697,35.804268973214285,46.158079280448646,-10.83676717156004,-13.288165515891928
2021-11-29,2909.320068359375,2930.219970703125,2890.780029296875,2906.14990234375,-0.009235630078607171,-0.009278542932604458,0.008991341579491507,36.343540736607146,42.04683888327403,-15.276775223584991,-13.68588745743054
2021-11-30,2839.010009765625,2942.929931640625,2822.72998046875,2932.7099609375,-0.02416717890836928,-0.024463997105961414,0.0098719422722474,42.207833426339285,37.750627738050014,-24.19009930916218,-15.786729827776869
2021-12-01,2899.719970703125,2905.739990234375,2837.030029296875,2860.1201171875,0.02138420108723471,0.021158767212065825,0.010965453714580069,45.226405552455354,47.05305298332026,-26.05484238621966,-17.840352339465426
2021-12-02,2945.27001953125,2945.27001953125,2874.639892578125,2874.639892578125,0.015708430223722702,0.01558632984393063,0.011576805376103965,46.77711704799107,47.259043288681646,-23.585280020003665,-18.989337875573074
2021-12-03,2968.330078125,2975.43994140625,2927.550048828125,2935.929931640625,0.007829522740132377,0.00779903108031386,0.011683259396475484,47.704258510044646,46.30074266599952,-19.542110756715374,-19.099892451801537
2021-12-06,2973.25,2983.5,2932.489990234375,2954.820068359375,0.0016574712870569552,0.0016560991974467736,0.011666175143494863,49.45213099888393,47.175733060441736,-15.759211033264819,-18.431756168094196
2021-12-07,2991.719970703125,2992.31005859375,2960.89990234375,2973.840087890625,0.006212047659337472,0.006192832427508247,0.011742409599919918,48.34071568080357,53.59192383551968,-11.142420583779312,-16.97388905123122
2021-12-08,3001.800048828125,3036.1298828125,2995.340087890625,3017.929931640625,0.0033693254127094008,0.0033636619536333004,0.011440155701978991,49.587855747767854,56.75355500494158,-6.594189120977262,-14.89794906518043
2021-12-09,3029.570068359375,3029.570068359375,3001.550048828125,3007.0,0.009251122353099772,0.009208592816779586,0.011552226316011866,49.642142159598215,57.19235002504207,-0.740340244539766,-12.066427301052299
2021-12-10,3010.22998046875,3017.639892578125,2998.2900390625,3008.699951171875,-0.006383773094608913,-0.006404236509758208,0.01125561954548154,48.52000209263393,49.60691174358316,2.3116464821296177,-9.190812544415916
2021-12-13,3001.659912109375,3043.830078125,3000.510009765625,3019.669921875,-0.0028469812655445015,-0.002851041625050451,0.011047317264086356,49.88427734375,50.57456815865403,3.9928084474945535,-6.554088346033822
2021-12-14,2987.949951171875,3001.699951171875,2976.159912109375,2983.949951171875,-0.004567459785231098,-0.004577922500519231,0.011094644607749317,49.074288504464285,49.181840120929756,4.1707839473106105,-4.409113887364936
2021-12-15,2989.389892578125,2992.300048828125,2973.0,2979.830078125,0.0004819161732227961,0.0004818000889175613,0.010758158605739518,48.7742919921875,51.216371900132145,4.377560260800692,-2.6517790577318103
2021-12-16,3006.409912109375,3018.199951171875,2989.6298828125,3013.260009765625,0.005693475974313689,0.005677329397752537,0.010735558264098076,46.8707275390625,60.05113295620732,5.847400124167507,-0.9519432213519472
2021-12-17,3017.72998046875,3017.72998046875,2984.18994140625,2985.199951171875,0.0037653110155668745,0.0037582399762613977,0.01063160813672971,46.00502232142857,66.31351402189159,7.835372420440308,0.8055199070065039
2021-12-20,2963.0,3001.330078125,2962.070068359375,3001.330078125,-0.018136142339762462,-0.018302618059314164,0.010957816979207377,41.39501953125,69.57591297315757,4.93768421151799,1.631952767908801
2021-12-21,2975.030029296875,2984.56005859375,2955.89990234375,2981.669921875,0.004060084136643605,0.0040518642365245374,0.010957116203084155,38.53431919642857,64.04984650700968,3.570806222950523,2.0197234589171456
2021-12-22,2984.47998046875,3000.7900390625,2976.64990234375,2993.5,0.0031764221129924053,0.003171387941890325,0.010984169003837555,35.329310825892854,58.45369637352828,3.213039730256696,2.2583867131850557
2021-12-23,2998.169921875,3000.699951171875,2980.909912109375,2998.02001953125,0.004587044140299312,0.004576555715009497,0.01097857061105803,33.322178431919646,56.70437640698435,3.9881976076449064,2.604348892077026
2021-12-24,3012.429931640625,3025.77001953125,3009.47998046875,3009.47998046875,0.004756238017592729,0.0047449628549896695,0.010418122437030494,31.650041852678573,58.448315980210175,5.687616124136639,3.2210023384889483
2021-12-27,2999.550048828125,3017.31005859375,2999.300048828125,3013.93994140625,-0.004275579218363856,-0.004284745644374409,0.010209568041344859,30.692888532366073,51.730097833170056,5.926798200457597,3.7621615108826783
2021-12-28,3020.239990234375,3020.2900390625,2991.550048828125,3006.77001953125,0.006897681675400946,0.00687400149900316,0.00822197386932421,29.5736083984375,53.8919267639657,7.697129361601583,4.549155081026459
2021-12-29,2993.2900390625,3007.719970703125,2988.669921875,3002.89990234375,-0.008923115798418313,-0.008963165217937337,0.0074625090899495,29.827183314732142,42.31615240392023,6.846570726433129,5.008638210107793
2021-12-30,2977.64990234375,3005.360107421875,2975.739990234375,2999.75,-0.005225065568202791,-0.005238763960800121,0.006832803503706394,29.7086181640625,42.98990994171215,4.854508801355678,4.97781232835737
2022-01-04,2989.239990234375,2995.25,2973.080078125,2991.969970703125,0.003892360845209497,0.003884805208564638,0.006668217627319993,28.197893415178573,47.36195262798719,4.163019902027372,4.81485384309137
2022-01-05,2953.969970703125,2986.199951171875,2936.72998046875,2984.050048828125,-0.01179899226775849,-0.011869152805533268,0.007194000210645737,30.124319893973215,43.388078760446476,0.7602504610063079,4.003933166674358
2022-01-06,2920.530029296875,2952.5400390625,2915.3798828125,2925.39990234375,-0.01132033898038931,-0.011384901728279289,0.00742577207178834,31.502179827008927,38.084878081751974,-4.5819744891355185,2.286751635512383
2022-01-07,2954.889892578125,2959.030029296875,2933.10009765625,2933.780029296875,0.011764940930780954,0.01169627207847105,0.007913294540386662,32.19431849888393,41.58993594791663,-5.97430437932735,0.6345404325444364
2022-01-10,2926.719970703125,2951.1201171875,2910.89990234375,2947.3701171875,-0.009533323710556929,-0.009579056731597728,0.0077781874676083095,32.940743582589285,35.918287787818414,-9.244251145098133,-1.3412178829840777
2022-01-11,2927.3798828125,2943.570068359375,2909.820068359375,2930.929931640625,0.00022547839081998866,0.00022545297438812426,0.007709326638921771,31.375749860491073,43.38111872249694,-11.64818509650604,-3.4026113256884702
2022-01-12,2972.47998046875,2972.580078125,2950.31005859375,2950.780029296875,0.015406301696969882,0.015288829634579604,0.008550265523305154,32.557181222098215,49.57801560271653,-9.801137694443696,-4.682316599439516
2022-01-13,2962.090087890625,2982.139892578125,2958.389892578125,2979.909912109375,-0.0034953616664851195,-0.0035014847154190396,0.008526523348929047,32.413609095982146,46.30639048535791,-9.071150246701563,-5.560083328891926
2022-01-14,2921.919921875,2944.969970703125,2914.72998046875,2937.610107421875,-0.01356142616318301,-0.013654222222626284,0.009018277133851282,34.382899693080354,38.4318899370184,-11.60030551542377,-6.768127766198295
2022-01-17,2890.10009765625,2919.669921875,2875.97998046875,2918.550048828125,-0.01089003979216896,-0.010949770316534208,0.009122391425911891,35.69288853236607,32.379805646615,-15.98797376317907,-8.61209696559445
2022-01-18,2864.239990234375,2902.7900390625,2857.260009765625,2898.97998046875,-0.008947824140363325,-0.008988096331096568,0.009146150227364208,37.658604213169646,31.2126697446119,-21.306321002188724,-11.150941772913306
2022-01-19,2842.280029296875,2871.7900390625,2832.179931640625,2840.340087890625,-0.007666941671219063,-0.00769648376371843,0.008470943290525427,38.43504115513393,25.377716164981777,-26.982101950818105,-14.317173808494267
2022-01-20,2862.679931640625,2862.699951171875,2830.969970703125,2842.280029296875,0.007177302072096214,0.007151667822996242,0.008616150342129621,38.446463448660715,31.595388139258546,-29.494107897954564,-17.352560626386328
2022-01-21,2834.2900390625,2847.949951171875,2817.110107421875,2837.489990234375,-0.00991724302264363,-0.00996674644077317,0.008707511128977927,39.585728236607146,30.499479943624024,-33.390809311225894,-20.560210363354244
2022-01-24,2792.0,2828.110107421875,2780.679931640625,2823.760009765625,-0.014920857950193489,-0.015033293779029459,0.008959465507796666,41.831455775669646,25.238498350755478,-39.436822830185065,-24.33553285672041
2022-01-25,2720.389892578125,2789.6201171875,2703.989990234375,2786.409912109375,-0.025648319277175813,-0.025982972005221303,0.010030586167036242,44.36717006138393,23.128218033683822,-49.436792728206456,-29.35578483101762
2022-01-26,2709.239990234375,2744.139892578125,2708.10009765625,2729.75,-0.004098641291885974,-0.004107063743722651,0.010031423580144043,44.185006277901785,24.378501535317042,-57.59759562469662,-35.00414698975342
2022-01-27,2614.489990234375,2722.860107421875,2614.489990234375,2709.239990234375,-0.034972907657325414,-0.03559910307074346,0.011719202414712089,49.175728934151785,13.995589435303117,-70.89340877009818,-42.181999345822376
2022-01-28,2663.340087890625,2668.590087890625,2591.530029296875,2617.8701171875,0.01868436973892207,0.018511961155564815,0.013039294330757843,51.537876674107146,23.3096944728412,-76.60558040978503,-49.06671555861491
2022-02-03,2707.820068359375,2735.340087890625,2702.780029296875,2706.340087890625,0.0167008264062809,0.016562901130634664,0.013970243615322016,54.27001953125,29.565184986909514,-76.6596699429756,-54.58530643548705
2022-02-04,2750.260009765625,2751.800048828125,2712.8701171875,2714.830078125,0.015673102471673417,0.015551547848048278,0.01458001991513366,54.182861328125,29.21467675881469,-72.44291091870309,-58.15682733213026
2022-02-07,2745.06005859375,2750.699951171875,2718.93994140625,2750.699951171875,-0.0018907125702337657,-0.0018925022234143457,0.01447287824878028,54.7550048828125,29.50109740400194,-68.72843301973717,-60.27114846965165
2022-02-08,2746.469970703125,2779.85009765625,2726.719970703125,2767.760009765625,0.000513617946158007,0.0005134860896080276,0.014383214215171867,55.167149135044646,32.119189644181716,-64.92252791045757,-61.20142435781284
2022-02-09,2768.85009765625,2773.3798828125,2753.510009765625,2772.6298828125,0.00814868802202695,0.008115666729307792,0.014210963253415212,53.807861328125,37.400500895035286,-59.415526282590235,-60.844244742768325
2022-02-10,2771.929931640625,2788.27001953125,2761.760009765625,2787.43994140625,0.0011123151762466588,0.0011116970120741332,0.014161404537021758,52.449288504464285,39.93104895492244,-54.178139090692184,-59.5110236123531
2022-02-11,2747.7099609375,2766.699951171875,2735.080078125,2739.139892578125,-0.008737584030051537,-0.008775980542849228,0.014205939160164669,52.252127511160715,39.735141807304444,-51.3894358016687,-57.886706050216226
2022-02-14,2704.47998046875,2724.719970703125,2688.239990234375,2715.10009765625,-0.01573309449808169,-0.015858173281495316,0.013776996469026158,54.233555385044646,33.63944346733605,-52.06746516188741,-56.72285787255046
2022-02-15,2676.5400390625,2716.449951171875,2665.469970703125,2712.449951171875,-0.010330984739405413,-0.010384719773174868,0.013830710426246099,54.6199951171875,33.670779230625385,-54.23415055444502,-56.22511640892938
2022-02-16,2729.679931640625,2730.429931640625,2711.340087890625,2719.610107421875,0.01985395017544289,0.019659430941564117,0.014719748818835258,54.639979771205354,43.690763550511605,-51.07456334233075,-55.19500579560965
2022-02-17,2744.090087890625,2770.659912109375,2711.989990234375,2735.110107421875,0.005279064436444436,0.0052651790223417665,0.014728741785308348,52.544259207589285,52.71368190356919,-46.867528836060956,-53.529510403699916
2022-02-18,2744.52001953125,2747.080078125,2711.8798828125,2714.52001953125,0.0001566754832584838,0.00015666321093678787,0.014661525172705586,52.484287806919646,54.141240110939734,-43.00301974630065,-51.42421227222007
2022-02-21,2743.800048828125,2746.6201171875,2694.89990234375,2706.64990234375,-0.00026233027924782437,-0.0002623646938543233,0.014607238817405726,48.4378662109375,69.47853166851037,-39.542641116722734,-49.047898041120604
2022-02-22,2706.7900390625,2721.840087890625,2690.090087890625,2705.080078125,-0.013488595782127799,-0.013580393304611745,0.014676762907645335,46.77000209263393,56.787154475637394,-39.33325532138588,-47.10496949717366
2022-02-23,2719.530029296875,2729.56005859375,2705.31005859375,2727.429931640625,0.004706678408934684,0.004695636631287839,0.014666118141405426,43.359287806919646,52.03051444440682,-37.704668878178836,-45.2249093733747
2022-02-24,2648.800048828125,2694.550048828125,2642.6298828125,2689.280029296875,-0.026008163067438916,-0.026352356347452394,0.015393200329649895,45.710728236607146,33.97863921366647,-41.641305646641285,-44.50818862802802
2022-02-25,2676.760009765625,2694.81005859375,2665.9599609375,2678.469970703125,0.010555708404592412,0.010500385886337626,0.014622879358222813,46.728585379464285,39.93810877864106,-42.0205961950478,-44.01067014143198
2022-02-28,2699.179931640625,2699.179931640625,2658.25,2663.0,0.008375768389099258,0.008340886281999273,0.01473953549201754,45.857142857142854,43.43940475722749,-40.050410165223184,-43.218618146190224
2022-03-02,2703.52001953125,2716.4599609375,2692.239990234375,2698.31005859375,0.0016079283339911488,0.0016066370012891612,0.012156300316702484,45.665004185267854,40.45913062824724,-37.704184353826804,-42.11573138771754
2022-03-03,2747.080078125,2748.2099609375,2726.35009765625,2729.860107421875,0.016112349188855957,0.01598392295307385,0.011983927687268102,46.963570731026785,46.75462151971141,-31.96141946444095,-40.084869003062224
2022-03-04,2713.429931640625,2736.580078125,2702.340087890625,2736.580078125,-0.012249423215701327,-0.012325065753273972,0.01181871358093837,47.527151925223215,45.63066856114002,-29.78221171265659,-38.0243375449811
2022-03-07,2651.31005859375,2680.169921875,2644.10009765625,2680.169921875,-0.022893487066870888,-0.023159612479262553,0.012315071500266237,48.23142787388393,43.534312817370406,-32.69088825602239,-36.957647687189365
2022-03-08,2622.39990234375,2647.179931640625,2605.81005859375,2617.330078125,-0.010904102353586631,-0.010963987806955717,0.012483319930133173,47.840000697544646,43.4318291407158,-36.90344344520008,-36.94680683879151
2022-03-10,2680.320068359375,2682.7900390625,2660.860107421875,2660.860107421875,0.022086702323264706,0.021846324115892792,0.013596816382002391,48.30430385044643,44.08042133716225,-35.16291425661211,-36.59002832235563
2022-03-11,2661.280029296875,2672.6201171875,2647.280029296875,2665.949951171875,-0.007103643810029925,-0.007128994815401693,0.0134727143506336,46.473597935267854,40.17791471445036,-34.9173983302926,-36.25550232394303
2022-03-14,2645.64990234375,2661.760009765625,2633.31005859375,2654.929931640625,-0.005873161328781573,-0.005890476169298372,0.01347908886126462,45.99143763950893,38.681166954548246,-35.57397121242502,-36.11919610163943
2022-03-15,2621.530029296875,2641.969970703125,2615.080078125,2630.31005859375,-0.009116804542244061,-0.009158616929028954,0.013488985530442144,44.48069545200893,36.714124118728165,-37.607071221112164,-36.41677112553398
2022-03-16,2659.22998046875,2659.89990234375,2630.030029296875,2649.85009765625,0.014380896175347768,0.01427847188877576,0.013583572825533768,43.384974888392854,44.83985501180863,-35.7639817188101,-36.2862132441892
2022-03-17,2694.510009765625,2714.0,2694.510009765625,2703.27001953125,0.01326700945611936,0.013179773413378683,0.013733585046638764,45.564976283482146,47.41197398286603,-31.09803767231233,-35.24857812981383
2022-03-18,2707.02001953125,2708.159912109375,2688.7099609375,2695.639892578125,0.0046427772471748785,0.004632032800106088,0.013012833083828192,41.461390904017854,56.846824239702734,-26.090040416147986,-33.41687058708066
2022-03-21,2686.050048828125,2717.81005859375,2683.68994140625,2717.81005859375,-0.007746514821399875,-0.007776674925432973,0.01303986015956246,40.612112862723215,51.110795842660025,-23.541891620072875,-31.441874793679105
2022-03-22,2710.0,2712.139892578125,2686.580078125,2686.679931640625,0.00891642029616091,0.008876903744455997,0.01322743523954075,39.55210658482143,51.28902275793107,-19.366657665048933,-29.026831367953072
2022-03-23,2735.050048828125,2742.27001953125,2720.830078125,2727.1201171875,0.009243560453182642,0.009201100203614362,0.013409399323581296,40.127110072544646,53.57961906314078,-13.876465826076583,-25.996758259577774
2022-03-24,2729.659912109375,2729.659912109375,2705.139892578125,2716.25,-0.001970763467768921,-0.0019727079772907667,0.013044182017585601,39.0714111328125,47.834608033494035,-9.84687952722561,-22.766782513107344
2022-03-25,2729.97998046875,2740.949951171875,2722.360107421875,2740.830078125,0.00011725576433718743,0.00011724889041738484,0.013005326301179754,37.203543526785715,52.24309870507863,-6.552048574646051,-19.523835725415086
2022-03-28,2729.56005859375,2737.4599609375,2707.739990234375,2721.219970703125,-0.00015381866460717486,-0.00015383049591123144,0.011412926489106483,34.374267578125,62.735569411618854,-3.929459133740238,-16.404960407080118
2022-03-29,2741.070068359375,2754.179931640625,2733.219970703125,2745.6201171875,0.0042168003335874005,0.004207934545826776,0.011237180682459194,32.88282993861607,70.47376592480771,-0.9117662385219774,-13.30632157336849
2022-03-30,2746.739990234375,2760.60009765625,2740.02001953125,2758.31005859375,0.0020685067267884882,0.0020663703123668916,0.011113855472257808,30.039254324776785,63.97960630843763,1.9152150254071785,-10.262014253613355
2022-03-31,2757.64990234375,2765.199951171875,2743.199951171875,2743.239990234375,0.003971949346557535,0.003964081981388116,0.011134524263847445,29.250680106026785,71.00202714566186,4.978566952875553,-7.213898012315575
2022-04-01,2739.85009765625,2745.85009765625,2729.679931640625,2745.85009765625,-0.006454700675517899,-0.0064756223332082755,0.010665550939743378,29.216395786830358,70.3368640315739,5.90196575912114,-4.590725258028232
2022-04-04,2757.89990234375,2758.3798828125,2722.449951171875,2729.860107421875,0.006587880374528732,0.006566275127226708,0.010361031930595243,29.599260602678573,80.23326177864813,7.998037952656887,-2.0729726158912083
2022-04-05,2759.199951171875,2769.179931640625,2750.5,2765.5,0.00047139086774694583,0.0004712797979753281,0.00869721010765147,28.192836216517858,76.42895407751638,9.652821623879845,0.2721862320630024
2022-04-06,2735.030029296875,2747.85009765625,2730.659912109375,2739.070068359375,-0.008759757285706882,-0.008798349497119369,0.008539435389176576,26.319266183035715,61.380779189432346,8.911215956047272,1.9999921768598565
2022-04-07,2695.860107421875,2718.5,2693.360107421875,2714.699951171875,-0.014321569216945607,-0.014425112681586078,0.007957415826773135,27.906406947544642,47.27380729441879,5.103967423346603,2.620787226157206
2022-04-08,2700.389892578125,2712.0,2685.52001953125,2706.639892578125,0.0016802745601596225,0.0016788644781897952,0.007766710560812589,27.360682896205358,53.80894079073653,2.4242659082151476,2.5814829625687943
2022-04-11,2693.10009765625,2711.02001953125,2683.9599609375,2687.5400390625,-0.002699534219821609,-0.002703184533234248,0.00765563328496044,27.429983956473215,45.07518625816036,-0.2843643997812251,2.0083134900987907
2022-04-12,2666.760009765625,2685.080078125,2658.39990234375,2674.169921875,-0.009780582576023877,-0.009828726649043143,0.0077032394176715265,27.603567940848215,30.248053870227892,-4.504473624958791,0.7057560670872745
2022-04-13,2716.489990234375,2717.6298828125,2672.60009765625,2677.530029296875,0.018648089924342637,0.01847634613906499,0.008133415852909484,29.100690569196427,46.968375430487995,-3.7924300047279758,-0.19388114727577554
2022-04-14,2716.7099609375,2720.300048828125,2702.610107421875,2719.340087890625,8.097607718626776e-05,8.097279880070886e-05,0.007617581822668406,29.036411830357142,46.94392529670137,-3.173794975468809,-0.7898639129143822
2022-04-15,2696.06005859375,2705.409912109375,2685.010009765625,2695.52001953125,-0.007601069912013703,-0.0076301052706886545,0.0077521800410903854,29.177839006696427,42.94258028678997,-4.300226464577008,-1.4919364232469075
2022-04-18,2693.2099609375,2701.110107421875,2681.3701171875,2685.0400390625,-0.0010571343346619244,-0.0010576934952693379,0.007549626227963909,28.829275948660715,39.53552428872953,-5.361111045834605,-2.265771347764447
2022-04-19,2718.889892578125,2723.97998046875,2705.320068359375,2707.760009765625,0.009535064853126274,0.0094898930393572,0.007588138073264316,29.55712890625,44.40061651433789,-4.082651586361408,-2.629147395483839
2022-04-20,2718.68994140625,2724.4599609375,2702.840087890625,2718.489990234375,-7.354147456317683e-05,-7.354417887000392e-05,0.007284080114772528,29.529976981026785,41.814412133423346,-3.0504341365376604,-2.7134047436946034
2022-04-21,2728.2099609375,2737.5400390625,2725.0400390625,2725.7099609375,0.0035016937335361487,0.0034955770789760455,0.0073205254783352495,28.878557477678573,47.466221961464555,-1.447522221658346,-2.460228239287352
2022-04-22,2704.7099609375,2708.580078125,2690.47998046875,2704.719970703125,-0.008613706546223732,-0.008651018936287053,0.007569774201101002,29.007132393973215,38.6901820235638,-2.0498274482160923,-2.3781480810731
2022-04-25,2657.1298828125,2680.35009765625,2657.0400390625,2676.669921875,-0.01759156390599015,-0.01774813439688452,0.00849724659980229,31.077845982142858,31.865780079549936,-6.293920938273914,-3.161302652513263
2022-04-26,2668.31005859375,2678.050048828125,2663.830078125,2674.0,0.004207613580942571,0.0041987863273713075,0.008496932207850865,30.5335693359375,37.57263337301699,-8.655473941515993,-4.260136910313809
2022-04-27,2639.06005859375,2641.820068359375,2615.5,2630.580078125,-0.01096199443006829,-0.01102251981674945,0.008721438457771851,31.329293387276785,39.01437061395017,-12.740388984608671,-5.956187325172783
2022-04-28,2667.489990234375,2667.489990234375,2638.3701171875,2656.5400390625,0.010772749012682326,0.010715136347231402,0.009087372452345553,31.517857142857142,44.17535736761664,-13.52771660561848,-7.470493181261922
2022-04-29,2695.050048828125,2696.10009765625,2664.06005859375,2669.179931640625,0.010331832057344892,0.010278823484985806,0.009387574744120797,31.873570033482142,50.32210346832884,-11.791883525077537,-8.334771250025046
2022-05-02,2687.449951171875,2689.909912109375,2667.85009765625,2669.2099609375,-0.0028200209712448965,-0.0028240047216531896,0.00923201972003034,31.337838309151785,53.64323422695305,-10.903795499795251,-8.848576099979088
2022-05-03,2680.4599609375,2702.10009765625,2680.4599609375,2690.159912109375,-0.0026009750363265027,-0.0026043634486220897,0.009226684541926938,29.25,42.53140444758436,-10.641346319199329,-9.207130143823136
2022-05-04,2677.570068359375,2696.030029296875,2667.22998046875,2690.449951171875,-0.0010781330891860286,-0.001078714692733293,0.009063012283956421,30.0435791015625,41.97558795234515,-10.544987579162353,-9.47470163089098
2022-05-06,2644.510009765625,2652.510009765625,2635.969970703125,2650.889892578125,-0.01234703770572354,-0.012423895676548483,0.00891758710170268,30.750732421875,39.94303486970893,-12.986591672603936,-10.177079639233572
2022-05-10,2596.56005859375,2602.75,2553.010009765625,2590.1298828125,-0.01813188492189699,-0.018298282011498492,0.009691501954785034,35.87644740513393,33.965981203634854,-18.576601335904343,-11.856983978567726
2022-05-11,2592.27001953125,2599.110107421875,2579.090087890625,2586.52001953125,-0.0016522009757876654,-0.0016535673650603896,0.009690109970982115,35.108590262276785,27.389328099427928,-23.086764714291803,-14.102940125712541
2022-05-12,2550.080078125,2591.570068359375,2546.800048828125,2569.5,-0.01627528810207779,-0.016409185402604456,0.010077197746523717,36.812168666294646,23.81755014891513,-29.72285083843508,-17.22692226825705
2022-05-13,2604.239990234375,2605.840087890625,2565.9599609375,2570.010009765625,0.021238514262343244,0.021016120384490942,0.010363881162464299,39.44859095982143,33.093319180644556,-30.262892837647087,-19.834116382135058
2022-05-16,2596.580078125,2629.199951171875,2593.610107421875,2624.68994140625,-0.002941323433362064,-0.0029456576260600124,0.010352296069447691,39.295724051339285,34.58766344941246,-30.95217351427118,-22.057727808562284
2022-05-17,2620.43994140625,2621.840087890625,2603.580078125,2603.580078125,0.009188957229649297,0.009146995621897308,0.010571766807860379,37.695016043526785,44.39111487984427,-29.236125993301357,-23.4934074455101
2022-05-18,2625.97998046875,2644.1298828125,2618.0,2634.75,0.0021141637230299715,0.0021119320238042368,0.010601239691953939,38.067138671875,43.415344043944295,-27.116528654299145,-24.218031687267914
2022-05-19,2592.340087890625,2597.7900390625,2568.5400390625,2576.239990234375,-0.012810414713108398,-0.012893175636569897,0.010587683114967338,38.39784458705357,42.830392407368144,-27.830379393172734,-24.940501228448877
2022-05-20,2639.2900390625,2641.679931640625,2605.3798828125,2605.780029296875,0.01811103079846199,0.017948979762880964,0.011520466319972073,39.842128208705354,45.905212295671845,-24.32721358919798,-24.817843700598697
2022-05-23,2647.3798828125,2653.8701171875,2634.2900390625,2651.6298828125,0.0030651590504520154,0.003060471027697035,0.011510978824854924,38.95213099888393,42.66317968835131,-20.659991152019302,-23.98627319088282
2022-05-24,2605.8701171875,2646.989990234375,2605.8701171875,2638.93994140625,-0.015679565254118843,-0.015803789873777882,0.011850825910893275,39.97426060267857,38.63090900059133,-20.862690020018817,-23.36155655671002
2022-05-25,2617.219970703125,2630.169921875,2602.93994140625,2621.75,0.004355494712021457,0.004346036997002269,0.011309371627050369,40.37353515625,41.29258977139565,-19.878346801164753,-22.66491460560097
2022-05-26,2612.449951171875,2641.909912109375,2602.010009765625,2616.989990234375,-0.001822552014979717,-0.001824214883653634,0.011250508379612738,41.1663818359375,41.07990138571002,-19.261118238445306,-21.984155332169838
2022-05-27,2638.050048828125,2644.7099609375,2631.489990234375,2640.75,0.009799268171536202,0.009751566716268105,0.011241079013094783,40.499232700892854,49.096658250043355,-16.51586165133267,-20.890496596002404
2022-05-30,2669.659912109375,2672.739990234375,2654.179931640625,2662.31005859375,0.011982283389692316,0.011911064180108094,0.011304188464055022,36.441371372767854,60.71157449774011,-11.655220113052565,-19.043441299412436
2022-05-31,2685.89990234375,2685.89990234375,2654.320068359375,2666.8798828125,0.006083168182101195,0.00606474040959963,0.011141412700866542,37.26707240513393,63.25567891163987,-6.418704357947718,-16.518493911119492
2022-06-02,2658.989990234375,2674.0,2653.590087890625,2670.739990234375,-0.010018955690006548,-0.010069483198433456,0.011348129817950853,36.327061244419646,66.11623035665643,-4.389533101471443,-14.092701749189883
2022-06-03,2670.64990234375,2681.510009765625,2663.0,2679.570068359375,0.0043850906367448594,0.004375504141681287,0.011388309839361378,33.95277622767857,61.24109750039878,-1.8195679533250768,-11.638074990016923
2022-06-07,2626.340087890625,2662.0400390625,2622.780029296875,2659.27001953125,-0.01659139762731121,-0.016730576459998654,0.011975719079704527,34.829921177455354,54.48140520326375,-3.320012731484894,-9.974462538310519
2022-06-08,2626.14990234375,2639.52001953125,2621.9599609375,2633.530029296875,-7.241466851604095e-05,-7.241729058473402e-05,0.01166827528059428,34.27992466517857,50.92583209297907,-4.472911473309523,-8.87415232531032
2022-06-09,2625.43994140625,2627.8798828125,2606.610107421875,2618.919921875,-0.00027034288365124226,-0.00027037943287597634,0.010878225373292956,33.932774135044646,49.911042905309756,-5.381841428747066,-8.17569014599767
2022-06-10,2595.8701171875,2602.800048828125,2583.739990234375,2596.3701171875,-0.011262807330839841,-0.011326713036847454,0.011192010885817226,32.80848911830357,50.58938143279323,-8.39148088787897,-8.218848294373931
2022-06-13,2504.510009765625,2550.320068359375,2504.510009765625,2550.2099609375,-0.03519440622894465,-0.03582865517045209,0.013334228789753898,35.8099365234375,30.402994897513636,-17.941816886517245,-10.163442012802594
2022-06-14,2492.969970703125,2503.169921875,2457.389892578125,2472.9599609375,-0.004607703310229527,-0.004618351496840659,0.012309183247305167,37.77708217075893,27.771830393888635,-26.140381632470508,-13.358829936736178
2022-06-15,2447.3798828125,2495.5400390625,2436.0400390625,2490.010009765625,-0.018287459707252984,-0.01845674230724035,0.012837071540415516,39.062098911830354,27.449363403813052,-35.90267861123084,-17.867599671635112
2022-06-16,2451.409912109375,2500.360107421875,2447.330078125,2481.659912109375,0.0016466709255793521,0.001645316649504973,0.01257158585214978,40.904959542410715,25.90599350641979,-42.82057073203305,-22.858193883714698
2022-06-17,2440.929931640625,2441.340087890625,2396.469970703125,2409.719970703125,-0.004275082848030243,-0.004284247142781466,0.012506946693993914,41.979248046875,25.483116738089592,-48.58859780729654,-28.004274668431066
2022-06-20,2391.030029296875,2449.889892578125,2372.35009765625,2449.889892578125,-0.020442988427042064,-0.020654838520615067,0.012922254161177593,45.21351841517857,16.98472634815886,-56.53461011525451,-33.71034175779576
2022-06-21,2408.929931640625,2423.47998046875,2385.60009765625,2402.989990234375,0.007486272495295099,0.007458389431031975,0.012173882684968157,45.441371372767854,13.826655177366078,-60.68793683491958,-39.10586077322053
2022-06-22,2342.81005859375,2418.050048828125,2342.81005859375,2417.110107421875,-0.02744781912433769,-0.02783154850157405,0.013081222390685605,48.55995396205357,8.187262565577129,-68.52488710808348,-44.98966604019312
2022-06-23,2314.320068359375,2361.22998046875,2306.47998046875,2347.840087890625,-0.012160606076395242,-0.012235151205536013,0.012965880859615161,50.16282435825893,8.15585179283623,-76.15674324270003,-51.2230814806945
2022-06-24,2366.60009765625,2373.47998046875,2319.989990234375,2327.110107421875,0.022589800784960756,0.02233842980702205,0.014274709623629206,52.779959542410715,16.401088643275088,-77.09774792570943,-56.39801476969749
2022-06-27,2401.919921875,2418.93994140625,2365.860107421875,2383.199951171875,0.014924289174892191,0.014814017765714083,0.014940835632572405,53.152099609375,24.697810561339907,-74.13885965790223,-59.94618374733844
2022-06-28,2422.090087890625,2422.10009765625,2393.9599609375,2405.199951171875,0.008397518098721468,0.008362455101626916,0.014875647023141094,53.90781947544643,27.985161702569258,-69.36673897210176,-61.830294792291106
2022-06-29,2377.989990234375,2393.25,2375.449951171875,2387.10009765625,-0.018207455567706088,-0.018375251161417958,0.014681985055829726,55.71998814174107,25.589422641093194,-68.35535033931365,-63.13530590169562
2022-06-30,2332.639892578125,2368.570068359375,2332.590087890625,2368.570068359375,-0.01907076894456583,-0.019254961615866904,0.014698072843250141,55.98427036830357,24.816776623271068,-70.40164509430224,-64.58857374021694
2022-07-01,2305.419921875,2354.969970703125,2291.489990234375,2342.919921875,-0.011669169677553826,-0.011737788779017887,0.014720822965852285,53.992832728794646,28.2885022431076,-73.3739632052202,-66.3456516332176
2022-07-04,2300.340087890625,2318.31005859375,2276.6298828125,2310.72998046875,-0.0022034311129937034,-0.002205862239197818,0.014522214878425012,53.60426548549107,28.69278871237269,-75.27176086688405,-68.13087347995089
2022-07-05,2341.780029296875,2344.080078125,2309.6201171875,2322.110107421875,0.018014702097484125,0.017854360163026755,0.015393593159598734,52.478550502232146,38.21113482310039,-72.59509122048803,-69.02371702805833
2022-07-06,2292.010009765625,2332.139892578125,2290.330078125,2330.110107421875,-0.02125307198310744,-0.02148217036210855,0.015720124718580815,52.365687779017854,33.8539744968262,-73.64094885363374,-69.94716339317341
2022-07-07,2334.27001953125,2344.139892578125,2307.89990234375,2308.969970703125,0.018437969112511166,0.018270050669470538,0.016645173970275186,52.164969308035715,39.849640131652016,-70.24997101962526,-70.0077249184638
2022-07-08,2350.610107421875,2367.840087890625,2348.739990234375,2352.489990234375,0.0070000847176652226,0.006975697865185579,0.016831885504519046,49.02427455357143,45.89094677986832,-65.48916973937366,-69.10401388264577
2022-07-11,2340.27001953125,2363.260009765625,2337.820068359375,2357.429931640625,-0.004398895358263322,-0.004408598965674936,0.015185088606647485,48.135707310267854,42.91113529820111,-61.83773221775209,-67.65075754966705
2022-07-12,2317.760009765625,2333.02001953125,2303.739990234375,2330.8798828125,-0.009618552379752177,-0.009665109436213588,0.0152483520142944,45.37071010044643,47.157732612736396,-60.0678861383235,-66.13418326739834
2022-07-13,2328.610107421875,2341.18994140625,2312.489990234375,2324.449951171875,0.00468128607385343,0.0046703629305078695,0.014939678323507514,43.50999232700893,51.68900903313381,-57.13118542387565,-64.33358369869381
2022-07-14,2322.320068359375,2338.2900390625,2307.68994140625,2316.409912109375,-0.0027011989007743598,-0.0027048537216074653,0.014907977721648737,41.470005580357146,44.12794451023954,-54.681053388495,-62.403077636654054
2022-07-15,2330.97998046875,2337.300048828125,2293.449951171875,2335.1201171875,0.0037289916352887253,0.003722056182131419,0.014970696767564006,40.810738699776785,39.87672437459847,-51.44746916528675,-60.2119559423806
2022-07-18,2375.25,2376.5,2344.1201171875,2350.47998046875,0.018992020481594762,0.018813923475476727,0.015025729585008049,42.052158900669646,43.74598646170375,-44.79622675811106,-57.128810105526696
2022-07-19,2370.969970703125,2372.739990234375,2359.590087890625,2367.52001953125,-0.0018019279220607975,-0.0018035533470715757,0.0149153429484328,39.839285714285715,48.95117189779744,-39.41606792992616,-53.58626167040659
2022-07-20,2386.85009765625,2410.06005859375,2382.64990234375,2406.2900390625,0.006697734323651394,0.006675404153361585,0.013557130949288756,39.388584681919646,58.88138079882629,-33.484867063378715,-49.56598274900102
2022-07-21,2409.159912109375,2411.9599609375,2387.909912109375,2387.909912109375,0.009346969244123038,0.009303556634980224,0.013309413201664292,36.647862025669646,67.27387440271818,-26.67662059260465,-44.98811031772175
2022-07-22,2393.139892578125,2417.909912109375,2391.47998046875,2405.3701171875,-0.0066496289643236395,-0.0066718362485527075,0.012535441967486953,35.558558872767854,64.90902587000826,-22.31646755853535,-40.45378176588447
2022-07-25,2403.68994140625,2412.469970703125,2385.64990234375,2385.64990234375,0.004408454708746401,0.004398765936858528,0.012121520511424512,34.34999302455357,61.042314582493276,-17.8044751887619,-35.92392045045996
2022-07-26,2412.9599609375,2415.389892578125,2395.169921875,2397.27001953125,0.003856578742359229,0.003849161207316746,0.011999765999473723,32.11928013392857,75.21573377988385,-13.327049692129549,-31.40454629879388
2022-07-27,2415.530029296875,2415.530029296875,2396.18994140625,2412.52001953125,0.0010651102384544586,0.0010645434109978757,0.011210481789495097,29.777151925223215,70.30075325546645,-9.462200334850422,-27.016077106005188
2022-07-28,2435.27001953125,2443.429931640625,2429.070068359375,2437.570068359375,0.008172115434276428,0.00813890451191696,0.01026717494108001,29.372140066964285,70.7968444322365,-4.751653038116729,-22.563192292427498
2022-07-29,2451.5,2463.050048828125,2442.010009765625,2453.530029296875,0.006664550681683368,0.006642440744621719,0.00976890247520945,29.539289202008927,76.55538535786978,0.2877958846161164,-17.992994657018777
2022-08-01,2452.25,2461.39990234375,2437.1298828125,2444.050048828125,0.00030593514175003556,0.00030588835313716744,0.009713469886425989,28.66357421875,85.83147846290541,4.292631412288756,-13.53586944315727
2022-08-02,2439.6201171875,2451.070068359375,2428.760009765625,2451.0,-0.005150324319502464,-0.005163632955327419,0.009237423103609643,28.291434151785715,79.29797793004263,6.3738921692993245,-9.553917120665952
2022-08-03,2461.449951171875,2461.449951171875,2433.1201171875,2438.56005859375,0.008948046390739428,0.008908249848322957,0.007499379216589113,28.1292724609375,83.93581519654899,9.67328388173064,-5.708476920186634
2022-08-04,2473.110107421875,2478.949951171875,2465.320068359375,2478.43994140625,0.004737108810377588,0.004725924018910999,0.006667040526712524,26.247122628348215,84.16754017656442,13.078195449797931,-1.9511424461897207
2022-08-05,2490.800048828125,2497.580078125,2480.050048828125,2481.429931640625,0.0071529129872389685,0.007127452245355493,0.0066720210221988705,24.743547712053573,81.84777708245015,17.00798536089269,1.8406831152267613
2022-08-08,2493.10009765625,2494.0,2477.760009765625,2481.169921875,0.0009234176903147873,0.0009229916024839131,0.006468184909862423,24.784981863839285,84.03281878235786,20.076537073983673,5.487853906978144
2022-08-09,2503.4599609375,2506.489990234375,2481.360107421875,2493.570068359375,0.00415541409307596,0.00414680420346334,0.005720595535254131,23.787824358258927,83.52598640525372,23.078308426345757,9.005944810851666
2022-08-10,2480.8798828125,2494.14990234375,2478.2099609375,2493.699951171875,-0.009019548336033356,-0.009060470715559606,0.006400901017927093,23.797834123883927,70.58789724728464,23.36586312917825,11.877928474516985
2022-08-11,2523.780029296875,2523.780029296875,2506.409912109375,2507.739990234375,0.017292310998846316,0.017144500545461468,0.006957191440047229,24.974278041294642,82.48783911445925,26.747111540359583,14.851765087685505
2022-08-12,2527.93994140625,2533.199951171875,2514.31005859375,2519.659912109375,0.001648286324911652,0.0016469293918786843,0.006979497460313461,24.4078369140625,81.91299374943564,29.423272241145696,17.766066518377546
2022-08-16,2533.52001953125,2546.35009765625,2532.199951171875,2543.050048828125,0.002207361825967924,0.0022049291820117685,0.006058420859343525,24.278564453125,81.56353307237802,31.62980583445551,20.538814381593138
2022-08-17,2516.469970703125,2543.14990234375,2512.010009765625,2536.570068359375,-0.006729786501264545,-0.0067525336274165135,0.006367799140537799,25.121407645089285,74.56438250685628,31.637999987261082,22.758651502726728
2022-08-18,2508.050048828125,2515.3701171875,2488.090087890625,2499.300048828125,-0.003345925829843055,-0.0033515359572146774,0.0064554818424006856,25.155691964285715,68.74422312961443,30.612198219661423,24.32936084611367
2022-08-19,2492.68994140625,2510.719970703125,2492.68994140625,2510.719970703125,-0.006124322530585813,-0.006143153116235161,0.0065194161047461095,24.459263392857142,60.65606075534906,28.234342701766764,25.11035721724429
2022-08-22,2462.5,2475.77001953125,2457.080078125,2467.3798828125,-0.012111390552335788,-0.01218533106431652,0.006991702891513115,25.269252232142858,52.301199272105414,23.64127718152986,24.816541210101406
2022-08-23,2435.340087890625,2454.550048828125,2431.830078125,2449.31005859375,-0.011029405932741154,-0.011090680797153002,0.007485799958642006,25.7821044921875,49.09795366020571,17.6067026349383,23.374573495068788
2022-08-24,2447.449951171875,2454.010009765625,2430.68994140625,2446.179931640625,0.004972555308174309,0.004960232987094388,0.007514825800152286,25.424264090401785,46.9233476621434,13.644142409931192,21.428487278041267
2022-08-25,2477.260009765625,2477.260009765625,2455.320068359375,2459.7900390625,0.012180048290457046,0.012106468371065294,0.007936078336290845,26.303553989955358,50.84460936692558,12.762094002832328,19.69520862299948
2022-08-26,2481.030029296875,2497.760009765625,2476.75,2489.139892578125,0.0015218505592420328,0.0015206937182237392,0.007770479894395257,26.056413922991073,47.89212092098166,12.226335766113152,18.201434051622215
2022-08-29,2426.889892578125,2432.889892578125,2417.010009765625,2432.06005859375,-0.021821637013435646,-0.0220632503337766,0.00918273538268886,29.469273158482142,38.32642466974005,7.34837939492445,16.030823120282662
2022-08-30,2450.929931640625,2453.909912109375,2433.47998046875,2441.2099609375,0.009905698291471365,0.009856958465856228,0.009470929048429349,29.604282924107142,41.16460074949553,5.3606004037378625,13.896778576973702
2022-08-31,2472.050048828125,2473.75,2426.139892578125,2433.469970703125,0.008617185222166812,0.0085802692047687,0.009576629067568732,31.201433454241073,48.50751750315069,5.4269299110274005,12.202808843784442
2022-09-01,2415.610107421875,2443.610107421875,2415.610107421875,2443.0,-0.022831229259701047,-0.02309589800903308,0.01073027661566201,32.16856166294643,32.516585141796455,0.9147206104162251,9.9451911971108
2022-09-02,2409.409912109375,2432.3701171875,2402.669921875,2427.699951171875,-0.0025667202225434504,-0.002570019896329493,0.010651245460707604,32.940726143973215,30.967615478397903,-3.1255127481585987,7.331050408056921
2022-09-05,2403.679931640625,2424.77001953125,2392.6298828125,2410.070068359375,-0.0023781675504661592,-0.002380999882312726,0.010465652222268166,33.921439034598215,29.16158922440715,-6.712411824342325,4.522357961577072
2022-09-06,2410.02001953125,2422.530029296875,2399.260009765625,2409.719970703125,0.0026376589524952365,0.0026341864349913617,0.01049586547907794,33.359305245535715,32.3073102521423,-8.940403669685566,1.8298056353245444
2022-09-07,2376.4599609375,2398.39990234375,2365.35009765625,2395.659912109375,-0.01392521984123496,-0.014023085309347448,0.010747002357391544,34.522879464285715,29.815642144288205,-13.261252055485784,-1.1884059028375211
2022-09-08,2384.280029296875,2394.06005859375,2379.06005859375,2393.27001953125,0.0032906375398347176,0.003285235240221192,0.010711078641281483,34.49217006138393,32.97745671786434,-15.87158363329354,-4.125041448928725
2022-09-13,2449.5400390625,2453.949951171875,2418.590087890625,2418.590087890625,0.02737095012487689,0.027003063514895096,0.011808434176972906,36.92503138950893,48.16691046163579,-12.529915758440438,-5.806016310831068
2022-09-14,2411.419921875,2418.419921875,2381.5,2390.469970703125,-0.01556215313063003,-0.015684514567383557,0.0121954877630603,39.594325474330354,46.71841621724093,-12.809929868501513,-7.206799022365157
2022-09-15,2401.830078125,2421.6298828125,2401.830078125,2416.010009765625,-0.003976845203527812,-0.003984773880141766,0.012152021781946552,39.34287806919643,43.69787974305721,-13.648333816629474,-8.495105981218021
2022-09-16,2382.780029296875,2395.10009765625,2371.110107421875,2387.56005859375,-0.007931472339207435,-0.007963093779980213,0.012176422655118665,39.407871791294646,36.548237113086714,-15.669328453826893,-9.929950475739796
2022-09-19,2355.659912109375,2389.85009765625,2352.760009765625,2388.72998046875,-0.011381712476204897,-0.011446979874752366,0.01233175499804921,40.556448800223215,33.26304138381491,-19.23758911668665,-11.791478203929167
2022-09-20,2367.85009765625,2382.52001953125,2359.840087890625,2373.639892578125,0.005174849512109558,0.005161505992380546,0.012445137242706312,37.902169363839285,41.123992568183105,-20.84156669647973,-13.601495902439279
2022-09-21,2347.2099609375,2360.27001953125,2341.7900390625,2351.5400390625,-0.008716825756486912,-0.00875503951262238,0.012328726190512014,37.83360072544643,34.24574935568205,-23.507240188736432,-15.58264475969871
2022-09-22,2332.31005859375,2335.110107421875,2309.10009765625,2319.699951171875,-0.006347920548956276,-0.006368154270090972,0.012197997590038721,37.15501185825893,28.36578984568888,-26.5164382378548,-17.76940345532993
2022-09-23,2290.0,2334.06005859375,2285.7099609375,2331.330078125,-0.018140837852090974,-0.018307400314531583,0.012586417413545376,36.57716587611607,29.66360493639776,-31.94705177398373,-20.60493311906069
2022-09-26,2220.93994140625,2260.800048828125,2215.360107421875,2260.800048828125,-0.030157230826965087,-0.03062131425934826,0.013427461343228886,39.787144252232146,24.646933058337083,-41.346801506075735,-24.7533067964637
2022-09-27,2223.860107421875,2227.35009765625,2197.89990234375,2224.389892578125,0.0013148334005719242,0.0013139697640788105,0.013421882411239075,39.595005580357146,25.626300518354185,-48.00714145440497,-29.40407372805196
2022-09-28,2169.2900390625,2223.56005859375,2151.60009765625,2206.14990234375,-0.02453844474175948,-0.024844529989538726,0.013615844374635904,43.094290597098215,21.14316418162045,-57.03143442886494,-34.92954586821456
2022-09-29,2170.929931640625,2210.610107421875,2170.139892578125,2197.75,0.0007559581930471904,0.000755672600573956,0.013217963843025897,42.855015345982146,23.321001355735817,-63.32100091910297,-40.60783687839225
2022-09-30,2155.489990234375,2177.199951171875,2134.77001953125,2161.110107421875,-0.007112132538787952,-0.007137544313032881,0.012760696334003204,44.628574916294646,20.87781363272491,-68.75879334221963,-46.23802817115773
2022-10-04,2209.3798828125,2212.3798828125,2180.840087890625,2189.510009765625,0.02500122608886035,0.024693808773910073,0.013975361623401038,43.71571568080357,18.51931028302974,-67.93668721914491,-50.57775998075517
2022-10-05,2215.219970703125,2253.929931640625,2204.030029296875,2248.85009765625,0.0026433154099287925,0.0026398279959555246,0.014060776290488967,42.419991629464285,21.90403737760994,-66.05250376142521,-53.67270873688918
2022-10-06,2237.860107421875,2250.8701171875,2223.360107421875,2230.429931640625,0.010220265715446653,0.010168391942899268,0.014421673346735518,43.552158900669646,27.365387920720664,-62.01750577269695,-55.341668144050736
2022-10-07,2232.840087890625,2245.8798828125,2215.080078125,2217.840087890625,-0.0022432231195332886,-0.002245742913527329,0.01435222375607869,43.557861328125,28.468083256436216,-58.54988775812126,-55.98331206686484
2022-10-11,2192.070068359375,2193.050048828125,2174.06005859375,2193.02001953125,-0.018259265297303817,-0.018428023100819542,0.014549513893200321,45.107142857142854,27.394137071558603,-58.41816707958651,-56.47028306940918
2022-10-12,2202.469970703125,2205.02001953125,2181.64990234375,2191.35009765625,0.0047443293414126675,0.00473311048094844,0.014591413010939521,44.857857840401785,27.033107867568532,-56.819611180610536,-56.54014869164945
2022-10-13,2162.8701171875,2198.340087890625,2162.8701171875,2198.2900390625,-0.01797974730297136,-0.018143346912613698,0.012947854537440453,45.824986049107146,25.680759399736147,-58.07862708231096,-56.847844369781754
2022-10-14,2212.550048828125,2220.5400390625,2193.6298828125,2200.659912109375,0.02296944751598251,0.022709620947729568,0.014251830226164912,47.222133091517854,35.52854158172762,-54.44009938630188,-56.366295373085784
2022-10-17,2219.7099609375,2221.050048828125,2177.659912109375,2187.169921875,0.0032360452651307714,0.003230820539250357,0.01435130622260157,46.867850167410715,40.71784316911561,-50.39783997601626,-55.17260429367188
2022-10-18,2249.949951171875,2251.739990234375,2220.7099609375,2249.14990234375,0.013623397095358758,0.013531432922704058,0.014831193626138422,43.824288504464285,54.26856561107755,-44.24418634554604,-52.98692070404672
2022-10-19,2237.43994140625,2266.800048828125,2234.590087890625,2249.35009765625,-0.005560128019340693,-0.00557564306830181,0.014710058388120815,44.021414620535715,51.943309569078096,-39.91668999134663,-50.372874561506706
2022-10-20,2218.090087890625,2231.52001953125,2200.43994140625,2225.530029296875,-0.008648211358675995,-0.008685824151123383,0.014652550658711728,41.502842494419646,57.76627017769347,-37.61488839894582,-47.82127732899453
2022-10-21,2213.1201171875,2224.0400390625,2204.639892578125,2210.590087890625,-0.0022406532224538145,-0.0022431672419514315,0.014596420508759006,39.9371337890625,56.64392446400244,-35.77928779547392,-45.41287942229041
2022-10-24,2236.159912109375,2256.669921875,2229.85009765625,2248.260009765625,0.010410548773626793,0.010356732195238468,0.014866350724212324,40.017124720982146,62.406581919546305,-32.09546564462198,-42.749396666756724
2022-10-25,2235.070068359375,2253.239990234375,2230.75,2237.0400390625,-0.00048737290392253385,-0.00048749170869932703,0.014369886047160567,37.559988839285715,54.7170961619324,-28.93045900911511,-39.9856091352284
2022-10-26,2249.56005859375,2258.110107421875,2234.489990234375,2240.699951171875,0.006483013861400488,0.0064620895135721,0.012667300072593313,35.682861328125,56.1112226268651,-24.96516445822226,-36.98152019982717
2022-10-27,2288.780029296875,2290.56005859375,2262.02001953125,2266.070068359375,0.017434507050966275,0.01728426972832183,0.013204001858440863,36.064993722098215,58.55684652750427,-18.445290272992224,-33.274274214460185
2022-10-28,2268.39990234375,2292.64990234375,2266.43994140625,2276.72998046875,-0.008904362451723213,-0.008944243205357824,0.011958091894196544,35.737147739955354,55.68231204672157,-14.752689112471671,-29.569957194062482
2022-10-31,2293.610107421875,2295.510009765625,2273.72998046875,2293.75,0.011113651103616062,0.011052348263929108,0.012111772037041137,33.475010463169646,67.07477284707636,-9.680433221358726,-25.592052399521734
2022-11-01,2335.219970703125,2335.570068359375,2297.570068359375,2301.580078125,0.018141646283561963,0.017979050181397147,0.012332873172370444,34.8028564453125,70.20244653862787,-2.2768199027932496,-20.92900590017604
2022-11-02,2336.8701171875,2346.320068359375,2323.3701171875,2326.050048828125,0.0007066342807431347,0.000706384732292514,0.011341472445776518,33.613577706473215,79.93809943072984,3.681314125067729,-16.006941895127287
2022-11-03,2329.169921875,2342.860107421875,2296.43994140625,2297.449951171875,-0.003295089126205908,-0.0033005298875306986,0.01142351481324215,32.810023716517854,73.45344956090605,7.69315495814908,-11.266922524472015
2022-11-04,2348.429931640625,2348.429931640625,2316.2900390625,2325.85009765625,0.008269044514416679,0.008235043275735265,0.011363301265699116,32.006434849330354,74.685483500935,12.285074851887202,-6.556523049200172
2022-11-07,2371.7900390625,2373.280029296875,2354.219970703125,2360.219970703125,0.009947117053458632,0.009897970129358053,0.011425629796165203,31.493582589285715,73.9993786842533,17.606216388021494,-1.7239751617558392
2022-11-08,2399.0400390625,2400.389892578125,2375.669921875,2387.199951171875,0.011489212599430143,0.011423712812916922,0.010378346509242197,31.2357177734375,80.08415567982664,23.748350453220155,3.3704899612393593
2022-11-09,2424.409912109375,2429.64990234375,2403.639892578125,2408.5400390625,0.010575010268185858,0.010519485950886353,0.010465151590936117,30.779279436383927,87.56732535416381,30.313734816266333,8.759138932244754
2022-11-10,2402.22998046875,2426.10009765625,2401.989990234375,2405.77001953125,-0.009148589737173252,-0.009190695084035343,0.009586711304267243,31.115705217633927,82.40290348327636,33.34275953032693,13.675863051861189
2022-11-11,2483.159912109375,2486.4599609375,2463.510009765625,2466.89990234375,0.03368950196218634,0.03313444275296572,0.010793530840012448,34.021432059151785,85.31596540563486,41.79190153654554,19.29907074879806
2022-11-14,2474.64990234375,2499.429931640625,2470.60009765625,2485.179931640625,-0.0034270888975475033,-0.0034329748182666273,0.010977305903389366,34.474278041294646,83.54328959197137,47.25647752550958,24.89055210414036
2022-11-15,2480.330078125,2485.199951171875,2463.64990234375,2482.760009765625,0.0022953452025153975,0.002292714921881788,0.010827730263570251,34.326416015625,83.12705021448397,51.45242455895186,30.202926595102664
2022-11-16,2477.449951171875,2487.0,2446.7900390625,2487.0,-0.0011611869639955863,-0.0011618616639306812,0.010647006005680403,34.269984654017854,80.2384037964302,53.92374131471615,34.94708953902536
2022-11-17,2442.89990234375,2467.389892578125,2442.89990234375,2466.5,-0.013945811019020704,-0.014043967491099967,0.011070986537640257,34.86570521763393,76.75226368993437,52.48931332437087,38.45553429609447
2022-11-18,2444.47998046875,2471.8701171875,2442.8701171875,2448.1298828125,0.0006468042851384137,0.0006465951974011487,0.010992435908807554,35.000697544642854,74.9363037020119,50.89335103621579,40.94309764411874
2022-11-21,2419.5,2448.139892578125,2409.360107421875,2446.050048828125,-0.010218934361638676,-0.010271506129680983,0.011419995598120972,34.77354213169643,64.74042394021352,47.070267029057504,42.168531521106495
2022-11-22,2405.27001953125,2426.39990234375,2401.5,2405.9599609375,-0.005881372378073957,-0.005898735762423701,0.011593201509140602,34.91282435825893,61.458788345791476,42.4034048546705,42.2155061878193
2022-11-23,2418.010009765625,2427.280029296875,2407.580078125,2424.360107421875,0.005296698553976853,0.005282720383236957,0.011581242624185048,33.169241768973215,64.63591703891043,39.28009718853809,41.628424387963065
2022-11-24,2441.330078125,2441.330078125,2428.1201171875,2437.510009765625,0.009644322507017078,0.009598112898059579,0.01122568550331809,32.539254324776785,65.10275312815783,38.245715186036705,40.951882547577796
2022-11-25,2437.860107421875,2449.659912109375,2433.570068359375,2442.2099609375,-0.0014213443459435426,-0.0014223554139825387,0.010918272165340383,31.913521902901785,61.483649708010795,36.72264655036861,40.10603534813596
2022-11-28,2408.27001953125,2425.64990234375,2401.949951171875,2425.050048828125,-0.012137730052901863,-0.012211993839307366,0.01131485227981985,32.43568638392857,51.59131967653352,32.750404607497785,38.63490920000833
2022-11-29,2433.389892578125,2433.8701171875,2401.10009765625,2405.5400390625,0.010430671329689334,0.010376647224547082,0.010884842778238252,32.58998325892857,51.54955352704367,31.26888977157978,37.161705314322624
2022-11-30,2472.530029296875,2472.530029296875,2421.419921875,2424.43994140625,0.01608461382950921,0.015956627016849956,0.011310924906253886,34.5185546875,61.45995429533871,32.874108259219156,36.304185903301935
2022-12-01,2479.840087890625,2501.429931640625,2474.330078125,2501.429931640625,0.0029565095295642774,0.002952147650441706,0.011218844074190631,30.56640625,49.287898782965705,34.34026293639545,35.91140130992064
2022-12-02,2434.330078125,2471.5,2434.330078125,2471.5,-0.01835199373857055,-0.018522480647000784,0.012136453876933519,31.757847377232142,42.536146473210565,31.467189463576233,35.02255894065176
2022-12-05,2419.320068359375,2442.219970703125,2413.050048828125,2442.169921875,-0.006165971451655428,-0.006185059558558826,0.012104167070457073,32.3021240234375,39.08314818002231,27.66022582734513,33.55009231799044
2022-12-06,2393.159912109375,2416.8798828125,2390.199951171875,2397.699951171875,-0.010813019985296934,-0.010871905557867316,0.012119550878756399,31.509992327008927,36.07744805637865,22.27549568981567,31.29517299235549
2022-12-07,2382.81005859375,2394.8798828125,2377.97998046875,2385.8701171875,-0.0043247647026238845,-0.004334143548125055,0.011885938870192556,30.249267578125,39.212274430257246,16.977208883498406,28.431580170584073
2022-12-08,2371.080078125,2387.949951171875,2357.199951171875,2386.89990234375,-0.00492275094544159,-0.004934907596396659,0.011766544771559443,30.374267578125,37.28610430734671,11.6969320732519,25.08465055111764
2022-12-09,2389.0400390625,2390.080078125,2367.25,2382.72998046875,0.007574590627787758,0.007546047460787296,0.008954550450817828,29.235002790178573,44.592397004849175,8.859368127779817,21.839594066450076
2022-12-12,2373.02001953125,2381.8701171875,2368.469970703125,2373.580078125,-0.006705630407741747,-0.0067282141628195935,0.009013741627721235,28.925728934151785,44.310768091099376,5.257293756295439,18.52313400441915
2022-12-13,2372.39990234375,2388.27001953125,2364.8701171875,2385.050048828125,-0.0002613198297511943,-0.00026135397972741175,0.008966247249045971,29.025006975446427,41.59447559451339,2.325775498650728,15.283662303265464
2022-12-14,2399.25,2400.179931640625,2379.43994140625,2380.81005859375,0.011317694638970588,0.011254128696650708,0.00945992679183697,29.343575613839285,42.34463191519224,2.144385503004287,12.655806943213229
2022-12-15,2360.969970703125,2392.110107421875,2360.949951171875,2383.830078125,-0.015954998143951182,-0.01608364938208699,0.00961088973685303,30.930018833705358,37.58436303542933,-1.0758441583270724,9.90947672290517
2022-12-16,2360.02001953125,2360.43994140625,2326.830078125,2329.75,-0.0004023563127285579,-0.000402437279748877,0.009600233227266605,30.803571428571427,41.41490402408998,-3.6623353635845888,7.195114305607219
2022-12-19,2352.169921875,2358.760009765625,2342.280029296875,2350.780029296875,-0.0033262843498290673,-0.0033318287318251255,0.00939965251486324,29.729997907366073,34.60229329220823,-6.273271187990304,4.501437206887715
2022-12-20,2333.2900390625,2353.860107421875,2324.659912109375,2344.72998046875,-0.00802658117379984,-0.008058967594375781,0.009466110417679956,28.165004185267858,21.40630405246192,-9.753473426479104,1.6504550802143512
2022-12-21,2328.949951171875,2347.0,2325.780029296875,2346.389892578125,-0.001860072180468797,-0.001861804262925932,0.009329741739899824,27.616437639508927,18.631246637499615,-12.715194745042936,-1.2226748848371063
2022-12-22,2356.72998046875,2356.72998046875,2335.75,2340.0,0.011928134944633184,0.011857555443178309,0.009488328652888667,26.350010463169642,32.58371433455926,-12.67465845818424,-3.5130715995065334
2022-12-23,2313.68994140625,2333.080078125,2311.89990234375,2325.860107421875,-0.018262609386392015,-0.018431429391977137,0.010192310782729872,27.468593052455358,28.94222729259363,-15.931852136335237,-5.996827706872274
2022-12-26,2317.139892578125,2321.919921875,2304.199951171875,2312.5400390625,0.0014911035010067852,0.001489992910048399,0.009971302909030595,26.654296875,33.336258880999424,-18.027015156658763,-8.402865196829572
2022-12-27,2332.7900390625,2335.989990234375,2321.47998046875,2327.52001953125,0.006754079257149215,0.006731372647996004,0.009765732951693909,26.793596540178573,39.28450389536489,-18.214643841559337,-10.365220925775525
2022-12-28,2280.449951171875,2296.449951171875,2276.89990234375,2296.449951171875,-0.02243669040684837,-0.022692222372683965,0.009826068856730985,28.589320591517858,33.46228929199259,-22.32934975015951,-12.758046690652321
2022-12-29,2236.39990234375,2272.669921875,2236.3798828125,2265.72998046875,-0.019316384823744426,-0.019505383997565722,0.010258235656207247,30.106462751116073,24.568504049748952,-28.812620670536035,-15.968961486629066
2023-01-02,2225.669921875,2259.8798828125,2222.3701171875,2249.949951171875,-0.004797880941375898,-0.004809427720324877,0.009764961340234631,31.316441127232142,25.009357837064314,-34.41971033875916,-19.659111257055088
2023-01-03,2218.679931640625,2230.97998046875,2180.669921875,2230.97998046875,-0.0031406230392359014,-0.003145565146015487,0.009760690864170862,33.238595145089285,24.48041762758028,-38.97808795690389,-23.52290659702485
2023-01-04,2255.97998046875,2260.06005859375,2198.820068359375,2205.97998046875,0.016811820531744237,0.016672066053450063,0.010688006434815493,35.628592354910715,27.012827885099,-39.12976922748703,-26.644279123117286
2023-01-05,2264.64990234375,2281.389892578125,2252.969970703125,2268.199951171875,0.0038430845796773028,0.003835718795656626,0.0107880381934663,34.92286900111607,32.92320078257896,-38.11106683432581,-28.937636665358994
2023-01-06,2289.969970703125,2300.6201171875,2253.27001953125,2253.39990234375,0.011180566291138616,0.011118525763692894,0.01119042005314685,35.866455078125,38.568497380425896,-34.85878951375889,-30.121867235038977
2023-01-09,2350.18994140625,2351.06005859375,2312.56005859375,2315.8701171875,0.02629727528026704,0.025957446770038417,0.012655903713703235,38.962890625,49.72405242119332,-27.109585522595353,-29.519410892550255
2023-01-10,2351.31005859375,2370.179931640625,2344.179931640625,2348.0400390625,0.00047660708939534224,0.0004764935483114025,0.012581191745357134,38.734305245535715,52.642227819390605,-20.639976631112404,-27.743524040262688
2023-01-11,2359.530029296875,2369.659912109375,2350.360107421875,2364.050048828125,0.003495911002074026,0.003489814509605266,0.012612224390573343,38.59715053013393,54.43343267522281,-14.680257168520257,-25.130870665914202
2023-01-12,2365.10009765625,2377.800048828125,2358.330078125,2376.719970703125,0.002360668561202761,0.002357886560568907,0.012338224168601041,38.003574916294646,51.29700724393149,-9.399328977781352,-21.984562328287634
2023-01-13,2386.090087890625,2397.010009765625,2375.780029296875,2377.340087890625,0.008874884515533088,0.008835734193834344,0.011957084249448826,37.08070591517857,62.041790210835174,-3.480319590525596,-18.283713780735226
2023-01-16,2399.860107421875,2410.219970703125,2387.610107421875,2390.06005859375,0.005770955422484958,0.005754367248385356,0.012010970438586356,37.53855678013393,63.301617761139184,2.295205784780592,-14.167929867632063
2023-01-17,2379.389892578125,2404.0,2374.64990234375,2400.919921875,-0.008529753372058302,-0.008566339916379607,0.01216266645493373,38.28855678013393,57.378987207688525,5.161082250435811,-10.302127444018488
2023-01-18,2368.320068359375,2383.0,2356.840087890625,2380.360107421875,-0.004652379273056284,-0.004663235273413774,0.012059051703923018,36.164969308035715,66.00605525868265,6.464548406926951,-6.948792273829401
2023-01-19,2380.340087890625,2380.340087890625,2354.56005859375,2354.56005859375,0.005075335758809363,0.005062499655646323,0.01207964974861629,34.85853794642857,79.68325987773846,8.370974464711708,-3.88483892612118
2023-01-20,2395.260009765625,2395.969970703125,2372.570068359375,2380.0,0.006267979080342823,0.006248417000052168,0.011879994745603627,33.85069056919643,84.37867163427133,10.959410591583492,-0.9159890225802458
2023-01-25,2428.570068359375,2432.7099609375,2421.510009765625,2426.580078125,0.013906656671068163,0.013810846366688372,0.011305118693011,32.93211146763393,88.4456115182553,15.519706697419679,2.3711501214197392
2023-01-26,2468.64990234375,2468.64990234375,2426.39990234375,2436.179931640625,0.016503470295774036,0.016368768045782536,0.011722347052243013,31.57568359375,88.5620891885766,22.11297722128802,6.319515541393396
2023-01-27,2484.02001953125,2497.39990234375,2464.530029296875,2474.52001953125,0.006226122696826097,0.006206820472155964,0.01171453633631955,31.893537248883927,88.83341573631967,28.25275148461742,10.706162730038201
2023-01-30,2450.469970703125,2491.1298828125,2446.590087890625,2484.639892578125,-0.013506352027893964,-0.013598392493967024,0.010799853853195662,31.692801339285715,77.60766185183256,30.06479008658198,14.577888201346958
2023-01-31,2425.080078125,2457.47998046875,2423.3701171875,2449.919921875,-0.010361233919075397,-0.010415285185949466,0.009932992497327814,29.765642438616073,64.63554976230054,29.116455223352204,17.48560160574801
2023-02-01,2449.800048828125,2453.2900390625,2433.3701171875,2446.030029296875,0.010193465744124053,0.010141862751469935,0.0097927765652762,29.923496791294642,67.6221162002993,30.01360984274288,19.991203253146985
2023-02-02,2468.8798828125,2486.199951171875,2454.60009765625,2481.93994140625,0.00778832296680787,0.007758150539969374,0.009629453970393524,31.144932338169642,68.8333029184036,31.896511359905162,22.37226487449862
2023-02-03,2480.39990234375,2485.080078125,2460.2099609375,2466.5400390625,0.004666091538696682,0.004655239079523883,0.009252871383090612,31.530657087053573,69.4592411906253,33.927202011343525,24.6832523018676
2023-02-06,2438.18994140625,2469.419921875,2438.0400390625,2461.820068359375,-0.017017401467245397,-0.01716386139984451,0.01047222757768832,32.27708217075893,58.20522501974397,31.76438780863782,26.099479403221647
2023-02-07,2451.7099609375,2456.169921875,2432.39990234375,2440.139892578125,0.005545105121486982,0.005529787624747148,0.010337320141536951,32.251377650669646,58.17228771107295,30.786408007772934,27.036865124131907
2023-02-08,2483.639892578125,2487.35009765625,2465.9599609375,2469.419921875,0.013023535470898517,0.012939458432881789,0.009189108536828295,32.70066615513393,65.85843400341079,32.21645931452076,28.07278396220968
2023-02-09,2481.52001953125,2487.139892578125,2466.610107421875,2470.659912109375,-0.0008535347870719523,-0.0008538992552939521,0.009211308352000321,32.298514229910715,67.7019027177428,32.800624063195755,29.018351982406898
2023-02-10,2469.72998046875,2473.800048828125,2454.739990234375,2470.64990234375,-0.004751135985083477,-0.004762458509127488,0.009357495344146077,32.369942801339285,63.98861169501899,31.94399077511298,29.603479740948114
2023-02-13,2452.699951171875,2462.580078125,2440.860107421875,2461.9599609375,-0.00689550251709814,-0.00691938635193208,0.009580830453637362,32.760654994419646,58.929794117602405,29.550284400082546,29.592840672775
2023-02-14,2465.639892578125,2480.340087890625,2459.830078125,2471.330078125,0.005275794701291359,0.005261926452397485,0.009475815788303917,32.05995396205357,56.152677892696275,28.370364082821652,29.348345354784332
2023-02-15,2427.89990234375,2473.43994140625,2424.159912109375,2473.090087890625,-0.015306367465896753,-0.015424719151132912,0.010151146068825194,32.562098911830354,43.183559388206156,24.112018583845384,28.301080000596546
2023-02-16,2475.47998046875,2475.989990234375,2442.070068359375,2444.06005859375,0.01959721571678852,0.019407662755785374,0.010734897245710256,33.649257114955354,48.71042995990462,24.296488956911162,27.50016179185947
2023-02-17,2451.2099609375,2471.510009765625,2445.739990234375,2447.659912109375,-0.00980416716060628,-0.009852544466624969,0.010964169781826094,32.592128208705354,50.11496258311177,22.228064027824075,26.445742239052393
2023-02-20,2455.1201171875,2463.169921875,2430.27001953125,2453.25,0.001595194337617789,0.0015939233665814153,0.010935913099095253,32.505702427455354,55.00067464646087,20.66611321127084,25.289816433496085
2023-02-21,2458.9599609375,2466.070068359375,2446.0,2457.510009765625,0.0015640146170927682,0.0015627928200046318,0.010879931512014464,31.924281529017858,51.63874351495394,19.513163631791485,24.134485873155167
2023-02-22,2417.679931640625,2435.97998046875,2416.159912109375,2430.8701171875,-0.016787597176302405,-0.01693010605835411,0.011188360542810525,32.381434849330354,41.51419338809935,15.094489531516501,22.326486604827437
2023-02-23,2439.090087890625,2449.6201171875,2422.6201171875,2430.010009765625,0.008855661979818574,0.008816680573668377,0.010716343406118706,32.886439732142854,43.37070234784604,13.16848109646935,20.49488550315582
2023-02-24,2423.610107421875,2452.969970703125,2421.469970703125,2442.489990234375,-0.006346621039380107,-0.0063668464594867505,0.010664552414093083,32.11073521205357,47.44069837705332,10.274561731372614,18.45082074879918
2023-02-27,2402.639892578125,2405.56005859375,2383.760009765625,2405.419921875,-0.008652470452872096,-0.008690120409418363,0.010418612940400552,33.259312220982146,41.60593574619891,6.21731931555496,16.004120462150336
2023-02-28,2412.85009765625,2431.669921875,2407.2900390625,2417.580078125,0.004249577770545132,0.004240573814592212,0.010234246583337539,32.787161690848215,36.918422351494286,3.7822047872796247,13.559737327176196
2023-03-02,2427.85009765625,2440.590087890625,2411.85009765625,2414.610107421875,0.006216714421907188,0.006197470368147596,0.010059913591233406,33.373604910714285,40.53275843357616,3.027830672109303,11.453355996162816
2023-03-03,2432.070068359375,2442.10009765625,2423.080078125,2438.72998046875,0.0017381512586789327,0.0017366424219179065,0.00989000011510414,32.81931849888393,43.17459980336405,2.738927467913072,9.710470290512868
2023-03-06,2462.6201171875,2464.449951171875,2441.070068359375,2452.4599609375,0.012561335804249119,0.01248309673584745,0.010263069889753645,33.070033482142854,51.71391573201955,4.918406887177753,8.752057609845846
2023-03-07,2463.35009765625,2475.72998046875,2455.64990234375,2457.0400390625,0.0002964243098866337,0.00029638038488096646,0.009470421928701052,32.530029296875,49.58696393167708,6.62815807200468,8.327277702277613
2023-03-08,2431.909912109375,2442.610107421875,2426.52001953125,2435.580078125,-0.012763181967836656,-0.01284533111301475,0.009842162645635203,31.6407470703125,50.74015225731793,5.384123166667905,7.738646795155672
2023-03-09,2419.090087890625,2444.199951171875,2416.25,2440.7900390625,-0.005271504571331076,-0.005285447974951307,0.009374141200369076,30.202165876116073,38.05959732875927,3.3254303753310523,6.856003511190749
2023-03-10,2394.590087890625,2400.8701171875,2383.18994140625,2389.820068359375,-0.010127774952508384,-0.010179409791778154,0.00957958738540718,30.642177036830358,38.02256508145059,-0.27981816916735625,5.428839175119128
2023-03-13,2410.60009765625,2413.239990234375,2369.7900390625,2400.449951171875,0.006685908309145283,0.006663656750377042,0.009732045644788615,31.395751953125,41.04082366605286,-1.8241025099732724,3.9782508381006476
2023-03-14,2348.969970703125,2390.780029296875,2348.18994140625,2390.360107421875,-0.025566300695435085,-0.02589879795236793,0.011141216632094343,34.4200439453125,32.04249352082226,-7.929587804472703,1.5966831095859773
2023-03-15,2379.719970703125,2395.360107421875,2370.77001953125,2380.090087890625,0.01309084423535456,0.013005899661624819,0.011540177436676558,34.676478794642854,43.581788400953705,-10.169730553103363,-0.756599622951891
2023-03-16,2377.909912109375,2382.7900390625,2346.110107421875,2357.97998046875,-0.0007606183147739198,-0.0007609077316507953,0.01108401947137801,35.01503208705357,38.92147587511826,-11.9533259214395,-2.9959448826494133
2023-03-17,2395.68994140625,2405.35009765625,2382.800048828125,2403.699951171875,0.007477166904570787,0.007449351459874458,0.010211089744776186,34.725045340401785,44.98597435485978,-11.796159546209765,-4.755987815361484
2023-03-20,2379.199951171875,2405.989990234375,2378.699951171875,2391.8701171875,-0.006883190495300728,-0.0069069889199296595,0.010107087942369867,33.82789829799107,45.7217082865444,-12.854035145039688,-6.375597281297125
2023-03-21,2388.35009765625,2399.52001953125,2383.169921875,2396.5400390625,0.0038458921789521483,0.003838515642486338,0.010155490654069994,33.205758231026785,45.51085336372859,-12.806444112377903,-7.66176664751328
2023-03-22,2416.9599609375,2417.469970703125,2402.780029296875,2411.25,0.011978923571265954,0.011907744137792253,0.010568251841416727,33.23289271763393,48.099387795450056,-10.340947011789922,-8.197602720368609
2023-03-23,2424.47998046875,2424.47998046875,2397.909912109375,2398.27001953125,0.003111354616041284,0.00310652436874927,0.009892949809858755,33.772181919642854,48.69041711703895,-7.691556591322751,-8.096393494559438
2023-03-24,2414.9599609375,2423.760009765625,2399.489990234375,2421.27001953125,-0.003926623279194685,-0.003934352704712566,0.009713625427784678,33.244332449776785,41.13333248549746,-6.287602046825214,-7.7346352050125935
2023-03-27,2409.219970703125,2423.93994140625,2395.969970703125,2423.93994140625,-0.002376846956976708,-0.002379676141620176,0.009627349451123118,33.807896205357146,40.11395061188928,-5.5738750343984975,-7.302483170889775
2023-03-28,2434.93994140625,2434.93994140625,2415.340087890625,2418.68994140625,0.010675642330666424,0.01061906000661697,0.009709285492169978,33.014317103794646,50.56519842285458,-2.8994317060728463,-6.42187287792639
2023-03-29,2443.919921875,2443.949951171875,2428.610107421875,2432.6298828125,0.0036879679519175035,0.0036811840721484796,0.009699251962220578,32.113595145089285,54.698878678254125,-0.05467644898180879,-5.148433592137474
2023-03-30,2453.159912109375,2462.699951171875,2439.429931640625,2452.969970703125,0.0037808072808236393,0.003773677992968304,0.009641122725543957,31.211443219866073,61.763361773070514,2.911836736370333,-3.5363795264359132
2023-03-31,2476.860107421875,2481.239990234375,2456.5400390625,2459.93994140625,0.00966108862105175,0.009614718720975381,0.009852136219039026,30.113595145089285,62.909116161640185,7.093458524906964,-1.4104119161673376
2023-04-03,2472.340087890625,2485.81005859375,2467.590087890625,2485.81005859375,-0.0018248989992232234,-0.0018265661559724435,0.00948020388404941,26.9571533203125,80.91513760345342,9.928249439074534,0.8573203548810369
2023-04-04,2480.510009765625,2489.7099609375,2472.7900390625,2475.8701171875,0.0033045299532277195,0.0032990819927882086,0.009505603619235787,24.88427734375,78.47977615523436,12.68782868733615,3.22342202137206
2023-04-05,2495.2099609375,2497.610107421875,2478.669921875,2482.610107421875,0.005926180952305016,0.005908690210148726,0.00904980082300126,23.617152622767858,80.89443597806027,15.877947238148408,5.754327064727329
2023-04-06,2459.22998046875,2488.0,2458.5,2488.0,-0.014419620405503486,-0.01452459346830222,0.00962064566593785,24.279279436383927,65.27110823205794,15.32618472930426,7.668698597642715
2023-04-07,2490.409912109375,2493.06005859375,2473.889892578125,2478.639892578125,0.01267873760821736,0.012599035389877666,0.009597878079691834,24.746425083705358,74.96519792787915,17.20652278368607,9.576263434851386
2023-04-10,2512.080078125,2519.989990234375,2490.169921875,2491.679931640625,0.008701445456932966,0.008663806067546584,0.009659670791296975,25.424996512276785,76.29755164054198,20.212310596386942,11.703472867158498
2023-04-11,2547.860107421875,2550.969970703125,2514.419921875,2523.330078125,0.014243188188324485,0.014142706974717768,0.00745818201931538,26.122855050223215,76.99860919902554,25.191180187326154,14.40101433119203
2023-04-12,2550.639892578125,2561.3701171875,2536.22998046875,2546.360107421875,0.001091027387317034,0.0010904326494813002,0.007176889214525582,26.020717075892858,76.53987470429989,29.026674207650558,17.326146306483736
2023-04-13,2561.659912109375,2561.659912109375,2531.070068359375,2534.7099609375,0.004320492109966656,0.0043111855801605484,0.007108879914915739,26.420706612723215,80.66727843042787,32.579992457318895,20.37691553665077
2023-04-14,2571.489990234375,2581.739990234375,2560.530029296875,2580.10009765625,0.0038373860942788607,0.003830042110066768,0.007054854672642988,25.937848772321427,83.35183263517705,35.776815067944426,23.456895442909502
2023-04-17,2575.909912109375,2577.080078125,2561.139892578125,2570.300048828125,0.001718817452832866,0.0017173419765890497,0.006633645477274204,25.239292689732142,81.75428871224796,38.226321535608804,26.410780661449362
2023-04-18,2571.090087890625,2582.22998046875,2557.18994140625,2582.22998046875,-0.0018711152110141294,-0.0018728679337859852,0.00676139443437956,25.932163783482142,79.19293750259206,39.32533553657868,28.993691636475226
2023-04-19,2575.080078125,2582.110107421875,2568.4599609375,2570.06005859375,0.0015518671450553967,0.0015506642435721646,0.006489745750667333,25.245029994419642,78.67902532030851,40.05652423937863,31.206258157055906
2023-04-20,2563.110107421875,2573.93994140625,2552.06005859375,2566.06005859375,-0.004648387754931815,-0.00465922510647508,0.006721815892222615,24.883597237723215,71.47342930568759,39.218038816657554,32.80861428897624
2023-04-21,2544.39990234375,2559.43994140625,2532.320068359375,2556.699951171875,-0.00729980542932851,-0.00732657938499778,0.006939436871748638,25.781459263392858,66.75655514061773,36.62162460382979,33.57121635194695
2023-04-24,2523.5,2541.889892578125,2518.72998046875,2538.360107421875,-0.008214079211565029,-0.008248000643475317,0.0072773782818477874,26.374319893973215,59.43798821477537,32.50282781588703,33.35753864473497
2023-04-25,2489.02001953125,2531.35009765625,2472.330078125,2531.35009765625,-0.013663554772637254,-0.01375776024248009,0.007833853519832143,29.237165178571427,48.7496572579452,26.154907926790656,31.91701250114611
2023-04-26,2484.830078125,2498.56005859375,2481.3798828125,2489.489990234375,-0.001683369909993404,-0.0016847883692048848,0.007832627741390753,27.842180524553573,55.9330971969174,20.54916444934406,29.643442890785703
2023-04-27,2495.81005859375,2499.010009765625,2465.830078125,2484.31005859375,0.0044188053603388955,0.004409071105250389,0.007846472050995078,27.795741489955358,51.38083055843762,16.798917551993327,27.074537823027228
2023-04-28,2501.530029296875,2517.1298828125,2489.580078125,2511.7900390625,0.002291829333498141,0.002289207098363887,0.007582932317272114,27.633579799107142,47.06273390801238,14.125543229224604,24.484738904266706
2023-05-02,2524.389892578125,2524.419921875,2503.2099609375,2504.010009765625,0.009138352533659244,0.009096850439046275,0.007797235032682232,26.49072265625,42.95905243760601,13.693623172804564,22.32651575797428
2023-05-03,2501.39990234375,2514.3701171875,2497.830078125,2510.18994140625,-0.009107147157405127,-0.009148870737124682,0.008098555314205351,26.592128208705358,36.82574768864172,11.36521224753642,20.134255055886708
2023-05-04,2500.93994140625,2502.139892578125,2486.090087890625,2494.820068359375,-0.00018388140859404434,-0.00018389831685303236,0.007995130224892911,25.553553989955358,32.781274014995745,9.374748544719296,17.982353753653225
2023-05-08,2513.2099609375,2525.840087890625,2511.1298828125,2518.530029296875,0.004906163210121273,0.00489416721161702,0.0072699832996219824,25.817138671875,33.698762221745724,8.68723867127619,16.12333073717782
2023-05-09,2510.06005859375,2514.81005859375,2495.6298828125,2512.340087890625,-0.0012533383174141433,-0.0012541244027723401,0.006757143669636992,26.048566545758927,31.44964834792991,7.798317202595172,14.458328030261292
2023-05-10,2496.510009765625,2510.1298828125,2488.419921875,2505.9599609375,-0.005398296658971735,-0.0054129201139564475,0.006581132060560992,25.810703822544642,29.975247654557947,5.932083470728685,12.753079118354773
2023-05-11,2491.0,2513.820068359375,2490.080078125,2505.570068359375,-0.0022070849882721566,-0.002209524190022813,0.00563935404924086,26.531406947544642,27.60727819376787,3.962787506101904,10.9950207959042
2023-05-12,2475.419921875,2487.35009765625,2472.449951171875,2487.35009765625,-0.006254547621437179,-0.006274189246896201,0.0057266084271230255,26.212123325892858,27.086424699114147,1.1318766006984333,9.022391956863046
2023-05-15,2479.35009765625,2479.35009765625,2455.989990234375,2469.800048828125,0.001587680436163419,0.0015864214040306882,0.005612437614290968,25.681413922991073,31.579580493065833,-0.785454121562907,7.060822741177857
2023-05-16,2480.239990234375,2498.5400390625,2474.89990234375,2494.39990234375,0.00035892171055884603,0.00035885731357021485,0.005486875377535471,25.536429268973215,36.18419103371596,-2.207696685517476,5.20711885583879
2023-05-17,2494.659912109375,2498.3701171875,2475.02001953125,2479.64990234375,0.005813922012295913,0.005797086390191873,0.005696606299293689,22.988577706473215,52.06589841227824,-2.14652319789775,3.7363904450914824
2023-05-18,2515.39990234375,2515.39990234375,2500.010009765625,2511.090087890625,0.008313754565782983,0.008279385666629427,0.006108668241606957,23.242850167410715,59.98688769357401,-0.4196612934829318,2.9051800973765998
2023-05-19,2537.7900390625,2538.31005859375,2524.889892578125,2530.830078125,0.00890122349845357,0.008861841136836957,0.00648263213581993,22.509294782366073,62.762978973558106,2.724183427351818,2.8689807633716438
2023-05-22,2557.080078125,2564.090087890625,2533.5,2540.030029296875,0.007601117021337922,0.007572374091711843,0.006666727926913139,22.726457868303573,65.60131429723359,6.695071342650863,3.6341988792274877
2023-05-23,2567.550048828125,2577.320068359375,2561.10009765625,2565.800048828125,0.004094502472836936,0.004086142808927485,0.006503656443042938,22.537179129464285,63.02829045694527,10.565080092007975,5.0203751217835855
2023-05-24,2567.449951171875,2572.2099609375,2555.0400390625,2557.110107421875,-3.898566896320954e-05,-3.898642892415358e-05,0.0061764443497292765,21.866472516741073,73.13482867428874,13.46875345762055,6.710050788950979
2023-05-25,2554.68994140625,2575.050048828125,2551.489990234375,2570.639892578125,-0.004969915678317616,-0.004982306781449499,0.005337877645926388,22.402919224330358,67.33308559785604,14.572328637892497,8.282506358739283
2023-05-26,2558.81005859375,2567.5,2553.7900390625,2561.93994140625,0.0016127660428459922,0.0016114669322782255,0.005291486834780129,21.603620256696427,65.52075439086329,15.59955696060888,9.745916479113202
2023-05-30,2585.52001953125,2586.219970703125,2574.820068359375,2582.409912109375,0.010438430491467976,0.010384326259049304,0.005624550187369868,22.191458565848215,72.13415524931037,18.357301881276726,11.468193559545908
2023-05-31,2577.1201171875,2596.31005859375,2575.97998046875,2586.030029296875,-0.0032488251029952897,-0.0032541139934970605,0.005732930725641919,22.0928955078125,74.38145296709106,19.638650542340656,13.102284956104857
2023-06-01,2569.169921875,2580.14990234375,2565.0,2572.56005859375,-0.003084914536764516,-0.0030896826943783507,0.0055255890971659515,21.479317801339285,73.29946180065376,19.784550288418814,14.438738022567648
2023-06-02,2601.360107421875,2601.3798828125,2583.8798828125,2586.27001953125,0.012529410870333768,0.012451567349847913,0.005573151251991339,22.455025809151785,84.15593908952103,22.24127229505757,15.999244877065635
2023-06-05,2615.409912109375,2618.6201171875,2608.010009765625,2617.429931640625,0.0054009457004491335,0.005386412896990652,0.005599538717944348,22.019304547991073,84.98037261279627,25.033374841768364,17.80607087000618
2023-06-07,2615.60009765625,2629.919921875,2613.679931640625,2623.4599609375,7.271729987512465e-05,7.271465610043874e-05,0.005582915497924042,21.49072265625,84.92613940596554,26.950810443736827,19.63501878475231
2023-06-08,2610.85009765625,2612.389892578125,2595.330078125,2609.2099609375,-0.0018160268476271613,-0.0018176778234965997,0.005601576998087688,21.270717075892858,81.55445375187139,27.767025682386702,21.26142016427919
2023-06-09,2641.159912109375,2644.699951171875,2618.449951171875,2624.14990234375,0.01160917452914445,0.011542305097521695,0.0057076836223041065,22.207135881696427,82.46585530337886,30.507954151295053,23.110726961682364
2023-06-12,2629.35009765625,2650.449951171875,2623.429931640625,2647.489990234375,-0.004471449986416354,-0.004481476819726791,0.005834180521634929,22.500697544642858,75.00273341351347,31.3656427770984,24.761710124765575
2023-06-13,2637.949951171875,2645.6201171875,2633.52001953125,2644.429931640625,0.0032707145097530255,0.0032653773574188583,0.005438164090288998,21.477835518973215,73.45279110042468,32.36620602332414,26.282609304477287
2023-06-14,2619.080078125,2642.860107421875,2614.25,2640.81005859375,-0.007153233911239454,-0.007178940954621282,0.005906368325406439,22.075701032366073,64.24978767129761,31.27598842590578,27.281285128762985
2023-06-15,2608.5400390625,2634.219970703125,2602.52001953125,2629.239990234375,-0.004024328675756084,-0.004032448077148936,0.006078704398475689,23.113560267857142,60.74252035146082,29.224606982191744,27.669949499448737
2023-06-16,2625.7900390625,2625.7900390625,2612.2099609375,2623.570068359375,0.006612894470348962,0.006591125202921166,0.00610376384382073,22.662841796875,68.16189585282196,28.66042372022548,27.868044343604087
2023-06-19,2609.5,2619.43994140625,2600.489990234375,2618.06005859375,-0.00620386200730505,-0.006223185922599829,0.006248461400790165,23.490705217633927,62.19037621037156,26.59229498611876,27.612894472107023
2023-06-20,2604.909912109375,2610.030029296875,2596.820068359375,2602.830078125,-0.0017589913357444198,-0.0017605401775367103,0.006068730447495113,22.476422991071427,55.21823402256256,24.30275925175556,26.95086742803673
2023-06-21,2582.6298828125,2600.969970703125,2579.52001953125,2599.18994140625,-0.008553090144615916,-0.008589877735377631,0.00626323945459643,22.837838309151785,51.37971848069568,20.454684652697324,25.651630872968852
2023-06-22,2593.699951171875,2597.760009765625,2575.64990234375,2575.64990234375,0.004286354941157811,0.004277194688551023,0.006269144403692639,23.334995814732142,56.04814194578312,18.089791948169477,24.139263088008978
2023-06-23,2570.10009765625,2600.81005859375,2568.070068359375,2599.0400390625,-0.009098914276866266,-0.009140562223934995,0.006630751883677817,23.372855050223215,41.95157151818928,14.148194911203063,22.141049452647795
2023-06-26,2582.199951171875,2585.31005859375,2562.030029296875,2568.64990234375,0.0047079308415494125,0.004696883195943001,0.006597148328430011,23.8028564453125,41.36279706497141,11.86404657395724,20.085648876909683
2023-06-27,2581.389892578125,2582.0,2568.52001953125,2581.02001953125,-0.0003137087015211426,-0.00031375791838929,0.006594668228650177,23.6199951171875,41.13125053006798,9.874648797138434,18.043448860955436
2023-06-28,2564.18994140625,2590.52001953125,2559.4599609375,2590.52001953125,-0.006663058231275887,-0.006685355504316711,0.006339480255910005,24.390712193080358,38.63717437109685,6.831396328118444,15.801038354388039
2023-06-29,2550.02001953125,2577.68994140625,2550.02001953125,2564.02001953125,-0.005526081218160006,-0.005541406490183499,0.006413606953512614,23.949288504464285,25.9117875177931,3.2388669070560354,13.288604064921639
2023-06-30,2564.280029296875,2571.030029296875,2541.719970703125,2558.429931640625,0.005592116789830737,0.005576538953139985,0.006523280403063665,24.112862723214285,33.02191957090895,1.5248475766202318,10.935852767261359
2023-07-03,2602.469970703125,2604.6298828125,2580.489990234375,2580.889892578125,0.014893046379463426,0.01478323391646422,0.0067752856122450765,25.832850864955358,41.980828061749264,3.2110688108045906,9.390895975970006
2023-07-04,2593.31005859375,2607.659912109375,2591.860107421875,2604.719970703125,-0.0035196994441785145,-0.0035259081590885816,0.0066964746390082664,24.917829241071427,43.90807808445606,3.764883697114783,8.265693520198962
2023-07-05,2579.0,2601.989990234375,2578.659912109375,2593.469970703125,-0.0055180669763451595,-0.005533347747393794,0.006791235681876496,24.319981166294642,43.13915167625705,3.0143364558671237,7.215422107332595
2023-07-06,2556.2900390625,2575.449951171875,2550.669921875,2574.75,-0.008805723512020136,-0.00884472300996557,0.0070294514770313805,25.111415318080358,34.25747940054194,0.5803286398645469,5.888403413838986
2023-07-07,2526.7099609375,2547.409912109375,2515.070068359375,2547.409912109375,-0.011571487457600171,-0.011638958114186835,0.00674835789104944,26.248552594866073,32.31207215628018,-3.692935324409518,3.9721356661892853
2023-07-10,2520.699951171875,2539.6298828125,2517.669921875,2528.080078125,-0.0023785910763557405,-0.0023814244179089874,0.006727542163454922,26.873552594866073,32.117208384055616,-7.478280402230212,1.682052452505386
2023-07-11,2562.489990234375,2562.489990234375,2534.47998046875,2538.840087890625,0.016578743948906682,0.016442816849750855,0.007835703854328845,28.044991629464285,46.05037752019267,-7.025105704343332,-0.05937917886435784
2023-07-12,2574.719970703125,2574.72998046875,2554.260009765625,2557.610107421875,0.00477269394821378,0.004761340753669955,0.007831197237386687,27.927839006696427,46.294704051032056,-5.6143851406363865,-1.1703803712187635
2023-07-13,2591.22998046875,2602.2099609375,2587.75,2589.889892578125,0.00641235161628706,0.00639187995737325,0.007954458295878033,27.552839006696427,54.242440878957986,-3.128100328615801,-1.5619243626981711
2023-07-14,2628.300048828125,2628.300048828125,2603.360107421875,2607.469970703125,0.014305973857507315,0.014204609018185679,0.008468808221944185,28.537841796875,58.41242657960766,1.8126479297397964,-0.8870099042105777
2023-07-17,2619.0,2627.1201171875,2611.550048828125,2617.669921875,-0.0035384273695355795,-0.003544702410551294,0.00838518676336458,28.757132393973215,56.656892053178744,4.921063348946063,0.2746047464207505
2023-07-18,2607.6201171875,2626.889892578125,2600.669921875,2624.590087890625,-0.004345125167048547,-0.004354592658317076,0.00843671476834093,28.411411830357142,57.84873460167308,6.392554141355959,1.4981946254077922
2023-07-19,2608.239990234375,2622.5400390625,2598.52001953125,2622.239990234375,0.0002377160088578023,0.00023768775888426062,0.008188056784395584,28.150704520089285,61.06339289939401,7.52203048511592,2.7029617973494178
2023-07-20,2600.22998046875,2611.340087890625,2589.2900390625,2595.3798828125,-0.003071040163334482,-0.0030757654840900496,0.008174283602911728,27.632132393973215,56.997697072345,7.682251565332535,3.6988197509460417
2023-07-21,2609.760009765625,2609.760009765625,2570.580078125,2581.06005859375,0.0036650716930650695,0.003658371683494139,0.007907305854949424,27.548566545758927,51.597221925053596,8.480464132599991,4.655148627276832
2023-07-24,2628.530029296875,2636.06005859375,2595.2099609375,2608.469970703125,0.007192239692927149,0.007166498886037554,0.007990769180953778,29.337873186383927,57.40475161454906,10.506524378591621,5.82542377753979
2023-07-25,2636.4599609375,2646.7099609375,2621.60009765625,2643.35009765625,0.0030168693346623865,0.003012327716391037,0.007999023598003382,29.465000697544642,62.413579218083115,12.606748185061406,7.181688659044113
2023-07-26,2592.360107421875,2639.2099609375,2580.97998046875,2638.760009765625,-0.016726919493950332,-0.016868394255357643,0.008801503235101506,31.6007080078125,57.13326979473557,10.59061899874041,7.863474726983373
2023-07-27,2603.81005859375,2617.610107421875,2586.360107421875,2599.820068359375,0.004416805805294466,0.004407080344997717,0.008720090165753834,30.888567243303573,66.42526499745145,9.803726208368062,8.251525023260312
2023-07-28,2608.320068359375,2609.5400390625,2586.330078125,2593.669921875,0.0017320809368333023,0.0017305826145415854,0.00865704856196554,30.977852957589285,68.78649812706635,9.435264246122188,8.488272867832688
2023-07-31,2632.580078125,2639.449951171875,2622.2099609375,2628.8701171875,0.009301009511798242,0.00925802147202322,0.0082685024889327,30.216413225446427,66.24940710880784,10.974330276992077,8.985484349664565
2023-08-01,2667.070068359375,2668.2099609375,2639.10009765625,2644.340087890625,0.013101212198999734,0.01301613360130723,0.008654999496613865,31.299264090401785,69.40701444754555,14.806425900763315,10.149672659884315
2023-08-02,2616.469970703125,2660.89990234375,2611.77001953125,2651.530029296875,-0.018972166594549256,-0.019154447336644707,0.009702062948919003,33.285696847098215,54.63936678833919,13.603570796943131,10.840452287296078
2023-08-03,2605.389892578125,2625.449951171875,2591.300048828125,2624.760009765625,-0.004234743088613602,-0.00424373500775059,0.009516068317103407,33.077113560267854,45.34402791201681,11.622255628172752,10.996812955471412
2023-08-04,2602.800048828125,2612.300048828125,2598.3798828125,2606.169921875,-0.00099403308402235,-0.0009945274625546465,0.009061668053078526,32.87498256138393,46.61541459194718,9.73089859419997,10.743630083217125
2023-08-07,2580.7099609375,2607.360107421875,2580.7099609375,2591.580078125,-0.008487047593444874,-0.008523267661767643,0.009300464702966015,32.905709402901785,44.61860989218081,6.376000475519504,9.870104161677602
2023-08-08,2573.97998046875,2601.409912109375,2568.14990234375,2598.2900390625,-0.0026078019500901384,-0.0026112081887481754,0.008604172101414016,33.565708705357146,43.312246401607396,3.1379935306067637,8.523682035463436
2023-08-09,2605.1201171875,2608.97998046875,2576.2099609375,2580.60009765625,0.012098049306925374,0.012025452838986131,0.008952084941468947,34.49070521763393,50.875521247672424,3.049446362947947,7.428834900960338
2023-08-10,2601.56005859375,2601.56005859375,2590.02001953125,2592.39990234375,-0.0013665621674264772,-0.0013674967650594107,0.00885487719743236,32.770717075892854,48.49982625194629,2.6613269977542586,6.475333320319122
2023-08-11,2591.260009765625,2616.840087890625,2589.93994140625,2611.25,-0.003959181643376164,-0.003967039951522845,0.008254038964024593,31.7742919921875,42.96340887803943,1.505260044458737,5.481318665147046
2023-08-14,2570.8701171875,2592.909912109375,2561.8798828125,2586.510009765625,-0.007868717342637166,-0.007899839065142668,0.008389112468598225,32.19716099330357,38.17306168448115,-1.0441885154323245,4.176217229031172
2023-08-16,2525.639892578125,2550.530029296875,2520.8701171875,2550.1298828125,-0.017593352657915062,-0.017749955180875843,0.00917504529874217,31.609305245535715,38.01808121640463,-6.637829224750931,2.0134079382747516
2023-08-17,2519.85009765625,2520.56005859375,2482.06005859375,2512.919921875,-0.002292407139627861,-0.0022950387274244424,0.009165861204510017,32.49000767299107,34.60920171925824,-11.406530466847926,-0.6705797427497839
2023-08-18,2504.5,2519.60009765625,2489.6298828125,2495.179931640625,-0.006091670957144357,-0.006110300881447659,0.009214406069951723,32.99074009486607,31.69606078371112,-16.23721267221663,-3.783906328643153
2023-08-21,2508.800048828125,2524.409912109375,2505.590087890625,2511.699951171875,0.001716929058943828,0.0017154568211581091,0.009163091418655546,32.18931361607143,26.52483491083656,-19.493871898996986,-6.92589944271392
2023-08-22,2515.739990234375,2533.429931640625,2509.530029296875,2528.389892578125,0.0027662393459739754,0.0027624203471364743,0.008983052433453815,31.403599330357142,17.950810009244833,-21.269619592425897,-9.794643472656317
2023-08-23,2505.5,2517.510009765625,2499.889892578125,2510.0,-0.0040703690660103264,-0.00407867556618694,0.008906405698002799,28.712175641741073,21.652316108922037,-23.235351398368493,-12.482785057798752
2023-08-24,2537.679931640625,2539.43994140625,2520.72998046875,2531.780029296875,0.012843716479993939,0.012761935457273534,0.00886313044880624,28.697178431919642,34.386400281038036,-21.943604261909968,-14.374948898620996
2023-08-25,2519.139892578125,2526.3701171875,2502.050048828125,2505.389892578125,-0.0073059012806685475,-0.007332720080939799,0.008870336117093671,30.247872488839285,32.03023069468509,-22.16045957295364,-15.932051033487525
2023-08-28,2543.409912109375,2543.409912109375,2519.139892578125,2519.139892578125,0.009634248420563818,0.009588134991495934,0.009196110292770858,30.077863420758927,42.062475257092444,-20.141749673723552,-16.773990761534733
2023-08-29,2552.159912109375,2556.97998046875,2545.27001953125,2550.760009765625,0.0034402633874863753,0.0034343592187873226,0.008934005175312234,28.671439034598215,45.396225909705755,-17.632598046991006,-16.94571221862599
2023-08-30,2561.219970703125,2578.6201171875,2561.219970703125,2575.419921875,0.003549957254152636,0.0035436710287277016,0.008353304755677698,28.061453683035715,39.78591983240762,-14.743057505212164,-16.505181275943226
2023-08-31,2556.27001953125,2568.06005859375,2547.719970703125,2564.449951171875,-0.0019326536683672568,-0.0019345236532120015,0.007318091367123965,28.435738699776785,39.53025315941322,-12.706028313766183,-15.745350683507818
2023-09-01,2563.7099609375,2568.419921875,2551.0400390625,2551.929931640625,0.00291046773204906,0.002906240520960808,0.00733434074202933,27.755719866071427,43.54587976101824,-10.371767629214446,-14.670634072649145
2023-09-04,2584.550048828125,2584.550048828125,2560.320068359375,2566.929931640625,0.008128878932546657,0.008096017560160061,0.00759897255631043,27.270002092633927,53.198037105061,-6.762276974780889,-13.088962653075495
2023-09-05,2582.179931640625,2586.64990234375,2575.18994140625,2578.909912109375,-0.0009170328075382983,-0.0009174535393596039,0.007354906134745528,24.517142159598215,66.53023991503188,-4.046334648232914,-11.28043705210698
2023-09-06,2563.340087890625,2585.97998046875,2560.090087890625,2577.409912109375,-0.007296100290745344,-0.0073228470077010424,0.007517566242779913,23.253574916294642,61.813433498993966,-3.3752410488204987,-9.699397851449683
2023-09-07,2548.260009765625,2562.419921875,2539.239990234375,2554.8701171875,-0.005882979865309057,-0.00590035276112998,0.007035522399915134,22.816423688616073,61.90424323731977,-4.0139603749357775,-8.562310356146902
2023-09-08,2547.679931640625,2550.9599609375,2530.050048828125,2546.070068359375,-0.00022763694551453106,-0.00022766285873662508,0.0070378867251006385,22.887852260044642,60.79516491144348,-4.514912399670266,-7.752830764851575
2023-09-11,2556.8798828125,2556.889892578125,2540.43994140625,2549.8798828125,0.0036111094873485516,0.003604605085518783,0.007076054851399017,22.303571428571427,61.28108828235357,-4.122044947792801,-7.026673601439821
2023-09-12,2536.580078125,2568.550048828125,2535.14990234375,2566.419921875,-0.007939287576219978,-0.007970971529931875,0.007079898012745815,23.430716378348215,58.07694747928484,-5.386625580819782,-6.698663997315814
2023-09-13,2534.699951171875,2549.3798828125,2528.179931640625,2536.219970703125,-0.0007412054400879331,-0.0007414802686514835,0.005832021576831048,22.520717075892858,49.080820890352165,-6.4659894738297226,-6.652129092618596
2023-09-14,2572.889892578125,2572.889892578125,2541.110107421875,2544.889892578125,0.015066848992755011,0.014954471401611094,0.006663143090046313,22.703578404017858,64.78679504814306,-4.191467403481056,-6.159996754791088
2023-09-15,2601.280029296875,2611.0,2572.3701171875,2574.97998046875,0.011034338002821498,0.010973903856039571,0.0067918774043943895,23.729282924107142,65.56735371536953,-0.0969281810166649,-4.947383040036204
2023-09-18,2574.719970703125,2596.550048828125,2573.260009765625,2588.68994140625,-0.01021038038758526,-0.01026286387798752,0.007316481711875205,24.761422293526785,55.53810858303147,0.9933976260390409,-3.759226906821155
2023-09-19,2559.2099609375,2583.25,2555.4599609375,2579.360107421875,-0.006023959864415618,-0.006042177107444737,0.007486562934068028,24.856410435267858,49.5217226118953,0.5990549850098432,-2.8875705284549555
2023-09-20,2559.739990234375,2566.6201171875,2551.1201171875,2556.550048828125,0.00020710660905720601,0.00020708516544414,0.007398686124025996,24.510689871651785,50.84341238729678,0.3255517772872736,-2.24494606730651
2023-09-21,2514.969970703125,2549.6298828125,2514.9599609375,2544.81005859375,-0.01749006528086894,-0.017644823616427538,0.00797178613899731,26.467843191964285,39.97285766951651,-3.463838923874846,-2.488724638620177
2023-09-22,2508.1298828125,2513.260009765625,2486.139892578125,2491.449951171875,-0.0027197493291392094,-0.002723454567083028,0.007827642357305785,26.796421595982142,33.31730887097892,-6.938908861372056,-3.3787614831705532
2023-09-25,2495.760009765625,2509.3798828125,2486.43994140625,2504.10009765625,-0.0049319108757653884,-0.004944112884219754,0.007538515206944283,27.616420200892858,31.923546738459905,-10.569236618291143,-4.816856510194672
2023-09-26,2462.969970703125,2495.0,2461.590087890625,2493.639892578125,-0.013138298127302384,-0.01322536904951916,0.007938864298663945,28.207850864955358,30.163242775860596,-15.908792972792071,-7.035243802714152
2023-09-27,2465.070068359375,2469.719970703125,2445.510009765625,2447.989990234375,0.0008526688027992169,0.000852305487266129,0.007866379681752007,28.2156982421875,32.669502645760986,-19.74338012726912,-9.576871067625147
2023-10-04,2405.68994140625,2435.780029296875,2402.840087890625,2435.780029296875,-0.024088616269088647,-0.024383492048865363,0.009334248261888445,31.167131696428573,26.240780700156137,-27.259566741683557,-13.11341020243683
2023-10-05,2403.60009765625,2426.610107421875,2402.5,2423.35009765625,-0.0008687086868636174,-0.0008690862329224636,0.009245514181394639,31.714285714285715,23.726485683007425,-33.00437778726064,-17.09160371940159
2023-10-06,2408.72998046875,2421.179931640625,2403.919921875,2408.81005859375,0.002134249710466385,0.0021319754348928617,0.008952716950397835,30.584263392857142,26.88316435177829,-36.719958435791796,-21.017274662679633
2023-10-10,2402.580078125,2448.239990234375,2402.43994140625,2436.580078125,-0.0025531721669164176,-0.0025564370693961303,0.00893509955497916,32.34141322544643,26.47438567082581,-39.70315533102848,-24.754450796349403
2023-10-11,2450.080078125,2463.56005859375,2436.52001953125,2436.52001953125,0.019770412829307027,0.01957751649918169,0.01027076713668945,33.969273158482146,28.8339304093021,-37.798786456002745,-27.363317928280075
2023-10-12,2479.820068359375,2479.820068359375,2464.840087890625,2465.18994140625,0.012138374782074246,0.01206529549241764,0.010711751985575151,33.334280831473215,29.163525489604794,-33.50358328500943,-28.591370999625944
2023-10-13,2456.14990234375,2466.6201171875,2452.830078125,2460.85009765625,-0.009545114307944469,-0.009590960885314834,0.01086314568234105,33.260707310267854,29.45558438657747,-31.64480677012125,-29.20205815372501
2023-10-16,2436.239990234375,2453.77001953125,2422.52001953125,2442.429931640625,-0.00810614697839751,-0.008139180424910783,0.010871352402163002,33.67783900669643,29.013212444948152,-31.4161309022802,-29.64487270343605
2023-10-17,2460.169921875,2466.8701171875,2449.419921875,2454.139892578125,0.009822485361272948,0.009774558338038029,0.011115583205262682,34.75856236049107,34.26366148577267,-28.970009896004285,-29.5099001419497
2023-10-18,2462.60009765625,2465.330078125,2450.780029296875,2452.050048828125,0.0009878081020509022,0.000987320540679296,0.01112874643646321,32.599278041294646,40.444501067775455,-26.529530584935856,-28.91382623054693
2023-10-19,2415.800048828125,2433.449951171875,2412.550048828125,2431.919921875,-0.019004323467974538,-0.019187226631352736,0.011099637568861922,34.114990234375,35.297328441034665,-28.048480540217497,-28.740757092481047
2023-10-20,2375.0,2394.669921875,2364.010009765625,2391.5400390625,-0.016888835169912575,-0.017033077914426018,0.010990127015224224,36.175711495535715,32.366691312199976,-32.17360499243796,-29.427326672472432
2023-10-23,2357.02001953125,2375.7900390625,2354.699951171875,2370.070068359375,-0.007570518092105294,-0.007599319919445018,0.010933250617386323,35.24143763950893,33.82987142770911,-36.47318977168561,-30.83649929231507
2023-10-24,2383.510009765625,2384.139892578125,2326.669921875,2371.550048828125,0.011238763360034154,0.011176077694747311,0.011463597880811966,37.617152622767854,38.414764404296875,-37.31299982480141,-32.13179939881234
2023-10-25,2363.169921875,2389.89990234375,2362.68994140625,2389.22998046875,-0.008533670010735572,-0.008570290258234673,0.011479945360498667,35.11572265625,43.20679562269285,-39.16832240669646,-33.539104000389166
2023-10-26,2299.080078125,2330.550048828125,2299.080078125,2325.820068359375,-0.027120285831646607,-0.027494828108924854,0.012279776090448606,37.97141810825893,36.062509278334396,-45.28814019984293,-35.88891124027992
2023-10-27,2302.81005859375,2321.840087890625,2293.050048828125,2311.590087890625,0.0016223795352929837,0.0016210648993149818,0.012350846675262853,38.772147042410715,35.822905923918796,-49.26921677873406,-38.564972347970745
2023-10-30,2310.550048828125,2317.75,2292.340087890625,2292.340087890625,0.0033611066642211807,0.003355470770246741,0.012465911648863166,37.315708705357146,37.73424052218675,-51.209386196163905,-41.09385511760938
2023-10-31,2277.989990234375,2322.449951171875,2273.969970703125,2318.389892578125,-0.014091907946449322,-0.014192141651529929,0.012505967665238097,36.4228515625,26.112546859506537,-54.74326279340994,-43.8237366527695
2023-11-01,2301.56005859375,2312.14990234375,2288.639892578125,2292.889892578125,0.010346870908308992,0.01029370843521793,0.012867902871205917,36.738560267857146,24.824897303656385,-55.007881309097684,-46.06056558403514
2023-11-02,2343.1201171875,2351.909912109375,2333.409912109375,2334.9599609375,0.018057342643990504,0.01789624526883403,0.012716744883031962,38.40712193080357,34.80497247651019,-51.273000756256806,-47.103052618479474
2023-11-03,2368.340087890625,2370.280029296875,2351.830078125,2365.590087890625,0.01076341350071175,0.010705900289876844,0.012998506614427517,37.944981166294646,41.0004426680197,-45.75065507322597,-46.83257310942878
2023-11-06,2502.3701171875,2502.3701171875,2395.030029296875,2399.800048828125,0.05659239143152339,0.055049004729839375,0.018026737219508315,45.3306884765625,54.32964322248974,-30.21080178707507,-43.50821884495804
2023-11-07,2443.9599609375,2476.35009765625,2418.739990234375,2476.35009765625,-0.02334193325312295,-0.023618671056525507,0.01889549630319819,50.264979771205354,48.28460888633259,-22.350920061036504,-39.276759088173726
2023-11-08,2421.6201171875,2468.429931640625,2418.139892578125,2460.219970703125,-0.00914083868273785,-0.009182872494251952,0.01848549418120765,50.28212193080357,50.560851400611035,-17.72027752569511,-34.965462775678006
2023-11-09,2427.080078125,2437.89990234375,2413.0400390625,2425.929931640625,0.0022546727699972458,0.0022521348094784355,0.018260939959418965,48.35853794642857,55.38551414846165,-13.454788313239987,-30.663327883190405
2023-11-10,2409.659912109375,2413.6201171875,2393.639892578125,2406.39990234375,-0.0071774170834456585,-0.007203298657699606,0.018210068567713004,49.240687779017854,55.44971325014344,-11.34919276269693,-26.800500859091713
2023-11-13,2403.760009765625,2435.320068359375,2399.0400390625,2431.239990234375,-0.0024484377708658966,-0.002451440096297346,0.018136238905734032,47.727120535714285,52.189804146857114,-10.040821589406278,-23.448565005154627
2023-11-14,2433.25,2442.3701171875,2422.969970703125,2424.929931640625,0.012268275582657084,0.01219363018321479,0.018217453896929452,48.541416713169646,57.431294030173774,-6.548841288622498,-20.068620261848203
2023-11-15,2486.669921875,2487.419921875,2468.429931640625,2482.2099609375,0.02195414440563037,0.021716622287250475,0.018886915866425144,47.832850864955354,70.35258804370744,0.5230896526022661,-15.95027827895811
2023-11-16,2488.179931640625,2491.97998046875,2472.68994140625,2483.47998046875,0.000607241738174169,0.0006070574415145204,0.01831158837170299,47.15427943638393,70.20908158371168,6.178271771303116,-11.524568268905867
2023-11-17,2469.85009765625,2481.10009765625,2463.590087890625,2477.429931640625,-0.007366763854689928,-0.0073940324630055974,0.017921489768007767,47.095703125,66.97498601662396,9.076353378126441,-7.404383939499406
2023-11-20,2491.199951171875,2499.75,2464.0400390625,2464.719970703125,0.008644189999986063,0.008607042907128307,0.017832777592347207,46.183558872767854,73.275700316843,12.946618126848534,-3.3341835262298187
2023-11-21,2510.419921875,2517.739990234375,2500.909912109375,2504.699951171875,0.007715145744958685,0.0076855362051221985,0.017763105766556982,45.6392822265625,73.01944365215613,17.364554061545732,0.8055639913252914
2023-11-22,2511.699951171875,2516.719970703125,2490.429931640625,2493.169921875,0.000509886527636727,0.0005097565796717957,0.017577819019727343,43.920724051339285,70.39043753170766,20.730123822536825,4.790475957567599
2023-11-23,2514.9599609375,2522.199951171875,2507.300048828125,2515.830078125,0.001297929620974081,0.0012970880384547908,0.01605808398321067,43.045009068080354,68.72924144942633,23.390783259630552,8.51053741798019
2023-11-24,2496.6298828125,2521.56005859375,2496.6298828125,2517.8798828125,-0.007288417473718778,-0.007315107754033137,0.016265024703225158,35.252162388392854,48.95904539610465,23.746555409666144,11.557741016317381
2023-11-27,2495.659912109375,2511.3701171875,2489.179931640625,2501.830078125,-0.00038851201365586174,-0.0003885875040014765,0.016294843884981324,30.863595145089285,61.842601219363516,23.677301677282685,13.981653148510443
2023-11-28,2521.760009765625,2522.449951171875,2502.260009765625,2506.139892578125,0.010458194856441727,0.010403886255069366,0.015781296255927477,29.185023716517858,72.54998763022623,25.435275327597992,16.272377584327955
2023-11-29,2519.81005859375,2523.97998046875,2501.43994140625,2518.800048828125,-0.0007732500968862244,-0.0007735492089446169,0.01578300949132606,29.019321986607142,71.2167829667813,26.36719276267968,18.2913406199983
2023-11-30,2535.2900390625,2535.2900390625,2507.800048828125,2512.110107421875,0.006143312435775039,0.0061245192210515964,0.01547479680003408,28.594308035714285,79.00188355759053,28.03171691288435,20.239415878575514
2023-12-01,2505.010009765625,2520.489990234375,2504.06005859375,2520.489990234375,-0.011943418240254688,-0.012015313886478632,0.015782994310704148,28.233590262276785,71.00886311412627,26.60088059761938,21.511708822384286
2023-12-04,2514.949951171875,2525.6298828125,2510.52001953125,2522.219970703125,0.003968024625650157,0.003960172779959531,0.009932317357604045,26.948573521205358,68.44911708115797,25.969640854846602,22.40329522887675
2023-12-05,2494.280029296875,2509.739990234375,2492.550048828125,2507.449951171875,-0.00821882036474264,-0.008252781074827105,0.00847635578161385,24.679286411830358,52.01678073373007,23.530246822989284,22.628685547699256
2023-12-06,2495.3798828125,2509.669921875,2495.3798828125,2503.570068359375,0.0004409502953583999,0.00044085310534650496,0.008132936091791049,24.400704520089285,51.91224090954479,21.438627314114,22.390673900982208
2023-12-07,2492.070068359375,2499.72998046875,2481.0,2493.139892578125,-0.0013263769880978993,-0.0013272574046507915,0.008154872339789168,23.982142857142858,56.41307855674201,19.291548456892542,21.770848812164274
2023-12-08,2517.85009765625,2521.580078125,2507.139892578125,2510.239990234375,0.010344825221486165,0.010291683696039017,0.008130625341443244,23.539289202008927,57.499914117089325,19.446044014582185,21.305887852647857
2023-12-11,2525.360107421875,2528.889892578125,2512.449951171875,2524.7900390625,0.0029827072599022397,0.002978267814123816,0.008057600456874031,22.817853655133927,54.501148180784405,19.94456930160186,21.033624142438658
2023-12-12,2535.27001953125,2543.06005859375,2529.739990234375,2535.110107421875,0.003924158016217261,0.00391647859177642,0.007737977165245951,22.204275948660715,56.75013529216815,20.898397551705784,21.006578824292085
2023-12-13,2510.659912109375,2531.22998046875,2509.889892578125,2531.22998046875,-0.009707095193917548,-0.00975451617197092,0.006652764016432257,22.952863420758927,48.902711168759325,19.444341058142527,20.694131271062172
2023-12-14,2544.179931640625,2549.64990234375,2532.159912109375,2547.739990234375,0.013351079279824818,0.01326273904387507,0.007241323508865278,23.957135881696427,61.26086539228734,20.75749674735198,20.706804366320135
2023-12-15,2563.56005859375,2574.22998046875,2555.300048828125,2558.43994140625,0.007617435666441796,0.007588569501467739,0.007088325147052437,24.5185546875,64.79049558868107,23.095762793592712,21.18459605177465
2023-12-18,2566.860107421875,2573.1298828125,2556.050048828125,2568.77001953125,0.0012872914044133044,0.001286463555212645,0.006908417552680935,23.824968610491073,60.90745696180707,24.92778979852028,21.933234801123778
2023-12-19,2568.550048828125,2570.06005859375,2556.52001953125,2564.81005859375,0.000658369110713819,0.0006581524808472416,0.006754024455059106,23.182111467633927,61.8026086000324,26.21387135560235,22.789362112019493
2023-12-20,2614.300048828125,2615.3798828125,2584.85009765625,2586.989990234375,0.017811605431193644,0.01765483757486374,0.00769212904592467,24.563528878348215,66.68639730563345,30.572324184021454,24.345954526419888
2023-12-21,2600.02001953125,2610.81005859375,2587.159912109375,2598.3701171875,-0.00546227633789631,-0.005477249117824247,0.007871846957870566,24.271397181919642,71.51984481154977,32.499516237488024,25.97666686863352
2023-12-22,2599.510009765625,2621.3701171875,2599.510009765625,2617.719970703125,-0.0001961560917969063,-0.00019617533291929753,0.007600789641197297,24.3599853515625,70.00760196218428,33.59837514437049,27.501008523780918
2023-12-26,2602.590087890625,2612.139892578125,2594.64990234375,2609.43994140625,0.00118486873042567,0.0011841673274637862,0.007582683397280914,24.00927734375,77.95387124173617,34.32212125922888,28.86523107087051
2023-12-27,2613.5,2613.5,2590.080078125,2599.35009765625,0.004191944079145138,0.004183182358790467,0.007347990342513732,24.582850864955358,79.01643276958139,35.368329907695625,30.165850838235535
2023-12-28,2655.280029296875,2655.280029296875,2611.719970703125,2616.27001953125,0.01598623657810405,0.01585980238943868,0.007958879354611616,26.356427873883927,83.71963755732523,39.11783098749629,31.956246868087685
2024-01-02,2669.81005859375,2675.800048828125,2641.8798828125,2645.469970703125,0.005472126908107056,0.005457209217909421,0.007944793257007528,26.671439034598215,82.92593901357816,42.76877769207658,34.118753032885465
2024-01-03,2607.31005859375,2643.719970703125,2607.31005859375,2643.5400390625,-0.02340990506003271,-0.023688269798017216,0.009374031516065886,29.961443219866073,64.33943677254487,40.156057558148404,35.32621393793805
2024-01-04,2587.02001953125,2602.639892578125,2580.090087890625,2592.43994140625,-0.007781981661760362,-0.007812419293947623,0.009611176244222825,30.641444614955358,58.737705593800236,36.03285709999227,35.4675425703489
2024-01-05,2578.080078125,2592.2900390625,2572.60009765625,2586.889892578125,-0.003455690848449544,-0.003461675539542177,0.009415300734046018,30.235002790178573,62.019560136320315,31.678640821451154,34.709762220569345
2024-01-08,2567.820068359375,2591.679931640625,2566.340087890625,2584.22998046875,-0.0039797094949381995,-0.003987649612011114,0.009497008406068902,29.259992327008927,54.59566850056764,27.0877453419007,33.18535884483562
2024-01-09,2561.239990234375,2599.3701171875,2556.0,2598.31005859375,-0.0025625152658005357,-0.002565804127751672,0.00951994999685704,30.21142578125,49.52535454811536,22.657291137502398,31.079745303368977
2024-01-10,2541.97998046875,2568.18994140625,2539.820068359375,2563.969970703125,-0.007519798940771039,-0.007548215174699678,0.00947557780204734,31.017857142857142,45.221977898324795,17.391523775117548,28.342100997718696
2024-01-11,2540.27001953125,2557.300048828125,2540.27001953125,2543.030029296875,-0.0006726885933950877,-0.000672914949884241,0.009460008783745994,31.267142159598215,44.56947240409669,12.931321421823213,25.2599450825396
2024-01-12,2525.050048828125,2543.830078125,2517.760009765625,2536.550048828125,-0.005991477514635801,-0.006009498433381109,0.009520160633239726,29.7843017578125,30.585172486313894,8.075366685268818,21.823029403085446
2024-01-15,2525.989990234375,2536.06005859375,2515.840087890625,2525.68994140625,0.00037224664385804296,0.0003721773772650826,0.009250850840762189,29.290004185267858,32.90378597806783,4.25379785359155,18.309183093186668
2024-01-16,2497.590087890625,2524.35009765625,2491.1298828125,2516.27001953125,-0.011243077943121627,-0.011306759108719984,0.00906904113646023,30.218575613839285,29.14894382166139,-1.0543043850143476,14.436485597546467
2024-01-17,2435.89990234375,2503.909912109375,2435.340087890625,2501.22998046875,-0.0246998840386079,-0.0250100441059977,0.010303898323528682,33.867135184151785,22.494277387765493,-10.122213482989082,9.524745781439357
2024-01-18,2440.0400390625,2453.969970703125,2429.1201171875,2439.9599609375,0.0016996333530645558,0.0016981906108210249,0.010312382973822287,33.969273158482146,20.723092137794623,-16.781080491211014,4.2635805269092835
2024-01-19,2472.739990234375,2479.0,2455.5,2468.429931640625,0.013401399423117244,0.013312394977524124,0.010890501744654316,33.640694754464285,18.216335886169787,-19.19836103959733,-0.4288077863920394
2024-01-22,2464.35009765625,2490.68994140625,2464.35009765625,2489.570068359375,-0.0033929538128794068,-0.003398722933938177,0.009870526137805634,33.0992431640625,13.44389248847581,-21.542736249955396,-4.651593479104711
2024-01-23,2478.610107421875,2482.840087890625,2464.239990234375,2478.320068359375,0.005786519447535943,0.005769841849778291,0.01003813525116275,29.963535853794642,22.355886464869783,-21.996445550271346,-8.120563893338037
2024-01-24,2469.68994140625,2476.219970703125,2454.340087890625,2476.219970703125,-0.003598858081355627,-0.0036053495503641764,0.010027842529398362,29.752825055803573,23.503907835077015,-22.812824250622725,-11.059015964794975
2024-01-25,2470.340087890625,2474.010009765625,2452.360107421875,2467.72998046875,0.00026325024590123647,0.00026321560163519394,0.01001183889770433,29.892822265625,24.723205806577994,-23.14059845014299,-13.475332461864578
2024-01-26,2478.56005859375,2502.610107421875,2453.449951171875,2458.050048828125,0.003327465211538483,0.003321941449197782,0.009982904212209789,31.594273158482142,28.85638774672242,-22.47796691561325,-15.275859352614315
2024-01-29,2500.64990234375,2516.919921875,2483.81005859375,2490.929931640625,0.008912369774300766,0.008872889011511278,0.009406670993601162,31.236397879464285,36.630022421838724,-19.94049921003443,-16.20878732409834
2024-01-30,2498.81005859375,2528.5400390625,2498.81005859375,2523.679931640625,-0.0007357462347190591,-0.0007360170288119805,0.009213569757620346,31.333548409598215,39.6806573602876,-17.871980717514816,-16.541426002781634
2024-01-31,2497.090087890625,2502.449951171875,2486.969970703125,2487.89990234375,-0.000688315903487613,-0.0006885529016384145,0.007874139640068585,31.222830636160715,39.678758544866305,-16.184882915163143,-16.470117385257936
2024-02-01,2542.4599609375,2542.4599609375,2491.929931640625,2491.929931640625,0.01816909740937711,0.01800601180884211,0.00894253555244588,32.969970703125,53.63722144864556,-11.059390400576376,-15.387971988321624
2024-02-02,2615.31005859375,2615.340087890625,2559.389892578125,2559.39990234375,0.028653390328863715,0.02825055883396285,0.011027086358040086,36.731410435267854,64.34906682334004,-1.1062543963357712,-12.531628469924454
2024-02-05,2591.31005859375,2612.77001953125,2562.5,2612.77001953125,-0.009176732189415726,-0.009219097780558395,0.011205165020173609,38.0135498046875,65.27179374562884,4.789863605805749,-9.067330054778415
2024-02-06,2576.199951171875,2599.179931640625,2563.8701171875,2584.199951171875,-0.0058310688725821125,-0.005848135933157336,0.011275558964607206,35.63783482142857,76.95382378462044,8.14937924213973,-5.623988195394786
2024-02-07,2609.580078125,2625.239990234375,2588.090087890625,2592.590087890625,0.012957118075381135,0.01287389275689676,0.011451594115287428,37.36570521763393,79.28152660837651,13.351410118808417,-1.8289085325541459
2024-02-08,2620.320068359375,2629.510009765625,2610.2099609375,2620.260009765625,0.004115600944536446,0.004107155024396756,0.011457860598285463,36.006417410714285,77.58093305251478,18.131673871432668,2.1632079482432167
2024-02-13,2649.639892578125,2656.8701171875,2640.9599609375,2644.169921875,0.011189405665662733,0.01112726736354529,0.01150336038857419,36.7357177734375,82.11595898010533,24.00916935465466,6.532400229525505
2024-02-14,2620.419921875,2627.31005859375,2601.989990234375,2609.60009765625,-0.01102790261611497,-0.011089160716078175,0.011889142856387952,38.810703822544646,73.36780252468321,26.00949813180523,10.42781980998145
2024-02-15,2613.800048828125,2643.860107421875,2613.800048828125,2643.81005859375,-0.00252626420353963,-0.0025294605933709764,0.011535236500205949,39.224278041294646,73.92825031396264,26.752221709801688,13.692700189945498
2024-02-16,2648.760009765625,2648.760009765625,2625.010009765625,2635.6298828125,0.013375147403939414,0.013286489784156462,0.009818621169937283,40.174996512276785,76.59495181810242,29.818087816240222,16.917777715204444
2024-02-19,2680.260009765625,2683.389892578125,2653.1201171875,2653.1201171875,0.011892357134607678,0.011822198740180924,0.009943637565030276,39.137119838169646,78.1138829999013,34.39313291027338,20.41284875421823
2024-02-20,2657.7900390625,2673.840087890625,2643.929931640625,2671.550048828125,-0.008383504070968772,-0.008418843290824944,0.010137845444773226,38.992135184151785,71.87974208496729,35.79314911976235,23.488908827327055
2024-02-21,2653.31005859375,2670.949951171875,2644.0400390625,2656.919921875,-0.0016856036040868716,-0.0016870258322752645,0.010082651963616997,38.790701729910715,71.35513192403789,36.124751421771634,26.016077346215972
2024-02-22,2664.27001953125,2671.68994140625,2653.989990234375,2671.68994140625,0.004130674778095367,0.0041221669616690205,0.010071523111214373,38.997837611607146,72.53221878037529,36.84717459446483,28.182296795865746
2024-02-23,2667.699951171875,2694.800048828125,2665.2099609375,2681.030029296875,0.0012873813898293118,0.0012865534249360865,0.0099456439884147,37.569266183035715,69.03113121379606,37.266877614551504,29.9992129596029
2024-02-26,2647.080078125,2659.60009765625,2629.780029296875,2657.35009765625,-0.007729457369378134,-0.00775948445378019,0.010255158631606327,35.072108677455354,55.73860569477127,35.526120847466245,31.104594537175572
2024-02-27,2625.050048828125,2654.760009765625,2619.3798828125,2654.760009765625,-0.008322388687417193,-0.008357213113689064,0.010590187630357717,33.827113560267854,56.138123887956674,32.0000427430482,31.2836841783501
2024-02-28,2652.2900390625,2657.320068359375,2623.14990234375,2629.110107421875,0.010376941287856711,0.01032347042383651,0.010638313388508864,33.74571010044643,63.25752258540938,31.045763759787405,31.236100094637564
2024-02-29,2642.360107421875,2647.56005859375,2628.6201171875,2643.47998046875,-0.0037439086579440506,-0.003750934625833744,0.010714288252657486,31.933558872767858,56.219664157498556,29.152180109150777,30.81931609754021
2024-03-04,2674.27001953125,2682.800048828125,2662.320068359375,2664.52001953125,0.012076291955720242,0.012003955331817457,0.010871962257252158,33.3985595703125,59.4752364103193,29.881904652457706,30.63183380852371
2024-03-05,2649.39990234375,2684.830078125,2649.35009765625,2660.800048828125,-0.009299777885502847,-0.009343290803624628,0.010659696777773474,33.32212611607143,49.95718122664678,28.129150662570282,30.131297179333025
2024-03-06,2641.489990234375,2649.780029296875,2630.159912109375,2638.840087890625,-0.0029855485773883084,-0.002990014218015183,0.00873503378723082,31.319998604910715,54.068689154468096,25.804360095813536,29.26590976262913
2024-03-07,2647.6201171875,2660.260009765625,2633.570068359375,2653.97998046875,0.002320708000328686,0.0023180193164805633,0.008435358395581877,31.079275948660715,56.54312567248805,24.17788917970529,28.248305646044365
2024-03-08,2680.35009765625,2688.0,2668.3798828125,2676.7900390625,0.01236203798886315,0.012286251938055253,0.00862454897025503,31.466413225446427,56.16488872583818,25.238995716675163,27.646443660170526
2024-03-11,2659.840087890625,2677.2099609375,2658.739990234375,2665.580078125,-0.007651989112750335,-0.007681415792646465,0.00848180665203109,30.536429268973215,45.83640309830549,24.146596974118438,26.94647432296011
2024-03-12,2681.81005859375,2686.139892578125,2659.719970703125,2673.469970703125,0.008259884044588661,0.008225957891738689,0.008611412137762958,29.828560965401785,54.90765903277426,24.76814437465373,26.510808333298836
2024-03-13,2693.570068359375,2701.449951171875,2679.5400390625,2694.7099609375,0.00438510166965056,0.004375515126417861,0.008327768151985935,29.471418108258927,57.98810491469118,25.910974092847482,26.390841485208565
2024-03-14,2718.760009765625,2718.760009765625,2696.31005859375,2698.3701171875,0.00935187901816592,0.00930842093065971,0.008036153929889961,29.957850864955358,60.23364087458974,28.520525760958208,26.816778340358493
2024-03-15,2666.840087890625,2705.590087890625,2666.840087890625,2701.909912109375,-0.01909691244850842,-0.019281613744793702,0.009290865617071655,31.485700334821427,49.8633922171575,26.098265912487022,26.6730758547842
2024-03-18,2685.840087890625,2688.070068359375,2665.280029296875,2678.52001953125,0.007124536670298998,0.007099277063285443,0.008957407788356119,30.404994419642858,56.18972020114515,25.418737359838815,26.422208155795126
2024-03-19,2656.169921875,2673.570068359375,2645.139892578125,2673.570068359375,-0.011046884790124278,-0.011108354742110128,0.008925677102559385,30.784999302455358,54.85126176878267,22.22982012378452,25.583730549393007
2024-03-20,2690.139892578125,2692.52001953125,2674.090087890625,2680.699951171875,0.012789080406100384,0.0127079907600996,0.009179668759228456,30.940708705357142,55.77913349342475,22.18790462315019,24.904565364144442
2024-03-21,2754.860107421875,2755.449951171875,2724.25,2731.179931640625,0.024058308276944107,0.02377346667290354,0.010513593169892076,33.915004185267854,64.71510559237879,27.065077370893505,25.336667765494255
2024-03-22,2748.56005859375,2763.06005859375,2738.179931640625,2751.14990234375,-0.0022868852074020563,-0.002289504122912581,0.01053928165071621,32.8035888671875,60.41496673146956,30.075222182741072,26.284378648943623
2024-03-25,2737.570068359375,2763.6298828125,2731.699951171875,2756.590087890625,-0.003998453735807317,-0.004006468924654866,0.010612640602758617,32.550013950892854,62.8614082609027,31.214165795176086,27.270336078190116
2024-03-26,2757.090087890625,2779.39990234375,2752.27001953125,2756.419921875,0.007130418233622926,0.00710511700257379,0.01046480053360724,34.136422293526785,66.31017221685627,33.307936100343795,28.477856082620853
2024-03-27,2755.110107421875,2762.030029296875,2745.0,2745.0,-0.0007181413757374466,-0.0007183993627767258,0.01020160013741392,33.44642857142857,65.34561877894214,34.41082965132546,29.664450796361777
2024-03-28,2745.820068359375,2756.860107421875,2742.679931640625,2753.219970703125,-0.003371930231562792,-0.003377628000230554,0.010102328025622182,31.575020926339285,60.017123223708346,34.14168809623925,30.559898256337274
2024-03-29,2746.6298828125,2757.550048828125,2739.1201171875,2757.27001953125,0.00029492626354388207,0.0002948827813425701,0.01002696702606227,31.347865513392858,64.13099906903973,33.606343722033216,31.169187349476463
2024-04-01,2747.860107421875,2769.8701171875,2747.39990234375,2766.239990234375,0.00044790330764010733,0.0004478030288959466,0.009745213264048844,31.120744977678573,61.5330836369279,32.90207366866525,31.51576461331422
2024-04-02,2753.159912109375,2760.330078125,2737.18994140625,2744.14990234375,0.0019287025104317568,0.0019268449518133743,0.009414114194167652,31.2086181640625,60.64522037978769,32.39811917265206,31.69223552518179
2024-04-03,2706.969970703125,2732.2900390625,2706.969970703125,2730.679931640625,-0.01677706449345362,-0.016919393595408005,0.010272654041375137,32.7086181640625,48.04080665603199,27.949406003223885,30.94366962079021
2024-04-04,2742.0,2746.389892578125,2727.10009765625,2738.239990234375,0.012940678942136907,0.012857663771141614,0.010596933307036312,31.815761021205358,63.232367517289696,26.939853509510613,30.142906398534294
2024-04-05,2714.2099609375,2730.469970703125,2705.31005859375,2713.9599609375,-0.010134952247447093,-0.010186660546751908,0.010612514817341644,32.80861118861607,54.84474292256366,23.625017487974674,28.83932861642237
2024-04-08,2717.64990234375,2725.580078125,2706.739990234375,2718.760009765625,0.0012673822054141137,0.0012665797545232404,0.010430844496918917,31.247174944196427,61.53210664663913,21.0331040506544,27.278083703268777
2024-04-09,2705.159912109375,2741.22998046875,2703.9599609375,2733.22998046875,-0.004595879043729489,-0.004606472565981261,0.010362277513984022,31.312883649553573,53.064308540735254,17.766356648864985,25.37573829238802
2024-04-11,2706.9599609375,2718.070068359375,2661.919921875,2665.39990234375,0.0006654130944596659,0.0006651918053268763,0.010321119473864913,30.658604213169642,36.85217127915221,15.148067204705058,23.33020407485143
2024-04-12,2681.820068359375,2712.449951171875,2678.2099609375,2710.889892578125,-0.009287131298912232,-0.009330525584045322,0.010301427346620387,31.327165876116073,33.39799221421241,10.918611768379378,20.847885613557022
2024-04-15,2670.429931640625,2673.260009765625,2641.159912109375,2661.360107421875,-0.004247166636245692,-0.0042562114674854195,0.009380467753397957,31.950753348214285,33.33163622786793,6.571892337644385,17.992686958374495
2024-04-16,2609.6298828125,2647.60009765625,2601.449951171875,2644.169921875,-0.022767887712661805,-0.023031078608252525,0.010539555548499328,33.890049525669646,19.618376748083776,-1.7586967791371535,14.042410210872166
2024-04-17,2584.179931640625,2626.6298828125,2584.179931640625,2619.14990234375,-0.009752322097280164,-0.009800187443506917,0.010480283583727509,35.705758231026785,17.88836398660736,-10.295665020763408,9.174795164545053
2024-04-18,2634.699951171875,2642.030029296875,2593.260009765625,2595.4599609375,0.019549729843763686,0.01936108850262839,0.011041349982037435,38.825038364955354,31.924627569839586,-12.836756358339244,4.772484859968193
2024-04-19,2591.860107421875,2609.89990234375,2553.550048828125,2600.68994140625,-0.016259856736606904,-0.01639349885508548,0.009882396244555692,43.30503627232143,27.852692492853805,-18.0987754962307,0.19823278872841454
2024-04-22,2629.43994140625,2629.43994140625,2604.3701171875,2615.719970703125,0.014499175274454101,0.014395067345456262,0.01062616278641216,44.329293387276785,34.651037833110024,-19.017364696723234,-3.6448867083619154
2024-04-23,2623.02001953125,2641.780029296875,2619.719970703125,2632.14990234375,-0.002441554862655071,-0.002444540318154347,0.01061804250057,44.252144949776785,33.180829440277066,-20.032465505408254,-6.9224024677711835
2024-04-24,2675.75,2677.85009765625,2662.840087890625,2662.840087890625,0.020102774693337322,0.01990338172355381,0.011549188173548348,44.869297572544646,46.03223065977349,-16.393101993276105,-8.816542372872167
2024-04-25,2628.6201171875,2656.510009765625,2628.6201171875,2646.800048828125,-0.017613709357189533,-0.017770676651196353,0.012104736213652106,45.420009068080354,36.02041651816246,-17.114581608491335,-10.476150219996
2024-04-26,2656.330078125,2662.10009765625,2641.35009765625,2650.93994140625,0.010541637704252427,0.010486462063848519,0.01243525118087609,45.190726143973215,42.862080593491825,-15.274324233848347,-11.43578502276647
2024-04-29,2687.43994140625,2687.43994140625,2665.2099609375,2675.4599609375,0.011711595459254598,0.011643545525353823,0.012783053199109311,46.067138671875,46.51243280782135,-11.176762277047146,-11.383980473622607
2024-04-30,2692.06005859375,2710.22998046875,2687.2900390625,2693.219970703125,0.0017191517906378628,0.0017176757406587434,0.012794238593108874,45.04356166294643,48.45970876935734,-7.470494845484609,-10.601283347995007
2024-05-02,2683.64990234375,2692.469970703125,2678.840087890625,2679.0400390625,-0.0031240596669277476,-0.003128949728547719,0.01278277106344255,42.006399972098215,47.301137006064934,-5.15248587664837,-9.51152385372568
2024-05-03,2676.6298828125,2705.260009765625,2676.6298828125,2704.31005859375,-0.0026158477397215663,-0.002619275047602022,0.012250721013938062,41.60569545200893,49.372756525438774,-3.8376657539656662,-8.376752233773678
2024-05-07,2734.360107421875,2734.360107421875,2716.6201171875,2718.169921875,0.021568250799290256,0.021338947335576303,0.012870850993159277,42.824986049107146,56.94787751944073,1.8414581372480825,-6.333110159569325
2024-05-08,2745.050048828125,2745.050048828125,2727.929931640625,2732.110107421875,0.00390948557844828,0.003901863399112376,0.0126760867928914,39.12071010044643,66.51627714470327,7.12268775807388,-3.641950576040685
2024-05-09,2712.139892578125,2749.139892578125,2710.25,2743.2900390625,-0.011988909369448297,-0.012061355962706332,0.01298385466761228,38.866420200892854,65.32748609155013,8.55392143241761,-1.202776174349026
2024-05-10,2727.6298828125,2743.580078125,2723.2099609375,2737.949951171875,0.005711353708842237,0.005695105764066458,0.013000057547457018,36.97999790736607,62.15120135813197,10.813446507282151,1.2004683619772094
2024-05-13,2727.2099609375,2738.3798828125,2713.919921875,2735.199951171875,-0.00015395119317540562,-0.00015396304487675034,0.013000513571973673,32.930716378348215,69.90614836300023,12.427001484657012,3.44577498651317
2024-05-14,2730.340087890625,2735.820068359375,2722.739990234375,2732.97998046875,0.0011477396305963339,0.0011470814810079538,0.012798464044514745,31.180733816964285,66.51284030586274,13.799261221201505,5.516472233450838
2024-05-16,2753.0,2773.4599609375,2748.219970703125,2770.27001953125,0.008299300226324968,0.008265050403427681,0.012839327643689315,32.685006277901785,70.19826546174683,16.524765271706656,7.718130841102001
2024-05-17,2724.6201171875,2752.169921875,2724.6201171875,2751.469970703125,-0.010308711519251723,-0.010362214299954525,0.011837628116130672,30.795706612723215,58.21594625477758,16.207893004048856,9.416083273691372
2024-05-20,2742.139892578125,2756.409912109375,2734.639892578125,2741.239990234375,0.006430171780684724,0.006409586423915953,0.011526772279063615,29.699986049107142,71.19487578276775,17.172514842554392,10.967369587463978
2024-05-21,2724.179931640625,2734.47998046875,2719.739990234375,2733.030029296875,-0.006549615133097486,-0.006571157978712612,0.01103350021181606,28.908551897321427,63.1466461300336,16.299871081782385,12.03386988632766
2024-05-22,2723.4599609375,2733.070068359375,2707.8701171875,2723.4599609375,-0.00026428896812680236,-0.0002643238986107691,0.01020183554937508,28.486415318080358,57.91091865273417,15.37298875065153,12.701693659192433
2024-05-23,2721.81005859375,2734.27001953125,2704.0,2719.030029296875,-0.000605811125338529,-0.0006059947030443429,0.009823884484625654,29.009992327008927,56.620234046483326,14.339991993703734,13.029353326094695
2024-05-24,2687.60009765625,2696.989990234375,2681.169921875,2693.64990234375,-0.012568827435069041,-0.012648483304349523,0.010305078302855871,30.939296177455358,50.78849441426269,10.638245605141037,12.551131781903964
2024-05-27,2722.989990234375,2725.080078125,2693.659912109375,2697.159912109375,0.013167841677408365,0.01308189927867883,0.009752069710472867,31.571428571428573,58.31244544562335,10.439908718850802,12.128887169293332
2024-05-28,2722.85009765625,2730.1201171875,2714.340087890625,2715.52001953125,-5.1374620775979096e-05,-5.137594049700934e-05,0.008719159740122905,28.574986049107142,47.39909457928169,10.154383730837708,11.733986481602207
2024-05-29,2677.300048828125,2721.6298828125,2677.070068359375,2719.56005859375,-0.0167288125289502,-0.016870319495516935,0.00939771592022723,30.622122628348215,36.77426303919719,6.181340215696764,10.623457228421119
2024-05-30,2635.43994140625,2666.6298828125,2635.43994140625,2666.6298828125,-0.015635194658214502,-0.01575871349995402,0.009664891068358177,30.834280831473215,35.53264288312849,-0.3411536171784064,8.430535059301214
2024-05-31,2636.52001953125,2664.47998046875,2635.77001953125,2657.8701171875,0.00040982839640180124,0.0004097444396823345,0.009650112238560321,30.662841796875,31.826690638933627,-5.361321714249243,5.672163704591123
2024-06-03,2682.52001953125,2690.72998046875,2657.81005859375,2657.81005859375,0.017447240930936747,0.017296785325341922,0.010464168943418383,32.787841796875,42.45738142369037,-5.563888494412822,3.424953264790334
2024-06-04,2662.10009765625,2679.469970703125,2659.429931640625,2668.72998046875,-0.007612216023114016,-0.007641336816145348,0.01058930614366531,33.502842494419646,39.11779340116504,-7.288128161271288,1.2823369795780095
2024-06-05,2689.5,2697.429931640625,2667.6298828125,2681.110107421875,0.010292589060746815,0.010239981039855607,0.009645944092985418,32.9464111328125,40.024484686332144,-6.370225398069124,-0.2481754959514173
2024-06-07,2722.669921875,2729.6298828125,2705.22998046875,2718.25,0.012333118377021668,0.012257685057996768,0.010034671858903279,33.785696847098215,49.69817697076685,-2.9324419964368644,-0.7850287960485068
2024-06-10,2701.169921875,2718.889892578125,2689.18994140625,2698.7099609375,-0.007896660490227081,-0.00792800422996702,0.009822381945197828,33.906424386160715,43.73642780093984,-1.9207035251133675,-1.012163741861479
2024-06-11,2705.320068359375,2718.8798828125,2702.169921875,2716.719970703125,0.0015364255505607716,0.0015352464563969915,0.009734572429584589,33.57142857142857,46.98954817892021,-0.7750767579423155,-0.9647463450776464
2024-06-12,2728.169921875,2730.300048828125,2707.43994140625,2709.64990234375,0.008446266222939869,0.00841079610315301,0.009932827624216647,33.555716378348215,50.70220445316719,1.9541071920330069,-0.38097563765551584
2024-06-13,2754.889892578125,2776.719970703125,2752.610107421875,2764.179931640625,0.00979410061260455,0.009746449291135368,0.010167641164171091,34.86143275669643,54.58881669185247,6.201595332096986,0.9355385562949845
2024-06-14,2758.419921875,2769.159912109375,2750.860107421875,2759.219970703125,0.0012813685608217273,0.001280548308749438,0.010003628892781662,33.265694754464285,60.73809354584599,9.740323758027898,2.6964955966415673
2024-06-17,2744.10009765625,2759.860107421875,2741.030029296875,2754.830078125,-0.005191314094416866,-0.005204835782618357,0.00978384753771901,31.933558872767858,53.419308711769204,11.259508783593901,4.409098234032035
2024-06-18,2763.919921875,2772.35009765625,2759.030029296875,2765.699951171875,0.007222704534604274,0.007196745724472453,0.009811025924004976,32.824271065848215,56.253596648926916,13.90250856998,6.307780301221628
2024-06-19,2797.330078125,2799.320068359375,2786.159912109375,2786.159912109375,0.012087961009859871,0.012015485082056512,0.009994952533612303,32.082850864955354,68.9782957622192,18.47999940182126,8.742224121341554
2024-06-20,2807.6298828125,2812.6201171875,2796.3701171875,2802.10009765625,0.003682012633419385,0.0036752506183699196,0.010000802489878627,30.253557477678573,80.24384094078418,22.677391175037883,11.52925753208082
2024-06-21,2784.260009765625,2797.0,2777.330078125,2794.8701171875,-0.008323701492828017,-0.008358536937343859,0.010235116574211,30.343540736607142,74.06508365114271,23.84325079789187,13.99205618524303
2024-06-24,2764.72998046875,2782.89990234375,2758.090087890625,2772.85009765625,-0.007014441621247536,-0.0070391584679451984,0.00990922550173962,28.340680803571427,64.65474321167324,22.927004566498,15.779045861494026
2024-06-25,2774.389892578125,2780.419921875,2765.760009765625,2765.760009765625,0.003493980308245881,0.00348789053994652,0.009540040004874222,27.812098911830358,70.81527971752635,22.718462706564424,17.166929230508106
2024-06-26,2792.050048828125,2792.070068359375,2762.97998046875,2767.429931640625,0.006365419762104585,0.00634524604193723,0.009612181634297563,27.366402762276785,69.72195955177727,23.704962742723637,18.474535932951213
2024-06-27,2784.06005859375,2784.330078125,2761.550048828125,2767.6201171875,-0.0028616930551543796,-0.002865795527271967,0.008687978285475219,26.678553989955358,63.07232423215289,23.570341467539947,19.49369703986896
2024-06-28,2797.820068359375,2797.820068359375,2782.39990234375,2792.7900390625,0.004942425621584867,0.004930251931300913,0.007635823237077815,25.388567243303573,71.28205514167107,24.293925675208357,20.45374276693684
2024-07-01,2804.31005859375,2805.949951171875,2783.97998046875,2792.9599609375,0.0023196596192052166,0.002316973362163366,0.00761378710420471,25.692853655133927,71.57496160849497,25.10170254407103,21.38333472236368
2024-07-02,2780.860107421875,2805.419921875,2776.6201171875,2798.64990234375,-0.008362110708840187,-0.008397269293773588,0.007248512649782236,25.9656982421875,61.45391399600263,23.57786549549064,21.822240876989074
2024-07-03,2794.010009765625,2799.699951171875,2774.7099609375,2797.139892578125,0.004728717675748673,0.004717572411714337,0.006920638730883042,24.2828369140625,59.037196459027044,23.16427750484536,22.09064820256033
2024-07-04,2824.93994140625,2824.93994140625,2808.8798828125,2817.06005859375,0.011070086196011797,0.011009261271577779,0.006968372790792724,25.184988839285715,63.640131922792726,25.04360593359388,22.68123974876704
2024-07-05,2862.22998046875,2871.9599609375,2836.2099609375,2836.2099609375,0.013200294461459317,0.013113929770547463,0.007034078462099102,27.198556082589285,72.13748979733761,29.205320998896696,23.986055998792974
2024-07-08,2857.760009765625,2868.989990234375,2855.530029296875,2862.580078125,-0.001561709133657052,-0.0015629298724909942,0.006672145410264744,26.142124720982142,68.659069748024,31.776520939851707,25.544148987004725
2024-07-09,2867.3798828125,2875.3701171875,2854.1298828125,2872.6298828125,0.003366228449555475,0.0033605753853528236,0.006666161836140701,25.130702427455358,65.38410395760368,34.196265513400704,27.27457229228392
2024-07-10,2867.989990234375,2871.56005859375,2858.8701171875,2863.050048828125,0.00021277523272456023,0.0002127525992852297,0.006561269461487393,24.876412527901785,63.84534829673684,35.75104529540931,28.969866892909
2024-07-11,2891.35009765625,2896.429931640625,2879.280029296875,2888.760009765625,0.008145114697546862,0.008112122281097641,0.006475878390666299,24.743565150669642,74.56533061530794,38.42524263638688,30.860942041604577
2024-07-12,2857.0,2872.25,2844.8798828125,2867.75,-0.0118802969187628,-0.011951431608366552,0.007230116479395562,26.193586077008927,69.81829203320791,37.34233825988622,32.15722128526091
2024-07-15,2860.919921875,2872.89990234375,2848.929931640625,2869.14990234375,0.0013720412583129171,0.0013711008697752988,0.007044048429716573,26.785016741071427,69.05527652239738,36.38105551322724,33.00198813085417
2024-07-16,2866.090087890625,2872.2099609375,2857.070068359375,2861.7099609375,0.0018071690773633353,0.0018055381119840806,0.006940511410862256,25.78857421875,67.25391937990847,35.625749732752865,33.52674045123391
2024-07-17,2843.2900390625,2868.580078125,2841.330078125,2865.89990234375,-0.007955105432469245,-0.007986916100819499,0.006833600391042383,25.556431361607142,62.91144225651943,32.809187180761455,33.38322979713942
2024-07-18,2824.35009765625,2824.35009765625,2799.02001953125,2805.639892578125,-0.006661276600713917,-0.006683561924626571,0.006996022322699073,27.617135184151785,55.655515620104566,28.717706240887765,32.45012508588909
2024-07-19,2795.4599609375,2802.679931640625,2776.989990234375,2800.2099609375,-0.010228950278764692,-0.010281625506734395,0.007133117220046216,29.430716378348215,48.277857379036696,22.8802364074013,30.536147350191534
2024-07-22,2763.510009765625,2795.1201171875,2752.6298828125,2790.989990234375,-0.011429228684484594,-0.011495044280203544,0.007434373354963718,30.432878766741073,46.73194859852624,15.497262667655377,27.528370413684303
2024-07-23,2774.2900390625,2796.919921875,2765.81005859375,2788.830078125,0.003900846842884942,0.0038932582680161806,0.0074449912201824345,31.0343017578125,46.25210077794905,10.396219907574505,24.101940312462343
2024-07-24,2758.7099609375,2778.31005859375,2748.64990234375,2755.5,-0.005615879344131214,-0.0056317076823768,0.007389069085091542,30.943603515625,36.63265346347309,5.038345758991909,20.28922140176826
2024-07-25,2710.64990234375,2725.14990234375,2703.860107421875,2721.2900390625,-0.01742120747532938,-0.01757474250038112,0.008301996757133716,31.502877371651785,20.68089133354364,-3.050686761011548,15.621239769212297
2024-07-26,2731.89990234375,2738.39990234375,2715.75,2724.989990234375,0.007839448385284387,0.007808879567634224,0.00844015771217878,32.523594447544646,27.139663109984582,-7.658325495931422,10.965326716183554
2024-07-29,2765.530029296875,2776.860107421875,2742.68994140625,2748.320068359375,0.012310160750865329,0.012235006864367308,0.008934102228286623,34.21787806919643,32.98479886124015,-8.498279329070556,7.0726055071327325
2024-07-30,2738.18994140625,2754.530029296875,2732.820068359375,2744.39990234375,-0.009886020980063637,-0.009935212157320414,0.009010169384673519,35.647879464285715,30.093284238730377,-11.240492000677932,3.4099860055706
2024-07-31,2770.68994140625,2770.699951171875,2733.6298828125,2745.580078125,0.011869154695422157,0.011799268726885479,0.009369295251714123,36.264317103794646,31.99965326794957,-10.668259854493954,0.5943368335576893
2024-08-01,2777.679931640625,2794.110107421875,2772.969970703125,2787.27001953125,0.0025228338003158157,0.0025196567973688935,0.009009690107831593,34.617885044642854,37.115021126296945,-9.540748155972778,-1.4326801643484044
2024-08-02,2676.18994140625,2725.050048828125,2666.39990234375,2719.389892578125,-0.03653768351000408,-0.03722190295640759,0.011571753053021083,40.854317801339285,27.214679853866357,-16.64471116692812,-4.475086364864348
2024-08-05,2441.550048828125,2611.300048828125,2386.9599609375,2611.300048828125,-0.08767684570805523,-0.09176101582349555,0.022882844567794523,60.432181222098215,16.563242941407665,-40.73852306303161,-11.7277737044978
2024-08-06,2522.14990234375,2578.77001953125,2491.469970703125,2533.340087890625,0.03301175560759462,0.032478570138184296,0.024503887881272616,68.28717912946429,26.817677774198174,-52.721566597900164,-19.926532283178275
2024-08-07,2568.409912109375,2594.830078125,2510.820068359375,2515.27001953125,0.01834149894208781,0.01817532252436837,0.025081940164699282,71.12574986049107,32.22539358830936,-57.8189182567603,-27.50500947789468
2024-08-08,2556.72998046875,2570.340087890625,2518.52001953125,2530.2099609375,-0.004547534093197969,-0.004557905581437992,0.024878791277194723,71.44431849888393,33.014586946371395,-62.0853972285463,-34.421087028025006
2024-08-09,2588.429931640625,2603.080078125,2575.89990234375,2603.080078125,0.012398630834713043,0.012322397292335705,0.025171233926258765,71.69574846540179,37.53878447508897,-62.19178325565372,-39.97522627355075
2024-08-12,2618.300048828125,2622.860107421875,2602.010009765625,2602.159912109375,0.011539859287814425,0.011473782966726047,0.025404753200378938,71.76862444196429,39.19123247033715,-59.18359448978936,-43.81689991679848
2024-08-13,2621.5,2636.1201171875,2607.52001953125,2624.5,0.0012221483833785296,0.0012214021679717866,0.025397540825561293,71.69290597098214,40.32656276033383,-55.89702776219883,-46.23292548587855
2024-08-14,2644.5,2653.7099609375,2632.43994140625,2649.110107421875,0.008773602899103672,0.00873533849344724,0.02555012219992097,70.07577078683036,45.16554032112446,-50.850321320215244,-47.15640465274589
2024-08-16,2697.22998046875,2699.610107421875,2680.739990234375,2695.489990234375,0.019939489683777678,0.019743301697017504,0.02606178551512039,72.03006417410714,47.577663907860895,-42.11047798702111,-46.147219319600936
2024-08-19,2674.360107421875,2699.840087890625,2664.280029296875,2697.969970703125,-0.008479022260793778,-0.008515173667480263,0.02603630258932812,71.35862513950893,43.53285216611837,-36.60750823413173,-44.239277102507096
2024-08-20,2696.6298828125,2706.050048828125,2686.06005859375,2699.739990234375,0.008327141632430868,0.008292662266021336,0.02604103987772658,71.2857666015625,47.03057307863792,-30.102378815560314,-41.411897445117745
2024-08-21,2701.1298828125,2704.97998046875,2684.610107421875,2687.199951171875,0.001668749585800322,0.0016673587702771757,0.026022764431800238,70.0928955078125,44.82285431861874,-24.303746036730445,-37.990267163440286
2024-08-22,2707.669921875,2711.3798828125,2690.35009765625,2710.949951171875,0.002421223468043854,0.002418297029259059,0.026015083085460376,69.92215401785714,44.78587354132794,-18.961979392641297,-34.18460960928049
2024-08-23,2701.68994140625,2712.840087890625,2689.5400390625,2690.800048828125,-0.002208533773056409,-0.002210976180525318,0.025723031223214888,63.637869698660715,52.214159188480814,-15.037779131757816,-30.35524351377596
2024-08-26,2698.010009765625,2718.469970703125,2688.7900390625,2716.8798828125,-0.0013620851098514741,-0.001363013590984033,0.02565504837553617,45.098580496651785,87.18110809230468,-12.085448355882363,-26.70128448219724
2024-08-27,2689.25,2700.179931640625,2681.919921875,2696.239990234375,-0.003246841091737118,-0.003252123517505082,0.025479614825833982,36.6014404296875,80.59998032851382,-10.333446978811935,-23.427716981520184
2024-08-28,2689.830078125,2695.510009765625,2671.590087890625,2690.590087890625,0.00021570256577119196,0.00021567930531758472,0.025401598288249085,32.309291294642854,76.70222761512566,-8.796762209267854,-20.50152602706972
2024-08-29,2662.280029296875,2672.89990234375,2649.56005859375,2657.179931640625,-0.010242300824938821,-0.010295114117275439,0.025300895676360066,31.484287806919642,71.69760375962717,-9.690283595951769,-18.33927754084613
2024-08-30,2674.31005859375,2686.510009765625,2668.659912109375,2676.719970703125,0.004518694188624606,0.00450851554131717,0.02532347528027545,29.904279436383927,69.20741595782903,-9.320244925415409,-16.535471017759985
2024-09-02,2681.0,2686.97998046875,2658.31005859375,2683.800048828125,0.002501557882098382,0.0024984341944853648,0.02392621798976627,29.492832728794642,65.64529000737127,-8.390444431187007,-14.906465700445391
2024-09-03,2664.6298828125,2695.590087890625,2664.6298828125,2683.1201171875,-0.006105974333271202,-0.006124692026616798,0.010543606224052105,29.661411830357142,60.098319423802444,-8.872228954299317,-13.699618351216177
2024-09-04,2580.800048828125,2608.1298828125,2578.070068359375,2589.93994140625,-0.03146021686730205,-0.031965719918635005,0.011320524315933838,33.543544224330354,38.39200469097992,-15.835867642622361,-14.126868209497415
2024-09-05,2575.5,2615.800048828125,2560.64990234375,2598.360107421875,-0.002053645663301795,-0.0020557572850675517,0.01060004183937723,33.54640415736607,23.181287153636134,-21.534040109590023,-15.608302589515937
2024-09-06,2544.280029296875,2576.93994140625,2529.31005859375,2576.659912109375,-0.012121906698941975,-0.012195976194221438,0.010911154989904331,34.408534458705354,22.358651487671565,-28.243500074448093,-18.13534208650237
2024-09-09,2535.929931640625,2543.219970703125,2491.300048828125,2498.669921875,-0.0032819098370070465,-0.0032873071152518607,0.010516090042008933,35.929251534598215,13.704973571114266,-33.8444408847422,-21.277161846150335
2024-09-10,2523.429931640625,2544.830078125,2522.47998046875,2542.68994140625,-0.004929158272095169,-0.004941346641494134,0.010122499320511175,36.07069614955357,11.265181615278095,-38.84410173742572,-24.79054982440541
2024-09-11,2513.3701171875,2526.1298828125,2493.3701171875,2524.860107421875,-0.0039865638141910464,-0.0039945313421354935,0.010106509060711122,36.90855189732143,8.286842816979373,-43.12103943607508,-28.456647746739343
2024-09-12,2572.090087890625,2572.090087890625,2572.090087890625,2572.090087890625,0.023363041639419713,0.02309430342760687,0.01135064046488437,39.438546316964285,27.314118776287827,-41.296294506435515,-31.024577098678577
2024-09-13,2575.409912109375,2584.110107421875,2562.909912109375,2571.81005859375,0.001290710708143461,0.0012898784571306256,0.010237985393511052,38.832850864955354,28.512305456711402,-39.13120871782712,-32.64590342250829
2024-09-19,2580.800048828125,2598.679931640625,2550.090087890625,2594.669921875,0.0020929238073543743,0.002090736693432898,0.010174183527268212,40.999267578125,30.765140473351153,-36.558994316506414,-33.428521601307914
2024-09-20,2593.3701171875,2619.550048828125,2591.39990234375,2603.830078125,0.004870609160551931,0.00485878611849083,0.01002309939361554,42.058558872767854,33.58965753845695,-33.12435941140211,-33.36768916332675
2024-09-23,2602.010009765625,2603.570068359375,2588.489990234375,2596.469970703125,0.0033315308605061933,0.0033259936065156664,0.010061412923921778,40.25927734375,39.0414060183352,-29.366698360870032,-32.56749100283541
2024-09-24,2631.679931640625,2631.679931640625,2597.81005859375,2612.449951171875,0.011402693211649995,0.011338172515302043,0.01045160311109027,40.947841099330354,42.71602713474181,-23.721167321440134,-30.798226266556355
2024-09-25,2596.320068359375,2663.360107421875,2596.320068359375,2652.7099609375,-0.013436232444576257,-0.013527315410456528,0.010797094777719344,43.688563755580354,36.82227708365152,-21.84843360846571,-29.00826773493823
2024-09-26,2671.570068359375,2671.570068359375,2630.300048828125,2630.909912109375,0.028983329488937226,0.02857125602965684,0.012780967342544238,46.852120535714285,50.91275128996317,-14.129358094215604,-26.032485806793705
2024-09-27,2649.780029296875,2681.449951171875,2649.780029296875,2674.580078125,-0.008156267103217485,-0.008189711427787794,0.012884349697811336,42.93141392299107,60.84114803161692,-9.65886776644993,-22.75776219872495
2024-09-30,2593.27001953125,2668.659912109375,2593.27001953125,2665.239990234375,-0.021326302236725714,-0.02155699357862927,0.013693804613470383,44.377110072544646,52.40558255379229,-10.554195294188503,-20.317048817817664
2024-10-02,2561.68994140625,2591.610107421875,2555.4599609375,2566.550048828125,-0.012177705324611043,-0.012252461100559948,0.013764316057107985,43.675694056919646,52.35453807654998,-13.654595511998195,-18.984558156653772
2024-10-04,2569.7099609375,2585.590087890625,2555.570068359375,2563.699951171875,0.0031307534146178817,0.003125862811003624,0.013733736534339893,42.035696847098215,54.572535375573615,-15.288302437852053,-18.245307012893427
2024-10-07,2610.3798828125,2611.929931640625,2561.4599609375,2579.199951171875,0.015826658452988474,0.01570272284157878,0.01426809749682258,44.044259207589285,60.93573730181784,-13.149722330610984,-17.22619007643694
2024-10-08,2594.360107421875,2601.9599609375,2581.7900390625,2592.64990234375,-0.006136951750242869,-0.006155860238649006,0.014268649902839842,43.746407645089285,60.035697538987456,-12.602273020422672,-16.301406665234087
2024-10-10,2599.159912109375,2613.610107421875,2596.860107421875,2611.64990234375,0.0018500919258543913,0.0018483826137190038,0.012318368221589637,40.9271240234375,53.87166024870139,-11.646853693831417,-15.370496070953553
2024-10-11,2596.909912109375,2621.929931640625,2594.429931640625,2612.02001953125,-0.000865664320812809,-0.0008660392245471127,0.012308985721189058,41.377110072544646,53.08447562793513,-10.945065290447019,-14.485409914852248
2024-10-14,2623.2900390625,2628.5400390625,2602.6298828125,2602.6298828125,0.010158275737681466,0.010107027226819821,0.012115207422524903,40.165701729910715,55.74951222686851,-8.166103390788521,-13.221548610039504
2024-10-15,2633.449951171875,2635.320068359375,2615.469970703125,2632.3701171875,0.0038729656111551325,0.003865484988417994,0.012071039461394532,38.815708705357146,55.458989824020264,-5.085315712635747,-11.594302030558753
2024-10-16,2610.360107421875,2622.330078125,2601.35009765625,2606.699951171875,-0.008767906805946746,-0.00880657106984177,0.01221618176583831,40.031406947544646,51.09423569866383,-4.4555657145087935,-10.166554767348762
2024-10-17,2609.300048828125,2622.7099609375,2603.52001953125,2620.739990234375,-0.00040609668786162345,-0.0004061791674521177,0.012154441022105285,38.982840401785715,46.82950112061094,-3.9959592423779213,-8.932435662354594
2024-10-18,2593.820068359375,2618.320068359375,2587.9599609375,2616.0400390625,-0.005932618012137847,-0.005950285902931224,0.011181638235095806,36.362845284598215,49.62469176345025,-4.825200941294042,-8.110988718142483
2024-10-21,2604.919921875,2618.7099609375,2594.050048828125,2600.77001953125,0.0042793459928180955,0.004270215630473426,0.011213645703908405,32.765694754464285,37.607324143653884,-4.534445286020855,-7.3956800317181575
2024-10-22,2570.699951171875,2604.159912109375,2564.4599609375,2600.8701171875,-0.013136668968500853,-0.013223718202745297,0.01161982916729731,33.3935546875,35.9457845858,-6.98476891377959,-7.313497808130444
2024-10-23,2599.6201171875,2607.7900390625,2567.419921875,2575.25,0.011249918918947222,0.011187109211522585,0.011848630557346446,30.892142159598215,51.25125317744223,-6.517917841246799,-7.154381814753716
2024-10-24,2581.030029296875,2600.260009765625,2578.800048828125,2591.68994140625,-0.00715107863941955,-0.007176770156916954,0.011931531382959958,29.724278041294642,54.016474150510426,-7.560843039611882,-7.2356740597253495
2024-10-25,2583.27001953125,2611.27001953125,2577.0,2597.43994140625,0.0008678667853334598,0.0008674904067035165,0.011614662434195894,30.027849469866073,52.88537064820318,-8.113097543399817,-7.411158756460243
2024-10-28,2612.429931640625,2612.9599609375,2587.199951171875,2588.449951171875,0.011287984565649944,0.011224750678356541,0.011519860137062743,28.543561662946427,50.45868652979086,-6.127171786435156,-7.154361362455226
2024-10-29,2617.800048828125,2617.800048828125,2595.860107421875,2606.93994140625,0.0020556023809326085,0.002053492521218714,0.00943280968102789,28.068568638392858,55.50699200422159,-4.073036311902342,-6.538096352344649
2024-10-30,2593.7900390625,2613.469970703125,2586.8798828125,2606.989990234375,-0.009171827228123597,-0.00921414740311896,0.009476491267924483,28.902151925223215,48.84284955202836,-4.332582957752493,-6.096993673426217
2024-10-31,2556.14990234375,2579.64990234375,2552.360107421875,2575.239990234375,-0.014511635927306865,-0.01461795958976892,0.008788947748680907,29.897147042410715,42.37903214762729,-7.489189293658001,-6.375432797472574
2024-11-01,2542.360107421875,2559.300048828125,2536.840087890625,2542.9599609375,-0.005394752048473728,-0.005409356271093634,0.008442777637301219,29.242135184151785,34.12078947444057,-10.977007649816642,-7.295747767941387
2024-11-04,2588.969970703125,2588.969970703125,2542.679931640625,2549.0400390625,0.018333305004740508,0.018167276136863142,0.009388371808125504,31.153547014508927,42.364732683922824,-9.866369032920375,-7.809872020937185
2024-11-05,2576.8798828125,2586.72998046875,2564.659912109375,2570.239990234375,-0.004669844775117893,-0.004680782565369356,0.008719214508121366,30.597133091517858,44.02736172581307,-9.848224774115351,-8.21754257157282
2024-11-06,2563.510009765625,2592.75,2544.0400390625,2591.89990234375,-0.00518839591090392,-0.005201902375145964,0.008690046261106617,32.70570591517857,42.175046393335386,-10.788321284213907,-8.731698314101038
2024-11-07,2564.6298828125,2579.81005859375,2540.47998046875,2557.22998046875,0.0004368514429859971,0.00043675605117473345,0.00867484907698242,33.34641810825893,44.75430161921116,-11.312585699678039,-9.247875791216439
2024-11-08,2561.14990234375,2593.14990234375,2553.419921875,2586.699951171875,-0.0013569133277561152,-0.0013578347682832463,0.008676134808566984,34.406424386160715,41.912708021703,-11.872021097338347,-9.772704852440821
2024-11-11,2531.659912109375,2562.050048828125,2525.56005859375,2562.050048828125,-0.011514355410196075,-0.011581158894919895,0.008610308168023653,34.122855050223215,42.65833152746812,-14.52750934955975,-10.723665751864607
2024-11-12,2482.570068359375,2532.43994140625,2481.530029296875,2527.93994140625,-0.019390378429264832,-0.019580837891118363,0.009364631654845702,34.875697544642854,29.540250192248777,-20.358463358000336,-12.650625273091752
2024-11-13,2417.080078125,2478.8701171875,2415.77001953125,2468.27001953125,-0.02637991614780666,-0.0267341090784921,0.010715321156062448,38.11427525111607,25.379153678687103,-29.919142062990886,-16.10432863107158
2024-11-14,2418.860107421875,2441.429931640625,2410.929931640625,2430.260009765625,0.0007364378669059146,0.0007361668295999353,0.010737645503457316,37.84498814174107,25.27592433090507,-36.92674677896821,-20.268812260650908
2024-11-15,2416.860107421875,2433.179931640625,2390.56005859375,2413.050048828125,-0.0008268357454254138,-0.0008271777626414061,0.010744485445757955,38.7685546875,17.97398111351879,-42.15576190654019,-24.646202189828767
2024-11-18,2469.070068359375,2480.010009765625,2437.530029296875,2440.31005859375,0.021602392615596377,0.021372367761245924,0.012004829384376386,41.712123325892854,28.883746532028738,-41.607263918523586,-28.038414535567732
2024-11-19,2471.949951171875,2479.389892578125,2465.14990234375,2469.1298828125,0.0011663835908932718,0.0011657038940262278,0.011768406083480532,40.520682198660715,31.597338224416035,-40.47363793240174,-30.525459214934536
2024-11-20,2482.2900390625,2489.14990234375,2471.7900390625,2475.760009765625,0.0041829681404848,0.004174243849744386,0.011456453242948856,38.8013916015625,37.84156782808034,-38.299381069579795,-32.08024358586359
2024-11-21,2480.6298828125,2496.969970703125,2474.6201171875,2474.6201171875,-0.0006688002706674023,-0.0006690240173352081,0.011403220597073166,38.793526785714285,39.41560556347656,-36.29187740418229,-32.922570349527334
2024-11-22,2501.239990234375,2511.22998046875,2492.2099609375,2493.419921875,0.008308416972913069,0.008274092069300926,0.011618920586940213,37.649972098214285,33.48518022166704,-32.661353115255224,-32.870326902672915
2024-11-25,2534.340087890625,2541.760009765625,2517.97998046875,2524.110107421875,0.01323347531043928,0.01314667779269147,0.011738027196472706,38.807826450892854,42.579056980651536,-26.804252470551546,-31.657112016248643
2024-11-26,2520.360107421875,2526.6201171875,2512.2099609375,2521.389892578125,-0.005516221179449388,-0.005531491710474927,0.011739115440671662,36.909266880580354,42.48861447657191,-23.025106504594987,-29.930710913917913
2024-11-27,2503.06005859375,2526.320068359375,2498.320068359375,2518.820068359375,-0.006864117860451935,-0.006887784279020056,0.011674138609808787,36.0999755859375,39.853697552560085,-21.181903657105067,-28.180949462555347
2024-11-28,2504.669921875,2513.6298828125,2495.639892578125,2499.68994140625,0.0006431580719459262,0.0006429513344316897,0.011283072585120495,34.547119140625,40.63474611127125,-19.367987504503617,-26.418357070945
2024-11-29,2455.909912109375,2496.929931640625,2446.9599609375,2496.929931640625,-0.019467638965027012,-0.01965962926521306,0.012002062731389025,36.062831333705354,38.19394872903219,-21.615797708077025,-25.45784519837141
2024-12-02,2454.47998046875,2483.2900390625,2448.449951171875,2479.02001953125,-0.0005822410804136036,-0.0005824106485743582,0.011061519252923799,34.914986746651785,44.858123224138225,-23.244637312315717,-25.015203621160275
2024-12-03,2500.10009765625,2500.669921875,2471.550048828125,2472.06005859375,0.018586469456062682,0.018415851908771267,0.01200560730001542,33.442836216517854,66.38896278902988,-20.61668591820262,-24.135500080568747
2024-12-04,2464.0,2483.0400390625,2442.4599609375,2450.760009765625,-0.014439460920021796,-0.014544724463839894,0.012333995916334623,35.381417410714285,57.84767714393159,-21.2025815231068,-23.54891636907636
2024-12-05,2441.85009765625,2471.449951171875,2434.780029296875,2471.449951171875,-0.00898940841872975,-0.009030056938051732,0.012417753386665197,34.9564208984375,54.06010892114126,-23.186935457240907,-23.47652018670927
2024-12-06,2428.159912109375,2459.239990234375,2397.72998046875,2451.60009765625,-0.005606480741801145,-0.0056222560452088115,0.012434560689175379,34.839285714285715,42.40239107409718,-25.56948470331008,-23.895113090029433
2024-12-09,2360.580078125,2399.52001953125,2360.179931640625,2392.3701171875,-0.027831706489902297,-0.028226348037658666,0.013568038239557725,38.6778564453125,33.32438939331573,-32.53574810906002,-25.623240093835552
2024-12-10,2417.840087890625,2419.06005859375,2384.510009765625,2384.510009765625,0.02425675379379899,0.023967231315023728,0.014324500645494235,41.61500767299107,41.53867751991554,-33.05511896577718,-27.10961586822388
2024-12-11,2442.510009765625,2443.340087890625,2411.3798828125,2412.14990234375,0.010203289290534823,0.010151587125047915,0.013211638522739088,42.301461356026785,45.280559735124484,-31.117365966443685,-27.911165887867842
2024-12-12,2482.1201171875,2487.949951171875,2448.760009765625,2456.6298828125,0.016216968308627733,0.016086877842287385,0.013662853844120866,43.3614501953125,47.739220050403134,-26.084788910902716,-27.54589049247482
2024-12-13,2494.4599609375,2500.320068359375,2470.239990234375,2473.75,0.00497149338766989,0.004959176320362687,0.013676900606932791,42.61574009486607,45.04101697570311,-20.860249107719028,-26.20876221552366
2024-12-16,2488.969970703125,2515.6201171875,2483.429931640625,2511.080078125,-0.002200873263290104,-0.002203298744288293,0.012873650519728934,43.334315708705354,46.01253174182776,-16.967172994488465,-24.360444371316625
2024-12-17,2456.81005859375,2487.31005859375,2455.050048828125,2487.31005859375,-0.012920972325065838,-0.013005174187676018,0.013214818564878961,43.757167271205354,44.338625730085376,-16.28914711399284,-22.74618491985187
2024-12-18,2484.429931640625,2492.0,2462.820068359375,2463.06005859375,0.01124216866104999,0.011179445144063568,0.013430920444355513,44.98573521205357,47.67077857238784,-13.369004233922169,-20.87074878266593
2024-12-19,2435.929931640625,2450.050048828125,2423.590087890625,2426.550048828125,-0.019521580939886873,-0.019714643725532194,0.014140510682821676,45.209298270089285,47.69932372408303,-14.79773554744088,-19.656146135620922
2024-12-20,2404.14990234375,2430.68994140625,2389.860107421875,2429.6298828125,-0.013046364299760804,-0.013132215626442506,0.014218750996699147,46.011422293526785,44.58315246694743,-18.28363580197174,-19.381644068891084
2024-12-23,2442.010009765625,2446.969970703125,2413.6201171875,2423.360107421875,0.015747814803463767,0.01562510457003404,0.014367541074311875,45.770717075892854,43.641764466009974,-17.786214203611962,-19.06255809583526
2024-12-24,2440.52001953125,2452.85009765625,2432.419921875,2450.550048828125,-0.0006101491101250245,-0.0006103353268438138,0.014343393885099523,43.112862723214285,47.21932771651449,-17.312664147199484,-18.712579306108108
2024-12-26,2429.669921875,2449.52001953125,2428.820068359375,2449.52001953125,-0.00444581383042042,-0.004455725849632505,0.014306551948541477,41.97215053013393,48.5178658218492,-17.609888683588906,-18.492041181604268
2024-12-27,2404.77001953125,2423.860107421875,2388.330078125,2419.4599609375,-0.010248265461727635,-0.010301140496020846,0.014429528420805388,40.531424386160715,47.22940540590563,-19.628391414066755,-18.719311228096764
2024-12-30,2399.489990234375,2429.75,2390.43994140625,2397.489990234375,-0.0021956483380910496,-0.0021980623080366793,0.013822508195914877,38.483572823660715,55.4070109466739,-21.40735296830462,-19.256919576138337
2025-01-02,2398.93994140625,2410.989990234375,2386.840087890625,2400.8701171875,-0.00022923572524313762,-0.0002292620037680627,0.013823513156631478,36.031424386160715,46.88219141890798,-22.601046366395167,-19.925744934189705
2025-01-03,2441.919921875,2454.669921875,2402.580078125,2402.580078125,0.017916238638119086,0.01775763442693059,0.013775192412592695,37.72926548549107,49.908203221432665,-19.850112024185364,-19.910618352188838
2025-01-06,2488.639892578125,2489.10009765625,2446.820068359375,2453.300048828125,0.019132474527359333,0.018951750233685914,0.014096944715911473,37.853567940848215,50.992295727536145,-13.741660252413567,-18.676826732233785
2025-01-07,2492.10009765625,2521.860107421875,2492.090087890625,2513.489990234375,0.001390400068906894,0.0013894343577773255,0.013917701285048266,38.07786342075893,49.63085623328236,-8.523208342343423,-16.646103054255715
2025-01-08,2521.050048828125,2526.77001953125,2481.25,2481.25,0.011616688751427517,0.011549733059391377,0.014015798454589732,39.029994419642854,54.67503191403064,-2.0281492498907028,-13.722512293382714
2025-01-09,2521.89990234375,2535.8701171875,2515.820068359375,2526.10009765625,0.0003371029924694735,0.0003370461860217647,0.012113000823400576,38.03928920200893,60.43808903352304,3.15147965569804,-10.347713903566563
2025-01-10,2515.780029296875,2535.239990234375,2506.2900390625,2528.419921875,-0.0024266914960373587,-0.00242964068399148,0.011142387477293058,37.593575613839285,55.39978873500036,6.685484171657208,-6.941074288521808
2025-01-13,2489.56005859375,2513.929931640625,2483.72998046875,2508.14990234375,-0.01042220321243792,-0.01047689470814692,0.011300324257469923,35.537161690848215,60.00524700551756,7.286481680245743,-4.0955630947682975
2025-01-14,2497.39990234375,2504.889892578125,2482.739990234375,2501.489990234375,0.003149088017755375,0.0031441400251383316,0.01074505024040117,33.82859584263393,69.10313991057407,8.299712486915269,-1.6165079784315841
2025-01-15,2496.81005859375,2524.360107421875,2493.10009765625,2511.070068359375,-0.00023618313969120397,-0.00023621103532134598,0.01068931389169011,33.002877371651785,63.24955640215288,8.951917606249935,0.4971771385047199
2025-01-16,2527.489990234375,2534.010009765625,2519.860107421875,2528.27001953125,0.012287651411459155,0.012212771001746218,0.011010797948141528,34.200718470982146,68.42666092841706,11.80829032228803,2.7593997752613824
2025-01-17,2523.550048828125,2528.47998046875,2513.840087890625,2520.85009765625,-0.0015588356121974956,-0.0015600518605489134,0.010544862271832087,33.767857142857146,70.49074452019536,13.597324442648187,4.926984708738743
2025-01-20,2520.050048828125,2536.719970703125,2516.280029296875,2533.679931640625,-0.0013869350447894835,-0.0013878977294223735,0.01029926348881746,32.27500697544643,77.75431873086033,14.564831808256258,6.854554128642247
2025-01-21,2518.030029296875,2548.43994140625,2507.949951171875,2533.22998046875,-0.0008015791322039112,-0.0008019005685390882,0.009126565381058263,32.359287806919646,78.9943174625165,14.995728251088622,8.482788953131521
2025-01-22,2547.06005859375,2552.570068359375,2526.889892578125,2535.800048828125,0.011528865406335687,0.011462914446695411,0.008674701273368324,33.1014404296875,81.79916054828524,17.478219502048887,10.281875062914995
2025-01-23,2515.489990234375,2541.60009765625,2515.489990234375,2541.239990234375,-0.012394709050090102,-0.01247216414402358,0.008777782241063323,31.375732421875,66.60802604877973,16.70559927966542,11.566619906265082
2025-01-24,2536.800048828125,2542.830078125,2522.639892578125,2529.2900390625,0.0084715338468766,0.008435851783594898,0.00889654196906535,29.958583286830358,62.280767286482345,17.609840539924335,12.775264032996933
2025-01-31,2517.3701171875,2537.97998046875,2496.949951171875,2534.330078125,-0.0076592286607691795,-0.007688711191384755,0.009046866482938277,30.516427176339285,55.958524167754675,16.56764366947982,13.533739960293511
2025-02-03,2453.949951171875,2468.739990234375,2437.610107421875,2468.739990234375,-0.025193024093922434,-0.025515801013280142,0.01061872368514627,32.96214076450893,36.390510862159125,10.503144061252897,12.92762078048539
2025-02-04,2481.68994140625,2508.35009765625,2471.6298828125,2481.43994140625,0.011304220047816393,0.0112408048113941,0.010828024227202292,35.415719168526785,42.646572954747185,7.844938243745673,11.911084273137446
2025-02-05,2509.27001953125,2514.7099609375,2498.739990234375,2503.93994140625,0.01111342624428402,0.011052125876112663,0.01101532375291013,35.70643833705357,48.89612158435221,7.873017544915456,11.10347092749305
2025-02-06,2536.75,2536.75,2515.340087890625,2521.820068359375,0.010951384368703243,0.010891852204292495,0.010605916049971105,35.3800048828125,57.96777767884525,9.997431193824468,10.882262980759332
2025-02-07,2521.919921875,2537.6298828125,2519.010009765625,2532.090087890625,-0.005846093673006814,-0.005863248972289575,0.009937134852719284,35.127859933035715,54.04460445561301,10.36490082680075,10.778790549967615
2025-02-10,2521.27001953125,2527.330078125,2499.179931640625,2510.639892578125,-0.0002577014195069838,-0.0002577346302235468,0.009937633674328651,34.905726841517854,54.03389846886762,10.482841795850163,10.719600799144125
2025-02-11,2539.050048828125,2549.43994140625,2527.739990234375,2532.8701171875,0.007052013135895985,0.007027263977400462,0.009724090963631997,34.26072474888393,51.99118914572728,11.874133019831788,10.950507243281658
2025-02-12,2548.389892578125,2549.580078125,2528.739990234375,2534.7099609375,0.003678479577159388,0.003671730516949462,0.009752301993910539,34.70359584263393,54.20045809367636,13.57391700705557,11.47518919603644
2025-02-13,2583.169921875,2583.739990234375,2555.97998046875,2558.949951171875,0.013647844624626648,0.013555551579118613,0.010144769851692544,35.768607003348215,59.65253141919716,17.525443356830692,12.685240028195292
2025-02-14,2591.050048828125,2600.570068359375,2582.840087890625,2588.199951171875,0.0030505646904579464,0.0030459211591908337,0.009760373692459938,34.142892020089285,60.969886270275346,21.05026252334983,14.358244527226201
2025-02-17,2610.419921875,2612.800048828125,2592.570068359375,2595.989990234375,0.007475684638216684,0.007447880193335424,0.009834139376544376,33.229317801339285,59.80316757122654,25.117159007714235,16.51002742332381
2025-02-18,2626.81005859375,2628.469970703125,2605.14990234375,2613.25,0.006278735685934178,0.0062591065462997515,0.00985622410756644,32.64003208705357,68.07260003472092,29.32471378063292,19.072964694785632
2025-02-19,2671.52001953125,2680.699951171875,2633.909912109375,2633.909912109375,0.017020629562167544,0.016877401582586035,0.010148085033544325,34.536446707589285,70.3271046972261,35.85365285094622,22.42910232601775
2025-02-20,2654.06005859375,2667.590087890625,2645.530029296875,2661.719970703125,-0.006535590528931712,-0.006557041012845759,0.010320381617832816,33.462158203125,70.74768169905964,39.167512471124155,25.77678435503903
2025-02-21,2654.580078125,2656.0400390625,2638.43994140625,2653.760009765625,0.00019593359598868432,0.0001959144035085926,0.010294852464371328,29.022164481026785,87.64026107866712,41.3589708544273,28.893221654916687
2025-02-24,2645.27001953125,2645.27001953125,2626.8798828125,2636.1201171875,-0.0035071681093629126,-0.003513332641022882,0.010359664102125146,27.115025111607142,82.96920884605998,41.861915388232774,31.486960401579907
2025-02-25,2630.2900390625,2641.489990234375,2617.1201171875,2617.639892578125,-0.005662930573493763,-0.005679025757535821,0.010284874391944884,26.767159598214285,75.69645608309159,40.58391718913981,33.30635175909189
2025-02-26,2641.090087890625,2648.06005859375,2620.159912109375,2629.860107421875,0.0041060296270498675,0.004097622891746708,0.009744155769023124,26.797171456473215,73.8437076338561,39.98168412270252,34.641418231814015
2025-02-27,2621.75,2638.469970703125,2610.469970703125,2637.6298828125,-0.007322767208623127,-0.007349710280896148,0.009871095737821344,27.654331752232142,72.35234694613843,37.51141833723659,35.21541825289853
2025-02-28,2532.780029296875,2586.780029296875,2531.239990234375,2585.610107421875,-0.033935337352198,-0.03452450845110317,0.012641916020716557,32.108607700892854,51.84674214238541,28.051224764474227,33.78257955521367
2025-03-04,2528.919921875,2548.780029296875,2513.31005859375,2522.199951171875,-0.0015240594829495357,-0.001525222042960534,0.011108068840803554,32.630039760044646,48.298659773777885,20.011791318946962,31.028421907960333
2025-03-05,2558.1298828125,2561.469970703125,2535.179931640625,2548.449951171875,0.011550370055151138,0.011484173771035572,0.011119423234440871,33.466465541294646,51.53346878750071,15.815174633630704,27.98577245309441
2025-03-06,2576.159912109375,2583.64990234375,2565.570068359375,2573.550048828125,0.00704812895467688,0.007023406988229032,0.01097312250063902,32.764317103794646,48.83488976230339,13.785290113164137,25.145675985108355
2025-03-07,2563.47998046875,2575.47998046875,2541.489990234375,2553.43994140625,-0.004922028163322545,-0.0049341812388628776,0.010815691807408226,33.974312918526785,45.4896350313653,11.026322906558562,22.321805369398398
2025-03-10,2570.389892578125,2579.760009765625,2549.989990234375,2555.39990234375,0.002695520215496794,0.002691893816107572,0.010718518659413229,34.547171456473215,43.17290196323361,9.290300871286945,19.715504469776107
2025-03-11,2537.60009765625,2547.8798828125,2505.909912109375,2516.68994140625,-0.012756739752421975,-0.01283880563272698,0.011153595746218846,37.48716517857143,35.59130219448295,5.20858713625239,16.814121003071364
2025-03-12,2574.820068359375,2579.68994140625,2541.659912109375,2552.60009765625,0.01466739016029428,0.01456086436684516,0.011513347210654943,36.64430454799107,33.994305429723454,4.920420623454447,14.435380927147982
2025-03-13,2573.639892578125,2600.070068359375,2561.02001953125,2598.06005859375,-0.0004583527197696835,-0.0004584577954865974,0.01149425430087419,37.57716587611607,35.93069414344497,4.544430893003664,12.45719092031912
2025-03-14,2566.360107421875,2576.739990234375,2559.239990234375,2565.179931640625,-0.00282859508715394,-0.0028326031220936884,0.011091105163078374,37.570016043526785,34.922746333423746,3.617340055906425,10.689220747436583
2025-03-17,2610.68994140625,2610.68994140625,2587.52001953125,2588.320068359375,0.01727342700510892,0.017125937376540258,0.011744068686338134,38.757847377232146,44.72188146070179,6.386046640343011,9.828585926017869
2025-03-18,2612.340087890625,2638.56005859375,2606.909912109375,2627.27001953125,0.0006320729467728103,0.0006318732728023689,0.011626404305993864,39.007864815848215,47.14399918580884,8.61412135749697,9.58569301231369
2025-03-19,2628.6201171875,2642.830078125,2613.47998046875,2613.47998046875,0.006231971622814525,0.00621263319044804,0.011625099819092167,39.19285365513393,48.04992009089708,11.56028911276735,9.980612232404422
2025-03-20,2637.10009765625,2650.719970703125,2629.199951171875,2648.159912109375,0.003226019771096933,0.0032208273335888877,0.01096611677330816,38.584263392857146,52.484882976453015,14.41326469502792,10.867142724929122
2025-03-21,2643.1298828125,2645.820068359375,2617.780029296875,2633.89990234375,0.0022865211531444274,0.0022839110416121642,0.010893350659026812,34.122122628348215,74.42130867823563,16.965256748351294,12.086765529613556
2025-03-24,2632.070068359375,2648.820068359375,2629.3798828125,2636.429931640625,-0.0041843628362887575,-0.004193141780545539,0.010928972304927766,32.977137974330354,72.12296195296456,17.88908006169322,13.24722843602949
2025-03-25,2615.81005859375,2654.6298828125,2612.739990234375,2653.0400390625,-0.006177650800823886,-0.006196811438108377,0.010985200525583503,33.64426967075893,63.09846161352059,17.111914299541695,14.020165608731931
2025-03-26,2643.93994140625,2649.14990234375,2618.050048828125,2628.090087890625,0.01075379411440247,0.010696383293164559,0.011191893006723987,34.202828543526785,64.71693332329683,18.551995430482748,14.926531573082094
2025-03-27,2607.14990234375,2633.030029296875,2603.409912109375,2620.280029296875,-0.013914854299955204,-0.014012573442491277,0.011590485311878243,34.621407645089285,58.58329062609767,16.534027440558475,15.248030746577372
2025-03-28,2557.97998046875,2592.6298828125,2549.260009765625,2592.6298828125,-0.018859645097812683,-0.019039756355993386,0.01222376639446616,36.629970005580354,47.90831841655864,10.842189493289425,14.366862495919783
2025-03-31,2481.1201171875,2514.219970703125,2479.4599609375,2513.43994140625,-0.03004709335808231,-0.030507758516983945,0.011668343752136132,37.63282993861607,41.711653742585554,0.12794343816904075,11.519078684369635
2025-04-01,2521.389892578125,2530.610107421875,2494.429931640625,2511.239990234375,0.016230481995475943,0.016100175786936715,0.012278635001738826,38.161411830357146,42.22876857674078,-5.055463194233653,8.204170308648978
2025-04-02,2505.860107421875,2532.14990234375,2499.830078125,2525.6201171875,-0.006159216074421048,-0.006178262292535217,0.012030558270061177,37.68068150111607,40.53668599601596,-10.297767910782568,4.503782664762669
2025-04-03,2486.699951171875,2488.919921875,2437.429931640625,2437.429931640625,-0.007646139620185233,-0.007675521212054989,0.011961318461566365,41.318551199776785,39.235085607806184,-15.816078738154829,0.4398103841791694
2025-04-04,2465.419921875,2506.7099609375,2438.02001953125,2450.489990234375,-0.00855753798798553,-0.008594363959806213,0.012040065630822612,43.058558872767854,29.064656773888473,-21.656853618175774,-3.9795224162918195
2025-04-07,2328.199951171875,2369.39990234375,2327.010009765625,2359.25,-0.05565784939336682,-0.0572667308284102,0.017187695726983775,50.684256417410715,20.556588298510718,-36.93247999202367,-10.57011393143819
2025-04-08,2334.22998046875,2381.31005859375,2328.93994140625,2381.199951171875,0.002589996316183951,0.0025866480558003214,0.017161052973816964,52.299979073660715,18.83236990633857,-47.9986523923867,-18.055821623627892
2025-04-09,2293.699951171875,2337.580078125,2284.719970703125,2329.989990234375,-0.017363340217546153,-0.017515850985222292,0.01681308253781271,54.497140066964285,15.954080256921287,-59.3549020244177,-26.315637703785853
2025-04-10,2445.06005859375,2445.06005859375,2391.389892578125,2395.1298828125,0.06598949759951966,0.06390347353707088,0.022931644906574802,63.305716378348215,34.75563743064542,-55.501528898771994,-32.152815942783086
2025-04-11,2432.719970703125,2433.179931640625,2394.25,2400.739990234375,-0.005046946739509672,-0.005059725589454197,0.0229384316262822,65.54642159598214,34.68727871193845,-52.83440278991111,-36.28913331220869
2025-04-14,2455.889892578125,2465.56005859375,2449.47998046875,2454.280029296875,0.009524286458791664,0.009479216390027691,0.022652990787007256,64.90000697544643,37.8450486934364,-48.29435975972183,-38.690178601711324
2025-04-15,2477.409912109375,2482.56005859375,2461.22998046875,2464.510009765625,0.008762615781874095,0.00872444687511796,0.02279417077539888,64.42360142299107,37.21418725165768,-42.4702862007025,-39.44620012150956
2025-04-16,2447.429931640625,2475.830078125,2442.719970703125,2472.780029296875,-0.012101340324106369,-0.012175157673297592,0.0227886476211106,64.00645228794643,37.60745704843604,-39.8148391340128,-39.51992792401021
2025-04-17,2470.409912109375,2473.239990234375,2447.39990234375,2451.699951171875,0.00938943345084664,0.00934562672067658,0.022925464773698532,61.71718052455357,42.91767580774396,-35.44746946734358,-38.70543623267689
2025-04-18,2483.419921875,2486.3701171875,2466.89990234375,2473.300048828125,0.005266336449612163,0.005252517794371651,0.02297284160415589,57.499337332589285,50.20742136924527,-30.583945793152907,-37.0811381447721
2025-04-21,2488.419921875,2498.840087890625,2479.22998046875,2486.3798828125,0.0020133526174763716,0.002011328539428447,0.022999412478594553,55.365059988839285,46.824375962657705,-26.02609737840976,-34.87012999149963
2025-04-22,2486.639892578125,2494.590087890625,2476.139892578125,2481.179931640625,-0.0007153251270926031,-0.0007155810941850693,0.022989537717583726,54.37437220982143,48.09836537588239,-22.30053645745329,-32.35621128469036
2025-04-23,2525.56005859375,2526.719970703125,2507.10009765625,2520.56005859375,0.01565170981604136,0.015530485085949926,0.023160712616290498,52.349365234375,53.700114324608435,-16.022769940273065,-29.089523015806904
2025-04-24,2522.330078125,2530.610107421875,2507.2099609375,2525.340087890625,-0.001278916515075279,-0.0012797350267480367,0.022995947689799782,49.1143798828125,55.61166320006163,-11.179358490527193,-25.50749011075096
2025-04-25,2546.300048828125,2553.330078125,2534.93994140625,2544.590087890625,0.009503106239348025,0.009458235773795325,0.022743481971503544,41.44224330357143,77.69030579856772,-5.345128398420002,-21.47501776828477
2025-04-28,2548.860107421875,2558.68994140625,2541.969970703125,2551.22998046875,0.0010054033478608115,0.0010048982684255545,0.021598135221234868,38.842947823660715,77.49198655304511,-0.5090160635249958,-17.281817427332815
2025-04-29,2565.419921875,2571.409912109375,2542.25,2550.25,0.006496949128320217,0.006475934924034363,0.0213580062672297,37.150076729910715,87.08170158720004,4.606772429459852,-12.904099455974281
2025-04-30,2556.610107421875,2570.830078125,2544.4599609375,2561.0400390625,-0.003434063319616709,-0.003439973248985082,0.021319217039200655,28.222220284598215,74.91849429596414,7.859592774660996,-8.751361009847226
2025-05-02,2559.7900390625,2567.0400390625,2540.570068359375,2556.52001953125,0.001243807818561704,0.0012430349304334272,0.021221195842998013,26.483642578125,79.59665046793594,10.572200494801109,-4.88664870891756
2025-05-07,2573.800048828125,2581.85009765625,2559.169921875,2577.0400390625,0.005473108947152472,0.005458185911881894,0.02110349241567394,25.7579345703125,78.68723923931535,13.694589652911873,-1.1704010365516737
2025-05-08,2579.47998046875,2590.89990234375,2575.780029296875,2581.27001953125,0.0022068270778108356,0.002204395611495207,0.01581883989752484,25.0743408203125,76.90732371631911,16.437942205066065,2.351267611771874
2025-05-09,2577.27001953125,2589.580078125,2571.199951171875,2587.929931640625,-0.000856746690896304,-0.0008571139080988817,0.015866590328098923,23.909354073660715,90.09893823485503,18.223672338320284,5.525748557081556
2025-05-12,2607.330078125,2607.330078125,2585.60009765625,2593.93994140625,0.011663527052247824,0.011596032430544046,0.015009056344109716,24.210780552455358,90.5137825963207,21.81302486799723,8.783203819264692
2025-05-13,2608.419921875,2620.639892578125,2601.580078125,2601.760009765625,0.00041799224392180534,0.00041790490949970914,0.0065244395046998695,24.181466238839285,89.79381827904172,24.463553275943468,11.919273710600446
2025-05-14,2640.570068359375,2646.010009765625,2619.14990234375,2625.360107421875,0.012325525585337838,0.012250184740146637,0.006514480581950864,25.465750558035715,91.29807838859783,28.826075215099536,15.300634011500264
2025-05-15,2621.360107421875,2643.830078125,2618.080078125,2634.5,-0.007274929443336187,-0.007301520787798928,0.0068567459882649395,25.987165178571427,83.40618174245323,30.383084691331987,18.317124147466608
2025-05-16,2626.8701171875,2633.97998046875,2619.10009765625,2630.639892578125,0.0021019659794259127,0.0020997599397426037,0.006737869159542823,24.187151227678573,80.11067122548138,31.69626286978246,20.992951891929778
2025-05-19,2603.419921875,2619.429931640625,2593.43994140625,2613.699951171875,-0.008927047880695094,-0.008967132710409132,0.006388504219397977,24.903581891741073,71.51498270478955,30.49322434797341,22.893006383138506
2025-05-20,2601.800048828125,2622.909912109375,2598.10009765625,2622.679931640625,-0.0006222096686224754,-0.0006224033213909221,0.006262315182845648,24.46142578125,66.70684242089297,29.0739510254607,24.129195311602945
2025-05-21,2625.580078125,2633.409912109375,2614.72998046875,2615.89990234375,0.009139837362823311,0.009098321821109957,0.006405743735367919,25.524989536830358,70.47836394655795,29.527640063977742,25.20888426207791
2025-05-22,2593.669921875,2616.530029296875,2588.090087890625,2614.659912109375,-0.012153564279322238,-0.012228022747187652,0.007233847121882143,26.1199951171875,56.96946042576156,27.001057586303887,25.567318926923107
2025-05-23,2592.090087890625,2604.139892578125,2589.510009765625,2603.570068359375,-0.0006091114258798269,-0.000609297009609002,0.00723173077451076,25.281406947544642,59.07695228863167,24.58781039750511,25.371417221039508
2025-05-26,2644.39990234375,2644.39990234375,2595.9599609375,2598.449951171875,0.02018055417807396,0.019979625531140417,0.007719360992478367,27.127110072544642,67.29769065982003,26.589749389465396,25.615083654724685
2025-05-27,2637.219970703125,2642.6298828125,2625.659912109375,2630.2900390625,-0.0027151459332083183,-0.0027188386275782553,0.0077610706906647885,26.845668247767858,63.33809826018554,27.282444943008613,25.948555912381472
2025-05-28,2670.14990234375,2692.469970703125,2643.5,2648.860107421875,0.012486607869818922,0.012409293115841755,0.007931955289082894,29.5706787109375,67.10819441347783,30.141133214774527,26.787071372860083
2025-05-29,2720.639892578125,2720.639892578125,2686.639892578125,2691.06005859375,0.018909047087602326,0.018732493228092582,0.008721996799759022,31.864240373883927,72.88281288357663,36.06504907927274,28.642666914142616
2025-05-30,2697.669921875,2717.5400390625,2689.8701171875,2713.239990234375,-0.008442855949362116,-0.008478698743937635,0.00906611764854226,31.914934430803573,64.75274935571943,38.46293365685824,30.60672026268574
2025-06-02,2698.969970703125,2719.8701171875,2685.139892578125,2692.909912109375,0.0004819154551056748,0.0004817993711463453,0.008972506901677385,33.034249441964285,64.77693145589586,40.007001723513895,32.486776554851374
2025-06-04,2770.840087890625,2771.030029296875,2734.02001953125,2737.919921875,0.026628720574011,0.026280347154458625,0.010391564609808784,35.496390206473215,68.81917179363828,46.49405013572505,35.288231271026106
2025-06-05,2812.050048828125,2831.110107421875,2787.760009765625,2790.330078125,0.014872731601365041,0.014763217047208229,0.010666770552923513,37.962105887276785,75.90122683843377,54.3340530390451,39.09739562462991
2025-06-09,2855.77001953125,2867.27001953125,2841.389892578125,2841.56005859375,0.015547365780827604,0.01542774376772155,0.010928394203168462,40.843540736607146,78.16745439185333,63.34494695911417,43.94690589152677
2025-06-10,2871.85009765625,2885.669921875,2849.669921875,2872.6201171875,0.0056307328724038985,0.005614939553634746,0.010838550082555621,41.027099609375,83.64210714412476,70.96562567046021,49.350649847313456
2025-06-11,2907.0400390625,2908.159912109375,2879.919921875,2887.320068359375,0.012253404672816659,0.012178939394782415,0.010856824783744987,41.84852818080357,85.28624673388647,78.934692628618,55.267458403574366
2025-06-12,2920.030029296875,2934.31005859375,2909.989990234375,2909.989990234375,0.004468459346904652,0.004458505423888577,0.010795867425230673,41.538539341517854,84.90979243431622,85.31496148771066,61.276959020401634
2025-06-13,2894.6201171875,2932.3798828125,2877.070068359375,2930.570068359375,-0.008701935204239564,-0.008740018133468358,0.011134651115526598,42.81138392857143,86.23901974388222,87.31449582171945,66.4844663806652
2025-06-16,2946.659912109375,2947.070068359375,2886.1298828125,2903.5,0.01797810863431648,0.017818413608619788,0.011139102338290414,46.1192626953125,88.06934233096929,92.0373682330528,71.59504675114272
2025-06-17,2950.300048828125,2998.6201171875,2925.7900390625,2959.929931640625,0.0012353433471541386,0.0012345809383879284,0.011156095725942696,47.584995814732146,86.67693530814414,94.97914677524523,76.27186675596323
2025-06-18,2972.18994140625,2979.320068359375,2933.6298828125,2933.6298828125,0.007419547915751723,0.007392158464907559,0.010601911997071715,49.510009765625,88.79394242704419,97.94777784131202,80.60704897303299
2025-06-19,2977.739990234375,2996.0400390625,2954.469970703125,2989.56005859375,0.0018673264285051783,0.0018655851418732648,0.010526744348932644,48.532871791294646,88.03514273793833,99.60015333701222,84.40566984582884
2025-06-20,3021.840087890625,3022.06005859375,2972.3701171875,2986.52001953125,0.014809922223188776,0.014701326211142837,0.01066621739699867,48.47572544642857,87.84302755017656,103.2776615488192,88.18006818642692
2025-06-23,3014.469970703125,3019.81005859375,2971.360107421875,2992.199951171875,-0.0024389501009779435,-0.002441929184652209,0.009935816227049546,49.883597237723215,91.42692224931632,104.39401719212856,91.42285798756726
2025-06-24,3103.639892578125,3105.0400390625,3061.139892578125,3061.139892578125,0.029580630340199088,0.02915156432192246,0.010841902992894881,53.872157505580354,93.02893676319869,111.19224951589376,95.37673629323257
2025-06-25,3108.25,3129.090087890625,3084.860107421875,3127.7900390625,0.0014853873456450728,0.0014842852490869747,0.010643568966955792,51.88429478236607,91.86539154774275,115.61910962639013,99.42521095986407
2025-06-26,3079.56005859375,3113.030029296875,3036.550048828125,3108.340087890625,-0.009230255419046096,-0.009273118186674775,0.011085324124139562,53.042149135044646,84.2566325034406,115.48119433438478,102.63640763476822
2025-06-27,3055.93994140625,3093.56005859375,3041.85009765625,3077.8701171875,-0.0076699647800621,-0.007699530234278462,0.011543255185028072,52.791434151785715,77.02441867057274,112.17289016376071,104.54370414056672
2025-06-30,3071.699951171875,3086.0,3063.419921875,3072.75,0.0051571726106542926,0.0051439199406625264,0.011195371562900083,52.367152622767854,77.00454526560674,109.55979918330695,105.54692314911478
2025-07-01,3089.64990234375,3133.52001953125,3088.449951171875,3089.639892578125,0.005843653825962747,0.00582664590770231,0.010661303467090797,54.18931361607143,75.88081338216284,107.69586589685332,105.97671169866248
2025-07-02,3075.06005859375,3090.610107421875,3032.469970703125,3083.820068359375,-0.004722167304111791,-0.004733351960572676,0.010884974369030208,56.394321986607146,71.87280627123116,103.8443538103511,105.55024012100021
2025-07-03,3116.27001953125,3116.27001953125,3085.97998046875,3100.330078125,0.013401351567860376,0.013312347755112525,0.00999604450572397,55.38718959263393,79.93732102792458,102.93078021268866,105.02634813933791
2025-07-04,3054.280029296875,3123.840087890625,3052.909912109375,3122.280029296875,-0.01989236807011341,-0.020092884848343307,0.01131610971954894,56.100760323660715,64.1553215238521,96.09694663214623,103.24046783789959
2025-07-07,3059.469970703125,3068.429931640625,3032.989990234375,3044.780029296875,0.0016992356157483623,0.0016977935482865951,0.011006995002588896,53.43003627232143,64.3008643970009,90.06169403441754,100.60471307720319
2025-07-08,3114.949951171875,3115.860107421875,3066.030029296875,3071.739990234375,0.01813385357595121,0.017971396298009236,0.0114721586957568,54.19431849888393,67.18840296839423,88.73262911308393,98.23029628437935
2025-07-09,3133.739990234375,3137.169921875,3111.02001953125,3123.219970703125,0.00603221218865202,0.006014091233158586,0.011324482135258093,53.09287806919643,68.2021834324853,88.1790613749954,96.22004930250257
2025-07-10,3183.22998046875,3183.22998046875,3133.81005859375,3144.139892578125,0.015792628102076156,0.015669222125041283,0.011634370566406618,53.07859584263393,68.59716591786957,90.6883843182668,95.11371630565543
2025-07-11,3175.77001953125,3216.68994140625,3170.4599609375,3186.35009765625,-0.0023435193131730037,-0.0023462696523808674,0.011340905022142396,52.7750244140625,68.58296538770284,91.02579561706034,94.29613216793642
2025-07-14,3202.030029296875,3202.06005859375,3170.719970703125,3175.590087890625,0.008268863804407722,0.008234864047754267,0.010950287706783262,48.5443115234375,63.25691586227224,92.34763378839216,93.90643249202758
2025-07-15,3215.280029296875,3216.010009765625,3183.830078125,3194.820068359375,0.0041379999184172345,0.004129461942080949,0.010928755716233226,47.68359375,64.09292176217537,93.38784735523723,93.80271546466952
2025-07-16,3186.3798828125,3209.199951171875,3178.419921875,3207.47998046875,-0.008988376197731962,-0.009029015354370402,0.011294962155114748,44.853602818080354,64.05746179559115,90.83315573101754,93.20880351793913
2025-07-17,3192.2900390625,3201.419921875,3152.419921875,3201.419921875,0.001854818467151187,0.0018531004154993841,0.011295056379674864,44.6600341796875,68.82092938301294,88.26794648718715,92.22063211178875
2025-07-18,3188.070068359375,3204.75,3169.68994140625,3200.43994140625,-0.0013219258436694137,-0.001322800358418219,0.011022121249431686,45.017177036830354,66.59159608639777,84.91562880146193,90.7596314497234
2025-07-21,3210.81005859375,3211.139892578125,3188.8701171875,3191.110107421875,0.007132838910933081,0.0071075205387566304,0.010995484970208717,42.249302455357146,67.04176928476161,83.13548591765084,89.23480234330889
2025-07-22,3169.93994140625,3220.27001953125,3155.25,3210.1201171875,-0.012728911533745446,-0.01281061822685019,0.009701189015031638,42.74072265625,62.42663187716235,77.53307988355209,86.89445785135753
2025-07-23,3183.77001953125,3199.860107421875,3141.929931640625,3189.64990234375,0.004362883329223077,0.004353393545617967,0.009729015717703439,43.935023716517854,59.523665178134706,73.36341666015778,84.18824961311758
2025-07-24,3190.449951171875,3237.969970703125,3183.050048828125,3209.429931640625,0.002098120027403283,0.0020959220474588078,0.009411828769319851,42.791434151785715,72.765536427993,69.79340820677726,81.30928133184952
2025-07-25,3196.050048828125,3205.820068359375,3184.3701171875,3184.3701171875,0.0017552689250597275,0.0017537302408333702,0.009144890393564425,41.792149135044646,72.80283563984504,66.64775799842482,78.37697666516458
2025-07-28,3209.52001953125,3228.610107421875,3180.179931640625,3228.610107421875,0.004214568137962615,0.004205711720929867,0.00913161459382506,41.223580496651785,68.365226972527,64.49822620468376,75.60122657306842
2025-07-29,3230.570068359375,3232.31005859375,3169.030029296875,3192.169921875,0.006558628299567104,0.006537214077931342,0.009147857771894067,43.875732421875,68.64049269825992,63.758303751948915,73.23264200884452
2025-07-30,3254.469970703125,3269.39990234375,3227.280029296875,3233.31005859375,0.007398044876917753,0.00737081356608227,0.009062925876226221,43.349295479910715,65.21309352382958,64.35854698874391,71.4578230048244
2025-07-31,3245.43994140625,3288.260009765625,3227.4599609375,3275.780029296875,-0.0027746543609754593,-0.002778510849654208,0.008794121307074965,44.3900146484375,64.77870881539562,63.37504807663845,69.84126801918723
2025-08-01,3119.409912109375,3210.320068359375,3117.919921875,3210.320068359375,-0.038832956878649294,-0.03960706293054119,0.011908876002508303,51.260009765625,37.686299966233136,51.8286001750771,66.2387344503652
2025-08-04,3147.75,3157.449951171875,3105.6298828125,3114.27001953125,0.009085079771212534,0.009044058699929221,0.012042291159149867,52.662876674107146,40.368553773598705,44.45234629276365,61.881456818844896
2025-08-05,3198.0,3212.31005859375,3174.22998046875,3187.14990234375,0.015963783654991737,0.015837702512089675,0.011896532903434863,54.641444614955354,51.562177937830604,42.17519756681713,57.940204968439346
2025-08-06,3198.139892578125,3200.14990234375,3176.610107421875,3182.06005859375,4.37437705207433e-05,4.374281378991419e-05,0.01184723434567228,52.82285853794643,50.79883260621263,39.921637174466014,54.33649140964468
2025-08-07,3227.679931640625,3227.679931640625,3200.280029296875,3214.81005859375,0.009236631309047283,0.009194234499245633,0.011509417107524737,52.42857142857143,55.059115838105306,40.05755010083567,51.480703147882885
2025-08-08,3210.010009765625,3227.280029296875,3198.31005859375,3220.580078125,-0.0054744963098055655,-0.005489536280687014,0.011574385991618766,52.878574916294646,49.89647405217051,38.297971872482776,48.844156892802864
2025-08-11,3206.77001953125,3223.22998046875,3199.89990234375,3220.719970703125,-0.001009339604710946,-0.0010098493309498838,0.01143450306591425,49.900721958705354,55.279994847966,36.224480058097015,46.3202215258617
2025-08-12,3189.909912109375,3242.169921875,3189.580078125,3209.75,-0.005257660299674227,-0.005271530433248641,0.011452229381915332,49.51926967075893,50.872639528984934,32.84216901250966,43.62461102319129
2025-08-13,3224.3701171875,3226.3701171875,3192.169921875,3225.39990234375,0.010802877205813521,0.010744942991853234,0.011521061495474176,48.200718470982146,54.4681143918583,32.5669027122276,41.41306936099856
2025-08-14,3225.659912109375,3239.550048828125,3210.830078125,3226.52001953125,0.0004000145377232034,0.000399934553237269,0.01151727535817071,48.720005580357146,53.94514106379131,32.08299506090589,39.54705450098003
2025-08-18,3177.280029296875,3206.77001953125,3177.280029296875,3202.6298828125,-0.01499844500992753,-0.015112059141169934,0.012034515752035702,48.71641322544643,46.07001857630839,27.478883086241694,37.13342021803237
2025-08-19,3151.56005859375,3185.47998046875,3142.47998046875,3185.0400390625,-0.008094965022273137,-0.008127907148983333,0.012031836601426125,47.26783970424107,40.47727640542012,21.506787630215968,34.00809370046909
2025-08-20,3130.090087890625,3132.830078125,3079.27001953125,3121.52001953125,-0.006812489784092879,-0.00683580072330161,0.011793166080356885,49.4228515625,34.92072324646357,14.869999651254602,30.180474890626193
2025-08-21,3141.739990234375,3166.5400390625,3134.860107421875,3140.7099609375,0.00372190640417025,0.003714997248709511,0.011779817091661902,47.683558872767854,37.5072279284213,10.43011524329313,26.23040296115958
2025-08-22,3168.72998046875,3181.949951171875,3159.449951171875,3165.409912109375,0.008590777823202833,0.008554087076352333,0.01194679931463117,41.44712611607143,57.80381431391409,8.985759270073686,22.7814742229424
2025-08-25,3209.860107421875,3209.860107421875,3180.1201171875,3195.139892578125,0.012980003725985068,0.01289648541326169,0.012304132153257834,40.683558872767854,59.4452608294356,11.03277529563411,20.431734437480742
2025-08-26,3179.360107421875,3199.919921875,3175.31005859375,3199.919921875,-0.009501971730630165,-0.00954740348723933,0.012452814252543909,38.539986746651785,46.984224542532274,10.077784714001154,18.360944492784824
2025-08-27,3187.159912109375,3189.31005859375,3165.77001953125,3185.8701171875,0.0024532624251314417,0.0024502580894807833,0.012364962876733158,38.540004185267854,48.26649974329364,9.836932812134819,16.656142156654823
2025-08-28,3196.320068359375,3211.340087890625,3164.080078125,3175.330078125,0.002874081157709263,0.002869958883071106,0.012251229328434754,39.805716378348215,44.70844325655049,10.26685409628908,15.378284544581676
2025-08-29,3186.010009765625,3212.68994140625,3184.47998046875,3208.800048828125,-0.003225602684728046,-0.003230816155142749,0.012255293442122669,39.722865513392854,45.84717551834266,9.664231008347087,14.235473837334759
2025-09-01,3142.929931640625,3177.39990234375,3135.02001953125,3164.580078125,-0.013521639289566845,-0.013613889177757682,0.008839289884583778,41.698573521205354,40.291958879240255,5.645369296901208,12.51745292924805
2025-09-02,3172.35009765625,3174.159912109375,3151.929931640625,3155.72998046875,0.009360745118573988,0.00931720484601459,0.008853587642685281,40.17286900111607,47.42796330453701,4.779261606309319,10.969814664660303
2025-09-03,3184.419921875,3187.47998046875,3167.22998046875,3177.75,0.0038046948940684278,0.0037974753487671356,0.00812742899002791,39.01499720982143,43.73761959433601,5.0090576655316,9.777663264834564
2025-09-04,3200.830078125,3205.610107421875,3185.489990234375,3188.840087890625,0.00515326390758708,0.005140031284466733,0.008215309996591987,38.47715541294643,46.28396129003028,6.441086328277834,9.110347877523218
2025-09-05,3205.1201171875,3214.639892578125,3196.18994140625,3208.830078125,0.001340289536710726,0.0013393921504384113,0.007937819513384568,36.339303152901785,54.800011112598405,7.831868751902675,8.85465205239911
2025-09-08,3219.590087890625,3221.139892578125,3206.340087890625,3209.81005859375,0.004514642251792544,0.004504481823450402,0.007911822433676637,34.412144252232146,62.20268515039487,9.986560692576859,9.08103378043466
2025-09-09,3260.050048828125,3260.050048828125,3221.97998046875,3231.31005859375,0.012566805038217721,0.01248849810661339,0.008370222190163241,32.13856724330357,71.82438681999173,14.788477920967125,10.222522608541155
2025-09-10,3314.530029296875,3317.77001953125,3272.070068359375,3272.199951171875,0.016711393890512127,0.016573294974171003,0.008938916614755855,33.65785435267857,75.3677482623357,22.72811546868388,12.7236411805697
2025-09-11,3344.199951171875,3344.699951171875,3311.860107421875,3336.60009765625,0.008951471735887173,0.00891164480938715,0.008852599136909925,33.131417410714285,75.56006495238461,31.056450728647633,16.390203090185288
2025-09-12,3395.5400390625,3395.5400390625,3362.860107421875,3374.64990234375,0.015351979140073357,0.015235329858242766,0.009335327456999032,33.86070033482143,76.26603065535826,41.32308564178993,21.376779600506218
2025-09-15,3407.31005859375,3420.22998046875,3391.330078125,3407.780029296875,0.003466317403372443,0.003460323572222513,0.008356680368614096,33.457118443080354,84.04980106560276,49.834746056097174,27.06837289162441
2025-09-16,3449.6201171875,3452.5,3418.10009765625,3421.1298828125,0.012417437176589718,0.012340973144408716,0.008108031634995608,35.0035400390625,85.54055153070367,59.31066990320551,33.51683229394063
2025-09-17,3413.39990234375,3433.830078125,3406.75,3433.830078125,-0.010499769137849446,-0.010555280627618078,0.008418866851181813,34.689976283482146,77.3882840997088,63.169559825476426,39.44737780024779
2025-09-18,3461.300048828125,3461.300048828125,3422.77001953125,3432.77001953125,0.014032972360339402,0.013935421760971612,0.00868539010076129,36.09641810825893,81.72343710612553,69.29411991346797,45.416726222891825
2025-09-19,3445.239990234375,3467.889892578125,3434.610107421875,3461.22998046875,-0.004639892054197237,-0.004650689766427134,0.008887997704088506,34.83140345982143,87.15063886778731,72.02174357135618,50.7377296925847
2025-09-22,3468.64990234375,3482.25,3458.8701171875,3463.840087890625,0.0067948567228208745,0.006771875726861965,0.008674940067598717,35.2442626953125,86.95798343894114,75.20546741949374,55.631277237966515
2025-09-23,3486.18994140625,3494.489990234375,3467.830078125,3489.4599609375,0.005056733759912779,0.0050439914201137505,0.008079674733173389,35.702113560267854,87.13356125287653,78.24200098732899,60.15342198783901
2025-09-24,3472.139892578125,3497.949951171875,3442.409912109375,3492.030029296875,-0.004030201757296514,-0.00403834490678627,0.008298129975027255,38.155674525669646,83.58040277687965,78.60860315262153,63.84445822079552
2025-09-25,3471.110107421875,3479.419921875,3454.080078125,3458.97998046875,-0.00029658515731212365,-0.00029662914738797663,0.00835649498126369,38.64780970982143,83.18981983282855,77.91785443031358,66.65913746269914
2025-09-26,3386.050048828125,3441.909912109375,3365.72998046875,3440.389892578125,-0.0245051456051123,-0.024810393771542618,0.01047955088634853,45.030691964285715,67.65964963536923,69.70329899731996,67.2679697696233
2025-09-29,3431.2099609375,3439.1201171875,3413.330078125,3414.429931640625,0.013337048022962428,0.01324889255543554,0.009939642421582406,45.93141392299107,67.97897314300633,66.0755542651259,67.02948666872382
2025-09-30,3424.60009765625,3443.3798828125,3421.889892578125,3436.0,-0.001926394291372313,-0.0019282521752499201,0.009964160737367677,43.343558175223215,62.854744554268,61.95302380846215,66.01419409667149
2025-10-01,3455.830078125,3459.739990234375,3440.419921875,3444.06005859375,0.009119307241193919,0.009077977435023574,0.010033097748865901,43.507847377232146,62.98960631496053,60.50838415692033,64.91303210872125
2025-10-02,3549.2099609375,3565.9599609375,3512.159912109375,3525.47998046875,0.027020970563218283,0.026662349981591265,0.011234022398340282,47.707118443080354,66.2879113303654,66.13609719950773,65.15764512687855
2025-10-10,3610.60009765625,3617.860107421875,3569.43994140625,3598.110107421875,0.017296845606320277,0.017148958062065494,0.011503595077029818,50.546421595982146,69.49649956683604,74.68880525089935,67.06387715168272
2025-10-13,3584.550048828125,3584.550048828125,3522.5400390625,3550.080078125,-0.0072148806634760865,-0.007241033785330672,0.01187541340653458,53.608572823660715,63.357016389306324,78.46042384332577,69.34318649001133
2025-10-14,3561.81005859375,3646.77001953125,3535.52001953125,3604.1201171875,-0.006343889728031349,-0.00636409770659893,0.012027793860455091,58.492850167410715,65.09430214229596,78.70724347575151,71.21599788715938
2025-10-15,3657.280029296875,3659.909912109375,3577.06005859375,3580.639892578125,0.026803779295524244,0.026450850662071822,0.01273482876517285,62.078543526785715,68.17390241251903,85.61951015581326,74.09670034089015
2025-10-16,3748.3701171875,3748.3701171875,3675.820068359375,3675.820068359375,0.02490651171388092,0.024601400346642655,0.013456462373109131,66.20785086495536,74.67643531707371,97.32582855276769,78.74252598326566
2025-10-17,3748.889892578125,3794.8701171875,3722.070068359375,3732.760009765625,0.00013866704044018796,0.00013865742705483194,0.01331639885569162,68.7642822265625,73.69615345709927,105.4297828430499,84.07997735522252
2025-10-20,3814.68994140625,3814.68994140625,3728.3798828125,3775.39990234375,0.01755187554544957,0.017399620372058017,0.01359617990887394,73.02500697544643,75.68093206978767,115.8265625172462,90.42929438762727
2025-10-21,3823.840087890625,3893.06005859375,3816.18994140625,3851.010009765625,0.00239866060542826,0.002395788411107585,0.013520117733688322,74.65572684151786,77.70690493482195,123.38215300698266,97.01986611149835
2025-10-22,3883.679931640625,3883.679931640625,3794.52001953125,3827.22998046875,0.015649149120932515,0.015527963849277791,0.013179191955812223,79.21430315290179,79.74592101344325,132.66925955299303,104.14974479979728
2025-10-23,3845.56005859375,3902.2099609375,3822.330078125,3835.7900390625,-0.009815400269293506,-0.009863888861371151,0.013537664472512267,77.39285714285714,85.5355596697765,135.3926806829886,110.39833197643554
2025-10-24,3941.590087890625,3951.070068359375,3886.639892578125,3893.22998046875,0.02497166286150554,0.024664966219439026,0.013987286577088798,81.13856724330357,86.59060270647487,143.6439938121316,117.04746434357476
2025-10-27,4042.830078125,4042.830078125,3999.7900390625,3999.7900390625,0.02568506312855945,0.025360743612888044,0.014594668204865135,86.83499581473214,89.02721626910002,156.54785381734018,124.94754223832786
2025-10-28,4010.409912109375,4018.219970703125,3972.56005859375,4010.469970703125,-0.008019176020047092,-0.00805150254947403,0.015006119548156359,89.34429059709821,84.95662351947963,162.2874704490373,132.41552788046974
2025-10-29,4081.14990234375,4084.090087890625,4014.840087890625,4061.5400390625,0.017639092208698415,0.01748532895143372,0.014944179710562196,86.74074009486607,84.51465572247685,170.57796736779255,140.0480157779343
2025-10-30,4086.889892578125,4146.72021484375,4070.7900390625,4105.9501953125,0.001406463955435422,0.0014054758114238966,0.014898740366774434,87.2607421875,83.3093102629903,175.58735343545322,147.15588330943808
2025-10-31,4107.5,4122.08984375,4059.739990234375,4083.25,0.005042980839611966,0.005030307601145826,0.012763793151326249,85.42429896763393,86.85289453101747,179.15520176216978,153.55574699998442
2025-11-03,4221.8701171875,4221.919921875,4123.35986328125,4123.35986328125,0.02784421599208775,0.027463614685768648,0.013356311105245199,85.65072195870536,91.19504368469009,189.0324119161537,160.65107998321827
2025-11-04,4121.740234375,4226.75,4117.91015625,4219.240234375,-0.02371695007974428,-0.024002724449667046,0.01520946067609959,86.41786411830357,78.8198173823388,186.6291823604015,165.84670045865494
2025-11-05,4004.419921875,4055.469970703125,3867.81005859375,4055.469970703125,-0.028463781274122413,-0.028876729618317172,0.017438492923656106,98.04929896763393,65.38704857634809,173.26059658469376,167.3294796838627
2025-11-06,4026.449951171875,4111.9599609375,3985.2900390625,4092.4599609375,0.005501428353338111,0.005486350769926817,0.016837796565458255,101.89714704241071,66.25933682712918,162.5695348914005,166.37749072537025
2025-11-07,3953.760009765625,4037.610107421875,3887.320068359375,3963.719970703125,-0.01805310938612159,-0.018218054968126965,0.01748409256957244,106.46714564732143,58.081424432437096,146.54207487830536,162.41040755595728
2025-11-10,4073.239990234375,4092.909912109375,3984.239990234375,3991.8701171875,0.03021933050403658,0.02977172180949305,0.018118835741645124,110.80855887276786,62.84559711526031,141.84611946523046,158.29754993781194
2025-11-11,4106.39013671875,4187.4599609375,4066.580078125,4124.2998046875,0.00813852033365392,0.008105581173707398,0.01786992653468898,113.07427106584821,61.79520977068788,139.19492825470616,154.47702560119077
2025-11-12,4150.39013671875,4154.6201171875,4088.860107421875,4097.43994140625,0.010715007228991213,0.01065800833987293,0.01731065927889571,112.06570870535714,66.04452122565985,139.04148866521064,151.38991821399475
2025-11-13,4170.6298828125,4188.5400390625,4123.83984375,4127.56982421875,0.00487658880901054,0.0048647367658803805,0.016767942548144295,109.15072195870536,63.10055882304477,138.9513207132245,148.9021987138407
2025-11-14,4011.570068359375,4092.760009765625,4011.39990234375,4061.909912109375,-0.038138079600067876,-0.03888437250620928,0.019459140058952946,113.29286411830357,48.32292526492571,124.60865326497196,144.04348962406695
2025-11-17,4089.25,4089.8798828125,4045.39990234375,4078.570068359375,0.019363972289381914,0.019178876224883255,0.019530514691942513,113.86713518415179,54.033814041508705,118.14816871969606,138.86442544319277
2025-11-18,3953.6201171875,4072.409912109375,3953.260009765625,4044.469970703125,-0.03316742258666017,-0.03372993459583158,0.021232021573844424,118.31783621651786,43.88129122580803,100.92063982060881,131.275668318676
2025-11-19,3929.510009765625,3966.639892578125,3854.949951171875,3966.639892578125,-0.006098235719982692,-0.006116905901575496,0.021039177553149196,120.87210518973214,42.57992065947666,84.3498819449851,121.89051104393782
2025-11-20,4004.85009765625,4059.3701171875,4001.31005859375,4030.969970703125,0.019172896290730934,0.018991412360819176,0.021272897247568052,125.69426618303571,45.39781461485618,76.41587772094226,112.79558437933872
2025-11-21,3853.260009765625,3911.550048828125,3838.4599609375,3908.699951171875,-0.03785162595207736,-0.038586605232371216,0.022402341263779678,129.40642438616072,34.00754379628148,57.23628474819907,101.68372445311078
2025-11-24,3846.06005859375,3917.159912109375,3838.199951171875,3915.159912109375,-0.0018685349946869767,-0.0018702828838676015,0.02151739683133094,127.27214704241071,36.99032719064545,40.98291768463832,89.54356309941629
2025-11-25,3857.780029296875,3946.610107421875,3833.35009765625,3942.360107421875,0.0030472666896965706,0.003042633183191069,0.02150960722608188,117.22427804129464,42.31382389938717,28.716682831275648,77.37818704578815
2025-11-26,3960.8701171875,3960.8701171875,3866.659912109375,3891.8798828125,0.026722645435389047,0.026371831605681503,0.02201778008004187,115.54000418526786,46.831830050265644,27.00283993936,67.30311762450252
2025-11-27,3986.909912109375,4023.419921875,3968.429931640625,3989.449951171875,0.0065742612485271135,0.006552745043662902,0.022083462050323317,109.27284458705357,51.67706717902632,27.42960946294488,59.328415992191
2025-11-28,3926.590087890625,3995.300048828125,3921.889892578125,3995.300048828125,-0.015129467569744093,-0.015245085606031782,0.022245334246709485,104.5771484375,42.108548934043604,22.639547078355463,51.99064220942389
2025-12-01,3920.3701171875,3977.31005859375,3892.080078125,3967.919921875,-0.0015840641788168464,-0.0015853201349968476,0.021123033631048463,102.03072684151786,39.69120341857769,18.132468663075997,45.21900750015432
2025-12-02,3994.929931640625,3994.929931640625,3935.139892578125,3939.090087890625,0.01901856514165412,0.018839973055638982,0.021128601263390452,102.65928431919643,41.66700473337007,20.34243551730242,40.243693103583944
2025-12-03,4036.300048828125,4052.830078125,3987.760009765625,4010.260009765625,0.010355655266902408,0.010302402796193565,0.02026131175347676,102.68570382254464,42.95913157312156,25.142248691356144,37.22340422113838
2025-12-04,4028.510009765625,4028.530029296875,3982.5400390625,4018.909912109375,-0.0019299950371037822,-0.0019318598773333004,0.020231108533894353,95.15213448660714,51.055238109142756,27.994837108306,35.377690798571905
2025-12-05,4100.0498046875,4100.0498046875,4003.2900390625,4023.5,0.017758375863148768,0.017602538151561018,0.0201162688153816,96.46998814174107,50.67793721709194,35.61761979788025,35.425676598433576
2025-12-08,4154.85009765625,4154.85009765625,4081.260009765625,4109.25,0.013365762753929866,0.01327722895563854,0.019228371404644267,92.01285226004464,64.05846085201057,45.55551997898101,37.45164527454307
2025-12-09,4143.5498046875,4152.18017578125,4121.2099609375,4129.77001953125,-0.002719783554916866,-0.0027234888862006684,0.019169892588547028,86.4378662109375,65.22591027361264,51.92102501249019,40.34552122213249
2025-12-10,4135.0,4172.64013671875,4123.60009765625,4159.0498046875,-0.002063400970305218,-0.0020655327150215443,0.019023879391950077,80.66500418526786,60.23046536763306,55.63451576153602,43.4033201300132
2025-12-11,4110.6201171875,4170.77001953125,4103.2001953125,4163.31982421875,-0.00589598133313185,-0.005913431254485845,0.019025941037611828,73.60641043526786,75.28693308436934,55.96510030339232,45.915676164689025
2025-12-12,4167.16015625,4168.169921875,4120.72998046875,4123.830078125,0.01375462520267745,0.013660888905809977,0.016999183005798335,72.07711356026786,78.76108478229304,60.09664287190162,48.75186950613155
2025-12-15,4090.590087890625,4123.18994140625,4052.64990234375,4053.739990234375,-0.018374640159806055,-0.018545550711137067,0.017074100232441828,72.16641671316964,68.68250150660594,56.54059079438002,50.30961376378125
2025-12-16,3999.1298828125,4099.009765625,3996.22998046875,4093.320068359375,-0.022358682515971173,-0.022612427255755258,0.01606899963185083,72.14425223214286,53.12866097175516,45.814202114370346,49.410531433899074
2025-12-17,4056.409912109375,4060.239990234375,3994.64990234375,4019.429931640625,0.014323123023099127,0.01422151616559729,0.0162657486294283,72.36141531808036,55.40704401808527,41.45758423645657,47.81994199441058
2025-12-18,3994.510009765625,4030.64990234375,3975.5,3989.60009765625,-0.015259774945072357,-0.015377403501862896,0.016145528028679447,72.89711216517857,55.27115567530288,32.633944581194555,44.782742511767374
2025-12-19,4020.550048828125,4055.780029296875,3997.050048828125,4055.780029296875,0.006518957018217142,0.006497800513700696,0.013408959914856846,71.18568638392857,57.542757124533054,27.426207858197813,41.311435581053466
2025-12-22,4105.93017578125,4105.93017578125,4083.1298828125,4096.259765625,0.02123593187902517,0.021013591703338576,0.014012849039804697,71.95856584821429,58.22345086244973,29.844473169965568,39.01804309883589
2025-12-23,4117.31982421875,4140.83984375,4110.25,4127.39990234375,0.0027739508344981623,0.002770110533114279,0.014013213397009824,69.80425153459821,56.281380212621706,32.307593467134666,37.675953172495646
2025-12-24,4108.6201171875,4137.2001953125,4106.6201171875,4136.240234375,-0.002112953912415727,-0.0021151893490051338,0.012947136131577249,68.14854213169643,56.2021064378247,33.17521714513441,36.7758059670234
2025-12-26,4129.68017578125,4143.14013671875,4116.52978515625,4130.3701171875,0.005125822780658096,0.005112730471248907,0.012923479341794874,63.702845982142854,52.48848292881765,35.15691880751183,36.45202853512109
2025-12-29,4220.56005859375,4220.56005859375,4146.47998046875,4146.47998046875,0.02200651840921486,0.021767869852381033,0.013010148113494215,64.93783133370536,55.20326825284882,43.55856268407524,37.87333536491192
2025-12-30,4214.169921875,4226.35986328125,4186.9501953125,4193.75,-0.001514049469747203,-0.0015151968008692421,0.013008683728786722,65.34994070870536,55.635907075921665,49.13489882992599,40.12564805791473
2026-01-02,4309.6298828125,4313.5498046875,4216.68017578125,4224.52978515625,0.022652138548563183,0.022399388623114042,0.013250070651360654,68.94564383370536,62.23875918483558,60.55892091265923,44.21230262886363
2026-01-05,4457.52001953125,4457.52001953125,4381.93017578125,4385.919921875,0.03431620365093524,0.03374053557585561,0.014801881199190214,74.68280901227679,70.72430082383683,80.61673919535406,51.49318994216172
2026-01-06,4525.47998046875,4525.47998046875,4395.0,4446.080078125,0.015246137008857907,0.015131082611611774,0.014875102186676361,79.89210728236607,71.11838617829325,100.83415223583779,61.36138240089694
2026-01-07,4551.06005859375,4611.72021484375,4488.2001953125,4566.33984375,0.005652456366042946,0.005636541179657502,0.014614454913229338,80.53566196986607,78.87430201893616,117.56547464236064,72.60220084918969
2026-01-08,4552.3701171875,4622.31982421875,4527.5,4531.4599609375,0.0002878579005514137,0.0002878164774150861,0.014525810485695578,79.96709333147321,89.11374454047471,129.43878918324208,83.96951851600016
2026-01-09,4586.31982421875,4590.02978515625,4500.47998046875,4530.02978515625,0.007457589378129237,0.007429919042639982,0.014434685182371886,81.67850167410714,88.74236892543975,139.9743964165309,95.17049409610632
2026-01-12,4624.7900390625,4652.5400390625,4567.5498046875,4639.89013671875,0.008388035793012616,0.008353051716432467,0.01435113703811861,81.96995326450893,97.71525145800211,149.70248877867743,106.07689303262056
2026-01-13,4692.64013671875,4693.06982421875,4641.580078125,4662.43994140625,0.014670957401993645,0.014564380036574315,0.014216552486833527,82.47065080915179,97.85127535332037,161.03074569847922,117.06766356579229
2026-01-14,4723.10009765625,4723.10009765625,4669.31982421875,4685.10986328125,0.006491007204911803,0.006470031338382261,0.014119742260484274,80.21351841517857,97.66898079006043,170.5009068848085,127.75431222959554
2026-01-15,4797.5498046875,4797.5498046875,4705.43994140625,4710.27978515625,0.01576288994344921,0.015639945879952315,0.012981984149650596,84.29924665178571,97.87589549658779,181.91652653032452,138.58675508974133
2026-01-16,4840.740234375,4855.60986328125,4797.75,4820.66015625,0.009002601629127582,0.008962319791465499,0.010804256293281638,86.26210239955357,99.14214882967259,192.23265566891587,149.31593520557624
2026-01-19,4904.66015625,4917.3701171875,4827.9501953125,4829.39990234375,0.013204575907852512,0.013118155427972398,0.010781938884618059,90.18352399553571,99.18882214645086,203.22343260036087,160.09743468453317
2026-01-20,4885.75,4935.47998046875,4823.8798828125,4900.27978515625,-0.0038555487327501803,-0.003863000520753408,0.00962983024120162,91.66353934151786,96.46540545002213,208.0100011210052,169.6799479718276
2026-01-21,4909.93017578125,4910.5400390625,4807.1298828125,4808.93994140625,0.004949122607839085,0.004936915958780547,0.00966656036816013,96.23500279017857,97.4222113949066,211.31858021094195,178.00767441965047
2026-01-22,4952.52978515625,5019.5400390625,4934.169921875,4987.06005859375,0.008676214905280588,0.00863879285147958,0.009313559832102948,96.96571568080357,97.22203691947938,214.90084229467084,185.38630799465454
2026-01-23,4990.06982421875,5021.1298828125,4926.22021484375,4984.080078125,0.00757997239613073,0.007551388756628055,0.009195764644628629,93.181396484375,96.68458152344198,218.2530924302746,191.95966488177856
2026-01-26,4949.58984375,5023.759765625,4940.77978515625,4997.5400390625,-0.008112107023489967,-0.008145189195890249,0.00968628146450164,89.78853934151786,89.06037654732384,215.1631122719973,196.60035435982232
2026-01-27,5084.85009765625,5084.85009765625,4890.72021484375,4932.89013671875,0.027327568177603068,0.026960836446647526,0.010394043598312593,94.83210100446429,90.89904404458332,221.080178131715,201.49631911420087
2026-01-28,5170.81005859375,5183.43994140625,5124.7998046875,5145.39013671875,0.016905112104901754,0.01676381094845077,0.010163756862978646,95.10138811383929,91.94404392026371,230.0538285737257,207.20782100610583
2026-01-29,5221.25,5252.60986328125,5073.1201171875,5243.419921875,0.009754746516441815,0.009707476135102365,0.009788526206525575,101.52566964285714,92.12029808259788,238.48646936185378,213.46355067725543
2026-01-30,5224.35986328125,5321.68017578125,5199.77978515625,5210.35009765625,0.0005956166207805591,0.0005954393116031194,0.009631541301833592,104.162109375,91.73242449433482,242.62352494921197,219.29554553164675
2026-02-02,4949.669921875,5196.7099609375,4933.580078125,5122.6201171875,-0.052578679224774216,-0.054011384233120484,0.015969382263563786,120.05496651785714,63.89064956573001,221.18727944309194,219.67389231393582
2026-02-03,5288.080078125,5288.080078125,5101.31005859375,5114.81005859375,0.0683702472268708,0.06613435389405242,0.020933465910166024,140.38567243303572,72.90818227570225,228.8675294232753,221.51261973580372
2026-02-04,5371.10009765625,5376.919921875,5243.10986328125,5260.7099609375,0.01569946337890671,0.015577501636809557,0.020997649695889953,143.3642578125,73.09517059027779,238.8993219410304,224.98996017684908
2026-02-05,5163.56982421875,5304.39990234375,5142.2001953125,5251.02978515625,-0.03863831797289696,-0.03940458074770432,0.023517722881188443,155.56710379464286,61.480015738346175,227.48136752042865,225.488241645565
2026-02-06,5089.14013671875,5120.77001953125,4899.2998046875,5013.14990234375,-0.014414385790020967,-0.014519282281421984,0.023969955305001324,168.056396484375,56.51154814614381,210.00588550975317,222.39177041840267
2026-02-09,5298.0400390625,5322.35009765625,5265.080078125,5299.10009765625,0.04104817252653592,0.04022806380379499,0.025217726005631096,176.74281529017858,62.83153618579217,210.58541875946867,220.0305000866159
2026-02-10,5301.68994140625,5363.6201171875,5286.669921875,5350.2099609375,0.000688915583279659,0.000688678389870455,0.025183584698134184,174.85281808035714,62.350407983823494,208.93079549524919,217.81055916834254
2026-02-11,5354.490234375,5374.22998046875,5257.52978515625,5293.75,0.00995914388662733,0.00990987843758147,0.025197976146984023,175.35927036830358,62.591008605228595,209.46544969320894,216.14153727331583
2026-02-12,5522.27001953125,5522.27001953125,5399.52001953125,5425.39013671875,0.031334408657453405,0.03085350613650691,0.025719842457798743,180.56427873883928,65.41304772059425,220.8814100636955,217.08951183139177
2026-02-13,5507.009765625,5583.740234375,5480.919921875,5513.7099609375,-0.0027634023422029586,-0.002767227587207976,0.02580714555630673,181.9814453125,66.38275155418555,226.09102930088648,218.88981532529073
2026-02-19,5677.25,5681.64990234375,5614.97021484375,5642.08984375,0.030913370707574828,0.030445176972628954,0.026328430584429043,180.58932059151786,67.06004507029262,241.17652142488623,223.34715654520983
2026-02-20,5808.52978515625,5809.91015625,5684.580078125,5696.89013671875,0.023123833749834954,0.022860529252408546,0.02640932617949993,183.02291434151786,67.89799029434351,260.7196502931929,230.82165529480645
2026-02-23,5846.08984375,5931.85986328125,5792.56982421875,5903.10986328125,0.00646636239857723,0.006445545170212034,0.026400314789758,180.15150669642858,67.66421439251553,276.0562983793361,239.8685839117124
2026-02-24,5969.64013671875,5969.64013671875,5775.60986328125,5853.47998046875,0.02113383411321279,0.02091361199584636,0.02654049609619871,185.30364118303572,69.725796471225,294.78211385881514,250.85128990113293
2026-02-25,6083.85986328125,6144.7099609375,5984.27978515625,6022.7001953125,0.019133435843132984,0.018952693501950137,0.026622388199995264,177.03864397321428,82.80602841336804,315.2055416228359,263.7221402454735
2026-02-26,6307.27001953125,6313.27001953125,6107.41015625,6121.02978515625,0.03672177881650063,0.036063598955438085,0.026878504660847,169.2529296875,81.58065067638208,345.43660955336236,280.06503410705125
2026-02-27,6244.1298828125,6347.41015625,6153.8701171875,6197.490234375,-0.010010691871955468,-0.010061135782482553,0.027076733761718517,173.51935686383928,77.38916133910499,360.148499623323,296.0817272103056
2026-03-03,5791.91015625,6180.4501953125,5791.64990234375,6165.14990234375,-0.07242317745620142,-0.07517966039007454,0.033060086578612,189.48936244419642,67.08895454998174,331.49614471447876,303.1646107111402
2026-03-04,5093.5400390625,5672.1201171875,5059.4501953125,5592.58984375,-0.12057682152301596,-0.1284890654335964,0.04460015909242494,222.93150111607142,50.089342458935285,249.55954796222886,292.44359816135795
2026-03-05,5583.89990234375,5715.2998046875,5248.1298828125,5250.919921875,0.09627093524752262,0.09191436166902055,0.04923166913089155,250.68505859375,55.20911985920168,221.63725130455623,278.2823287899976
2026-03-06,5584.8701171875,5609.97998046875,5381.27001953125,5491.02001953125,0.0001737521912494877,0.00017373709808579392,0.04736574205710553,261.52504185267856,55.16533345731138,197.3124234685083,262.0883477256998
2026-03-09,5251.8701171875,5327.419921875,5096.16015625,5265.3701171875,-0.059625379464992134,-0.06147695062701389,0.04743914098854752,288.09716796875,48.301756406937194,149.44183273122326,239.55904472680453
2026-03-10,5532.58984375,5595.8798828125,5427.8798828125,5523.2099609375,0.053451384040097416,0.052071806106739185,0.04876704446269203,300.68502371651783,50.1646272413958,132.62693973997466,218.17262372943858
2026-03-11,5609.9501953125,5746.35986328125,5559.68994140625,5658.72021484375,0.013982665215982237,0.013885809575113315,0.04786302038405204,308.61000279017856,51.610255554801945,124.11265629893842,199.36063024333856
2026-03-12,5583.25,5629.06982421875,5527.47021484375,5567.64990234375,-0.0047594353573423565,-0.004770797535840658,0.04771233798243936,303.392822265625,48.46046020493716,113.89760205326729,182.26802460532434
2026-03-13,5487.240234375,5537.58984375,5392.52001953125,5412.39013671875,-0.01719603557515781,-0.01734560453693804,0.047185637466556817,307.54066685267856,44.67638884955967,96.937477371579,165.2019151585753
2026-03-16,5549.85009765625,5561.419921875,5448.75,5510.81982421875,0.011410082410649336,0.011345478380766633,0.047233115840697025,305.6392299107143,45.13186356613929,87.5394488101092,149.66942188888208
2026-03-17,5640.47998046875,5717.1298828125,5632.85986328125,5711.7998046875,0.016330149682920903,0.016198246846634984,0.04730739978574804,303.72848074776783,44.5317141435966,86.4084547049979,137.01722845210526
2026-03-18,5925.02978515625,5934.35009765625,5766.14013671875,5767.10009765625,0.05044779977463065,0.049216549230239534,0.04805683673978491,312.21421595982144,47.5027108397661,107.23676619651997,131.0611360009882
2026-03-19,5763.22021484375,5863.39013671875,5738.9501953125,5761.39990234375,-0.027309494834587222,-0.02768933047296896,0.04854903158626354,309.11917550223217,41.276917363022235,109.42528650031545,126.73396610085366
2026-03-20,5781.2001953125,5833.68017578125,5764.64013671875,5813.35009765625,0.003119780226762847,0.0031149238104439805,0.04809688190837256,300.32774135044644,42.468497461748285,111.32722778426978,123.6526184375369
2026-03-23,5405.75,5580.14990234375,5397.93994140625,5580.14990234375,-0.06494329596420512,-0.06714810550475793,0.050103782966755446,295.3834751674107,43.55652195450712,81.59822343441283,115.2417394369121
2026-03-24,5553.919921875,5643.0,5395.169921875,5638.2001953125,0.0274096881792536,0.027040768809230818,0.050530787048780966,260.76705496651783,59.4096440323493,69.19619700293606,106.0326309501169
2026-03-25,5642.2099609375,5740.97021484375,5630.06982421875,5680.330078125,0.015896887298420648,0.015771855126438108,0.05041800921636595,229.71637834821428,51.42619719998673,65.7340290174152,97.97291056357656
2026-03-26,5460.4599609375,5598.3701171875,5448.1201171875,5594.06005859375,-0.032212555232489226,-0.032742797668929624,0.050567924054544446,227.24351283482142,47.204302963005226,47.77382300007048,87.93309305087536
2026-03-27,5438.8701171875,5462.509765625,5220.10009765625,5300.60986328125,-0.00395385075697785,-0.003961687889604835,0.049623580942917404,209.650634765625,54.88602972321139,31.435738750013115,76.63362219070291
2026-03-30,5277.2998046875,5297.35009765625,5151.22021484375,5181.7998046875,-0.029706595123391133,-0.03015677396809933,0.049882930765562154,205.62493024553572,42.886755477576784,5.388203497119321,62.384538451986195
2026-03-31,5052.4599609375,5233.990234375,5042.990234375,5143.75,-0.042605092011313905,-0.043539320620819576,0.04812469608767717,207.092041015625,35.646117081942876,-33.0167555727794,43.304279647033084
2026-04-01,5478.7001953125,5512.330078125,5272.4501953125,5330.0400390625,0.08436291186282063,0.08099263652928847,0.04274848396070113,232.68279157366072,47.767450686808324,-28.727781668024363,28.897867384021595
2026-04-02,5234.0498046875,5574.6201171875,5170.27001953125,5551.68994140625,-0.04465482357189754,-0.04568256251960197,0.038672876245393784,247.94137137276786,44.91612000974158,-44.55636282762589,14.2070213416921
2026-04-03,5377.2998046875,5419.4501953125,5316.419921875,5375.5,0.02736886452087406,0.027001033472952105,0.03925815671981176,253.13640485491072,46.643995930055766,-45.022557607057024,2.3611055519422752
2026-04-06,5450.330078125,5505.60986328125,5404.91015625,5423.35009765625,0.013581216612441382,0.013489818492036091,0.03676980221752597,250.35285295758928,46.27620033532911,-39.04895554912309,-5.920906668270799
2026-04-07,5494.77978515625,5594.89990234375,5424.4599609375,5552.18994140625,0.00815541561595512,0.008122339923015085,0.034875181572118545,241.53641183035714,40.69959097925174,-30.37793507902734,-10.812312350422108
2026-04-08,5872.33984375,5919.60009765625,5774.0,5804.7001953125,0.068712500474305,0.06645465337775597,0.037857466605300115,258.58932059151783,52.15751999652445,6.880537884554542,-7.273742303426778
2026-04-09,5778.009765625,5862.41015625,5757.490234375,5826.4501953125,-0.016063456924312103,-0.016193872753591715,0.03805518212123805,261.760009765625,49.938767362835705,28.468331975571346,-0.12532744762715353
2026-04-10,5858.8701171875,5918.58984375,5850.830078125,5876.1201171875,0.013994498943833644,0.01389748004957494,0.037872415467924546,244.42571149553572,59.80532832354551,51.50781884416756,10.20130181073179
2026-04-13,5808.6201171875,5827.72998046875,5730.22998046875,5737.27978515625,-0.008576739029013014,-0.008613730920267054,0.03791155257300771,235.91214425223214,55.755517452162955,64.96316817034312,21.153675082654058
2026-04-14,5967.75,6026.52001953125,5938.330078125,5960.0,0.027395470800653632,0.027026930632371993,0.03819705878659102,238.11568777901786,57.128090646857444,87.45890922665876,34.414721911455004
2026-04-15,6091.39013671875,6183.2099609375,6064.22998046875,6141.60009765625,0.020718048966319014,0.02050634920064925,0.03687835365985517,239.64212472098214,64.1757143725394,113.95012569875325,50.32180266891466
2026-04-16,6226.0498046875,6231.02978515625,6126.06005859375,6149.490234375,0.022106557771931934,0.02186575031111166,0.0364847856469768,232.30140904017858,66.83114895948523,144.1488571236987,69.08721355987146
2026-04-17,6191.919921875,6230.31982421875,6159.8798828125,6227.330078125,-0.00548178763150986,-0.005496867765304934,0.036544838446122684,216.78641183035714,70.68321198188231,163.44349813399913,87.958470474697
2026-04-20,6219.08984375,6278.35986328125,6176.75,6213.919921875,0.00438796402695929,0.004378364982738231,0.03255648152472415,207.307861328125,78.9723481583628,178.8651793243016,106.13981224461793
2026-04-21,6388.47021484375,6388.47021484375,6302.5400390625,6302.5400390625,0.027235556222744206,0.02687126805731198,0.03255101377479339,186.55859375,75.89737616591142,202.4211679301725,125.39608338172886
2026-04-22,6417.93017578125,6423.2900390625,6318.509765625,6387.56982421875,0.004611426514762318,0.004600826462593984,0.03248834791221642,165.16074916294642,88.40524706621052,220.92000297616687,144.50086730061648
2026-04-23,6475.81005859375,6557.759765625,6309.10009765625,6488.830078125,0.00901846564659059,0.008978042142159044,0.03115191815419377,169.67926897321428,87.72537557705303,237.5129840146119,163.10329064341556
2026-04-24,6475.6298828125,6516.5400390625,6403.740234375,6496.10009765625,-2.7822894683393606e-05,-2.7823281747307398e-05,0.031081253221250698,168.57139369419642,87.06581494823742,247.79210916457941,180.04105434764833
2026-04-27,6615.02978515625,6657.22021484375,6529.18994140625,6533.60009765625,0.021526848332351856,0.021298418172776525,0.029796581742869935,169.36785016741072,87.89672038971842,264.1419332249998,196.86123012311864
2026-04-28,6641.02001953125,6712.72998046875,6621.72998046875,6646.7998046875,0.003928967097520886,0.003921268863777378,0.026953851481244268,146.00212751116072,84.11927051297556,276.01475500909055,212.69193510031306
2026-04-29,6690.89990234375,6702.3798828125,6596.02978515625,6619.0,0.007510876742699679,0.007482810554818783,0.021811851136145328,145.39501953125,92.18491153032302,286.1503780556386,227.38362369137818
2026-04-30,6598.8701171875,6750.27001953125,6597.830078125,6739.39013671875,-0.013754470474743319,-0.013849939633079908,0.018435330233330154,146.24215262276786,83.84621981461763,283.48901293086146,238.60470153927483
2026-05-04,6936.990234375,6937.0,6741.6298828125,6782.93017578125,0.05123909262993798,0.04996955663163405,0.020087543832072296,161.20570591517858,90.85189807629075,305.14579874343326,251.91292098010652
2026-05-06,7384.56005859375,7426.60009765625,7093.009765625,7093.009765625,0.06451931011822665,0.06252334526974863,0.02297007684108957,180.61356026785714,92.43242768962143,354.3394966967353,272.3982361234323
2026-05-07,7490.0498046875,7531.8798828125,7257.89013671875,7499.06982421875,0.014285176809007982,0.014184105085204183,0.022911888834336275,184.79425920758928,92.34925012041894,397.25864724088296,297.37031834692243
2026-05-08,7498.0,7511.009765625,7318.9599609375,7353.93994140625,0.0010614342387316178,0.0010608713157120057,0.01969634489917415,188.537841796875,91.71340892801211,426.99180188312585,323.29461505416316
2026-05-11,7822.240234375,7899.31982421875,7713.490234375,7775.31005859375,0.04324356286676445,0.042334670201391644,0.01960040054053633,212.172119140625,94.91883415648977,471.28632291328086,352.8929566259867
2026-05-12,7643.14990234375,7999.669921875,7421.7099609375,7953.41015625,-0.02289501813613881,-0.02316117942252535,0.021394196869974177,246.19712611607142,86.20502760742366,486.3328149211575,379.58092828502083
2026-05-13,7844.009765625,7855.47021484375,7402.35986328125,7513.64990234375,0.026279723130859578,0.025940344220977914,0.020922031759271306,266.4635532924107,86.42235907366005,508.60213177117475,405.3851689822516
2026-05-14,7981.41015625,7991.0400390625,7842.72021484375,7873.91015625,0.017516601168337864,0.01736495384607242,0.020740969440041515,269.57352120535717,87.11823767351463,531.2142814696645,430.55099147973425
