Date,Target,Volume,Transaction_Value,Volume_ROC,Net_Purchase_Foreigner,Net_Purchase_Financial_Investment,Net_Purchase_Investment_Trust,Net_Purchase_Pension_Fund
2021-05-17,0,771305645,1.45525E+13,0.019237212,-6.02211E+11,-89333134255,-11110077289,6377605324
2021-05-18,1,786143415,1.38986E+13,0.019237212,-3.50012E+11,9.63421E+11,20903911949,21982306938
2021-05-20,0,774252245,1.37197E+13,-0.015125955,-5.15825E+11,-89663104703,-13354130145,-37324887396
2021-05-21,0,797262205,1.47895E+13,0.029718945,-1.30376E+11,1.11994E+11,-1411358719,-24386777205
2021-05-24,0,587968268,1.1604E+13,-0.262515814,-2.20748E+11,68222464174,14328516188,27536500405
2021-05-25,1,612976970,1.1728E+13,0.042534102,71409301708,7.95297E+11,8887584790,24219020276
2021-05-26,0,1269999045,1.3173E+13,1.071854421,-17487854129,2.62614E+11,31359371001,-21283929175
2021-05-27,0,1082006090,2.06823E+13,-0.14802606,-2.42881E+11,2.73517E+11,46442014655,19782821274
2021-05-28,1,966367978,1.35333E+13,-0.106873809,1.42857E+11,5.77877E+11,44203028082,48899316583
2021-05-31,1,1123524809,1.40174E+13,0.162626282,5.20446E+11,-6.69312E+11,17632478084,-98412986613
2021-06-01,1,1472570767,1.52708E+13,0.31067045,-53072513283,6.16183E+11,-15671866078,53577534239
2021-06-02,1,1495671343,1.77408E+13,0.015687243,33590106865,-2.2793E+11,19211081478,-20944470431
2021-06-03,1,1584799068,1.68905E+13,0.059590448,2.42042E+11,3.49888E+11,-8191099696,1.08431E+11
2021-06-04,0,1392319539,1.6051E+13,-0.121453585,1.75444E+11,-6.1305E+11,-57279397704,17727143617
2021-06-07,1,1733348139,1.90232E+13,0.244935584,-1.87347E+11,1.3145E+11,-26847715030,26215014056
2021-06-08,0,1951319356,1.93522E+13,0.125751551,-2.03701E+11,3.73506E+11,7059807953,-89992888228
2021-06-09,0,1964923269,1.71647E+13,0.006971649,-3.24763E+11,-2.60529E+11,-58266548343,-48159158792
2021-06-10,1,1896766322,1.91705E+13,-0.034686824,7.1721E+11,-8.48516E+11,306780245,-3.25183E+11
2021-06-11,1,1645508762,1.79563E+13,-0.13246627,1.76537E+11,-31327611036,1.04072E+11,1.71995E+11
2021-06-14,1,1664527170,1.52625E+13,0.011557768,-10128752286,-2.6252E+11,-11314789723,-17287362717
2021-06-15,1,1734497293,1.48383E+13,0.042036035,-1.2105E+11,-45326434042,15394900708,82451170055
2021-06-16,1,2345810978,1.6298E+13,0.3524443,2.8749E+11,28700318768,-17973720444,50013725923
2021-06-17,0,1848671013,1.46721E+13,-0.211926694,-3.21655E+11,-5.03321E+11,-98338270839,-28792851743
2021-06-18,1,1627658120,1.74927E+13,-0.119552312,-7.1105E+11,1.97274E+11,-37292533187,-17090679275
2021-06-21,0,1508634470,1.72913E+13,-0.073125707,-9.01896E+11,-6.15506E+11,-32492598062,-2.32965E+11
2021-06-22,1,1666696733,1.5512E+13,0.104771743,3.62941E+11,-19690436577,14491174619,30694758288
2021-06-23,1,1069174741,1.78653E+13,-0.358506728,-9624757444,1.28709E+11,-75640799123,12102556228
2021-06-24,1,1301271218,2.14265E+13,0.217080023,-1.01632E+11,3.39712E+11,-38810722863,-39545631810
2021-06-25,1,1198187970,1.86186E+13,-0.079217343,2.48467E+11,5.66754E+11,-13802120931,47529596847
2021-06-28,0,1428764468,1.37961E+13,0.192437667,-86753852283,-1.86767E+11,-40174369235,-78867363410
2021-06-29,0,1213046625,1.55095E+13,-0.150982088,67905293320,-4.12607E+11,-23577225658,41611244136
2021-06-30,1,1610375510,1.56467E+13,0.32754626,7018476232,-44630686882,23578735044,32406647880
2021-07-01,0,1159231481,1.6076E+13,-0.280148342,-4.08829E+11,-5.87137E+11,-34953871762,-2.06602E+11
2021-07-02,0,1019998165,1.54379E+13,-0.120108294,-1.21558E+11,-98659682214,15876478533,-75879205953
2021-07-05,1,850406170,1.45299E+13,-0.166266961,1502627218,2.11014E+11,294422140,40500961104
2021-07-06,1,1029465279,1.46864E+13,0.210557161,2.23784E+11,1.3989E+11,25745969130,-96460495807
2021-07-07,0,1147641017,1.45071E+13,0.114793321,-3.40498E+11,-4.01209E+11,-74941699657,-1.97577E+11
2021-07-08,0,1516034403,1.68706E+13,0.32100054,-4.98288E+11,-2.2149E+11,-33715394123,-2.80862E+11
2021-07-09,0,1308364633,1.64731E+13,-0.136982228,-1.34215E+12,-4.32249E+11,-4799192116,-26594298637
2021-07-12,1,1135042856,1.12801E+13,-0.132472074,37207303791,1.37042E+11,30242143340,49719136557
2021-07-13,1,1150101046,1.34944E+13,0.013266627,2.6517E+11,2.69452E+11,25426246024,44228803245
2021-07-14,0,908953938,1.29931E+13,-0.209674714,-2.7403E+11,-1.96724E+11,-11427150075,-51982527587
2021-07-15,1,1172430582,1.36839E+13,0.289867982,1.00636E+11,2.2217E+11,34457350866,-24101485010
2021-07-16,0,1066507087,1.47813E+13,-0.090345217,-92540524234,-3.53108E+11,-80135660001,-24267140085
2021-07-19,0,1095559262,1.28553E+13,0.027240489,-4.58191E+11,-2.44215E+11,-63155167134,-97038084973
2021-07-20,0,979670175,1.52924E+13,-0.105780756,-1.72989E+11,1.70254E+11,1856527725,-15007940147
2021-07-21,0,990326915,1.48647E+13,0.010877886,-4.98545E+11,-1.77328E+11,12644971480,-1.0075E+11
2021-07-22,1,712983404,1.30392E+13,-0.280052482,59859468295,8.30728E+11,671985915,6069902594
2021-07-23,1,805048259,1.32094E+13,0.129126224,1.1165E+11,3.86739E+11,-34439268621,-64912956743
2021-07-26,0,826066626,1.22125E+13,0.026108208,-3.77964E+11,-70011365281,-1.11263E+11,-69131916368
2021-07-27,1,991938990,1.23485E+13,0.200797803,46132578069,2.33409E+11,7194879810,25434744438
2021-07-28,1,868602620,1.19793E+13,-0.124338665,-4.22234E+11,4.09241E+11,-18646221715,-67389286855
2021-07-29,1,694823189,1.04913E+13,-0.200067818,-2.29157E+11,2.35956E+11,49331236276,-44195690300
2021-07-30,0,687861015,1.28082E+13,-0.010020066,-7.18353E+11,-2.88009E+11,-86499495235,-1.71324E+11
2021-08-02,1,561003439,1.0238E+13,-0.184423268,-1.45578E+11,7.76001E+11,-68769547735,-65728416080
2021-08-03,1,653512911,1.24914E+13,0.164900009,6.66722E+11,2.23422E+11,-83707110855,-1.36518E+11
2021-08-04,1,632241743,1.23571E+13,-0.032548964,9.12212E+11,7.8587E+11,14433237850,-14936701966
2021-08-05,0,680941049,1.18777E+13,0.077026401,68114156834,3.83525E+11,6627720894,-1.54829E+11
2021-08-06,0,941361338,1.54554E+13,0.382441754,52362805528,-1.43627E+11,-13880607477,-39312365084
2021-08-09,0,707654201,1.57325E+13,-0.248265068,-2.03159E+11,-4.23591E+11,-35909953547,-1.72489E+11
2021-08-10,0,730349269,2.16579E+13,0.032070845,-6.37593E+11,-1.45603E+11,-55054217730,-45634063496
2021-08-11,0,618092869,1.91934E+13,-0.153702351,-1.62147E+12,2.72528E+11,-87877442390,-1.69007E+11
2021-08-12,0,643282554,2.04039E+13,0.040753884,-1.88418E+12,1.49273E+11,21854301756,-1.16649E+11
2021-08-13,0,696468122,2.0202E+13,0.082678393,-2.69898E+12,-2.07942E+11,-26239495506,71915228815
2021-08-17,0,690842314,2.22416E+13,-0.008077625,-4.16474E+11,-79915879813,43211717370,-33300382117
2021-08-18,1,622791632,1.67526E+13,-0.098503929,-2.6229E+11,2.75581E+11,24129415005,92055167772
2021-08-19,0,655629079,1.71708E+13,0.052726217,-2.71022E+11,-1.5388E+11,-82919628540,-21397868332
2021-08-20,0,672088491,1.64506E+13,0.025104762,-2.57002E+11,-7044428713,-7836724990,33691528469
2021-08-23,1,570979933,1.3424E+13,-0.150439353,-27896085295,4.57016E+11,54566012793,31170092028
2021-08-24,1,586535144,1.49461E+13,0.027243008,1.5457E+11,63307766487,12750741873,72488091757
2021-08-25,1,624688408,1.33656E+13,0.065048556,1.61947E+11,-10514475843,3.33847E+11,22790964265
2021-08-26,0,727719083,1.33353E+13,0.164931306,-3.64184E+11,-1.00601E+11,36180616272,-6940843176
2021-08-27,1,520668771,1.10399E+13,-0.284519558,-3.71765E+11,6.29117E+11,22670847835,22453595519
2021-08-30,1,602858388,1.17587E+13,0.15785394,-2.33861E+11,1.52623E+11,60716191530,-9562151800
2021-08-31,1,661221167,1.58636E+13,0.096810097,1.12297E+12,-1.61244E+11,13380085130,-3393268683
2021-09-01,1,746705227,1.35379E+13,0.129282098,77536662099,-37506100891,33139018341,5492364899
2021-09-02,0,757859615,1.53784E+13,0.014938141,5.48159E+11,-3.55194E+11,-25417988015,-1.04834E+12
2021-09-03,1,641510055,1.3111E+13,-0.153523895,5.88157E+11,-28768295060,20238800760,-80952479587
2021-09-06,1,726190124,1.23135E+13,0.132001156,62039912412,29843332688,-12326798015,-261075373
2021-09-07,0,760159709,1.19433E+13,0.046777812,-3.11137E+11,-1.45059E+11,4953283945,26043735404
2021-09-08,0,859889326,1.73027E+13,0.13119561,-2.2323E+11,-9102197852,-71674530917,-1.04172E+11
2021-09-09,0,927368577,1.77871E+13,0.078474344,-3.19569E+11,-9.55117E+11,1.58599E+11,-1.68843E+11
2021-09-10,1,723085303,1.35665E+13,-0.220282722,-5.17844E+11,3.01389E+11,50311008258,-1.30915E+11
2021-09-13,1,732269520,1.35054E+13,0.01270143,1.424E+11,1.78254E+11,42618707307,-30544190017
2021-09-14,1,713227276,1.57873E+13,-0.02600442,2.98439E+11,5.84085E+11,78284220493,-6916378985
2021-09-15,1,616557070,1.21627E+13,-0.135539132,2.98111E+11,-1.23721E+11,-18717144264,31425591976
2021-09-16,0,612873472,1.22595E+13,-0.005974464,20681036843,-3.7905E+11,-72822902700,-16414893080
2021-09-17,1,589244026,1.49377E+13,-0.038555178,53895512419,-4.0439E+11,1.41022E+11,-14266881529
2021-09-23,0,623841308,1.40091E+13,0.058714693,5.76942E+11,-582943636,-97357955322,19956033895
2021-09-24,0,753222478,1.25582E+13,0.207394362,82639153047,-2.06723E+11,-30186532511,-26700145631
2021-09-27,1,883229339,1.2267E+13,0.172600878,3.42728E+11,97079727898,-16762460345,-8407702634
2021-09-28,0,894913170,1.46587E+13,0.013228536,4030086557,-5.1126E+11,14213860306,-28267688072
2021-09-29,0,821557926,1.5137E+13,-0.081969119,-6.62496E+11,-3.00557E+11,63653517726,-38252372222
2021-09-30,1,885818713,1.49429E+13,0.078218206,37247595174,-2.22765E+11,28136886966,-60578288848
2021-10-01,0,855481955,1.2944E+13,-0.034247141,-3.03462E+11,-3.60991E+11,-35937079966,-27710225559
2021-10-05,0,840557005,1.53155E+13,-0.017446248,-6.20628E+11,3.06744E+11,16756778410,-36023313105
2021-10-06,0,901721943,1.56686E+13,0.07276715,-2.76929E+11,88922961599,42401466027,-38165381241
2021-10-07,1,595381702,1.19067E+13,-0.339728054,-1.04998E+11,5.82338E+11,61558116275,-19874548407
2021-10-08,0,668946781,1.26341E+13,0.123559523,-48546564724,-3.56362E+11,38771882239,-87271234347
2021-10-12,0,660180934,1.27676E+13,-0.013103953,-8.2422E+11,-1.99897E+11,-1468021793,48741145718
2021-10-13,1,752132429,1.22945E+13,0.139282264,-2.71076E+11,5.88371E+11,82521400617,78568834834
2021-10-14,1,617170079,1.20646E+13,-0.17943961,-3.84533E+11,4.62366E+11,89975694541,3857709457
2021-10-15,1,857797842,1.2541E+13,0.3898889,86866571209,1.25465E+11,33015446198,33745489001
2021-10-18,0,926369474,1.06499E+13,0.079939152,35920884303,-3.27654E+11,-24634701113,-34005832987
2021-10-19,1,845703531,1.0112E+13,-0.087077506,1.48731E+11,3.83117E+11,-16019561980,-1.26029E+11
2021-10-20,0,680326898,1.11782E+13,-0.195549181,-69538320207,14730515317,-54094209890,-1.01425E+11
2021-10-21,0,887369794,1.05724E+13,0.304328546,53787925576,1.81133E+11,-6690641841,-29574434689
2021-10-22,0,695272936,9.04726E+12,-0.216478924,-1.08833E+11,2.46453E+11,-18636676340,-46496006349
2021-10-25,1,791795966,1.04893E+13,0.138827538,38373541830,3.38729E+11,-32447907640,-34207963034
2021-10-26,1,564559805,9.51268E+12,-0.286988278,1.07287E+11,2.87428E+11,-906225057,32517267949
2021-10-27,0,607875370,1.02207E+13,0.076724493,-2.88524E+11,-1.84117E+11,-34139622746,-64910464172
2021-10-28,0,617256798,1.23676E+13,0.015433144,-2.48123E+11,-1.1243E+11,24630433875,-14277164595
2021-10-29,0,545833755,1.10357E+13,-0.115710419,-8.05789E+11,-3.47874E+11,-14504823365,-78611439267
2021-11-01,1,475382111,9.4108E+12,-0.129071614,-3.56245E+11,7.64309E+11,-33152492975,-65239650602
2021-11-02,1,525853038,9.66297E+12,0.106169176,3.22429E+11,8.56589E+11,-6684518287,-31894286581
2021-11-03,0,658648364,1.24383E+13,0.252533154,-4.46964E+11,-5.52546E+11,-8104683222,1.48479E+11
2021-11-04,1,772023904,1.46585E+13,0.172133639,3.54163E+11,4.63859E+11,-42173723227,-1.22924E+11
2021-11-05,0,688027918,1.26697E+13,-0.108799722,1.16546E+11,-1.65635E+11,-29358873393,-2.02498E+11
2021-11-08,0,560205356,1.03881E+13,-0.185781069,-1.16793E+11,1238972509,-61968718074,-92859140207
2021-11-09,1,708773471,9.68498E+12,0.265202954,-1.35503E+11,4.02128E+11,-19973581817,-1.08999E+11
2021-11-10,0,570931752,9.66322E+12,-0.19447923,-20829351340,-74099919833,-43718722130,-91145253523
2021-11-11,0,572859058,1.34684E+13,0.00337572,86251525234,1630896679,-62549569930,-1.40987E+11
2021-11-12,1,665733196,1.2473E+13,0.162123888,4.32432E+11,4.28036E+11,41068917722,1.04467E+11
2021-11-15,1,639395683,1.14021E+13,-0.039561664,3.99675E+11,4.12012E+11,-27218753923,46850207009
2021-11-16,0,579646335,1.11012E+13,-0.093446593,6.47757E+11,80778392240,-30896179005,-64277193849
2021-11-17,0,541489534,1.06617E+13,-0.065827728,1.03201E+11,-6.267E+11,-53528001362,-1.00067E+11
2021-11-18,0,541652823,1.01193E+13,0.000301555,-47192524618,-30463646272,-59264681396,-55339209177
2021-11-19,1,657093788,1.10022E+13,0.213127229,2.32313E+11,1.24434E+11,-13598996846,-12703046628
2021-11-22,1,530959176,1.29455E+13,-0.191958308,7.9695E+11,5.6323E+11,-22714584305,54195787091
2021-11-23,0,524233416,1.08305E+13,-0.012667189,2.82388E+11,-5.62488E+11,-1.01365E+11,-26648431909
2021-11-24,0,556640473,1.09635E+13,0.061817992,3.1859E+11,-5.12962E+11,-70825235266,24494452562
2021-11-25,0,595969686,9.40109E+12,0.070654605,-92544623479,-57673826347,-14857127615,-1266130125
2021-11-26,0,595597647,1.19013E+13,-0.000624258,-1.80768E+11,-2.7596E+11,-18806626288,-56177072744
2021-11-29,0,844400434,1.30928E+13,0.41773635,45504189683,6.81486E+11,70910742127,-35998078677
2021-11-30,0,983556318,1.98523E+13,0.164798452,-1.34042E+11,-4.31416E+11,-27977279770,-1.02395E+11
2021-12-01,1,563927192,1.25345E+13,-0.426644736,9.43893E+11,-1.36518E+11,80333184394,1.23338E+11
2021-12-02,1,534461669,1.19184E+13,-0.05225058,8.88751E+11,-11516510161,29019396019,36534783266
2021-12-03,1,486749001,1.03444E+13,-0.089272385,1.54716E+11,-95991409161,28709849560,1.53726E+11
2021-12-06,1,479907913,9.6574E+12,-0.014054652,4737894467,58739564438,26832483356,81685032625
2021-12-07,1,541370062,1.02156E+13,0.128070714,2.12106E+11,-1.13689E+11,62064163927,-70673934326
2021-12-08,1,488246121,1.11152E+13,-0.098128701,-79830040520,8.94806E+11,-18054821210,-18674514016
2021-12-09,1,513445799,1.2614E+13,0.051612654,3.2599E+11,9.62379E+11,-1.23679E+11,-2.39507E+11
2021-12-10,0,451599491,8.43489E+12,-0.120453431,-2.80734E+11,-81509342621,2.39345E+11,1.03957E+11
2021-12-13,0,375828375,8.62945E+12,-0.167783883,-1.33918E+11,3.86439E+11,53113320584,74417427555
2021-12-14,0,581569904,9.85679E+12,0.547434794,1.81477E+11,-1.69816E+11,-19254416379,84078753634
2021-12-15,1,432874423,8.25306E+12,-0.255679463,-22297916721,-36134647268,-35304399498,-68137285421
2021-12-16,1,402825154,8.52431E+12,-0.069417982,1.87223E+11,96491398788,-40268165914,-26647170115
2021-12-17,1,451824159,1.165E+13,0.121638395,5.31812E+11,1.41118E+11,-24040035768,-5354039544
2021-12-20,0,377584565,8.62131E+12,-0.164310811,-5.59589E+11,-2.87247E+11,-66185778621,-1.06284E+11
2021-12-21,1,410979633,9.1085E+12,0.088443944,32862902173,5.87856E+11,-7705658173,22998520112
2021-12-22,1,461755372,8.83565E+12,0.123548066,4.23258E+11,68773296055,-3223582816,-17010996427
2021-12-23,1,483838948,9.31963E+12,0.047825271,2.35095E+11,5.87406E+11,-12584084060,-23048344276
2021-12-24,1,537548258,8.58347E+12,0.111006586,1.95E+11,8.08807E+11,10697774810,19905149579
2021-12-27,0,475363053,8.28039E+12,-0.115683018,51606672474,4.10032E+11,-8054560474,-12398073000
2021-12-28,1,607046190,1.20969E+13,0.277015927,4.52755E+11,1.45411E+12,4801035066,-3830735006
2021-12-29,0,545831859,1.09087E+13,-0.100839659,-1.27819E+11,-1.49416E+12,28764782934,-88127063587
2021-12-30,0,461038202,8.72746E+12,-0.155347577,-2.18409E+11,-9.28808E+11,1.11152E+11,-46853305425
2022-01-04,1,621549385,9.99147E+12,0.42614161,88320676077,-7.63985E+11,44849452345,-15769338988
2022-01-05,0,787346121,1.54284E+13,0.266747486,6.20307E+11,-1.05451E+12,12124810322,-79401996162
2022-01-06,0,786045066,1.32971E+13,-0.001652456,1.79393E+11,-3.62187E+11,95488036360,-1.41575E+11
2022-01-07,1,546172478,1.05824E+13,-0.305163913,6.54785E+11,-3.83447E+11,43976967672,-60387661544
2022-01-10,0,477399917,1.03978E+13,-0.125917295,-87916196179,-2.87281E+11,-16846330971,-1.34251E+11
2022-01-11,1,566171897,1.06465E+13,0.18594888,4.82015E+11,-1.13688E+11,32990502741,-94054348734
2022-01-12,1,519500914,1.08954E+13,-0.082432532,4.57932E+11,5.95325E+11,16117795421,32324289076
2022-01-13,0,604870641,1.1459E+13,0.164330273,3.73496E+11,-1.78735E+11,9206682486,-1.74713E+11
2022-01-14,0,532668250,1.07997E+13,-0.119368318,-2.45691E+11,-4.96536E+11,-34253202934,-14422584741
2022-01-17,0,593260741,1.03965E+13,0.113752774,-2.52669E+11,29283981316,-79451024468,-75722148548
2022-01-18,0,554040958,1.0041E+13,-0.066108846,13357344547,-33213666899,-58749434050,-38083270563
2022-01-19,0,463829499,9.64907E+12,-0.162824531,34395105443,1.53995E+11,-27438992917,-1.19237E+11
2022-01-20,1,395669124,8.87202E+12,-0.146951359,-2.78365E+11,2.90695E+11,-19913942285,-1.02048E+11
2022-01-21,0,532753367,1.07181E+13,0.346461815,-2.22524E+11,-1.9553E+11,-47071495291,-1.98122E+11
2022-01-24,0,473993186,9.30449E+12,-0.110295279,-4.35677E+11,7.81067E+11,-14408558587,-55525174994
2022-01-25,0,639958796,1.17009E+13,0.350143451,-4.41054E+11,-24174190770,-7241273158,-1.45759E+11
2022-01-26,0,472650641,8.97873E+12,-0.261435824,-2.42517E+11,2.57822E+11,-23358422092,-1.60363E+11
2022-01-27,0,487726708,2.05488E+13,0.031896851,-1.71419E+12,1.03258E+11,2.00338E+11,1.22307E+12
2022-01-28,1,434186972,1.37531E+13,-0.10977405,-7.0668E+11,54909638756,92740256495,70663000432
2022-02-03,1,435709933,1.24725E+13,0.003507616,83879394550,-1.09171E+11,40325620859,1.33617E+11
2022-02-04,1,536148768,1.13933E+13,0.230517662,1.945E+11,-1.3963E+11,64397907539,1.81831E+11
2022-02-07,0,417838468,1.12919E+13,-0.220666925,-6922551900,-7.5167E+11,23468378092,-77974659508
2022-02-08,1,560534109,1.17859E+13,0.341509104,-93899152343,64756906579,-15612444050,24136411675
2022-02-09,1,539123929,1.03376E+13,-0.038196034,2.35535E+11,1.95991E+11,-14948760224,14708496962
2022-02-10,1,509611246,1.27762E+13,-0.054741927,8.36538E+11,-4.32229E+11,-82978741218,-6785666970
2022-02-11,0,480520356,1.09926E+13,-0.057084474,6.08078E+11,-3.8243E+11,-8117221504,-2.56541E+11
2022-02-14,0,616343422,1.15794E+13,0.282658298,68413753630,40712970536,-34969741950,1.74301E+11
2022-02-15,0,589039193,9.43583E+12,-0.044300349,-2.20898E+11,1.50714E+11,-1497511295,-16698015189
2022-02-16,1,422366402,8.38988E+12,-0.282957048,-43736822981,2.41758E+11,33292796126,-73387945
2022-02-17,1,611421577,1.18129E+13,0.447609408,6.51483E+11,1.06246E+11,1.96351E+11,57924021026
2022-02-18,1,513521173,8.50834E+12,-0.160119315,-1.50679E+11,50821320773,4237746398,46983639959
2022-02-21,0,495301161,7.89673E+12,-0.035480547,-64893738307,-1.2056E+11,4446137403,-3088714968
2022-02-22,0,648400532,1.05905E+13,0.309103598,-3.3043E+11,-2.47967E+11,-9056908471,-79212746303
2022-02-23,1,537841009,9.13853E+12,-0.170511154,-2.66792E+11,1.80822E+11,-16944487610,27437427144
2022-02-24,0,926399613,1.35861E+13,0.722441386,-6.74202E+11,-3.08816E+11,-10002877715,-1.05831E+11
2022-02-25,1,664347310,1.2221E+13,-0.282871775,-1.2418E+11,2.70657E+11,-12954380257,-71273021361
2022-02-28,1,613470298,1.28942E+13,-0.076581949,96475605521,-2.76733E+11,-14472234195,-24186352150
2022-03-02,1,527950387,1.09967E+13,-0.139403507,-3.07376E+11,-1.28905E+11,-11113489918,441986105
2022-03-03,1,614514855,1.05929E+13,0.163963263,1.32683E+11,1.35704E+11,3437176906,48247280612
2022-03-04,0,765675798,1.24274E+13,0.245984197,-5.89043E+11,-3.21651E+11,-52215422773,-86326785181
2022-03-07,0,571562292,1.20893E+13,-0.253519187,-1.19075E+12,-6.30788E+11,-70355650626,-1.43031E+11
2022-03-08,0,540370226,1.16795E+13,-0.054573345,-4.77359E+11,-1.48484E+11,-36589533158,-38860446130
2022-03-10,1,613810463,1.36947E+13,0.13590726,-4.27767E+11,7.38399E+11,36204311610,-57218430427
2022-03-11,0,797034211,1.23632E+13,0.298502158,-6.89443E+11,-2.89525E+11,10413002985,-95110810460
2022-03-14,0,636324491,1.20378E+13,-0.201634657,-6.39141E+11,-16641412285,-35560509712,81648855559
2022-03-15,0,604181621,9.583E+12,-0.050513332,-6.79033E+11,-23833846539,-9864829314,1.06019E+11
2022-03-16,1,736353564,9.31085E+12,0.218761939,-1.31872E+11,2.73765E+11,-1964919376,55278748888
2022-03-17,1,546079006,1.19009E+13,-0.258401082,4.63513E+11,1.96817E+11,30266992262,-30377624559
2022-03-18,1,644017432,1.14426E+13,0.179348455,-1.03085E+11,-14116755494,-22578706555,52889687520
2022-03-21,0,502401733,8.69385E+12,-0.219894202,-4.91535E+11,-1.82929E+11,-20744308131,-59103540625
2022-03-22,1,489441786,9.36751E+12,-0.025795984,2.19517E+11,2.86693E+11,16898216819,46538185790
2022-03-23,1,883375917,1.18387E+13,0.804864117,57070890859,2.32958E+11,-31053440149,55324695611
2022-03-24,0,960897734,1.31779E+13,0.087756317,1.02186E+12,-1.80998E+11,11682574885,-25887459164
2022-03-25,1,602771056,1.0825E+13,-0.372700096,-5.54859E+11,-1.14144E+11,-27391188381,4344033625
2022-03-28,0,768042550,9.80174E+12,0.274186181,-2.64305E+11,1.38182E+11,-22403068883,3622736751
2022-03-29,1,732159279,1.00203E+13,-0.046720421,-2.83227E+11,4.25428E+11,-44492193300,-34173799635
2022-03-30,1,840134353,1.10995E+13,0.147474842,-9345471822,2.25176E+11,-62164841449,-28467342413
2022-03-31,1,1030288741,9.72937E+12,0.22633807,-1.73867E+11,1.63085E+11,-3976002544,6568850207
2022-04-01,0,1305564027,1.06896E+13,0.26718266,-72594005014,-6.09558E+11,-24363171288,-1.14608E+11
2022-04-04,1,1022970584,9.74492E+12,-0.216453148,23158344197,21387342238,29312275520,-22586713153
2022-04-05,1,1605993694,9.93318E+12,0.569931452,11939645240,-1.91824E+11,-22741924616,-12253204682
2022-04-06,0,1321644983,1.10145E+13,-0.177054687,-5.89421E+11,-4.42441E+11,-8481321855,-96173913723
2022-04-07,0,999275955,1.2291E+13,-0.243914994,-7.69583E+11,-3.82997E+11,-59294838223,-18955363726
2022-04-08,1,948355122,1.02962E+13,-0.050957729,-4.5877E+11,-3067762383,6024976984,18636822200
2022-04-11,0,742601512,8.83163E+12,-0.2169584,-1.3573E+11,-41938584939,32476703632,15031592938
2022-04-12,0,870969540,9.85372E+12,0.1728626,-4.68298E+11,-92536245916,-4940087640,-50276354221
2022-04-13,1,733240925,9.64545E+12,-0.158132528,-63259789179,3.26599E+11,63421809617,1.51035E+11
2022-04-14,1,665351048,1.14198E+13,-0.092588772,-2.54943E+11,86408514458,77558545291,-1.04588E+11
2022-04-15,0,693717683,9.57027E+12,0.042634088,-3.21039E+11,-5.03205E+11,42198386535,9349143213
2022-04-18,0,1024914928,9.05033E+12,0.477423674,-96162606678,-52159447197,36772639383,41543679644
2022-04-19,1,1257385350,9.77998E+12,0.226819237,31640085566,1.50318E+11,24210659811,1.27616E+11
2022-04-20,0,1736282680,1.22839E+13,0.380867592,94290153124,-2.5271E+11,43688028366,52097206739
2022-04-21,1,1002973383,1.14826E+13,-0.422344417,-57715515912,5.10369E+11,14471454289,75904767497
2022-04-22,0,1239909929,1.21206E+13,0.236234131,-1.56512E+11,-5.97163E+11,163067146,-63253995454
2022-04-25,0,1018005341,1.16981E+13,-0.178968313,-7.09878E+11,-2.37389E+11,-34074930524,-7669727215
2022-04-26,1,889941868,1.08079E+13,-0.125798429,-2.45268E+11,1.40368E+11,31248811925,1.35386E+11
2022-04-27,0,1072367495,1.25587E+13,0.204986004,-6.81078E+11,-99438283026,-1.57842E+11,97485725465
2022-04-28,1,899168711,1.24634E+13,-0.161510662,-37759147510,-53021344877,1.22258E+11,1.15357E+11
2022-04-29,1,975253172,1.26648E+13,0.084616446,14302129054,2.06089E+11,79552561995,1.16589E+11
2022-05-02,0,873722720,9.07565E+12,-0.104106764,-68119155591,-95990371425,35822074212,-5161221983
2022-05-03,0,883402977,9.19934E+12,0.011079324,1.15034E+11,-1.761E+11,15882503585,-45937944071
2022-05-04,0,1181019910,9.90393E+12,0.336898268,30611358580,64416224156,-29875135904,-58398123890
2022-05-06,0,1333935834,1.05954E+13,0.129477854,-4.8632E+11,-1.53398E+11,-34421446420,11477544006
2022-05-10,0,841463317,1.08425E+13,-0.057345263,-3.17712E+11,95595950994,3521954987,663569341
2022-05-11,0,679509759,8.60826E+12,-0.19246657,-2.89981E+11,-1.29382E+11,25660467127,666345710
2022-05-12,0,900330795,1.21679E+13,0.324971103,-2.82072E+11,-41551434071,32749485050,-1.02547E+11
2022-05-13,1,788539195,1.03421E+13,-0.124167251,68441056844,6.28553E+11,41361508960,1.25622E+11
2022-05-16,0,780198956,8.52854E+12,-0.010576822,1773840081,-1.04803E+11,-20564999388,14083306124
2022-05-17,1,873519449,9.65888E+12,0.119611148,-52423752269,4.75989E+11,-3381491417,64122542669
2022-05-18,1,870268210,1.00472E+13,-0.003722,2.97282E+11,-3.17932E+11,21969619339,-2.77833E+11
2022-05-19,0,677595162,9.88399E+12,-0.22139502,-90912806727,-3.5462E+11,-31408995769,32551119920
2022-05-20,1,755652901,9.63434E+12,0.115198194,1.96631E+11,7.41777E+11,17237605561,92764970980
2022-05-23,1,644204838,7.8152E+12,-0.147485787,-30385454407,3.44672E+11,-39269196545,-58483783111
2022-05-24,0,851235794,8.70353E+12,0.32137442,-3.25412E+11,-1.68173E+11,-13824499693,-36501837642
2022-05-25,1,712611488,8.35342E+12,-0.162850654,-1.65483E+11,5.50996E+11,-6668480093,36048417829
2022-05-26,0,595849280,8.61352E+12,-0.163851145,37674326836,-33188699677,-31192976555,-79709902515
2022-05-27,1,590813776,8.02816E+12,-0.008450969,2.75986E+11,4.98059E+11,15844165435,27692204110
2022-05-30,1,469797632,7.47395E+12,-0.204829591,3.54087E+11,3.15361E+11,55589726873,20914943865
2022-05-31,1,671679086,1.39709E+13,0.429720033,1.05734E+12,-5.72453E+11,8223461867,-5244614539
2022-06-02,0,525259148,7.86049E+12,-0.217990914,-90906228346,-6.69116E+11,-24754697807,3008796346
2022-06-03,1,562469813,7.56676E+12,0.070842488,-8818167402,2.13501E+11,5650424951,64349511742
2022-06-07,0,524710380,8.94892E+12,-0.067131484,-2.08899E+11,-6.86304E+11,-22724924942,-38812499655
2022-06-08,0,576389702,7.96434E+12,0.098491137,-1.24454E+11,10901849654,1844518710,27990548527
2022-06-09,0,814882844,1.0858E+13,0.413770651,-9.37286E+11,6.32436E+11,43615125400,-1.06421E+11
2022-06-10,0,724089803,8.28596E+12,-0.111418521,-8.51671E+11,-2.92623E+11,-20851861952,97591011429
2022-06-13,0,660309279,1.03359E+13,-0.088083721,-5.00936E+11,-19960737892,-28707886347,-21452791231
2022-06-14,0,671756827,9.99282E+12,0.017336646,-2.81092E+11,1.96842E+11,1888361783,37630740420
2022-06-15,0,714143493,9.93693E+12,0.063098229,-4.60947E+11,1.65801E+11,-57685217468,-51168852286
2022-06-16,1,584041265,9.58819E+12,-0.182179393,1.45688E+11,13518358975,-7955205617,682634490
2022-06-17,0,634896746,1.12016E+13,0.08707515,-3.90174E+11,4.00825E+11,-14867217619,-22663672667
2022-06-20,0,592701890,9.09229E+12,-0.066459399,-6.65852E+11,4.99825E+11,2030978847,-9230276569
2022-06-21,1,479678348,7.44076E+12,-0.190692056,-3.20131E+11,5.00889E+11,2370695805,-11902729084
2022-06-22,0,532138957,8.69013E+12,0.109366223,-3.20222E+11,35768962223,-42851418825,-33092079769
2022-06-23,0,749660688,1.02124E+13,0.408768665,-2.96147E+11,9.74377E+11,19624388395,-25009595847
2022-06-24,1,654445552,8.46916E+12,-0.127010976,-33735936565,5.51765E+11,8901879106,16210429718
2022-06-27,1,510587331,7.65636E+12,-0.219816944,2.66273E+11,-2.86643E+11,47490242726,-34119249417
2022-06-28,1,564985557,7.19343E+12,0.106540493,-35441901944,-36734927724,-2866212353,-47597426134
2022-06-29,0,422127378,7.96581E+12,-0.252852798,-2.32926E+11,-4.07337E+11,-20592893721,-39956101845
2022-06-30,0,515396401,8.92348E+12,0.22094995,-2.33941E+11,-2.36941E+11,4308252334,-1820926959
2022-07-01,0,530345985,8.68767E+12,0.029005992,-3.40028E+11,1.32817E+11,-26655350673,-34806063444
2022-07-04,0,467959552,7.33936E+12,-0.11763346,-1.38456E+11,4.25367E+11,-52661646294,-147926073
2022-07-05,1,323904543,6.89058E+12,-0.307836454,1.32427E+11,73079054413,45878203856,29734171943
2022-07-06,0,410732087,8.91947E+12,0.268065224,-47680124827,-4.67258E+11,-11155880170,-46618887491
2022-07-07,1,340172962,7.65264E+12,-0.171788685,1.44818E+11,2.16882E+11,20036476655,68206529585
2022-07-08,1,411424871,7.00812E+12,0.209457885,2.42703E+11,-1.80199E+11,3027674564,-30458087045
2022-07-11,0,377108087,6.30123E+12,-0.0834096,-20238969708,-70923384020,-26172720240,-44162093266
2022-07-12,0,379308230,6.36926E+12,0.00583425,-44517399796,-1.4472E+11,-47019806894,6134731919
2022-07-13,1,308806098,5.9985E+12,-0.185870293,-1.00977E+11,2.49094E+11,15218285779,33855441352
2022-07-14,0,349137973,6.53986E+12,0.130605824,3.98802E+11,-5.92616E+11,56560320484,-39271197177
2022-07-15,1,319675148,7.38321E+12,-0.08438734,2.62168E+11,-2.92762E+11,-15011744521,19133311964
2022-07-18,1,324357054,7.10466E+12,0.014645824,6.27841E+11,-2.66765E+11,18003595118,-2117155572
2022-07-19,0,339377650,6.55619E+12,0.046308831,39347290765,-1.92009E+11,12415109869,36116130088
2022-07-20,1,333329038,7.4348E+12,-0.017822659,-39258099922,-57943338206,7777090946,-23235191680
2022-07-21,1,295624147,6.30907E+12,-0.113116131,4.40211E+11,-2.0379E+11,53709388571,-3285424743
2022-07-22,0,381596729,6.97385E+12,0.290817184,35871348835,-97114482972,-51486640696,-39221443151
2022-07-25,1,323090645,5.95986E+12,-0.153319144,91613554092,2.01802E+11,32452495215,-63594975725
2022-07-26,1,415671406,6.24074E+12,0.286547328,1362170984,54993317884,-2525947299,-10173709517
2022-07-27,1,333587637,7.0498E+12,-0.197472734,-1.17683E+11,2.21441E+11,-1.12523E+11,30234989052
2022-07-28,1,491073262,9.19643E+12,0.472096707,4.11565E+11,47748270781,-14024498987,-60526423859
2022-07-29,1,499369222,1.02563E+13,0.016893528,3.41624E+11,3.12522E+11,-66133271827,-80203326538
2022-08-01,1,487160292,7.5096E+12,-0.024448703,1.34242E+11,-79718609791,-25713059898,-35790975001
2022-08-02,0,549923571,7.26626E+12,0.128834965,2.94143E+11,-3.57904E+11,-79974037533,-70956779817
2022-08-03,1,475302377,6.75154E+12,-0.135693754,4.75372E+11,-37503805445,-47638587086,-3935818425
2022-08-04,1,399964621,7.50632E+12,-0.158504901,2.01025E+11,-2.09901E+11,367842187,33216636485
2022-08-05,1,409776228,7.56109E+12,0.024531187,3.74584E+11,98432563574,-22931997234,-9331672312
2022-08-08,1,418234294,7.61376E+12,0.020640695,1.7335E+11,-2.96341E+11,14652216102,27484082743
2022-08-09,1,454363895,8.9408E+12,0.086386032,30565302037,72013818874,-21891714645,1.22395E+11
2022-08-10,0,479467472,9.02948E+12,0.055249938,-1.05027E+11,-69528996256,-46171905330,-56897970642
2022-08-11,1,505245846,9.71084E+12,0.053764594,1.41727E+11,3.9126E+11,35467630025,-14952467481
2022-08-12,1,445546613,8.02858E+12,-0.11815878,-13702396140,1.76003E+11,21080068670,61188652297
2022-08-16,1,398335301,8.06411E+12,-0.105962677,50343912696,49693870764,-24967367331,-9532669085
2022-08-17,0,418052960,7.15368E+12,0.049500155,51105702051,67730110891,-61747927973,-95594401393
2022-08-18,0,381627621,7.10598E+12,-0.08713092,3.04679E+11,-2.79893E+11,-27246157316,-86385288642
2022-08-19,0,459834963,7.13865E+12,0.204931031,3.32771E+11,7326385581,-21753556311,-1.80187E+11
2022-08-22,0,422552201,6.10802E+12,-0.081078572,1.1707E+11,-1.31973E+11,3793409261,-45630459367
2022-08-23,0,471166457,7.56071E+12,0.115049113,-239455693,-69492653537,-19250695737,-20529464934
2022-08-24,1,423502192,8.11978E+12,-0.101162263,1.50033E+11,-1.54836E+11,37320627536,-6976090554
2022-08-25,1,426229583,7.28633E+12,0.006440087,41373139286,62859240774,355481204,33857509164
2022-08-26,1,520091055,8.62867E+12,0.220213415,2.39029E+11,49782470071,2.16715E+11,-992894796
2022-08-29,0,448746272,7.89147E+12,-0.137177485,-48047162523,-3.81444E+11,-40107540500,5507270936
2022-08-30,1,336555412,6.82662E+12,-0.250009564,-39660342479,-48161902566,-35166655169,1992438469
2022-08-31,1,436246626,9.56259E+12,0.296210402,7.45339E+11,-1.86068E+11,-20305169083,-18234584225
2022-09-01,0,580021246,8.45232E+12,0.329571878,-2.9114E+11,-5.65199E+11,-71131991959,-18034671291
2022-09-02,0,391598680,7.21462E+12,-0.324854593,-1.75994E+11,-1.97431E+11,-10239745651,27558265893
2022-09-05,0,354737977,6.27783E+12,-0.094128772,-67550128641,1.60381E+11,28167728414,3996721745
2022-09-06,1,294224141,5.47624E+12,-0.170587419,-78482414798,-27939204098,23465046705,-10956486640
2022-09-07,0,378200299,7.53089E+12,0.285415594,-4.94009E+11,-41911048197,-56924335040,22923408763
2022-09-08,1,423620804,9.20874E+12,0.120096428,-3.85718E+11,2.12285E+11,24271563946,-58244346125
2022-09-13,1,367102506,9.16515E+12,-0.133417192,4.00469E+11,6.44199E+11,-9732341937,30275335077
2022-09-14,0,461507522,7.62551E+12,0.257162548,-1.64531E+11,-3.03693E+11,-5928538301,1.4277E+11
2022-09-15,0,424110958,7.43276E+12,-0.081031321,-2.24332E+11,-2.03297E+11,7863233440,29413081627
2022-09-16,0,440798650,8.69046E+12,0.039347467,-47269540645,-2.28562E+11,-43899541431,-16384520191
2022-09-19,0,403937473,6.88592E+12,-0.083623616,-547302731,67009406531,-20268878648,-28187350845
2022-09-20,1,419340243,7.01324E+12,0.03813157,-59107429418,2.6041E+11,14138155360,32144720867
2022-09-21,0,378165438,6.26907E+12,-0.098189491,-2.75056E+11,-17479083297,8895534599,-42554475720
2022-09-22,0,446820270,7.41327E+12,0.181547083,-59357990722,-2.40214E+11,-8196337189,-12680936834
2022-09-23,0,446460548,7.4168E+12,-0.000805071,-1.94387E+11,-15439410305,-76910554100,-38668765979
2022-09-26,0,621995319,9.46182E+12,0.393169725,-3434711580,6.0425E+11,-88480636096,-1.01227E+11
2022-09-27,1,487939509,8.00556E+12,-0.215525432,-2.46297E+11,3.20286E+11,6396514442,-65153540746
2022-09-28,0,596136346,9.20835E+12,0.221742316,-1.45952E+11,-45591770536,4015022081,-82915470008
2022-09-29,1,508500874,7.24071E+12,-0.147005752,2.20867E+11,-13358973948,20431127680,-41272220113
2022-09-30,0,950269674,7.92375E+12,0.868767042,1.67918E+11,15907272289,58951553784,2683118913
2022-10-04,1,421003102,7.50028E+12,-0.556964603,2.17192E+11,-56951281046,-8252332718,-17019237216
2022-10-05,1,855790158,9.50908E+12,1.032740742,77575173070,-6.10893E+11,10495225764,54214933580
2022-10-06,1,643015745,6.85007E+12,-0.248629189,2.51015E+11,-47640043922,-2520688860,-9589379382
2022-10-07,0,428682906,7.83144E+12,-0.333324402,1.00121E+11,-1.56318E+11,-13466129722,81744585357
2022-10-11,0,859508909,7.86786E+12,1.004999259,1.96205E+11,-2.94645E+11,-38435051083,1.3889E+11
2022-10-12,1,658347571,7.40913E+12,-0.234042179,2.35037E+11,-78445384841,30528515496,-27826029404
2022-10-13,0,792452498,7.16978E+12,0.203699281,2.00865E+11,-42999560110,-65748346772,-1.46394E+11
2022-10-14,1,513523921,7.16182E+12,-0.351981447,2.65677E+11,2.21716E+11,36761095986,64372170854
2022-10-17,1,498780636,6.52681E+12,-0.028710026,2.65799E+11,-2.4649E+11,-12306822201,-30969823271
2022-10-18,1,580891633,7.24992E+12,0.164623466,77437094270,1.24816E+11,20154839921,-30848771267
2022-10-19,0,895161384,7.73888E+12,0.5410127,1.47718E+11,-1.11104E+11,48558482748,-29396127360
2022-10-20,0,1108102611,8.32503E+12,0.237880265,-3722025765,-2.42187E+11,-42665069097,-45441048464
2022-10-21,0,637486476,6.22817E+12,-0.424704473,29289233569,1.84787E+11,-48342902474,-79413742682
2022-10-24,1,444820460,6.84699E+12,-0.302227613,1.51159E+11,2.83724E+11,26247307548,-45862298876
2022-10-25,0,456770059,7.03002E+12,0.02686387,73910629649,1.17955E+11,13627058651,-49748089838
2022-10-26,1,563441589,7.49274E+12,0.233534418,6.02038E+11,-1.16792E+11,32029283231,-47679334735
2022-10-27,1,587872005,8.43534E+12,0.04335927,3.81653E+11,5.5007E+11,18689924801,-52390143662
2022-10-28,0,427245332,8.28937E+12,-0.273234091,-1.90401E+11,4.26048E+11,-52831020328,-58485762345
2022-10-31,1,401399527,8.6793E+12,-0.060494061,2.32074E+11,-10523960827,5758912996,-44487382976
2022-11-01,1,597205901,9.47662E+12,0.48780918,4.93949E+11,1.35394E+11,32168365659,5347844044
2022-11-02,1,450634597,9.5681E+12,-0.245428426,5.25199E+11,-3.54069E+11,24271664845,-23486622799
2022-11-03,0,550428338,9.27325E+12,0.221451574,1.71639E+11,-6.85574E+11,31813671546,81729880760
2022-11-04,1,436430311,7.92734E+12,-0.207107845,41368155723,89162935333,29909706089,-35223942761
2022-11-07,1,392508611,8.05988E+12,-0.100638519,1.10025E+11,2.53986E+11,50839790040,-56973270306
2022-11-08,1,500087936,8.60145E+12,0.274081439,2.82366E+11,4.90165E+11,-4490278547,-10201225466
2022-11-09,1,680722009,9.34267E+12,0.36120462,4.17226E+11,3.98511E+11,-100751992,-10603973815
2022-11-10,0,899127446,9.34443E+12,0.320843801,-1.09777E+11,4442230752,-28008688333,-55406544953
2022-11-11,1,758247863,1.39176E+13,-0.156684777,7.05275E+11,8.42837E+11,51688236454,6364521990
2022-11-14,0,731166034,1.12164E+13,-0.035716327,1.42922E+11,16793691185,-37629812459,-65715894047
2022-11-15,1,617401010,9.30885E+12,-0.155593967,-2.35017E+11,2.25899E+11,-1.05624E+11,-76849990293
2022-11-16,0,657833955,9.88043E+12,0.065488952,91512129351,69714186507,-85304371300,-1.22576E+11
2022-11-17,0,914519167,8.55699E+12,0.390197572,-3.843E+11,22703750736,-13243304113,-49874298155
2022-11-18,1,589585960,7.44444E+12,-0.355304972,1.97646E+11,-6658095159,46905702251,-57105697228
2022-11-21,0,544528841,7.04943E+12,-0.076421628,-1.65338E+11,2.80078E+11,-18371430220,-54439998407
2022-11-22,0,539169320,7.25368E+12,-0.009842492,15650123452,1.02794E+11,17027850939,-61189393296
2022-11-23,1,474789345,7.47711E+12,-0.119405858,89609886885,81826917572,-2978244505,-71925900995
2022-11-24,1,481184882,6.84956E+12,0.013470262,1.26982E+11,-11524898330,34574929378,11433127816
2022-11-25,0,438394239,6.34758E+12,-0.088927655,3.12653E+11,-3866000823,7449811771,-5032472414
2022-11-28,0,350496873,6.4625E+12,-0.200498451,-1.25156E+11,-1.18995E+11,-38458238751,-67050002625
2022-11-29,1,550174638,6.53335E+12,0.569699134,62319678791,1.86132E+11,25529936285,61976579010
2022-11-30,1,594127344,1.24694E+13,0.079888644,1.14464E+12,-5.86221E+11,29643134217,-2248369928
2022-12-01,1,491383400,8.8501E+12,-0.172932529,33652032730,2.52225E+11,4081983114,-18757375787
2022-12-02,0,468847334,7.32839E+12,-0.045862489,-4.06017E+11,-3.32597E+11,-32513707056,-41186287326
2022-12-05,0,385586134,7.71741E+12,-0.177587018,-2.93617E+11,1.13227E+11,-28897312057,-2311265738
2022-12-06,0,368635781,6.47702E+12,-0.043959965,-98977502602,-1.11572E+11,-39288412006,-54027333879
2022-12-07,0,332586789,6.08066E+12,-0.097790268,-1.98229E+11,1.30416E+11,-12346577935,-25820225084
2022-12-08,0,351939439,7.553E+12,0.05818827,-4.66524E+11,2.07809E+11,61786308975,-70779529245
2022-12-09,1,315674287,7.2202E+12,-0.103043728,1.0028E+11,3.89532E+11,-11711343096,22274691742
2022-12-12,0,499224684,5.82226E+12,0.581455014,17771225883,24393840101,2755821276,-13375087603
2022-12-13,0,447565388,6.65936E+12,-0.10347905,-1.12057E+11,35771117295,18274797123,-4857178445
2022-12-14,1,409799402,5.72411E+12,-0.084380935,2.3339E+11,1.99204E+11,8907580388,2849663819
2022-12-15,0,375386441,6.13422E+12,-0.083975137,-57603350762,-2.98291E+11,-8719135548,-32841472676
2022-12-16,0,414172006,7.20618E+12,0.103321699,2.92665E+11,-2.84645E+11,-29029254750,701804830
2022-12-19,0,323987461,5.01805E+12,-0.217746597,-23447749615,86622369705,-9264675655,-7252377161
2022-12-20,0,358771039,5.33584E+12,0.107360877,-1.03782E+11,33909060964,-10256705430,-31076434114
2022-12-21,0,329724466,5.10249E+12,-0.080961309,-1.04602E+11,1.5021E+11,5930134084,-4930789389
2022-12-22,1,553052921,9.46086E+12,0.677318422,-4506398238,1.003E+12,79588927476,7018680026
2022-12-23,0,366988585,5.9358E+12,-0.336431341,-66547818899,2.77286E+11,2888230220,20398289522
2022-12-26,1,427844636,5.20575E+12,0.16582546,-37116880117,4.73269E+11,26484175191,-17765057553
2022-12-27,1,448498792,7.12699E+12,0.048274898,50235108852,9.42397E+11,60737702943,-66862812880
2022-12-28,0,405893520,7.56689E+12,-0.094995288,-3.10789E+11,-7.68702E+11,56865346579,-624487045
2022-12-29,0,361194425,6.03654E+12,-0.110125175,-1.43667E+11,-5.66108E+11,14269000236,-1006283324
2023-01-02,0,346344799,5.20014E+12,-0.041112556,5257042085,-1.66669E+11,13169404718,-23713102319
2023-01-03,0,410245325,6.14908E+12,0.184499742,88281512217,-3.53594E+11,-1797629888,6457554831
2023-01-04,1,412841149,6.4876E+12,0.006327492,2.60982E+11,-1.89658E+11,1.2239E+11,39544825739
2023-01-05,1,430977022,7.52118E+12,0.043929422,5.02343E+11,-3.82313E+11,21569199466,41987663170
2023-01-06,1,398606581,6.76411E+12,-0.075109436,3.15749E+11,-25423582718,76575393836,88457631466
2023-01-09,1,342095527,7.02898E+12,-0.141771503,6.57331E+11,3.90789E+11,86464426490,47349479088
2023-01-10,1,359914195,6.70291E+12,0.05208682,-1955421808,2.26599E+11,36569233912,1707120467
2023-01-11,1,369010952,6.29715E+12,0.025274794,34916836086,2.09296E+11,13944886180,887169619
2023-01-12,1,580433350,7.83778E+12,0.572943423,4.8584E+11,-4.17452E+11,30052717345,-59584049512
2023-01-13,1,862230157,6.97674E+12,0.485493825,5.71528E+11,1.59463E+11,22933461293,30440336186
2023-01-16,1,517762227,6.53281E+12,-0.399508098,3.00049E+11,1.86226E+11,15197634577,-551930336
2023-01-17,0,536811108,6.31402E+12,0.036790789,1.7917E+11,-1.64859E+11,-7530401840,-53369898373
2023-01-18,0,537392995,5.49858E+12,0.00108397,73091904331,-66670959296,-52747443860,-36943462243
2023-01-19,1,370098909,5.44818E+12,-0.311306786,5.72094E+11,-1.7486E+11,-10879928754,-80966651984
2023-01-20,1,302506895,5.02554E+12,-0.182632297,2.31019E+11,-14319139613,5360437888,-18699191936
2023-01-25,1,550087246,6.66541E+12,0.818428787,7.68164E+11,38041461158,1430289427,3921901023
2023-01-26,1,486831888,8.2064E+12,-0.114991501,8.12271E+11,1.0343E+11,1.02362E+11,9855666079
2023-01-27,1,509288123,9.09245E+12,0.046127289,9.73962E+11,2.75039E+11,-5958689914,-3608051218
2023-01-30,0,475410252,9.22041E+12,-0.066520049,15451352757,-2.73468E+11,-87838601431,46355820147
2023-01-31,0,617195639,1.03948E+13,0.298237967,-4.75136E+11,2.75797E+11,-1.01995E+11,2148887413
2023-02-01,1,666296326,8.59602E+12,0.079554494,1.95926E+11,-52303870976,-3520884562,-78398404138
2023-02-02,1,693116445,9.12168E+12,0.040252539,5.55702E+11,-1.58532E+11,-18378820063,-75852117933
2023-02-03,1,496860518,8.02706E+12,-0.283150008,5.86759E+11,-63039555079,-55521002201,-44471545507
2023-02-06,0,566819415,7.67131E+12,0.140801884,-3.13376E+11,-5.13916E+11,1292527326,59431451490
2023-02-07,1,451159027,7.59401E+12,-0.204051564,-57899119596,-2.61339E+11,-24874093917,-3976087428
2023-02-08,1,415677405,8.00168E+12,-0.078645488,5.92589E+11,-54384591585,30061993647,-26298095420
2023-02-09,0,610694361,8.98638E+12,0.469154574,1.50077E+11,-3.18124E+11,12472107301,-10216610685
2023-02-10,0,662365593,8.40262E+12,0.084610626,48792690878,-5.05074E+11,-18575051438,22680815311
2023-02-13,0,486398581,7.37104E+12,-0.265664482,67142363935,-2.346E+11,-91062627469,3545391321
2023-02-14,1,349432106,6.73887E+12,-0.281593081,60914632775,2.70696E+11,11472385094,42074902145
2023-02-15,0,387066656,8.75872E+12,0.107702038,-2.68653E+11,-5.56774E+11,-61306382157,-55446570937
2023-02-16,1,388027117,9.17036E+12,0.002481384,69569379732,7.47741E+11,32367503156,23358194703
2023-02-17,0,514047410,8.3645E+12,0.324771872,1.19555E+11,-3.8413E+11,-15842135074,389997102
2023-02-20,1,390012511,7.53547E+12,-0.241290777,-3.15404E+11,1.89609E+11,-23687266851,14405395860
2023-02-21,1,494660925,7.33362E+12,0.268320659,29870543937,-2.10716E+11,32072256514,36826751727
2023-02-22,0,427481883,8.38625E+12,-0.135808265,-1.95119E+11,-5.07032E+11,-38575609410,-43148744788
2023-02-23,1,400991556,7.45198E+12,-0.061968303,10865840744,2.5447E+11,22017980740,-6741568660
2023-02-24,0,369900381,6.9911E+12,-0.077535735,-3.00375E+11,-86813841190,-2252160028,-5704023599
2023-02-27,0,357218105,6.59823E+12,-0.034285653,-3.24863E+11,-4.50193E+11,24596019120,13165167304
2023-02-28,1,529789810,9.2742E+12,0.483098988,-2.86814E+11,2.61337E+11,69060349115,43698239338
2023-03-02,1,428342155,9.66027E+12,-0.191486611,5.33327E+11,-2.63657E+11,59053530345,5099325887
2023-03-03,1,371881849,7.84538E+12,-0.131811229,-90856850044,12402292894,24449713686,-22650316184
2023-03-06,1,418813757,9.78123E+12,0.126201126,3.27078E+11,3.52158E+11,29365414870,39342421635
2023-03-07,1,450481378,1.07325E+13,0.075612657,3.40646E+11,-2.84303E+11,69140064063,66726943673
2023-03-08,0,438358914,9.96706E+12,-0.026910022,57685403343,-9.4539E+11,-7269292098,35157310419
2023-03-09,0,476374647,1.03576E+13,0.086722847,-9.73156E+11,4.27484E+11,66549291352,53566407460
2023-03-10,0,413411029,7.87552E+12,-0.132172479,-3.2647E+11,-3.40477E+11,41076391193,1.02505E+11
2023-03-13,1,380739619,7.7023E+12,-0.079028879,18632896391,1.23109E+11,55897538754,92242816304
2023-03-14,0,485075534,7.7946E+12,0.274034825,-6.39755E+11,55506808455,-11180382567,58012670657
2023-03-15,1,443751262,7.59176E+12,-0.085191417,-74597011259,2.46306E+11,26516499218,23114709977
2023-03-16,0,320194084,7.86579E+12,-0.278437919,-88667303615,-1.34669E+11,26445001521,71323110401
2023-03-17,1,364175642,8.61706E+12,0.137359059,80096196090,38882770186,23926207492,-20192849188
2023-03-20,0,346033948,6.07291E+12,-0.049815781,-2.0616E+11,98966686623,19652641623,2406250066
2023-03-21,1,355194640,7.26904E+12,0.026473391,-55738649490,86287001422,27179255583,-2093270570
2023-03-22,1,501412159,7.89032E+12,0.411654633,2.03986E+11,99644062643,15849178122,-10437089136
2023-03-23,1,567703733,1.03674E+13,0.132209746,2.14462E+11,1.74543E+11,4974834272,26266196533
2023-03-24,0,470659232,9.24818E+12,-0.170942158,1.24285E+11,-3.06353E+11,37912359593,-978431835
2023-03-27,0,472847242,8.53465E+12,0.00464882,-94607071810,1.70698E+11,-40947330830,-10528162565
2023-03-28,1,524016141,8.81262E+12,0.108214439,-41416558808,3.08731E+11,7868591050,-18677792124
2023-03-29,1,497218499,8.82989E+12,-0.051138963,28626612543,2.03111E+11,17520536222,40872484357
2023-03-30,1,629052032,1.08466E+13,0.265142052,2.63169E+11,-62106224326,-18746992055,4930788841
2023-03-31,1,722612208,1.29034E+13,0.148732015,6.8767E+11,2.05551E+11,15176586139,8115380607
2023-04-03,0,811723687,1.13003E+13,0.123318535,-1.64098E+11,-3.3185E+11,26773822103,-14772924822
2023-04-04,1,832555311,1.34969E+13,0.025663442,-3.12697E+11,2.5581E+11,43036543221,-69463515953
2023-04-05,1,632719928,9.81188E+12,-0.240026555,-17512189534,3.29469E+11,25358774991,-31179436869
2023-04-06,0,751378076,1.13327E+13,0.187536606,-4.91514E+11,-4.84668E+11,-49498833193,28357773647
2023-04-07,1,586992797,1.12502E+13,-0.218778381,6.95129E+11,1.22463E+11,70992895665,14708973054
2023-04-10,1,717648069,1.35399E+13,0.222584115,7.40467E+11,-57200271267,61961579885,-14367167712
2023-04-11,1,768175552,1.40506E+13,0.070407049,1.87145E+11,2.18523E+11,-18174705181,61531935197
2023-04-12,1,900749506,1.44263E+13,0.172582886,2.35248E+11,-1.9705E+11,21658167742,-20848581433
2023-04-13,1,841719152,1.19964E+13,-0.065534706,-3.4626E+11,4.41455E+11,71607273848,-8705388542
2023-04-14,1,892445555,1.30882E+13,0.060265236,1.87097E+11,2.34184E+11,-61598452192,73643229275
2023-04-17,1,775752420,1.27937E+13,-0.130756587,-16806833778,-2.72613E+11,24085781854,-6906690647
2023-04-18,0,896932434,1.41064E+13,0.15620965,3.88774E+11,-5.47473E+11,-57339046389,-34261345421
2023-04-19,1,956994366,1.27509E+13,0.06696372,-6936407712,49880594175,-10175602887,46122628274
2023-04-20,0,951423099,1.24155E+13,-0.00582163,1.5424E+11,56385023665,-44165597440,-44472340833
2023-04-21,0,970397971,1.26147E+13,0.019943674,2.77816E+11,2.32382E+11,-1.64738E+11,-40182438766
2023-04-24,0,927191299,1.15895E+13,-0.044524693,-33457709260,2.48757E+11,-76726733066,-38771401129
2023-04-25,0,886421798,1.36812E+13,-0.04397097,8604656152,48669797443,-83562128478,24363084183
2023-04-26,0,1089215527,1.23975E+13,0.228777913,-92523705480,-61995042805,-47539128616,15337684269
2023-04-27,1,733499935,1.11421E+13,-0.326579619,2.8005E+11,-5.71763E+11,24805635641,32395984842
2023-04-28,1,777535095,1.40248E+13,0.060034307,2.97814E+11,-3.47262E+11,9575342784,-20026036599
2023-05-02,1,701398536,9.94239E+12,-0.097920415,3.44755E+11,1.91935E+11,1195030937,20220427019
2023-05-03,0,889609358,9.86586E+12,0.268336491,-91428316585,-1.91638E+11,-24640022215,-19957725851
2023-05-04,0,810178245,1.002E+13,-0.089287632,39620053616,-2.61001E+11,7450229244,-63699621016
2023-05-08,1,655536077,9.21304E+12,-0.190874254,2.53039E+11,4.45863E+11,35558512859,-1.12003E+11
2023-05-09,0,751646926,9.35137E+12,0.146614126,1.15246E+11,14371563962,7424806742,28258174569
2023-05-10,0,635635038,8.9067E+12,-0.154343594,1.15507E+11,-1.11175E+11,-4684242130,-61461501851
2023-05-11,0,648134386,9.00241E+12,0.019664347,1829048943,13706685978,26152016461,17623274813
2023-05-12,0,798229990,8.58924E+12,0.231580992,-2.47468E+11,-61425594326,-13548821653,-34266627
2023-05-15,1,484564791,6.92028E+12,-0.392950908,-49794741705,91931794877,4991779430,48066738562
2023-05-16,1,628743773,8.08696E+12,0.297543248,2.28307E+11,-12011852011,-1689197625,902871183
2023-05-17,1,564411579,7.21831E+12,-0.102318618,1.64026E+11,39718012319,36099119311,57824376465
2023-05-18,1,572764581,7.78286E+12,0.014799487,5.3788E+11,-84102266428,17219251298,10270990698
2023-05-19,1,570097445,9.19995E+12,-0.004656601,5.57944E+11,6.57034E+11,16815142051,-1.15962E+11
2023-05-22,1,593619969,8.21458E+12,0.041260532,2.99464E+11,5.1741E+11,-8779370836,17149190029
2023-05-23,1,576045359,7.44335E+12,-0.029605827,-53533549246,3.53892E+11,-16820874351,45130308340
2023-05-24,0,1072440018,7.9006E+12,0.861728423,93525128152,-1.38745E+11,-32629028741,39268859617
2023-05-25,0,917553486,9.41654E+12,-0.144424424,2.24438E+11,-4.84818E+11,-12419225686,-83975340772
2023-05-26,1,634759104,9.4019E+12,-0.308204793,9.11283E+11,-3.15721E+11,-35711185502,-1.03227E+11
2023-05-30,1,641646565,1.10663E+13,0.010850512,6.75136E+11,52958933936,-70407557933,-23858403022
2023-05-31,0,686186797,1.51351E+13,0.069415523,2.15604E+11,-34180566216,-37316050290,-74439754507
2023-06-01,0,675233437,9.1685E+12,-0.01596265,-8205036565,-1.52253E+11,-64976192345,-89826988954
2023-06-02,1,569619542,9.38353E+12,-0.156410938,3.72752E+11,1.86464E+11,50570760983,-41529220660
2023-06-05,1,545879707,8.56631E+12,-0.041676651,-19511906838,2.99452E+11,39623511662,32891565367
2023-06-07,1,537616723,1.01529E+13,-0.015137005,-40297072056,4.03418E+11,-5509195087,-27170606428
2023-06-08,0,581325177,1.14737E+13,0.081300399,-3.83833E+11,2.29041E+11,31205733976,22177453652
2023-06-09,1,583219035,1.11281E+13,0.003257829,4.80811E+11,2.71639E+11,94071048993,-2906622654
2023-06-12,0,557056391,9.36514E+12,-0.044859037,-3.41958E+11,2.4127E+11,-24320651857,-1.53735E+11
2023-06-13,1,694320536,1.11533E+13,0.246409784,1.36776E+11,4.29109E+11,-10779867124,-2.30651E+11
2023-06-14,0,654404452,1.31005E+13,-0.057489419,1.12803E+11,-6524523412,27831824145,-1.67942E+11
2023-06-15,0,582437342,1.15138E+13,-0.109973442,-64115208893,78906405394,-16651753314,-2.09919E+11
2023-06-16,1,673673049,1.26206E+13,0.156644673,4.2797E+11,-1.21577E+11,6384164616,-1.07998E+11
2023-06-19,0,719549044,1.10966E+13,0.068098308,-3.60413E+11,2.30001E+11,-23908851758,-1.96699E+11
2023-06-20,0,722540797,1.08804E+13,0.004157817,-2.81238E+11,54014798597,-12371268810,-92494181083
2023-06-21,0,659798470,1.06543E+13,-0.086835688,-1.99982E+11,49997720039,-21982924145,-96729857377
2023-06-22,1,613221379,8.93792E+12,-0.070592905,-1.06795E+11,79027112090,13416725259,1.40391E+11
2023-06-23,0,528307350,8.54852E+12,-0.138472062,-1.87833E+11,-3.91044E+11,-26957872725,-14954388654
2023-06-26,1,481750510,8.43766E+12,-0.088124536,15003253159,2.76121E+11,-16122451726,-20915421468
2023-06-27,0,538509244,8.59219E+12,0.117817694,-1.08257E+11,-1.61641E+11,10904615920,1.18451E+11
2023-06-28,0,488767961,8.81433E+12,-0.092368485,-3.92267E+11,87539481672,-8638474844,10069135500
2023-06-29,0,604508630,8.82494E+12,0.236800851,55313840334,-2.28533E+11,16699257815,24163096986
2023-06-30,1,510933786,8.20912E+12,-0.154794885,-1.78359E+11,1.89743E+11,10497416523,48310428301
2023-07-03,1,618006181,8.97359E+12,0.209562174,-13324597690,8.75654E+11,64401304737,-2.1787E+11
2023-07-04,0,674410584,9.1608E+12,0.091268348,-59437290111,-3805616772,-1532098821,-2.698E+11
2023-07-05,0,601088685,1.02577E+13,-0.108719971,2.55964E+11,-5.78751E+11,3462530865,-56753342379
2023-07-06,0,531900313,1.0291E+13,-0.115105098,-1.6839E+11,-5.59889E+11,-54386264848,2.42707E+11
2023-07-07,0,613265045,1.03674E+13,0.152969889,-45069398717,-3.50593E+11,-1.89686E+11,16867127198
2023-07-10,0,561821159,9.6987E+12,-0.083885241,-1.55683E+11,-1.71554E+11,29933482880,15771050352
2023-07-11,1,594134894,1.05965E+13,0.057516052,2.68683E+11,82297714481,18476209359,69080511617
2023-07-12,1,696924185,1.32299E+13,0.173006656,2.18843E+11,-74975559341,40968801970,29429726291
2023-07-13,1,585660777,1.3258E+13,-0.159649228,2.17331E+11,3.48976E+11,1.30701E+11,-52237443665
2023-07-14,1,569815109,1.42853E+13,-0.027056051,6.15154E+11,7.89473E+11,14593734525,50471717790
2023-07-17,0,550569962,1.17322E+13,-0.033774371,-1.64636E+11,5687841480,-58337179548,-1.32453E+11
2023-07-18,0,493202186,1.20038E+13,-0.104197068,-1.55125E+11,-2.52861E+11,-27827559934,-2606983094
2023-07-19,1,440073850,1.12317E+13,-0.107721209,-40280153577,-2.11816E+11,-31643799987,48754019427
2023-07-20,0,372364710,9.47322E+12,-0.153858585,1.62682E+11,-2.71152E+11,-19656863803,44302897232
2023-07-21,1,501871967,1.22588E+13,0.347796807,-2.90354E+11,17545949523,-7849825643,-7713771300
2023-07-24,1,529363268,1.90504E+13,0.054777519,-1.70878E+11,-2.23333E+11,1892885189,-37238109281
2023-07-25,1,723471549,1.92046E+13,0.366682565,-1.35343E+12,43905183219,-99706387904,-39124282022
2023-07-26,0,834106504,3.63482E+13,0.15292233,-9.4673E+11,2.48029E+11,-1.31621E+11,-18026845243
2023-07-27,1,594162667,2.40764E+13,-0.287665707,82278490784,4.93124E+11,-38620439415,-68439674010
2023-07-28,1,503267298,1.68073E+13,-0.152980613,60211856009,-2.82895E+11,-31609777270,-84250387368
2023-07-31,1,454242638,1.5688E+13,-0.097412767,-2.92334E+11,-83756810865,-5869470172,-37728782982
2023-08-01,1,493643248,1.58519E+13,0.086739127,1.97812E+11,2.65927E+11,67499779327,-40045355102
2023-08-02,0,704673842,1.60019E+13,0.427496162,-70146532016,-4.35206E+11,-98655960387,-56359337376
2023-08-03,0,789416273,1.49215E+13,0.120257665,-1.50844E+11,-4.9071E+11,-2610524450,-1.56511E+11
2023-08-04,0,645750159,1.09714E+13,-0.181990312,-2.45255E+11,-1.48389E+11,29789231937,-99918483580
2023-08-07,0,504070760,1.18945E+13,-0.219402809,2.81067E+11,-1.69246E+11,-27169783821,-1.11209E+11
2023-08-08,0,638418712,1.24354E+13,0.266525977,-1.41897E+11,-2.72798E+11,-25243400368,-1.26544E+11
2023-08-09,1,467526732,1.03263E+13,-0.267680093,3.65704E+11,-1.59031E+11,-64682010361,-26623506531
2023-08-10,0,568155109,1.1349E+13,0.215235558,-2.33145E+11,8214190140,-47709033284,-57959444574
2023-08-11,0,675389953,1.05135E+13,0.188742198,-1.90553E+11,9618551605,52357085949,-61792240669
2023-08-14,0,624377647,9.99533E+12,-0.075530152,-1.20196E+11,-2.65061E+11,-2502191745,-34198056616
2023-08-16,0,685135617,1.20255E+13,0.09730965,-1898044111,-1.76359E+11,-1.0193E+11,18237382266
2023-08-17,0,735132744,1.07276E+13,0.072974059,-1229151556,-1.35053E+11,34867160839,-21794190917
2023-08-18,0,557784633,1.07768E+13,-0.241246377,-1.0802E+11,-1.86281E+11,-6884108879,-29293162299
2023-08-21,1,399458711,8.52482E+12,-0.283847766,-34008655799,36200932204,13796593680,-23363288732
2023-08-22,1,471808571,9.27027E+12,0.181119745,-14806143234,-13252495253,33334206,-28011446799
2023-08-23,0,547169704,8.57799E+12,0.159728198,20622541049,40541331832,-63778763073,-51835317928
2023-08-24,1,441140168,1.00995E+13,-0.193778156,1.10643E+11,1.21687E+11,28619640312,47429944502
2023-08-25,0,577383852,8.30285E+12,0.308844431,-1.91548E+11,-1.80057E+11,-19674114025,28197277830
2023-08-28,1,483587568,8.22191E+12,-0.16245048,-13515475702,1.66541E+11,80218616141,25465344457
2023-08-29,1,441365852,8.27502E+12,-0.08730935,-1.61237E+11,-5316486785,8275556226,21964499226
2023-08-30,1,364003001,7.76544E+12,-0.175280554,-16495437008,2.22793E+11,-11821751819,1330609779
2023-08-31,0,473168805,1.1335E+13,0.299903582,-2.15736E+11,3.00528E+11,-51354930376,-29397802841
2023-09-01,1,493367317,1.00297E+13,0.042687751,3.69058E+11,-1.18803E+11,-32221966497,-90160555822
2023-09-04,1,342072516,8.69961E+12,-0.306657526,4.12832E+11,25012921633,2769282705,-1.01864E+11
2023-09-05,0,384579023,7.59007E+12,0.124261684,1.61804E+11,-1.11409E+11,12306602839,-67695462635
2023-09-06,0,422126144,7.62669E+12,0.097631745,-69319515554,-1.98331E+11,923068801,-56426406209
2023-09-07,0,377270533,8.32583E+12,-0.106261154,-5894909225,-63791459498,-31645708178,-57030681436
2023-09-08,0,396289098,7.71899E+12,0.050410947,-3.55191E+11,2.28982E+11,-33738752044,-23745563866
2023-09-11,1,411070381,8.34073E+12,0.037299242,23838762297,56398227660,6427668743,-27693064065
2023-09-12,0,359409844,8.92721E+12,-0.125673217,-2.98118E+11,1.23283E+11,-43959317160,-20577765339
2023-09-13,0,417576035,9.271E+12,0.161838058,1.13315E+11,81462358506,16126457450,-45074081410
2023-09-14,1,412509123,9.5775E+12,-0.012134106,-5.17265E+11,9.94285E+11,94019052355,40530016080
2023-09-15,1,441729809,1.19952E+13,0.07083646,47799868129,9.43236E+11,38932624094,-2066687615
2023-09-18,0,416289507,8.77209E+12,-0.05759245,-3.74504E+11,-60941190277,25277139127,-10653468979
2023-09-19,0,462342076,7.82732E+12,0.110626303,-1648570533,-2.91725E+11,-458974483,-29168014311
2023-09-20,1,414667757,7.57172E+12,-0.103114818,-1.6763E+11,1.37388E+11,991289389,-37567212618
2023-09-21,0,394676191,7.8031E+12,-0.048211045,-68589734691,-6.11773E+11,-49558658730,-16541773482
2023-09-22,0,433184441,7.06303E+12,0.097569225,-1.27824E+11,-564065051,3799839379,-79461316737
2023-09-25,0,438614599,7.45954E+12,0.012535441,-1.32155E+11,3.28953E+11,-23986723292,-1.60438E+11
2023-09-26,0,427476174,7.06084E+12,-0.025394561,-42589254898,-3.15819E+11,-15192809548,-38308362599
2023-09-27,1,366240767,6.76128E+12,-0.143248702,-28216151255,-1.11376E+11,39597810867,-22779748824
2023-10-04,0,424858687,1.02447E+13,0.160052963,-4.2302E+11,-3.40374E+11,-31506596796,13924326296
2023-10-05,0,451722351,9.14136E+12,0.063229645,-2.72074E+11,1.27213E+11,-1387675662,68030280875
2023-10-06,1,289391533,6.52275E+12,-0.359359721,-3.26293E+11,2.09017E+11,-11469949318,2768252958
2023-10-10,0,416004097,9.50595E+12,0.437513022,-2.07849E+11,6.1644E+11,-11463561654,-15338673947
2023-10-11,1,446948721,9.14084E+12,0.074385383,-1.19609E+11,4.52763E+11,26281767162,61435564790
2023-10-12,1,515451710,8.92912E+12,0.153268117,-57984808125,1.12937E+11,39077522626,58458289216
2023-10-13,0,582883748,7.16446E+12,0.130821252,-1.61144E+11,-2.15289E+11,-44677591430,13460559607
2023-10-16,0,788356048,8.3931E+12,0.352509914,-2.10561E+11,30844524784,-3895866712,7677329
2023-10-17,1,509375162,7.71125E+12,-0.353876763,4.28197E+11,-1.25328E+11,6290701834,-3265771520
2023-10-18,1,911545886,8.89757E+12,0.789537367,3.46054E+11,-16998260843,12624213597,-33366749309
2023-10-19,0,756946720,9.05447E+12,-0.169601079,-1.3806E+11,-1.65687E+11,-18619309272,-25972480849
2023-10-20,0,521208061,9.29596E+12,-0.311433622,2.10262E+11,-33484841601,-23356612466,-15807856229
2023-10-23,0,395930159,7.11757E+12,-0.240360638,-2.58377E+11,1.37787E+11,-12535026557,-29639933856
2023-10-24,1,444165247,7.94928E+12,0.121827264,-1.54287E+11,-34645073508,24992630141,29204055296
2023-10-25,0,440806736,7.8322E+12,-0.0075614,-3.45705E+11,-59644597356,59667258939,-40605774771
2023-10-26,0,531072827,9.25152E+12,0.204774754,-4.79956E+11,1.76972E+11,-42161800785,-1442681989
2023-10-27,1,514875992,8.00995E+12,-0.030498331,-3.80133E+11,1.8302E+11,8392948190,55811842429
2023-10-30,1,444842306,6.95463E+12,-0.136020492,-66328418195,52459625770,1395609395,11140504061
2023-10-31,0,394982283,8.23307E+12,-0.112084715,-3.2733E+11,-32180808742,-5614830315,-27733226134
2023-11-01,1,358157301,6.73928E+12,-0.093231984,-1.27321E+11,3.70088E+11,36155663302,27148167996
2023-11-02,1,377461502,7.6793E+12,0.053898667,1.40098E+11,2.32919E+11,43251095939,-26207914278
2023-11-03,1,578661884,8.04096E+12,0.533035504,1.33973E+11,64326363211,46721279590,46060022904
2023-11-06,1,528584832,1.52255E+13,-0.0865394,7.11542E+11,3.17814E+11,-40670034237,-26369617725
2023-11-07,0,457675546,1.20866E+13,-0.134149302,4.11154E+11,-2.73785E+11,22198230036,-91882947671
2023-11-08,0,467217484,7.66733E+12,0.020848695,-13714797057,2.32627E+11,-2639601913,-1.38541E+11
2023-11-09,1,395030998,7.28845E+12,-0.154502964,2.83213E+11,45294106275,20197957420,-66663851463
2023-11-10,0,312467956,5.8256E+12,-0.209003958,50419710381,-74056490487,5027214236,-75164072675
2023-11-13,0,307123090,5.93417E+12,-0.017105325,13789995380,16204094102,-27512021026,37279199726
2023-11-14,1,306963703,6.3821E+12,-0.000518968,-91051423175,5.68363E+11,24327135840,35544981079
2023-11-15,1,419843260,9.32822E+12,0.367729331,5.54363E+11,1.09621E+12,33571058162,-47933820931
2023-11-16,1,407440839,6.80641E+12,-0.029540598,4.57125E+11,-1.61164E+11,186561962,60383627461
2023-11-17,0,388973752,8.12952E+12,-0.045324585,-75238474139,-81675366334,-37321048424,-19315939507
2023-11-20,1,323806345,6.58644E+12,-0.167536773,99964854525,3.54642E+11,9466020611,39970751088
2023-11-21,1,345054695,7.71338E+12,0.065620549,3.52945E+11,1.15084E+11,6089359018,2598939340
2023-11-22,1,439485471,7.75532E+12,0.273669008,1.42987E+11,-93440363943,-21130474454,-14890996375
2023-11-23,1,360873812,6.57787E+12,-0.178872031,1.18534E+11,-7730491623,-9415175381,-61286809145
2023-11-24,0,359382702,6.53796E+12,-0.004131943,-2.14753E+11,1.04016E+11,-14552541225,-36743353134
2023-11-27,0,364743731,8.37648E+12,0.014917326,-1.06313E+11,2.27072E+11,-6079973448,-3053823423
2023-11-28,1,443089715,8.75342E+12,0.214797342,-94681286706,4.81503E+11,38553770729,456656053
2023-11-29,0,579271100,9.4282E+12,0.307344947,79866148864,-2.43515E+11,6570736938,51627599035
2023-11-30,1,664284035,1.19925E+13,0.146758461,1.25286E+11,2.49429E+11,-8125593408,1778071116
2023-12-01,0,516596238,8.83775E+12,-0.222326278,-1.76686E+11,-2.98975E+11,-49335911087,-32095023693
2023-12-04,1,498860818,8.77237E+12,-0.034331299,2.57074E+11,1.3467E+11,14744581721,9682279634
2023-12-05,0,427066848,8.30052E+12,-0.143915833,29410123845,-2.29486E+11,5375995538,95674873924
2023-12-06,1,390989432,7.68532E+12,-0.08447721,-1.4574E+11,2.43899E+11,-2897283516,-30786894530
2023-12-07,0,446877270,8.12764E+12,0.14293951,36060258561,-2.02987E+11,-19525997049,30629380367
2023-12-08,1,431796634,7.91679E+12,-0.033746706,2.03839E+11,2.77014E+11,33774736433,83565047318
2023-12-11,1,435003610,8.26051E+12,0.007427052,5342310158,1.57321E+11,-23683207663,27083471747
2023-12-12,1,378033628,7.73253E+12,-0.130964389,74912663432,6.57593E+11,-16138043973,-55948709324
2023-12-13,0,377934427,7.51362E+12,-0.000262413,-1.30864E+11,64103027249,-26289983091,57100772435
2023-12-14,1,530123485,1.29607E+13,0.402686411,6.252E+11,3.22737E+11,1.45557E+11,1.59791E+11
2023-12-15,1,465313553,1.28733E+13,-0.122254406,8.56547E+11,2.27749E+11,56582565051,32437027401
2023-12-18,1,384828383,1.01816E+13,-0.172969752,59377574402,-1.84339E+11,17396007377,43159464303
2023-12-19,1,392497373,8.41811E+12,0.019928338,-92128963587,1.33439E+11,-25045227011,20169403822
2023-12-20,1,570423377,1.12025E+13,0.453317694,4.80438E+11,1.09667E+12,33337206710,9714347547
2023-12-21,0,578334789,9.46781E+12,0.013869368,13090104788,1.79404E+11,-34617536391,-64993753419
2023-12-22,0,465967201,8.84829E+12,-0.194295052,-37303203376,3.77386E+11,-49297684267,13269625657
2023-12-26,1,440428129,9.58277E+12,-0.054808733,82263319958,9.58563E+11,-798990823,-28109502226
2023-12-27,1,349733378,1.03598E+13,-0.205924066,2.24944E+11,-2.85766E+11,-474021395,-13529290475
2023-12-28,1,460086621,9.41893E+12,0.315535348,7.01652E+11,7.85403E+11,45360139712,29680611113
2024-01-02,1,409871688,9.62819E+12,-0.109142346,2.28169E+11,2.07004E+11,-45651530761,-48757352917
2024-01-03,0,463131608,1.01216E+13,0.12994291,-97306133000,-1.02632E+12,-82922074334,-23322437270
2024-01-04,0,770176172,8.99227E+12,0.662974754,1.14905E+11,-5.73621E+11,-1.01652E+11,-51803099856
2024-01-05,0,522289892,8.38447E+12,-0.321856595,-51007262023,-2.2572E+11,-47365153570,-1.20252E+11
2024-01-08,0,320143990,6.76363E+12,-0.387037745,1.70002E+11,-2.5266E+11,-60224900997,-69842222660
2024-01-09,0,791214273,8.89671E+12,1.471432536,65561520138,1.44537E+11,-30452817222,-1.2393E+11
2024-01-10,0,570021066,8.79583E+12,-0.2795617,-23772970820,17558623393,-40309700084,-88601071428
2024-01-11,0,788422596,1.36699E+13,0.383146419,2.29622E+12,-4.241E+11,92631377706,-56890552755
2024-01-12,0,790177187,8.36877E+12,0.002225445,-2.11917E+11,-53291793982,-44027256870,-65731730497
2024-01-15,1,802102006,8.18271E+12,0.015091323,-49758040039,1.89454E+11,-38977120453,-75262965119
2024-01-16,0,659578602,8.82851E+12,-0.17768738,-1.8387E+11,-2.87721E+11,-31179346966,-83150626229
2024-01-17,0,965595357,1.12816E+13,0.463957979,-9.05571E+11,89850072093,-26931353592,-81359132204
2024-01-18,1,571507487,8.30018E+12,-0.408129417,-1.32615E+11,-11955621903,11780753905,-38692383388
2024-01-19,1,518806918,9.17454E+12,-0.092213261,7.02836E+11,-1.05263E+11,-38034751727,-75358587043
2024-01-22,0,388045571,8.41992E+12,-0.252042412,3.00054E+11,-21916102074,20482718153,1845425801
2024-01-23,1,472284165,8.0294E+12,0.217084282,1.41102E+11,1.37826E+11,9801457112,62362891350
2024-01-24,0,395463694,7.44653E+12,-0.162657308,72596902146,-35392768573,-30480446493,-6129803897
2024-01-25,1,357233504,8.12434E+12,-0.096671807,45736559913,1.22082E+11,2018862992,35308436380
2024-01-26,1,292662412,7.14449E+12,-0.18075318,3.78938E+11,-1.07632E+11,36249499311,37543912204
2024-01-29,1,427439639,8.95852E+12,0.460521138,5.46796E+11,-5753762947,70986827780,88985971442
2024-01-30,0,481808939,8.73443E+12,0.127197609,-13424075615,80957806616,21539683447,59507512094
2024-01-31,0,454574443,9.00043E+12,-0.05652551,89167046947,27968112155,-280576421,8363215432
2024-02-01,1,751074606,1.34625E+13,0.652258761,1.04522E+12,64529536631,1.46513E+11,-44509005586
2024-02-02,1,596121129,1.43681E+13,-0.206309035,1.93441E+12,4.10084E+11,65644912089,1.32048E+11
2024-02-05,0,511677820,1.24762E+13,-0.141654615,1.79461E+11,-9.68005E+11,67433199407,1.23947E+11
2024-02-06,0,411617635,1.03865E+13,-0.195553102,3.37847E+11,-36523993515,-58257628092,-53133920957
2024-02-07,1,518182343,1.14917E+13,0.258892474,5.38979E+11,6.22454E+11,-25330361669,-4488688516
2024-02-08,1,430009355,1.24934E+13,-0.170158226,4.11334E+11,1.7036E+11,19339886087,56020020407
2024-02-13,1,559385295,1.32944E+13,0.300867733,9.60755E+11,7.75036E+11,-1.1022E+11,-90423236839
2024-02-14,0,543525036,1.01077E+13,-0.028353014,1.07712E+11,-4.70714E+11,-37644681117,10495829718
2024-02-15,0,621363093,1.0691E+13,0.143209699,-9300908897,1.09424E+11,-32521350908,-16150453454
2024-02-16,1,593841761,1.02218E+13,-0.044291868,5.64332E+11,2.76996E+11,14433252751,5759449020
2024-02-19,1,422699048,9.82089E+12,-0.28819582,6.15819E+11,3.08695E+11,39642375053,92021674096
2024-02-20,0,612668186,9.99924E+12,0.449419366,1.081E+11,-2.35238E+11,-52939992009,4490071306
2024-02-21,0,562144348,9.15015E+12,-0.082465255,-64775807045,82532801604,-23285416426,50767809671
2024-02-22,1,456396847,1.02789E+13,-0.188114497,1.69402E+11,1.20719E+11,-15650718952,-48461557762
2024-02-23,1,415376166,1.02821E+13,-0.089879414,1.46514E+11,88295019877,-11939678140,4438819180
2024-02-26,0,531661427,1.09506E+13,0.279951693,1.19241E+11,57616042097,-68806104315,-18713777280
2024-02-27,0,574301706,1.26345E+13,0.080201942,35893174343,96777588677,-39228185895,38556958308
2024-02-28,1,421552569,1.02664E+13,-0.265973678,4.77877E+11,76639185114,4945486310,-1281253923
2024-02-29,0,496064469,1.29754E+13,0.176755891,1.7949E+11,-4.45242E+11,-37925464817,16723307982
2024-03-04,1,404014324,1.26802E+13,-0.185560851,7.70226E+11,-43513838625,11319634698,73931939075
2024-03-05,0,457237152,1.22071E+13,0.131735003,85533627777,-4.07198E+11,-72997670191,34085214971
2024-03-06,0,378993989,1.0533E+13,-0.171121622,-3.7738E+11,-1.32126E+11,-51006404764,-24711028395
2024-03-07,1,462910823,1.08719E+13,0.22141996,-3.24588E+11,41853533217,-26515067376,-14115908194
2024-03-08,1,454259855,1.14794E+13,-0.018688196,1.82117E+11,6.72495E+11,-13318613139,-15234742937
2024-03-11,0,391384816,8.85606E+12,-0.138412053,-1.06182E+11,-38700956515,-54255192239,27596986702
2024-03-12,1,403969278,9.73103E+12,0.03215368,-3.7226E+11,4.75106E+11,-48028409585,-23520120205
2024-03-13,1,498759769,1.09576E+13,0.234647772,3.3478E+11,40228954152,-1.76396E+11,48287264219
2024-03-14,1,609288045,1.41426E+13,0.221606238,4.72611E+11,-1.86256E+11,-37065139151,1.36617E+11
2024-03-15,0,584947718,1.32358E+13,-0.039948801,-1.03548E+12,14606140982,-1.06124E+11,75833319845
2024-03-18,1,408182483,9.52381E+12,-0.302189802,-86899513299,3.06873E+11,-899914637,1395248889
2024-03-19,0,695865617,1.07028E+13,0.704790494,-2.41441E+11,-5.38776E+11,-35396996074,18301934161
2024-03-20,1,720451805,1.27394E+13,0.035331805,8.5383E+11,5.55425E+11,23926904692,10218348100
2024-03-21,1,825226939,1.40136E+13,0.145429761,1.87834E+12,1.09686E+12,10202996486,-15368975587
2024-03-22,0,509545275,1.15327E+13,-0.382539213,6.66788E+11,-26332545579,-72132530851,-17959564694
2024-03-25,0,489620187,9.97972E+12,-0.039103666,-43286028618,-1.41536E+11,-79833518248,10313948958
2024-03-26,1,448300913,1.21883E+13,-0.084390462,6.23039E+11,7.09985E+11,-45568972334,-83112767384
2024-03-27,0,510644016,1.24619E+13,0.139065305,2.92898E+11,1.72526E+11,-68364828056,85111846153
2024-03-28,0,419277948,1.1925E+13,-0.178923213,73487346552,-1.89843E+11,-34140067486,-671097806
2024-03-29,1,495495575,1.11901E+13,0.181783057,7.82349E+11,-1.17411E+11,-82278583086,-77790551674
2024-04-01,1,397600506,1.00668E+13,-0.197570017,2.70727E+11,1.27609E+11,-43473379591,-4839075428
2024-04-02,1,630392908,1.31169E+13,0.585493224,1.00646E+12,-2.5308E+11,19967817486,-1.16723E+11
2024-04-03,0,640806255,1.3257E+13,0.01651882,531578062,-5.95526E+11,-99269272338,56271725959
2024-04-04,1,477952756,1.19782E+13,-0.254138435,5.86429E+11,-33795731478,-4016363006,-43559657516
2024-04-05,0,621030559,1.12939E+13,0.299355535,-1.13075E+11,-3.83324E+11,-62186516304,60407304303
2024-04-08,1,620652526,1.05609E+13,-0.000608719,2.06097E+11,-2.04863E+11,35816006554,51208702671
2024-04-09,0,470183666,1.00377E+13,-0.242436555,3.03574E+11,53173111089,16762606397,-3594160472
2024-04-11,1,561333352,1.27899E+13,0.193859746,1.06509E+12,-1.3027E+12,1.04127E+11,98875013081
2024-04-12,0,514575252,1.19035E+13,-0.083298275,14607221018,-5.56272E+11,-38180264801,38901923580
2024-04-15,0,561950019,1.05066E+13,0.09206577,-2.38068E+11,-31416184970,-9752284617,52468571584
2024-04-16,0,570212078,1.22577E+13,0.01470248,-2.70262E+11,-79588663622,-91530079344,22980198501
2024-04-17,0,414348111,9.77932E+12,-0.273343854,-1.69245E+11,-1.29365E+11,-26296801166,-39210361102
2024-04-18,1,478786204,1.05711E+13,0.155516802,5.74595E+11,-81879476001,44505115327,18849862974
2024-04-19,0,809473426,1.40448E+13,0.690678259,-3.48922E+11,-6.30396E+11,-7212402476,65608826735
2024-04-22,1,401892185,1.10211E+13,-0.503514047,-7.50441E+11,6.31278E+11,7751327836,1.47385E+11
2024-04-23,0,430275765,9.94834E+12,0.070624862,-25292878480,42341247741,17371773643,36406688137
2024-04-24,1,325739636,1.02277E+13,-0.242951469,4.92409E+11,2.22342E+11,41659091754,56511371856
2024-04-25,0,334062359,8.98796E+12,0.025550231,-2.89241E+11,-4.08178E+11,-54408070716,43689175152
2024-04-26,1,450520678,1.01489E+13,0.348612515,4.73102E+11,21394724435,-31278545362,68613364520
2024-04-29,1,470546033,1.04914E+13,0.044449358,3.45192E+11,2.53653E+11,24783141696,81079168766
2024-04-30,1,460083516,1.13471E+13,-0.022234843,2.384E+11,1.73358E+11,59908474116,11678673739
2024-05-02,0,351087270,9.05905E+12,-0.236905349,2674010328,-1.45513E+11,19372105745,-2122962625
2024-05-03,0,338612027,7.85045E+12,-0.035533168,94476971612,57001136004,-13838084914,12629640424
2024-05-07,1,532203424,1.11537E+13,0.571720381,1.11554E+12,7.9271E+11,-23927915909,-41010585708
2024-05-08,1,436315210,1.02936E+13,-0.18017211,4.00078E+11,90059882225,3997296237,-11754431659
2024-05-09,0,423810541,1.11028E+13,-0.028659714,-3.58695E+11,84720280682,68042480247,-1.78896E+11
2024-05-10,1,586133434,1.15669E+13,0.383008154,1.48284E+11,3.99905E+11,-4277000835,30362348178
2024-05-13,0,625277713,1.30547E+13,0.066783904,20102584195,73704563018,-12863342247,-47682492630
2024-05-14,1,443295551,9.4911E+12,-0.291042137,84516691286,1.13662E+11,10175792200,-12775451031
2024-05-16,1,521841311,1.32532E+13,0.177185988,4.25686E+11,6.80881E+11,20138752277,-68611125297
2024-05-17,0,575936318,1.10083E+13,0.103661795,-2.41486E+11,-18961498104,-6162987108,-85629787897
2024-05-20,1,582071105,1.25023E+13,0.01065185,-16080521471,4.64617E+11,50160158193,-1.5222E+11
2024-05-21,0,560818982,1.04904E+13,-0.036511215,-1.06648E+11,29634389785,-68433902903,-2.22972E+11
2024-05-22,0,484723878,1.23785E+13,-0.135685678,2.94146E+11,1.14019E+11,-9654005532,-82718762426
2024-05-23,0,428079461,1.14493E+13,-0.116859143,3.61786E+11,-2.65533E+11,-18517954611,-1.20027E+11
2024-05-24,0,501638731,1.23634E+13,0.171835551,-3.13508E+11,-7.50503E+11,-56139454255,19663305533
2024-05-27,1,556709910,1.58478E+13,0.10978255,-1.36694E+11,3.76044E+11,24060689470,-31889385495
2024-05-28,0,440956718,1.1587E+13,-0.207923714,44235878679,-15319724316,-9950412122,91413317565
2024-05-29,0,438980914,1.30765E+13,-0.004480721,-1.02737E+12,-2.27779E+11,-28666562594,19495675617
2024-05-30,0,372741998,1.11321E+13,-0.150892474,-7.84858E+11,-3.46763E+11,-35263388378,-11311011216
2024-05-31,1,613717789,1.63539E+13,0.646494874,-1.33689E+12,1.01686E+12,1846432380,35726932921
2024-06-03,1,782329142,1.39956E+13,0.274737601,1.89037E+11,2.39275E+11,14675655173,-87898380882
2024-06-04,0,773459815,1.2649E+13,-0.011337079,-2.11346E+11,-1.45614E+11,-51292937456,-56759701617
2024-06-05,1,881481171,1.3625E+13,0.139659946,5.91569E+11,-2.78082E+11,23426254515,-28481749691
2024-06-07,1,783870642,1.24653E+13,-0.110734673,2.86092E+11,2.50291E+11,7850912166,-75792233751
2024-06-10,0,506891681,1.13277E+13,-0.353347793,16955223849,-4.69019E+11,2815508326,-42084005040
2024-06-11,1,558892980,1.17765E+13,0.102588582,-2.23955E+11,-1.61349E+11,6004198584,55170078788
2024-06-12,1,511008858,1.18396E+13,-0.085676728,2.34249E+11,75504916231,-31391354851,-39944640603
2024-06-13,1,700027275,1.91359E+13,0.369892643,1.5449E+12,-3.65296E+11,93869481202,1.45755E+11
2024-06-14,1,644979251,1.6187E+13,-0.07863697,7.31514E+11,-3.87074E+11,-30296646285,26248186801
2024-06-17,0,593985068,1.24576E+13,-0.079063292,-1.37446E+11,69937951278,-38586060425,-1.04815E+11
2024-06-18,1,561975111,1.32695E+13,-0.053890171,6.49277E+11,4851659863,-61083195488,-86674294484
2024-06-19,1,646706151,1.40696E+13,0.150773652,2.75707E+11,7.37353E+11,-33536889816,-40867759683
2024-06-20,1,758165860,1.3577E+13,0.172349851,4.96594E+11,2.38199E+11,-54302043687,-12058234062
2024-06-21,0,631143373,1.4493E+13,-0.167539181,-3.42445E+11,1.30976E+11,-20531474845,-55625807230
2024-06-24,0,594166310,1.10827E+13,-0.058587422,-5.29881E+11,69441491634,-18088421801,-40610700848
2024-06-25,1,714242157,1.17677E+13,0.202091308,60954213464,2.45808E+11,1104857609,-69786241878
2024-06-26,1,535034373,1.13251E+13,-0.250906198,4.33534E+11,-1.99816E+11,25277874885,-57566702430
2024-06-27,0,397169222,1.02711E+13,-0.257675316,5.13619E+11,-6.6757E+11,-8276939954,-49150461166
2024-06-28,1,610550442,1.10201E+13,0.537255175,32153817876,3.07069E+11,-8248546170,-67354281714
2024-07-01,1,459218341,9.94534E+12,-0.24786175,-63341087773,1.25995E+11,-18725047300,31781348253
2024-07-02,0,538842197,1.16485E+13,0.173389974,-33276899038,-1.94929E+11,-59832305081,-2260295343
2024-07-03,1,340337982,1.0244E+13,-0.368390256,1.01432E+11,1.24207E+11,15688502665,31642026271
2024-07-04,1,393738620,1.30671E+13,0.156904727,3.21798E+11,1.01451E+12,-5162319581,73082580326
2024-07-05,1,378159145,1.31423E+13,-0.039568064,1.31305E+12,1.27922E+12,-7108346526,-9650906892
2024-07-08,0,425055594,9.93858E+12,0.124012468,5.28365E+11,-2.05357E+11,-28226073262,-47534558080
2024-07-09,1,456429222,1.12419E+13,0.073810646,3.2744E+11,1.34507E+11,-53028077615,-65384088183
2024-07-10,1,472472909,1.18415E+13,0.035150438,5.26916E+11,1.70882E+11,-67403242003,-71942289050
2024-07-11,1,462216873,1.46497E+13,-0.021707141,6.10466E+11,-2.18632E+11,1.922E+11,-24089116123
2024-07-12,0,408178316,1.40857E+13,-0.116911693,-5.50066E+11,2.43499E+11,-39330074671,-15959715340
2024-07-15,1,424457898,1.21657E+13,0.039883505,-76964828774,2.07103E+11,-31056527583,-72565329112
2024-07-16,1,677904823,1.26603E+13,0.597107337,1.88337E+11,1.92344E+11,2143664276,-51740833718
2024-07-17,0,549094120,1.39235E+13,-0.190012961,-2.56584E+11,3.52402E+11,4754932181,-1.96991E+11
2024-07-18,0,658374570,1.55482E+13,0.199019523,-3.49461E+11,3.83195E+11,-65524507563,-85407403428
2024-07-19,0,426207952,9.58523E+12,-0.352636066,-4.20231E+11,-73813572200,-1.02271E+11,-1.08266E+11
2024-07-22,0,463878258,1.04996E+13,0.088384803,-85368275960,1.51951E+11,-83764592286,-93564874878
2024-07-23,1,423403234,1.15268E+13,-0.087253548,2.47048E+11,-1.06392E+11,25867469004,13683039498
2024-07-24,0,469221275,1.10539E+13,0.108213725,-2.63539E+11,6181282757,16199577051,-12685965214
2024-07-25,0,440318335,1.36737E+13,-0.061597676,-6.76696E+11,-267899826,-45715442104,-21567374341
2024-07-26,1,516467609,1.29717E+13,0.172941411,-47288785165,2.85735E+11,66778146327,5130738888
2024-07-29,1,456515695,1.09636E+13,-0.116080685,4.47442E+11,-95649741562,31245544893,21975444038
2024-07-30,0,392868090,1.01997E+13,-0.139420409,-2.44858E+11,-1.77361E+11,-7090627249,-1.00432E+11
2024-07-31,1,557090057,1.2198E+13,0.418007904,1.49325E+11,62441095900,4047743517,-53944809039
2024-08-01,1,480833975,1.0905E+13,-0.136882863,4.40977E+11,-2.14045E+11,7930266188,25173277491
2024-08-02,0,531785136,1.31021E+13,0.105964145,-8.47871E+11,-3.2757E+11,-1.3246E+11,-1.09463E+11
2024-08-05,0,763777757,1.87817E+13,0.436252549,-1.52381E+12,-4.19457E+11,23447557100,2.35845E+11
2024-08-06,1,567266430,1.55358E+13,-0.257288623,-1.74155E+11,-7.67265E+11,1.40199E+11,2.37212E+11
2024-08-07,1,476990686,1.30817E+13,-0.1591417,-18716243874,-4.45931E+11,64953210444,32426918201
2024-08-08,0,495299005,1.14637E+13,0.03838297,-5.19635E+11,-4.18737E+11,43335833798,85226342980
2024-08-09,1,475012051,9.72169E+12,-0.040959004,152537242,-1.15613E+11,37718158055,34021210450
2024-08-12,1,293083794,7.60122E+12,-0.38299714,78501696596,89921761727,26044643926,3960511024
2024-08-13,1,378532151,8.96595E+12,0.291549239,1.33323E+11,-28516764667,-7649488765,-2248875325
2024-08-14,1,328748140,8.86708E+12,-0.13151858,3.91762E+11,-95053747571,-3977404730,-29044198714
2024-08-16,1,385851899,1.11929E+13,0.17370063,1.21079E+12,2.33179E+11,-15559717124,-2357676377
2024-08-19,0,395636824,9.26257E+12,0.025359277,-1.19587E+11,96704917440,-22660691972,-37701027259
2024-08-20,1,484188400,8.95416E+12,0.223820359,2.92913E+11,890635336,-13108035045,14505808864
2024-08-21,1,417329635,9.37856E+12,-0.138084194,31111966566,1.63607E+11,-49926784595,-64132505607
2024-08-22,1,441756204,8.94632E+12,0.058530636,68658227680,79186890455,-5964946296,7471486834
2024-08-23,0,330591762,8.28577E+12,-0.251642062,-2.95195E+11,3.36611E+11,-28194176229,14509555932
2024-08-26,0,333687885,9.08741E+12,0.009365397,-4.66658E+11,3.43378E+11,7719858795,31745801309
2024-08-27,0,264056855,8.05072E+12,-0.208671136,-4.07467E+11,3.80792E+11,8339642979,-18214989888
2024-08-28,1,280773871,1.05675E+13,0.063308396,-3.43507E+11,2.42473E+11,6498887162,-32766656648
2024-08-29,0,288835634,1.14647E+13,0.028712654,-4.20835E+11,-85314301143,-55602532288,-28011649724
2024-08-30,1,278845310,1.03408E+13,-0.034588267,-3.78966E+11,4.21572E+11,-12734537738,64139996341
2024-09-02,1,266992573,8.66996E+12,-0.042506496,2.38731E+11,-4.10572E+11,12931563638,1896520545
2024-09-03,0,303460408,8.97842E+12,0.136587451,-2.90653E+11,-1.82763E+11,-33003480658,3211590973
2024-09-04,0,455469305,1.13703E+13,0.500918383,-9.88766E+11,-5.66755E+11,-68018071389,30786041031
2024-09-05,0,379002653,1.01898E+13,-0.167885412,-5.85848E+11,56112367418,-2909730265,52350112512
2024-09-06,0,374782188,8.68531E+12,-0.011135714,-2.6615E+11,1.26556E+11,-29159169767,852444260
2024-09-09,0,270230978,7.45438E+12,-0.278965259,-5.42156E+11,-8601764591,14212301153,35738313274
2024-09-10,0,347650170,8.42187E+12,0.286492661,-6.70846E+11,-1.02992E+11,11857202176,37065925984
2024-09-11,0,302560681,9.62302E+12,-0.129697877,-1.03511E+12,80077198047,-39489199510,19281845159
2024-09-12,1,340478891,1.12824E+13,0.125324315,2.78183E+11,-1.66884E+11,1.43593E+11,-43818934496
2024-09-13,1,358262872,8.42203E+12,0.052232257,-9.57725E+11,2.75817E+11,36853809822,71033961638
2024-09-19,1,385081293,1.28711E+13,0.074856825,-1.17557E+12,8.87828E+11,-1173328275,10738731739
2024-09-20,1,495964133,1.42766E+13,0.287946577,-33693633654,2.34291E+11,28014301786,14036438593
2024-09-23,1,339140017,9.52646E+12,-0.316200518,-7.02263E+11,2.80796E+11,9944915232,28082208914
2024-09-24,1,355097005,1.03384E+13,0.047051327,-3.7733E+11,5.52063E+11,208412350,6470306187
2024-09-25,0,454471748,1.16715E+13,0.279852383,-5.70117E+11,7.07251E+11,-81369236152,-46333782707
2024-09-26,1,324888966,1.16024E+13,-0.285128355,4.95328E+11,6.98914E+11,51972990585,4125029205
2024-09-27,0,413004129,1.1987E+13,0.271216238,2.65886E+11,-4.21966E+11,3161310152,2057999664
2024-09-30,0,358915798,1.08069E+13,-0.130963173,-1.00323E+12,-1.71834E+11,4061327531,-23375912575
2024-10-02,0,351004351,9.60788E+12,-0.022042627,-3.07356E+11,-6.22606E+11,-32708753832,-21190827398
2024-10-04,1,414328553,1.00166E+13,0.180408596,42753532722,-1.69478E+11,-7709625782,-65243575899
2024-10-07,1,343671145,1.03789E+13,-0.17053473,29180864802,-63788114571,25309093861,86903623202
2024-10-08,0,318240024,9.16828E+12,-0.073998418,-3.81046E+11,-3.24304E+11,-17553266100,4681380222
2024-10-10,1,618559988,1.38676E+13,0.943690112,1.62646E+11,-4.39356E+11,23804233192,1.18421E+11
2024-10-11,0,491276237,9.54844E+12,-0.205774304,-5.99057E+11,1.75059E+11,-14539617289,71242141360
2024-10-14,1,401705670,8.52541E+12,-0.182322205,91477689688,2.47612E+11,-9158474001,89708652791
2024-10-15,1,438292799,1.00544E+13,0.091079444,2.90378E+11,-84716024327,228325772,71140727656
2024-10-16,0,437552776,1.00531E+13,-0.001688422,-6.59709E+11,-1.46469E+11,-8520262010,1.63445E+11
2024-10-17,0,331265227,9.95365E+12,-0.242913666,-4.04864E+11,1.59491E+11,15592590772,18201444337
2024-10-18,0,265201103,8.27485E+12,-0.199429697,-4.78459E+11,1.4061E+11,-15970324584,35681143792
2024-10-21,1,240675023,7.75721E+12,-0.092481063,22102494346,1.97494E+11,3003491522,-31017212887
2024-10-22,0,343318170,8.95806E+12,0.426480263,-2.81396E+11,-2.77651E+11,-46752818001,16006775432
2024-10-23,1,352421162,9.43015E+12,0.02651474,2.1155E+11,2.0476E+11,15210770999,71854236317
2024-10-24,0,343098218,9.73394E+12,-0.026453985,-6.07437E+11,-14263557786,2405545884,-20276440051
2024-10-25,1,462898403,1.02869E+13,0.349171691,-3.90904E+11,90701516255,5447350376,-8484599509
2024-10-28,1,333735957,9.13301E+12,-0.279029794,-1.28278E+11,3.49525E+11,22124938772,82873506991
2024-10-29,1,363290058,9.34117E+12,0.08855534,-1.17693E+11,32617447526,-10134760932,25314403149
2024-10-30,0,487359045,9.06705E+12,0.341514953,-3.35689E+11,46821689654,-46166150285,8035688985
2024-10-31,0,406613036,1.09807E+13,-0.165680744,-8.58299E+11,2.5845E+11,-32653516665,49871877805
2024-11-01,0,319848769,7.94432E+12,-0.213382896,-39017847667,-2.37273E+11,-34987822855,14780765621
2024-11-04,1,373943470,8.06475E+12,0.169125869,29716800648,1.83863E+11,4963715143,1.02352E+11
2024-11-05,0,310875315,7.71601E+12,-0.168656923,-1.44415E+11,-2.02009E+11,-44763636469,-28910188732
2024-11-06,0,548506117,1.17919E+13,0.764392638,-1.0308E+11,-43773444714,-9040870503,76337430691
2024-11-07,1,465146173,1.08097E+13,-0.151976325,1.0465E+11,-55393323792,4956478096,1.78899E+11
2024-11-08,0,448734499,9.92121E+12,-0.035282831,-13207813305,1.93835E+11,-47770120168,-6441943082
2024-11-11,0,572196827,1.12902E+13,0.275134469,-4.81703E+11,-2.20729E+11,-17545700228,71860171483
2024-11-12,0,735812780,1.2848E+13,0.285943482,-3.06358E+11,-26351345295,-87729325236,1.6483E+11
2024-11-13,0,619176261,1.12084E+13,-0.158513853,-6.30825E+11,69869273798,-32997618165,25758571687
2024-11-14,1,639989952,1.30174E+13,0.033615131,-2.3331E+11,-31985934413,96935139213,1.77649E+11
2024-11-15,0,623327161,1.23658E+13,-0.02603602,-59478559825,-96392962924,7134765771,1.03831E+11
2024-11-18,1,443925881,1.06213E+13,-0.28781239,-52987299865,-73025632748,14864147688,43784358580
2024-11-19,1,410856127,9.08586E+12,-0.074493864,-3.29957E+11,1.20453E+11,27971023145,3.19488E+11
2024-11-20,1,408789732,7.82008E+12,-0.005029486,-1.82317E+11,-32152100370,24153633173,1.81001E+11
2024-11-21,0,451118534,8.35641E+12,0.103546637,-2.5926E+11,-288550286,14389628978,3.00696E+11
2024-11-22,1,543517791,8.01717E+12,0.204822569,1.17541E+11,1.71519E+11,49241716550,82570042348
2024-11-25,1,564692445,1.34952E+13,0.03895853,-74748556334,4.35726E+11,-11709771039,54485875472
2024-11-26,0,441708781,8.70992E+12,-0.217788754,-68993373953,-2.32966E+11,-76133135952,71949430369
2024-11-27,0,414339138,8.58605E+12,-0.061963095,-3.34902E+11,1.42961E+11,-66310527177,2.01214E+11
2024-11-28,1,342571105,7.57275E+12,-0.173210847,-4.91859E+11,2.80866E+11,-32204512507,85666024663
2024-11-29,0,384278001,9.10648E+12,0.121746684,-7.49351E+11,99435592904,-40090877675,10157082431
2024-12-02,0,328109545,7.59174E+12,-0.146166202,-1.3092E+11,4.26966E+11,-20717896897,-8074264978
2024-12-03,1,324137730,9.14517E+12,-0.012105149,5.655E+11,2.44015E+11,-4024994759,-318937050
2024-12-04,0,670284268,1.32969E+13,1.067899556,-4.07121E+11,24347148909,-77409636642,1.11982E+11
2024-12-05,0,519351593,9.72072E+12,-0.225177111,-3.17369E+11,-4639211800,-58486425942,1.57457E+11
2024-12-06,0,630408602,1.07269E+13,0.213837813,-2.84115E+11,4.70508E+11,-2680002790,3.44514E+11
2024-12-09,0,591644435,1.00045E+13,-0.061490543,1.02684E+11,4.90093E+11,-32970450079,2.28329E+11
2024-12-10,1,598770280,9.3038E+12,0.012044134,-1.04694E+11,3.64529E+11,11505853560,20341073636
2024-12-11,1,617716470,7.74586E+12,0.031641834,-1.37603E+11,1.70913E+11,9212492395,-26820336054
2024-12-12,1,664187237,1.22591E+13,0.07522993,-20895446529,-5.31546E+11,1.68343E+11,3.87787E+11
2024-12-13,1,577737398,8.84946E+12,-0.130158838,-1.73856E+11,-1.47104E+11,-14543519819,2.60846E+11
2024-12-16,0,526708153,8.46642E+12,-0.08832602,-4.33889E+11,-60241181602,-54361564808,1.42277E+11
2024-12-17,0,559039721,9.28484E+12,0.061384218,-7.02048E+11,47947415961,-14850160394,1.41468E+11
2024-12-18,1,441677820,8.33857E+12,-0.209934816,3.92377E+11,85258693459,-17429787527,1.00327E+11
2024-12-19,0,504467068,8.44375E+12,0.142160745,-4.33847E+11,-5.59086E+11,-30465188738,1.36642E+11
2024-12-20,0,617782376,9.34735E+12,0.224623796,-8.22426E+11,-1.94851E+11,-25239156185,1.86998E+11
2024-12-23,1,428166806,7.37554E+12,-0.306929394,1.44818E+11,3.91895E+11,-39824353595,76991963721
2024-12-24,0,386777917,6.74079E+12,-0.096665338,-6185403456,1.49345E+11,-91045365786,-24738114625
2024-12-26,0,322800054,6.41041E+12,-0.165412399,20405643904,2.06348E+11,-1019756878,-6761836838
2024-12-27,0,311291279,6.33961E+12,-0.035652953,-1.73914E+11,-1.67119E+11,22774506911,82250826237
2024-12-30,0,303963509,5.31545E+12,-0.023539914,-1.20749E+11,30920329920,3854726549,18562954107
2025-01-02,0,350691927,6.95865E+12,0.153730355,-2.38178E+11,-2.67638E+11,9774611646,9159869200
2025-01-03,1,407536387,8.23007E+12,0.162092297,2.84263E+11,2.72E+11,4593747827,40991978215
2025-01-06,1,302760981,8.14231E+12,-0.257094604,3.70468E+11,-30739910350,19649537894,39986219397
2025-01-07,1,407692929,9.40596E+12,0.346583459,1.62943E+11,-1.49517E+11,-5172925695,96854973661
2025-01-08,1,362908922,1.03911E+13,-0.109847397,2.22039E+11,-1.0966E+11,50831772028,1.3854E+11
2025-01-09,1,404290371,1.15245E+13,0.114027092,7.50957E+11,-5.31972E+11,87469936064,25261924759
2025-01-10,0,377586658,9.69101E+12,-0.066050826,-3813706835,-4.8476E+11,-63878133168,2.64348E+11
2025-01-13,0,578565446,9.04905E+12,0.532271953,-8.74308E+11,-99274778032,-14359968392,2.593E+11
2025-01-14,1,414487640,8.19924E+12,-0.283594202,-2.96463E+11,-53550157072,-20838579147,56996888787
2025-01-15,0,538534310,9.17624E+12,0.299277127,56761084835,-2.097E+11,-25951915330,38649159979
2025-01-16,1,451062578,9.43226E+12,-0.162425551,6.26313E+11,22148124041,-30806046569,75671702975
2025-01-17,0,445884915,1.00118E+13,-0.011478813,-2.33806E+11,-1.19265E+11,-41340992900,1.3144E+11
2025-01-20,0,437546001,8.66352E+12,-0.018701942,-4.18481E+11,40430285207,-22965953321,73572891647
2025-01-21,0,572011300,9.32357E+12,0.307316942,-1.72884E+11,55132666853,-32883396384,58850508084
2025-01-22,1,583737394,1.10745E+13,0.020499759,3.50746E+11,2.94906E+11,13915740457,88094425479
2025-01-23,0,609742131,9.90782E+12,0.044548691,-6.19576E+11,-2.44685E+11,-66489426772,1.50407E+11
2025-01-24,1,602014660,1.01793E+13,-0.012673343,2.73367E+11,-15733717469,5258832601,65057805446
2025-01-31,0,454403356,1.37594E+13,-0.245195531,-1.17559E+12,2.977E+11,8458144968,35463492151
2025-02-03,0,522848036,1.165E+13,0.150625384,-8.70659E+11,-4.5058E+11,-51138860199,2.09651E+11
2025-02-04,1,479377343,1.10009E+13,-0.083142118,77245571545,11570047283,-54871642961,1.3873E+11
2025-02-05,1,437344153,9.94959E+12,-0.087682888,65594890099,27625408313,-20727305064,90759040565
2025-02-06,1,479697230,1.1863E+13,0.09684153,3.5559E+11,1.40353E+11,-14760411027,47082490535
2025-02-07,0,419872051,1.02401E+13,-0.124714456,-2.39954E+11,-1.79587E+11,-61806450434,1.22428E+11
2025-02-10,0,393563727,1.05825E+13,-0.062657955,-2.77003E+11,1.8269E+11,-35325072274,1.84842E+11
2025-02-11,1,451092989,1.10232E+13,0.146175214,1.40805E+11,1.90385E+11,-33982381205,58670737259
2025-02-12,1,464894178,1.3669E+13,0.030594998,3.70608E+11,52557311052,-29088098916,10160252896
2025-02-13,1,680341736,1.71042E+13,0.463433547,-1.13368E+11,3.71276E+11,65668200903,68302874736
2025-02-14,1,499364641,1.39176E+13,-0.266009103,-3.20363E+11,2.71843E+11,-59623833723,1.76009E+11
2025-02-17,1,366339998,1.10173E+13,-0.26638779,-2.23523E+11,2.6345E+11,-37806070744,82783939271
2025-02-18,1,421993118,1.26182E+13,0.151916581,18935648626,1.00158E+11,-18134673779,1.20955E+11
2025-02-19,1,525798791,1.48516E+13,0.245989019,3.95644E+11,6.5981E+11,64551134535,67712126648
2025-02-20,0,529303324,1.45512E+13,0.00666516,-2.88399E+11,-8960609712,-81417208164,80847797720
2025-02-21,1,444704240,1.13811E+13,-0.159831008,-2.16251E+11,61015463799,-8634276479,74306429095
2025-02-24,0,536354114,1.08021E+13,0.206091748,-2.00116E+11,-91866448407,-7354978147,17820189902
2025-02-25,0,410284831,1.05085E+13,-0.235048599,-3.20604E+11,-92082269066,-39077070571,13822369897
2025-02-26,1,386762622,1.12187E+13,-0.057331413,-3.2208E+11,1.74246E+11,-3608597829,57404901317
2025-02-27,0,513909805,1.08021E+13,0.328747339,-1.78555E+11,-3.43068E+11,20023507006,45851879957
2025-02-28,0,588571521,1.56372E+13,0.14528175,-1.55616E+12,-5.18475E+11,-83318129055,5940831420
2025-03-04,0,484081351,1.31154E+13,-0.177531814,-1.94498E+11,-2.63316E+11,728396200,51526216282
2025-03-05,1,569412248,1.30216E+13,0.176273878,-2.26478E+11,-2.10133E+11,97648839135,70907237311
2025-03-06,1,609615704,1.13197E+13,0.070605183,1.37481E+11,69495382199,35205731675,-550366428
2025-03-07,0,567191412,1.21552E+13,-0.069591862,59105655053,-1.35931E+11,23426058917,46285802840
2025-03-10,1,435694828,9.88135E+12,-0.231838108,-4.29168E+11,74637735766,-5523898450,46122251900
2025-03-11,0,399016248,1.09175E+13,-0.084184107,-1.54034E+12,-1.74057E+11,-22418295696,-26885014630
2025-03-12,1,401644557,1.22848E+13,0.006586972,3.79615E+11,38789074057,8035847301,-30632355371
2025-03-13,0,427292042,1.31129E+13,0.063856175,-4.80857E+11,2.93805E+11,1.47327E+11,-46569214601
2025-03-14,0,362329393,9.9418E+12,-0.15203337,-2.95409E+11,50076864432,-53919251663,56115640598
2025-03-17,1,396573940,1.19951E+13,0.094512197,6.2233E+11,5.01275E+11,-10148042110,28916360145
2025-03-18,1,555526574,1.20346E+13,0.400814622,4.43657E+11,1.34022E+11,-23530910394,34156166372
2025-03-19,1,653326938,1.18415E+13,0.176049839,3.05237E+11,2.70613E+11,-7210762242,22957790839
2025-03-20,1,455019267,1.19893E+13,-0.303535121,5.51501E+11,1.24188E+11,-38124048864,-2992436037
2025-03-21,1,497529180,1.41881E+13,0.093424424,8.50312E+11,-3.42253E+11,-37003018808,13372154676
2025-03-24,0,372431632,6.92406E+12,-0.25143761,6151772366,7830685905,-53815461430,4992047134
2025-03-25,0,439279423,8.30506E+12,0.1794901,-75211633491,1.29648E+11,-9151729684,-19561119151
2025-03-26,1,507916080,7.65533E+12,0.156248286,3.50795E+11,2.40173E+11,-7157583100,15570782366
2025-03-27,0,403313562,7.67625E+12,-0.20594449,88668299283,-1.17485E+11,-88333381166,-25460178838
2025-03-28,0,513561475,7.15042E+12,0.273355333,-6.42172E+11,21673555398,609806807,40065883283
2025-03-31,0,391592782,8.23635E+12,-0.237495799,-1.57718E+12,5.56016E+11,-10678439502,60722289266
2025-04-01,1,453393641,6.93945E+12,0.157819199,-3.9124E+11,-7425171231,28527835113,77428143593
2025-04-02,0,515599740,7.31612E+12,0.137201084,-7.27223E+11,-22090030228,14073759070,1.73542E+11
2025-04-03,0,480057159,8.26747E+12,-0.068934443,-1.37764E+12,68855170698,92068244282,2.72207E+11
2025-04-04,0,695074881,1.07428E+13,0.447900251,-1.78929E+12,3.50213E+11,63608384142,2.06743E+11
2025-04-07,0,619500714,1.05055E+13,-0.108728094,-2.09918E+12,-95673110432,-10723490389,4.30742E+11
2025-04-08,1,557018146,9.12247E+12,-0.100859558,-6.46788E+11,-3.6743E+11,86889851666,1.13166E+11
2025-04-09,0,699641582,9.56033E+12,0.256048097,-1.00481E+12,40051769712,-44322370066,57856324113
2025-04-10,1,670388052,1.10554E+13,-0.041812166,3.28609E+11,1.79207E+11,3.08358E+11,53966282574
2025-04-11,0,369702818,7.6871E+12,-0.448524154,-6.89835E+11,-1.35474E+11,21739159945,1.74907E+11
2025-04-14,1,488618364,6.68779E+12,0.321651716,-2.43702E+11,-64143907086,-334596020,1.11936E+11
2025-04-15,1,560339502,6.51081E+12,0.14678355,-1.18263E+11,64528321115,-5848280889,94464244602
2025-04-16,0,613173904,6.72569E+12,0.094289983,-4.58761E+11,-47659695621,-31898896574,86849302137
2025-04-17,1,601738661,6.6063E+12,-0.018649266,-3.51001E+11,2.75057E+11,-6456043288,56195835173
2025-04-18,1,450985117,5.64965E+12,-0.250529929,-1.04503E+11,-12839946026,-16348640640,78362304973
2025-04-21,1,428977098,5.23973E+12,-0.048799879,-2.88341E+11,-17446035020,-8928783020,56296074372
2025-04-22,0,416680149,6.18247E+12,-0.028665747,-2.42055E+11,-36492501044,4172620583,94348217496
2025-04-23,1,538116134,7.76418E+12,0.291436934,-1.97009E+11,5.46637E+11,9302100838,63707325336
2025-04-24,0,327935351,7.27232E+12,-0.390586287,-7382931153,-1.68273E+11,-21164137684,-16024864196
2025-04-25,1,403527737,8.7606E+12,0.230510025,6.14625E+11,4.40507E+11,1231577048,84366161670
2025-04-28,1,454102177,7.80335E+12,0.125330765,-85933648957,1.38775E+11,-69430310652,30563085304
2025-04-29,1,547081468,9.21517E+12,0.204754119,6.9314E+11,3.91034E+11,-1698955739,57434984612
2025-04-30,0,487488833,8.4356E+12,-0.108928265,-1.68645E+11,-1.27311E+11,22066889243,-8979589058
2025-05-02,1,585492284,8.32745E+12,0.201037325,-1.6676E+11,2.00587E+11,28242651524,45241556483
2025-05-07,1,546755132,8.93545E+12,-0.066161678,3.49804E+11,1.26561E+11,-19393639714,-8190873040
2025-05-08,1,471635814,1.02701E+13,-0.137391153,1.30459E+11,-2.36612E+11,34951277324,-8169018241
2025-05-09,0,485550305,8.03485E+12,0.029502617,68061412101,-2.18057E+11,2239074552,91176153599
2025-05-12,1,409749435,8.52754E+12,-0.15611332,152136203,3.10187E+11,20451042742,26107972247
2025-05-13,1,422459803,8.74609E+12,0.031019855,1.70616E+11,-41868800245,20350965676,-59954992500
2025-05-14,1,390503815,8.89319E+12,-0.075642671,4.76236E+11,4.40114E+11,15426535940,14148013174
2025-05-15,0,339578793,7.25402E+12,-0.130408513,2.73687E+11,-1.65488E+11,-94146720606,4682821428
2025-05-16,1,359706542,8.02503E+12,0.059272691,1.69782E+11,1.48772E+11,-42173233757,15607601432
2025-05-19,0,313296021,6.75244E+12,-0.129023289,-1.13831E+11,-91684923295,-18296727890,-24334665267
2025-05-20,0,456989355,7.66143E+12,0.458650364,-1.14454E+11,1.38762E+11,-28432106948,-20734981520
2025-05-21,1,371527419,7.44113E+12,-0.187010781,1.95029E+11,84013804591,-2278591515,-5217059205
2025-05-22,0,358064259,8.96547E+12,-0.036237325,-2.26489E+11,-2.62497E+11,-61466479207,8343597962
2025-05-23,0,434024136,8.65967E+12,0.212140349,-58284123298,-1.13547E+11,7324322914,-10737535317
2025-05-26,1,380173138,8.34281E+12,-0.12407374,1.01795E+11,3.72625E+11,-10817713212,47458975378
2025-05-27,0,318285651,7.90881E+12,-0.162787638,-75636719405,13003300666,4541113887,-20636821703
2025-05-28,1,405473857,1.12388E+13,0.273930684,3.02587E+11,7.56637E+11,-33790635792,44791867826
2025-05-29,1,448340888,1.08956E+13,0.105720826,2.9465E+11,5.6208E+11,-3392052032,68016030745
2025-05-30,0,525661026,1.48036E+13,0.172458368,-6.1177E+11,1.57545E+11,-50512785457,14445323313
2025-06-02,1,323603809,8.06294E+12,-0.384386909,1.28472E+11,-1.90777E+11,-29530823675,-8952510266
2025-06-04,1,489937474,1.21064E+13,0.514004039,1.05493E+12,1.224E+11,35258802197,2869575028
2025-06-05,1,556013446,1.3293E+13,0.134866132,9.84231E+11,3.36998E+11,-51910439428,61586656480
2025-06-09,1,537617180,1.40303E+13,-0.033086009,9.79948E+11,-4.53683E+11,-59587537114,-1.11389E+11
2025-06-10,1,508184663,1.42898E+13,-0.054746236,6.33239E+11,1.82454E+11,-52322298027,-9048493815
2025-06-11,1,393929540,1.2475E+13,-0.224829932,1.65559E+11,3.84349E+11,-68338670804,-27624097410
2025-06-12,1,713705710,1.73447E+13,0.811759814,4.08052E+11,-4.2159E+11,1.51167E+11,1.23979E+11
2025-06-13,0,931657602,1.74628E+13,0.30538062,1.21916E+11,-3.4092E+11,-75196282184,29296004837
2025-06-16,1,726351750,1.44011E+13,-0.220366207,-3.22356E+11,3.46635E+11,-23042788392,-28386582974
2025-06-17,1,939594106,1.79159E+13,0.293580013,-96735251099,2.27833E+11,-45962319151,-1.11045E+11
2025-06-18,1,576548034,1.46683E+13,-0.386386068,2.86446E+11,1.74091E+11,-21805385275,-47541758021
2025-06-19,1,433310535,1.37866E+13,-0.248439836,-87418957620,-91952282609,17086576619,-1.35588E+11
2025-06-20,1,484864681,1.79748E+13,0.118977366,5.62519E+11,90759898596,-3765140423,11318992895
2025-06-23,0,625650915,1.78798E+13,0.290361908,-3.68547E+11,-8.56934E+11,-6467508020,-16774804868
2025-06-24,1,579200567,1.91073E+13,-0.074243235,4.43634E+11,4.79219E+11,-19710321056,-98400735170
2025-06-25,1,644761399,1.96626E+13,0.113191933,-1.11398E+11,-2.12779E+11,-1.52991E+11,-51986541705
2025-06-26,0,460611798,1.70306E+13,-0.285608911,-5.80607E+11,-1.55227E+11,-1.00902E+11,-46682955704
2025-06-27,0,381633939,1.39703E+13,-0.171462953,-8.57925E+11,2.66645E+11,16764935778,-12772689265
2025-06-30,1,464162919,1.33338E+13,0.216251679,-6.51344E+11,5.22088E+11,-7359262542,-30096619860
2025-07-01,1,576016844,1.51848E+13,0.240979881,1.76453E+11,5.20589E+11,66074808160,-68827619645
2025-07-02,0,696798456,1.48299E+13,0.209684167,-3.2729E+11,3.10321E+11,-89442871071,-1877611701
2025-07-03,1,539120202,1.48832E+13,-0.226289615,6.4564E+11,3.26391E+11,71712261182,-6743727442
2025-07-04,0,520763440,1.35712E+13,-0.034049479,1.6212E+11,-1.59666E+11,-1.08289E+11,-79484086820
2025-07-07,1,359404588,1.02045E+13,-0.309850576,-91190609722,-93888968626,64972410071,-59254783951
2025-07-08,1,745793067,1.34914E+13,1.075079428,2.43965E+11,5061412717,4736677378,-2578060207
2025-07-09,1,642960883,1.26549E+13,-0.137882998,-4.12778E+11,-1.39668E+11,55748789432,3099022551
2025-07-10,1,596571574,1.41248E+13,-0.072149504,4.72319E+11,-1.31823E+11,1.63928E+11,44951482986
2025-07-11,0,465292057,1.33421E+13,-0.220056608,3.25589E+11,62412074481,-50660170349,4610589498
2025-07-14,1,444035800,1.15656E+13,-0.045683688,3.71347E+11,40976705347,-44884692933,-20497421543
2025-07-15,1,419651712,1.22388E+13,-0.054914689,2.14193E+11,-46441404870,-3029988153,28938628440
2025-07-16,0,531498719,1.13288E+13,0.266523414,53420699064,-1.78239E+11,-1.03405E+11,-74792499649
2025-07-17,1,424787619,1.53654E+13,-0.200773955,47171940790,2.45428E+11,-21471232748,-13621028919
2025-07-18,0,393449261,1.19392E+13,-0.073774179,1.8971E+11,2.13768E+11,-23131310118,-94179492988
2025-07-21,1,343910781,1.06623E+13,-0.125908179,8.96067E+11,66864532439,24425218883,-9315945629
2025-07-22,0,378485911,1.16047E+13,0.100535173,-1.28916E+11,13953518426,-92985182958,-76046275704
2025-07-23,1,664826146,1.22014E+13,0.756541331,4.21943E+11,3.7952E+11,-61854811359,-1.03366E+11
2025-07-24,1,425499879,1.29932E+13,-0.359983235,7.43077E+11,60911740850,43247309316,-15722061203
2025-07-25,1,389290718,9.82224E+12,-0.085097935,2.68737E+11,3963133357,44694186757,46425945691
2025-07-28,1,502719579,1.38729E+13,0.291373145,4.80154E+11,5.22311E+11,33332993907,-66818993971
2025-07-29,1,373203172,1.27692E+13,-0.257631515,6.04735E+11,1.36156E+11,-53437379060,-11909538891
2025-07-30,1,338073688,1.29685E+13,-0.09412965,5.80085E+11,3.19625E+11,-10192121085,-15700722147
2025-07-31,0,540323825,1.64556E+13,0.598242762,3.44405E+11,-3.67654E+11,-1.02029E+11,-1.42725E+11
2025-08-01,0,507776245,1.52812E+13,-0.060237174,-6.5627E+11,-4.61579E+11,-2.55515E+11,-19635300337
2025-08-04,1,293453733,9.72469E+12,-0.422080619,82772693376,1.1777E+11,47615279959,10392347608
2025-08-05,1,273439606,1.09502E+13,-0.068201985,2.95269E+11,-44602528461,42003566392,18927699525
2025-08-06,1,327358365,1.11283E+13,0.197187086,2.81463E+11,48345638704,-96530391390,-3897955063
2025-08-07,1,327047544,1.12014E+13,-0.000949482,-17604897762,1.16428E+11,-59278867324,40978001835
2025-08-08,0,341443229,1.14011E+13,0.044017102,-1.59566E+11,1.959E+11,-1.0622E+11,-80220164964
2025-08-11,0,304968427,1.03389E+13,-0.106825378,2.20245E+11,41736260722,-72443713350,-90656602643
2025-08-12,0,373217178,1.01655E+13,0.223789563,-59372183527,3495077882,-37712374821,21397450605
2025-08-13,1,320069786,1.03521E+13,-0.142403392,6.36549E+11,46540066807,-48483121091,-17067257225
2025-08-14,1,441467896,1.00022E+13,0.379286379,-79961068780,1.51846E+11,-3734437885,-78836194555
2025-08-18,0,326132755,8.94193E+12,-0.261253745,-4.89617E+11,1.39066E+11,-13107388329,34778984795
2025-08-19,0,285290653,8.62417E+12,-0.125231524,-4.54581E+11,3.12826E+11,-3164080845,-22153850933
2025-08-20,0,335285191,1.17736E+13,0.175240715,-2.13683E+11,6.1987E+11,-44492370378,-72039799210
2025-08-21,1,276915481,1.08933E+13,-0.174089735,-17115416031,-64360593619,53614094444,25171829060
2025-08-22,1,236797098,8.33752E+12,-0.144875913,1.81721E+11,33597315183,81168550096,10958318950
2025-08-25,1,220165003,8.09167E+12,-0.070237748,1.18752E+11,67474555655,43580166224,27972826651
2025-08-26,0,325353201,1.29549E+13,0.477769839,-6.85983E+11,-2.00437E+11,-4860816787,-16108522489
2025-08-27,1,281721035,8.85187E+12,-0.134107075,-2.03715E+11,-87202490780,33556798120,17119095887
2025-08-28,1,312188158,9.87576E+12,0.108146426,-24298916158,1.372E+11,30739552714,74751901807
2025-08-29,0,245132452,8.96931E+12,-0.2147926,-3.72476E+11,1.56319E+11,-57929755210,-26994167382
2025-09-01,0,260138455,8.00323E+12,0.061215897,-2.6742E+11,-26371879503,-70714559789,14645842505
2025-09-02,1,310678131,8.67647E+12,0.194279911,4.02175E+11,-1.47961E+11,12643551131,17380132401
2025-09-03,1,335816449,8.81187E+12,0.080914347,4.36403E+11,-2.61631E+11,-30688242888,-64880315447
2025-09-04,1,286255881,7.97795E+12,-0.147582312,2.03492E+11,4507024653,8947485987,-21218993136
2025-09-05,1,323844686,1.0942E+13,0.131311905,-1.37984E+11,1.64625E+11,-29780160854,-13789367320
2025-09-08,1,372299882,8.21782E+12,0.149624799,2.31558E+11,1.12947E+11,-6396260566,-12974057207
2025-09-09,1,439945501,1.06286E+13,0.18169659,6.84198E+11,2.06376E+11,6693625489,26981626354
2025-09-10,1,564706848,1.37035E+13,0.283583641,1.38484E+12,9.07679E+11,-6550243633,37276629176
2025-09-11,1,435588829,1.4947E+13,-0.228646101,3.02374E+11,1.07612E+12,-80618937466,-1.48903E+11
2025-09-12,1,448857492,1.39323E+13,0.03046144,1.4172E+12,7.11668E+11,-2.04654E+11,1.86317E+11
2025-09-15,1,378854245,1.27927E+13,-0.155958736,2.66836E+11,60345432689,-48987386118,-56689780119
2025-09-16,1,406214278,1.40589E+13,0.072217834,1.7989E+12,2.29252E+11,-43433949486,13813197883
2025-09-17,0,326609906,1.16116E+13,-0.195966455,-36144722867,-1.81508E+11,-64053755185,43546933022
2025-09-18,1,391177053,1.24091E+13,0.197688881,2.87661E+11,3.12934E+11,-22387590211,46741024261
2025-09-19,0,348844702,1.51113E+13,-0.108217879,-3.06235E+11,-89468626914,-67514766529,-59981201920
2025-09-22,1,287867235,1.19962E+13,-0.174798318,5.68239E+11,4.1961E+11,-44861807877,-13659648631
2025-09-23,1,358335419,1.21524E+13,0.244794042,3.36583E+11,-33675933112,-34848083944,-29487174255
2025-09-24,0,287145415,1.1807E+13,-0.198668622,-2.46547E+11,3.8723E+11,-28677446668,-95845033859
2025-09-25,0,293074983,1.26408E+13,0.020650053,2.16448E+11,2.12074E+11,55903894523,-96224087517
2025-09-26,0,399149806,1.26062E+13,0.361937488,-5.70417E+11,-2.72432E+11,-38953231022,-68660208836
2025-09-29,1,416480046,1.00089E+13,0.043417884,4.48398E+11,1.12922E+11,1.05594E+11,12595246939
2025-09-30,0,526401520,1.11574E+13,0.263929749,25972753484,-2.09211E+11,46191261910,-1657623813
2025-10-01,1,493641155,1.23446E+13,-0.062234556,8.33324E+11,1.49472E+11,36645078234,-34906264253
2025-10-02,1,402107231,1.94561E+13,-0.185426039,3.13997E+12,-6638937582,-26153987489,45041145467
2025-10-10,1,407410846,1.96008E+13,0.013189554,1.06136E+12,-4.91977E+11,-54935274671,83401703361
2025-10-13,0,408033131,1.42709E+13,0.001527414,-8.2332E+11,-3.80604E+11,-12394052870,25232290956
2025-10-14,0,734084905,1.89264E+13,0.799081617,5.55245E+11,-4.21689E+11,-51672435581,-35107716624
2025-10-15,1,543606716,1.38799E+13,-0.259477055,1.629E+11,5.15785E+11,70549152613,82202888456
2025-10-16,1,495790790,1.76648E+13,-0.087960514,6.59143E+11,6.76079E+11,1.00184E+11,98166933672
2025-10-17,1,420769792,1.72687E+13,-0.151315836,4.42584E+11,-23794686090,10539821316,-8032557205
2025-10-20,1,410146751,1.41906E+13,-0.025246682,-2.47669E+11,8.70378E+11,-1.14421E+11,3168542569
2025-10-21,1,526854280,1.93735E+13,0.284550661,-18821013815,4.97026E+11,-99873962571,49618162027
2025-10-22,1,597215988,1.54512E+13,0.133550605,-7.0106E+11,5.39876E+11,1.57631E+11,31725550553
2025-10-23,0,423588471,1.62557E+13,-0.29072818,-4.09076E+11,-1.7999E+11,13488058741,-1.00713E+11
2025-10-24,1,426896560,1.78008E+13,0.007809677,5.84872E+11,1.08256E+12,49696911063,73033574655
2025-10-27,1,516998547,2.01228E+13,0.211062809,6.49465E+11,6.913E+11,-1.0528E+11,-88648147441
2025-10-28,0,408224732,1.97199E+13,-0.210394818,-1.64103E+12,3.11249E+11,-1.02059E+11,-66622546139
2025-10-29,1,466898421,2.20332E+13,0.143728893,-1.0182E+11,1.06795E+12,-1.33684E+11,-3.12267E+11
2025-10-30,1,566538268,2.41983E+13,0.213407976,-1.17759E+11,-1.93009E+11,-2.2968E+11,-1.73382E+11
2025-10-31,1,408275232,2.29504E+13,-0.279351008,1.31637E+12,1.166E+12,-62375553323,-1.56747E+11
2025-11-03,1,472676323,2.27287E+13,0.157739402,-7.9638E+11,4.27711E+11,-56410667374,-33198223741
2025-11-04,0,423542560,2.07857E+13,-0.10394801,-2.23493E+12,-51385373466,-1.16612E+11,-1.19547E+11
2025-11-05,0,594162840,2.91862E+13,0.402840933,-2.06996E+12,87405093093,-57809224195,58251975721
2025-11-06,1,423420832,2.14839E+13,-0.287365679,-1.70002E+12,5.87947E+11,1.89469E+11,-36805466458
2025-11-07,0,377049668,1.87943E+13,-0.109515547,-4.6251E+11,1.63972E+11,-1.37386E+11,-68751991674
2025-11-10,1,339514007,1.66857E+13,-0.099550972,-1.45214E+11,9.22251E+11,1.32992E+11,64813593813
2025-11-11,1,377553974,2.01188E+13,0.112042408,74380943249,3.67029E+11,22061694723,-89869861481
2025-11-12,1,334584453,1.56707E+13,-0.113810273,-4.26302E+11,8.68655E+11,13870437898,-45197406554
2025-11-13,1,424188608,1.7517E+13,0.267807288,9.99718E+11,-7.43483E+11,1421739128,27502984530
2025-11-14,0,399992380,1.79686E+13,-0.057041202,-2.36678E+12,-6.55162E+11,-44878847933,-6664717015
2025-11-17,1,344096599,1.4353E+13,-0.139742115,5.18285E+11,5964690486,30020117961,-46707925574
2025-11-18,0,319659628,1.40775E+13,-0.071017764,-5.52107E+11,-4.28743E+11,-43108537347,-59361695503
2025-11-19,0,338241537,1.45869E+13,0.058130297,-1.05116E+12,4.61083E+11,88744183243,5891802893
2025-11-20,1,360281733,1.51436E+13,0.065161116,7.44766E+11,7.47613E+11,17378732171,-31443822134
2025-11-21,0,319324121,1.41669E+13,-0.113682178,-2.8308E+12,4.11542E+11,-59779950043,85078446938
2025-11-24,0,373120108,2.14113E+13,0.168468285,-7.95651E+11,1.10949E+12,63408149900,-22807985903
2025-11-25,1,279293988,1.32758E+13,-0.251463585,-1710358096,19658363074,7340226117,-61109799874
2025-11-26,1,295326951,1.57777E+13,0.057405328,5.235E+11,1.03762E+12,1.05238E+11,36174018808
2025-11-27,1,257854943,1.3009E+13,-0.12688313,1.5774E+11,3.26073E+11,72932154287,-562761869
2025-11-28,0,241922807,1.19273E+13,-0.061787204,-2.04103E+12,8.39176E+11,-70695237508,-1.36734E+11
2025-12-01,0,296914679,1.18056E+13,0.227311648,2.23582E+11,-68894937864,29097125833,-96241820989
2025-12-02,1,319034908,1.24392E+13,0.074500288,1.22059E+12,2.47529E+11,33839413485,70784814352
2025-12-03,1,290896486,1.33757E+13,-0.088198568,2.82947E+11,4.87271E+11,38087894573,62672496011
2025-12-04,0,352043273,1.37162E+13,0.210201188,-6.97837E+11,1.07091E+11,-27535762591,52221708705
2025-12-05,1,478512573,1.63088E+13,0.359243621,1.00056E+12,8.4902E+11,85404353976,5782407832
2025-12-08,1,395582936,1.52078E+13,-0.173307122,3.22693E+11,-1.40826E+11,40683727865,-15317346495
2025-12-09,0,400643400,1.33288E+13,0.012792422,-90993089901,-98306205656,12330272182,99608405445
2025-12-10,0,317901549,1.26258E+13,-0.206522436,3.73684E+11,-1.02262E+11,-95850854610,15652810287
2025-12-11,0,539843372,2.03084E+13,0.698146403,3.64976E+11,-6.88191E+11,-20114981877,-17402709778
2025-12-12,1,426616335,1.65458E+13,-0.209740534,46940837270,1.43875E+12,-83159725562,89195037509
2025-12-15,0,346844575,1.54383E+13,-0.18698712,-9.59904E+11,-3.91976E+11,-52542669797,1.16583E+11
2025-12-16,0,373989521,1.65256E+13,0.078262565,-1.03504E+12,1.4811E+11,-2.45897E+11,13731755436
2025-12-17,1,360955505,1.29683E+13,-0.034851287,-27789783436,3.79395E+11,-19550443221,-28662042049
2025-12-18,0,581445413,1.30776E+13,0.610850659,-3.4677E+11,1.56281E+11,-70579014311,-84632417818
2025-12-19,1,442664473,1.64704E+13,-0.238682664,-7.47131E+11,9.64184E+11,-25140822642,-41242101262
2025-12-22,1,315627058,1.30137E+13,-0.286983534,1.11403E+12,1.6221E+12,-34261909288,22809936437
2025-12-23,1,385848331,1.34607E+13,0.222481791,9.54343E+11,5.33262E+11,-1.21146E+11,-37383279005
2025-12-24,0,363613812,1.2115E+13,-0.057625023,5.21577E+11,2.52283E+11,-26143810406,32658143047
2025-12-26,1,510161651,1.62736E+13,0.403031552,1.78069E+12,5.29332E+11,-23628157217,-97501817252
2025-12-29,1,502393980,1.45352E+13,-0.015225901,3.35561E+11,-3.63552E+11,23932814520,37891796466
2025-12-30,0,408198125,1.32135E+13,-0.187493996,-4.88565E+11,-2.28969E+11,-24765470947,-1.08411E+11
2026-01-02,1,406339246,1.75218E+13,-0.004553865,6.44674E+11,-1.13813E+11,-72899009835,-19584573734
2026-01-05,1,513869696,2.27838E+13,0.264632203,2.18076E+12,-50824024231,-2.58789E+11,-1.56431E+11
2026-01-06,1,498391270,2.55182E+13,-0.030121305,-6.30216E+11,1.69737E+11,-1.02988E+11,-72388513137
2026-01-07,1,553653981,2.91399E+13,0.110882181,1.25214E+12,-3.59417E+11,-2.08994E+11,-94664134975
2026-01-08,1,440086040,2.7477E+13,-0.205124401,-1.06596E+11,-8.54695E+11,-1.85255E+11,-1.50976E+11
2026-01-09,1,399219985,2.34788E+13,-0.09285924,-1.61132E+12,1.16545E+12,30207520740,52729192651
2026-01-12,1,394752880,2.30738E+13,-0.011189583,-3.52282E+11,5.68208E+11,68006389349,-50105642889
2026-01-13,1,429151090,2.52406E+13,0.087138592,-2.78948E+11,7.76853E+11,1.15893E+11,2228284302
2026-01-14,1,550416487,2.42175E+13,0.282570404,-3.7805E+11,6.04532E+11,-9543628245,14937573779
2026-01-15,1,545175207,2.38261E+13,-0.009522389,3.53033E+11,1.45773E+12,5505542209,-31187586300
2026-01-16,1,720905827,2.69482E+13,0.322337879,4.3676E+11,5.11408E+11,20716797370,-90074934450
2026-01-19,1,570841030,2.52147E+13,-0.208161443,5.49073E+11,2.05387E+11,-40148109337,-1.188E+11
2026-01-20,0,667709207,2.71488E+13,0.169693788,1.15994E+11,-2.08878E+11,-87352942950,-1.7294E+11
2026-01-21,1,600101467,3.0093E+13,-0.101253269,4.45737E+11,2.9464E+11,-911081273,-56424073332
2026-01-22,1,568624077,3.29196E+13,-0.052453446,-2.47776E+11,3.16129E+11,-19319038527,-2.0491E+11
2026-01-23,1,612601752,3.00171E+13,0.077340508,1.45085E+11,9.28968E+11,-85111772219,-2.71899E+11
2026-01-26,0,446903055,2.2843E+13,-0.270483551,-1.66444E+11,-9.52834E+11,-1.9499E+11,-1.73034E+11
2026-01-27,1,476155582,2.84964E+13,0.065456091,8.45297E+11,5.69523E+11,-2.10512E+11,-57240611682
2026-01-28,1,593108778,3.08565E+13,0.24561971,3.93158E+11,-5.71014E+11,-1.45127E+11,-90013754751
2026-01-29,1,699659390,3.58702E+13,0.179647673,-1.4923E+12,1.56905E+11,-1.17545E+11,-1.1968E+11
2026-01-30,1,862540604,3.54934E+13,0.232800726,-1.97922E+12,-30925756867,-1.27843E+11,-30656185831
2026-02-02,0,572544402,3.20906E+13,-0.336211653,-2.53301E+12,-2.17553E+12,25161573975,-39924652613
2026-02-03,1,672610151,3.0016E+13,0.174773779,7.17003E+11,1.45134E+12,3.45242E+11,95780604221
2026-02-04,1,789920328,3.04335E+13,0.174410358,-9.37831E+11,1.49447E+12,97387857906,29002873357
2026-02-05,0,911910087,3.23856E+13,0.154432991,-5.03846E+12,-1.88286E+12,-37381490389,-98472024855
2026-02-06,0,745763942,2.99123E+13,-0.182195753,-3.32769E+12,5.78179E+11,1.5641E+11,1.323E+11
2026-02-09,1,617657784,2.64541E+13,-0.171778429,4.38874E+11,2.42443E+12,1.9536E+11,-86295633100
2026-02-10,1,712267871,2.32759E+13,0.153175576,1.46939E+11,7.44202E+11,-42186713608,-97722886851
2026-02-11,1,753767377,2.56259E+13,0.058263903,8.57205E+11,5.22333E+11,98025004975,-26289554822
2026-02-12,1,750614562,3.23226E+13,-0.004182743,3.00789E+12,1.08159E+12,1.49066E+11,72185511544
2026-02-13,0,1290658558,3.0821E+13,0.719469117,-9.26809E+11,1.80956E+11,-93212124766,56325913582
2026-02-19,1,1185838197,2.8946E+13,-0.081214633,-9.34502E+11,1.66906E+12,59738858025,15370491816
2026-02-20,1,1749302679,3.31197E+13,0.475161353,-7.44055E+11,1.93507E+12,-52697642592,-1.42174E+11
2026-02-23,1,1477788942,3.20441E+13,-0.155212554,-1.11092E+12,5.32967E+11,-1.68727E+11,-2.6853E+11
2026-02-24,1,1602004836,3.13727E+13,0.084055233,-1.90307E+11,2.66686E+12,-1.45061E+11,-71765712033
2026-02-25,1,1415254864,3.52846E+13,-0.116572664,-1.3057E+12,1.9937E+12,-3.0744E+11,74951696394
2026-02-26,1,1409623229,3.893E+13,-0.003979237,-2.11056E+12,1.63714E+12,53949815743,-98071995959
2026-02-27,0,1166057975,5.49393E+13,-0.172787486,-7.08117E+12,1.10433E+12,-2.25712E+11,-2.28321E+11
2026-03-03,0,1227193147,5.28006E+13,0.05242893,-5.17369E+12,-7.28289E+11,-49526905291,41182772768
2026-03-04,0,1637605952,6.28827E+13,0.334432119,2.36681E+11,-5.83022E+11,-1.28662E+11,-72745993641
2026-03-05,1,1660710447,4.5309E+13,0.014108702,-1.56998E+11,-1.22341E+12,-1.09227E+11,-87153061190
2026-03-06,1,1223019737,3.14025E+13,-0.263556306,-1.95112E+12,-5.97543E+11,-1.78422E+11,-1.74753E+11
2026-03-09,0,1026237730,3.31639E+13,-0.160898472,-3.19793E+12,-1.17134E+12,-1.99264E+11,-1.01981E+11
2026-03-10,1,923209866,2.87133E+13,-0.10039376,1.03442E+12,7.44753E+11,68223391071,-9321369642
2026-03-11,1,1050946314,2.66192E+13,0.138361225,-2.54749E+11,7.25399E+11,34574324791,-89339267070
2026-03-12,0,801306208,2.36982E+13,-0.2375384,-2.39111E+12,-74636557600,75972781322,-37404675330
2026-03-13,0,907655536,2.37197E+13,0.13271996,-1.45964E+12,-9.49956E+11,-1.17276E+11,28454594636
2026-03-16,1,1073859802,2.17603E+13,0.183113813,-8.51909E+11,-1.04005E+11,61546304743,41194926054
2026-03-17,1,1135071024,2.23038E+13,0.05700113,-1.73311E+11,4.27379E+11,2.35289E+11,84333393783
2026-03-18,1,1143771673,2.68518E+13,0.00766529,8.88714E+11,3.09842E+12,5529959875,95952881532
2026-03-19,0,1184170077,2.29947E+13,0.03532034,-1.88387E+12,-6.65489E+11,22655097073,-64937808613
2026-03-20,1,1490805229,3.40259E+13,0.258945195,-1.24554E+12,4.56599E+11,-79235923848,60613196498
2026-03-23,0,1125619649,2.72432E+13,-0.244958612,-3.69832E+12,-3.02387E+12,-3.01286E+11,-1.61667E+11
2026-03-24,1,1170517963,2.49324E+13,0.039887642,-1.97935E+12,1.01782E+12,9836232482,43456766681
2026-03-25,1,763223598,2.46421E+13,-0.347960798,-1.28663E+12,2.33515E+12,36931488486,14664870051
2026-03-26,0,925092573,2.56153E+13,0.212085915,-2.95011E+12,3.1846E+11,-2.50294E+11,-2.42276E+11
2026-03-27,0,900080937,2.36593E+13,-0.027036901,-3.44E+12,4.18058E+11,1.85452E+11,-22801624440
2026-03-30,0,727391077,2.08275E+13,-0.191860368,-2.09811E+12,7.4405E+11,73020339258,-81150069311
2026-03-31,0,1163312408,2.98377E+13,0.599294306,-3.84807E+12,9.47686E+11,35211304974,-29135483347
2026-04-01,1,958953275,2.89024E+13,-0.175670036,-6.27809E+11,3.4308E+12,3.55241E+11,-19186659596
2026-04-02,0,1428159621,3.32901E+13,0.489290102,-1.40611E+11,-1.69004E+12,-21279690102,9098014731
2026-04-03,1,1185178392,2.22346E+13,-0.170135905,7.99478E+11,2.83865E+11,2.2664E+11,-55740810705
2026-04-06,1,1110507448,2.17612E+13,-0.06300397,-1.56381E+11,7.59719E+11,88929822132,-85005052024
2026-04-07,1,990449091,2.37194E+13,-0.108111258,3.95027E+11,-3.91764E+11,73901897443,-81802493190
2026-04-08,1,932610471,3.6307E+13,-0.058396358,1.94531E+12,2.996E+12,-85300447664,-2.08288E+11
2026-04-09,0,1026732958,3.34734E+13,0.100923687,1.71894E+12,5.03975E+11,-4949986854,4883453765
2026-04-10,1,1002353584,2.37461E+13,-0.02374461,1.06358E+12,86835035681,-2.05944E+11,-41563952931
2026-04-13,0,1083211365,2.14566E+13,0.080667922,-4.61464E+11,-4.8144E+11,62410818785,-1.73326E+11
2026-04-14,1,889490621,2.71286E+13,-0.178839283,8.36735E+11,1.35133E+12,-35274451186,-25564504203
2026-04-15,1,923846153,3.16156E+13,0.038623827,4.89049E+11,8.21352E+11,-2.88473E+11,-1.11565E+11
2026-04-16,1,925694636,2.70468E+13,0.002000856,4.74575E+11,1.24605E+12,-58335460213,-29881550978
2026-04-17,0,689739734,2.46196E+13,-0.254894965,-2.00309E+12,4.34298E+11,-36835894694,-75665160462
2026-04-20,1,692878455,2.35765E+13,0.004550587,-2.36993E+11,5.18318E+11,-42265612859,8038782666
2026-04-21,1,792021737,3.1106E+13,0.143088995,1.15161E+12,9.75293E+11,-17252123240,62175597531
2026-04-22,1,900140335,3.10291E+13,0.136509635,-6.82178E+11,-4.10155E+11,28171950706,99531346289
2026-04-23,1,1042392099,4.06042E+13,0.158032874,-85974429987,17672946443,-2.31502E+11,19704265462
2026-04-24,0,878200671,3.02029E+13,-0.157514076,-1.94959E+12,1.03828E+12,44552649569,-20150505393
2026-04-27,1,842664190,3.34103E+13,-0.040465103,8.67495E+11,1.54923E+12,-57967572105,-1.77051E+11
2026-04-28,1,1139472198,3.76227E+13,0.352225728,-1.93509E+11,6.83874E+11,-75276024272,-27744712124
2026-04-29,1,717859460,3.14533E+13,-0.370007043,-6.13775E+11,1.64611E+11,1.07868E+11,-2117024417
2026-04-30,0,685459295,3.58086E+13,-0.045134413,-1.46216E+12,5.0892E+11,-51584852115,35038595393
2026-05-04,1,873008689,4.2696E+13,0.273611278,2.94572E+12,1.91588E+12,-48525429500,-50745653363
2026-05-06,1,995691665,6.00004E+13,0.140528929,3.10963E+12,-8.28365E+11,-4.57384E+11,-1.59E+11
2026-05-07,1,767462258,5.11125E+13,-0.22921695,-6.71727E+12,1.76167E+12,-2.83767E+11,49415739537
2026-05-08,1,523090848,4.07927E+13,-0.318414889,-5.31173E+12,1.51664E+12,-88730575062,-50195956799
2026-05-11,1,731278789,5.18434E+13,0.397995763,-2.83647E+12,1.00275E+12,-2.67767E+11,-2.94813E+11
2026-05-12,0,1021136121,6.71146E+13,0.39637049,-5.62582E+12,-6.20484E+11,-35814357535,-1.8572E+11
2026-05-13,1,738739332,5.0464E+13,-0.276551562,-3.75859E+12,1.88521E+12,-11519487397,-2.3626E+11
2026-05-14,1,849941546,5.16969E+13,0.150529705,-2.16799E+12,1.26179E+12,-3.74807E+11,-1.93336E+11
