Date,Volume,Transaction_Value,Volume_ROC,Net_Purchase_Foreigner,Net_Purchase_Financial_Investment,Net_Purchase_Investment_Trust,Net_Purchase_Pension_Fund
2021-05-17,771305645,14552523724082,0.019237211728172943,-602211401604,-89333134255,-11110077289,6377605324
2021-05-18,786143415,13898610218787,0.019237211728172943,-350011955199,963421079159,20903911949,21982306938
2021-05-20,774252245,13719656585417,-0.015125955103242883,-515824658601,-89663104703,-13354130145,-37324887396
2021-05-21,797262205,14789457191323,0.029718945148166753,-130375658375,111994449586,-1411358719,-24386777205
2021-05-24,587968268,11604047358277,-0.2625158143549524,-220747806116,68222464174,14328516188,27536500405
2021-05-25,612976970,11728027229513,0.042534101517192724,71409301708,795297151637,8887584790,24219020276
2021-05-26,1269999045,13173015885449,1.071854420566567,-17487854129,262613885234,31359371001,-21283929175
2021-05-27,1082006090,20682335393904,-0.14802606012983266,-242880845968,273516701106,46442014655,19782821274
2021-05-28,966367978,13533299075577,-0.10687380881562325,142857297682,577877259578,44203028082,48899316583
2021-05-31,1123524809,14017446050339,0.1626262816833528,520446004132,-669312049332,17632478084,-98412986613
2021-06-01,1472570767,15270803742087,0.3106704500016073,-53072513283,616182547052,-15671866078,53577534239
2021-06-02,1495671343,17740841975268,0.015687243368997184,33590106865,-227929823621,19211081478,-20944470431
2021-06-03,1584799068,16890461822422,0.05959044773915956,242041662471,349888394094,-8191099696,108430830431
2021-06-04,1392319539,16051031275689,-0.12145358543333018,175443737827,-613050220280,-57279397704,17727143617
2021-06-07,1733348139,19023221710305,0.2449355844312402,-187347266710,131449947543,-26847715030,26215014056
2021-06-08,1951319356,19352173579005,0.12575155105641467,-203701047226,373505769488,7059807953,-89992888228
2021-06-09,1964923269,17164709655058,0.006971648673586017,-324763476596,-260528637715,-58266548343,-48159158792
2021-06-10,1896766322,19170539861596,-0.034686823691943314,717210391251,-848516280902,306780245,-325182681546
2021-06-11,1645508762,17956256842935,-0.13246627013867873,176536714280,-31327611036,104072059616,171995022551
2021-06-14,1664527170,15262485462973,0.011557767688143095,-10128752286,-262519529792,-11314789723,-17287362717
2021-06-15,1734497293,14838275276764,0.04203603537453815,-121050344350,-45326434042,15394900708,82451170055
2021-06-16,2345810978,16297981235711,0.35244430041321495,287490222647,28700318768,-17973720444,50013725923
2021-06-17,1848671013,14672132506589,-0.21192669386510132,-321655229264,-503320607072,-98338270839,-28792851743
2021-06-18,1627658120,17492731865668,-0.11955231160429303,-711050008644,197274289786,-37292533187,-17090679275
2021-06-21,1508634470,17291259635405,-0.07312570652121952,-901895605835,-615505806340,-32492598062,-232964994185
2021-06-22,1666696733,15512033241198,0.10477174301870495,362940809627,-19690436577,14491174619,30694758288
2021-06-23,1069174741,17865268589384,-0.35850672781033166,-9624757444,128708746749,-75640799123,12102556228
2021-06-24,1301271218,21426510325089,0.21708002265646487,-101632141063,339712292926,-38810722863,-39545631810
2021-06-25,1198187970,18618608315198,-0.07921734268313008,248467425445,566753931875,-13802120931,47529596847
2021-06-28,1428764468,13796055583387,0.19243766735531498,-86753852283,-186767468590,-40174369235,-78867363410
2021-06-29,1213046625,15509502688918,-0.15098208825277137,67905293320,-412606771064,-23577225658,41611244136
2021-06-30,1610375510,15646662100364,0.3275462598150338,7018476232,-44630686882,23578735044,32406647880
2021-07-01,1159231481,16075974682786,-0.2801483419230587,-408829358677,-587137459106,-34953871762,-206602099678
2021-07-02,1019998165,15437887450990,-0.12010829440198756,-121557811968,-98659682214,15876478533,-75879205953
2021-07-05,850406170,14529926270282,-0.1662669608822287,1502627218,211013868884,294422140,40500961104
2021-07-06,1029465279,14686383269810,0.21055716117393652,223784164541,139889522430,25745969130,-96460495807
2021-07-07,1147641017,14507060037927,0.1147933207759988,-340497619729,-401209341494,-74941699657,-197577189715
2021-07-08,1516034403,16870624131454,0.32100053984041255,-498287807432,-221490035877,-33715394123,-280861818314
2021-07-09,1308364633,16473105860696,-0.1369822278366858,-1342149136077,-432248519611,-4799192116,-26594298637
2021-07-12,1135042856,11280079226180,-0.13247207439609843,37207303791,137041608847,30242143340,49719136557
2021-07-13,1150101046,13494445819170,0.013266626824177008,265170242335,269452323305,25426246024,44228803245
2021-07-14,908953938,12993100764877,-0.2096747140946431,-274029668234,-196724273485,-11427150075,-51982527587
2021-07-15,1172430582,13683900975965,0.28986798228712884,100636263856,222169798027,34457350866,-24101485010
2021-07-16,1066507087,14781318750668,-0.09034521670298767,-92540524234,-353107977589,-80135660001,-24267140085
2021-07-19,1095559262,12855281198924,0.027240489401454848,-458190929018,-244214638725,-63155167134,-97038084973
2021-07-20,979670175,15292372447870,-0.10578075602084591,-172988943545,170253827459,1856527725,-15007940147
2021-07-21,990326915,14864747567296,0.01087788550876323,-498545092711,-177327712908,12644971480,-100749921293
2021-07-22,712983404,13039249952509,-0.2800524824673679,59859468295,830727811494,671985915,6069902594
2021-07-23,805048259,13209383405119,0.12912622437422128,111649746566,386738797311,-34439268621,-64912956743
2021-07-26,826066626,12212490543815,0.02610820750809184,-377963894447,-70011365281,-111263276310,-69131916368
2021-07-27,991938990,12348469240739,0.2007978034449729,46132578069,233409101232,7194879810,25434744438
2021-07-28,868602620,11979296757213,-0.12433866522375536,-422234442765,409241365434,-18646221715,-67389286855
2021-07-29,694823189,10491306617501,-0.20006781812378138,-229157290461,235955856767,49331236276,-44195690300
2021-07-30,687861015,12808243381658,-0.010020065694727465,-718353137727,-288008520187,-86499495235,-171324280645
2021-08-02,561003439,10237986168170,-0.1844232675404638,-145578198234,776000584489,-68769547735,-65728416080
2021-08-03,653512911,12491381488029,0.1649000087502137,666721793168,223421985222,-83707110855,-136518112384
2021-08-04,632241743,12357119579176,-0.0325489636730375,912211912321,785870322708,14433237850,-14936701966
2021-08-05,680941049,11877709071888,0.07702640096005187,68114156834,383524914595,6627720894,-154828982088
2021-08-06,941361338,15455403584955,0.38244175377948175,52362805528,-143626824848,-13880607477,-39312365084
2021-08-09,707654201,15732538324746,-0.24826506843432739,-203158583662,-423591168581,-35909953547,-172488605688
2021-08-10,730349269,21657925207047,0.032070844726038716,-637592624931,-145602942639,-55054217730,-45634063496
2021-08-11,618092869,19193401379930,-0.15370235141564847,-1621469249376,272528304746,-87877442390,-169007012133
2021-08-12,643282554,20403905566084,0.04075388386336498,-1884182512841,149273060739,21854301756,-116649079185
2021-08-13,696468122,20201969432850,0.08267839329589521,-2698983656328,-207942413327,-26239495506,71915228815
2021-08-17,690842314,22241588390442,-0.008077624549196472,-416474301204,-79915879813,43211717370,-33300382117
2021-08-18,622791632,16752626526034,-0.09850392864036406,-262289832287,275581200077,24129415005,92055167772
2021-08-19,655629079,17170843636716,0.052726217426119826,-271022343806,-153880075947,-82919628540,-21397868332
2021-08-20,672088491,16450579796320,0.025104762017427174,-257002456198,-7044428713,-7836724990,33691528469
2021-08-23,570979933,13424032926826,-0.15043935337973224,-27896085295,457016393044,54566012793,31170092028
2021-08-24,586535144,14946073572844,0.02724300820568426,154569606638,63307766487,12750741873,72488091757
2021-08-25,624688408,13365595656643,0.06504855572644086,161946805744,-10514475843,333847177982,22790964265
2021-08-26,727719083,13335287860349,0.16493130604081907,-364183966521,-100600671524,36180616272,-6940843176
2021-08-27,520668771,11039934421080,-0.2845195582152955,-371764647559,629117239461,22670847835,22453595519
2021-08-30,602858388,11758710379309,0.1578539401204071,-233861142615,152623459792,60716191530,-9562151800
2021-08-31,661221167,15863630339895,0.0968100969675818,1122966401177,-161243731007,13380085130,-3393268683
2021-09-01,746705227,13537907689214,0.129282098435908,77536662099,-37506100891,33139018341,5492364899
2021-09-02,757859615,15378375212484,0.014938141045047315,548159354628,-355194374577,-25417988015,-1048340088150
2021-09-03,641510055,13110992029700,-0.15352389505541864,588157139552,-28768295060,20238800760,-80952479587
2021-09-06,726190124,12313477364484,0.13200115624064535,62039912412,29843332688,-12326798015,-261075373
2021-09-07,760159709,11943337187144,0.04677781186679986,-311137493676,-145059311913,4953283945,26043735404
2021-09-08,859889326,17302711069208,0.13119561036876792,-223230326495,-9102197852,-71674530917,-104172050682
2021-09-09,927368577,17787104851733,0.07847434426695044,-319568958819,-955116662862,158598945404,-168842666965
2021-09-10,723085303,13566490029242,-0.2202827215268045,-517843970667,301388981503,50311008258,-130914665949
2021-09-13,732269520,13505433023679,0.012701429502018247,142400124348,178253746526,42618707307,-30544190017
2021-09-14,713227276,15787292366491,-0.026004419793411615,298439132422,584085083508,78284220493,-6916378985
2021-09-15,616557070,12162693523272,-0.13553913212932145,298111497723,-123720917305,-18717144264,31425591976
2021-09-16,612873472,12259518128260,-0.005974463969734334,20681036843,-379050111792,-72822902700,-16414893080
2021-09-17,589244026,14937657948864,-0.03855517831909028,53895512419,-404390159816,141022338882,-14266881529
2021-09-23,623841308,14009138133250,0.05871469284951214,576941521325,-582943636,-97357955322,19956033895
2021-09-24,753222478,12558236431734,0.2073943619007672,82639153047,-206722666152,-30186532511,-26700145631
2021-09-27,883229339,12266966973757,0.1726008779573358,342728101916,97079727898,-16762460345,-8407702634
2021-09-28,894913170,14658731286208,0.013228535878607284,4030086557,-511259609658,14213860306,-28267688072
2021-09-29,821557926,15137007962920,-0.08196911885876035,-662495841355,-300556751726,63653517726,-38252372222
2021-09-30,885818713,14942853884792,0.0782182058821741,37247595174,-222765442561,28136886966,-60578288848
2021-10-01,855481955,12944006323787,-0.034247140588460345,-303461626983,-360991448255,-35937079966,-27710225559
2021-10-05,840557005,15315537326790,-0.017446247595017894,-620628462550,306744466618,16756778410,-36023313105
2021-10-06,901721943,15668592169787,0.07276715039689674,-276928882710,88922961599,42401466027,-38165381241
2021-10-07,595381702,11906736775955,-0.33972805406156115,-104997843613,582337542213,61558116275,-19874548407
2021-10-08,668946781,12634091306885,0.12355952282860039,-48546564724,-356361840554,38771882239,-87271234347
2021-10-12,660180934,12767649889473,-0.013103952734320745,-824220360917,-199897407370,-1468021793,48741145718
2021-10-13,752132429,12294514171307,0.13928226379224706,-271076290544,588370956150,82521400617,78568834834
2021-10-14,617170079,12064564380622,-0.1794396103614886,-384533444585,462365711176,89975694541,3857709457
2021-10-15,857797842,12540973320207,0.38988889965289464,86866571209,125465401086,33015446198,33745489001
2021-10-18,926369474,10649948958411,0.07993915191034029,35920884303,-327654252283,-24634701113,-34005832987
2021-10-19,845703531,10112026428717,-0.08707750553533455,148731170443,383116502332,-16019561980,-126029147678
2021-10-20,680326898,11178213476930,-0.19554918117044018,-69538320207,14730515317,-54094209890,-101425112936
2021-10-21,887369794,10572398217802,0.3043285464806067,53787925576,181133380450,-6690641841,-29574434689
2021-10-22,695272936,9047262545950,-0.21647892377999967,-108832709699,246453310653,-18636676340,-46496006349
2021-10-25,791795966,10489293804156,0.13882753808210935,38373541830,338729130333,-32447907640,-34207963034
2021-10-26,564559805,9512681741122,-0.28698827824035666,107286670324,287428216288,-906225057,32517267949
2021-10-27,607875370,10220672977011,0.07672449334220666,-288523500231,-184116705602,-34139622746,-64910464172
2021-10-28,617256798,12367618427652,0.015433143803803118,-248122879786,-112429997571,24630433875,-14277164595
2021-10-29,545833755,11035682384856,-0.11571041944199045,-805789439074,-347873802899,-14504823365,-78611439267
2021-11-01,475382111,9410799387549,-0.12907161448818794,-356245223325,764308817002,-33152492975,-65239650602
2021-11-02,525853038,9662968105172,0.10616917597894204,322429269438,856588969992,-6684518287,-31894286581
2021-11-03,658648364,12438267928860,0.2525331535690396,-446963595080,-552545512256,-8104683222,148479191333
2021-11-04,772023904,14658519584987,0.17213363943009807,354163482627,463859081944,-42173723227,-122924237961
2021-11-05,688027918,12669722983462,-0.10879972182830233,116545670834,-165634704892,-29358873393,-202498090662
2021-11-08,560205356,10388089493103,-0.18578106884319767,-116792600808,1238972509,-61968718074,-92859140207
2021-11-09,708773471,9684977252764,0.2652029535397731,-135503238715,402128220031,-19973581817,-108999212547
2021-11-10,570931752,9663221463613,-0.19447923016294721,-20829351340,-74099919833,-43718722130,-91145253523
2021-11-11,572859058,13468395643103,0.003375720466147758,86251525234,1630896679,-62549569930,-140987179050
2021-11-12,665733196,12472956374638,0.1621238884207361,432432182659,428035846231,41068917722,104466615415
2021-11-15,639395683,11402053251342,-0.03956166397927374,399674833676,412012012019,-27218753923,46850207009
2021-11-16,579646335,11101212743890,-0.09344659275718004,647756674326,80778392240,-30896179005,-64277193849
2021-11-17,541489534,10661680483275,-0.06582772752285238,103201400497,-626700075965,-53528001362,-100067061839
2021-11-18,541652823,10119317376788,0.0003015552282124023,-47192524618,-30463646272,-59264681396,-55339209177
2021-11-19,657093788,11002168877105,0.21312722854580235,232313455373,124433569234,-13598996846,-12703046628
2021-11-22,530959176,12945532600397,-0.19195830839295658,796949842169,563230432216,-22714584305,54195787091
2021-11-23,524233416,10830503621150,-0.012667188559897902,282388382183,-562487651572,-101364936853,-26648431909
2021-11-24,556640473,10963458592619,0.06181799177792202,318589823672,-512961743387,-70825235266,24494452562
2021-11-25,595969686,9401090529106,0.07065460545482116,-92544623479,-57673826347,-14857127615,-1266130125
2021-11-26,595597647,11901297731572,-0.0006242582613505965,-180767543511,-275960104525,-18806626288,-56177072744
2021-11-29,844400434,13092783140665,0.41773634978782925,45504189683,681485852301,70910742127,-35998078677
2021-11-30,983556318,19852270868593,0.1647984515365608,-134042212781,-431415568025,-27977279770,-102395381643
2021-12-01,563927192,12534484740158,-0.42664473637187295,943893334995,-136518167179,80333184394,123337646689
2021-12-02,534461669,11918441491698,-0.05225058024866447,888751384824,-11516510161,29019396019,36534783266
2021-12-03,486749001,10344372944198,-0.08927238521945335,154716143993,-95991409161,28709849560,153726018332
2021-12-06,479907913,9657402253160,-0.014054652368973186,4737894467,58739564438,26832483356,81685032625
2021-12-07,541370062,10215647036599,0.12807071384963797,212105851668,-113689382175,62064163927,-70673934326
2021-12-08,488246121,11115220654811,-0.0981287011027957,-79830040520,894806053714,-18054821210,-18674514016
2021-12-09,513445799,12614031150535,0.051612653774672834,325989585112,962379093948,-123678697930,-239506736728
2021-12-10,451599491,8434890985993,-0.12045343076222148,-280733847232,-81509342621,239344988951,103956897223
2021-12-13,375828375,8629448910198,-0.1677838826439244,-133918235772,386439102340,53113320584,74417427555
2021-12-14,581569904,9856789517126,0.5474347938736663,181477169031,-169816180633,-19254416379,84078753634
2021-12-15,432874423,8253059437129,-0.25567946342697956,-22297916721,-36134647268,-35304399498,-68137285421
2021-12-16,402825154,8524314062950,-0.06941798222160145,187222572931,96491398788,-40268165914,-26647170115
2021-12-17,451824159,11650002805031,0.12163839450800529,531812406165,141118142870,-24040035768,-5354039544
2021-12-20,377584565,8621305733909,-0.16431081101176792,-559589143684,-287247027624,-66185778621,-106283976002
2021-12-21,410979633,9108501429680,0.08844394367656427,32862902173,587856045779,-7705658173,22998520112
2021-12-22,461755372,8835649524455,0.12354806643179805,423257816009,68773296055,-3223582816,-17010996427
2021-12-23,483838948,9319626829913,0.047825271429652094,235095269005,587406124324,-12584084060,-23048344276
2021-12-24,537548258,8583472759012,0.11100658643131811,195000137299,808806897305,10697774810,19905149579
2021-12-27,475363053,8280394735651,-0.11568301836074413,51606672474,410032129748,-8054560474,-12398073000
2021-12-28,607046190,12096893607293,0.27701592744524883,452754553471,1454107322584,4801035066,-3830735006
2021-12-29,545831859,10908667230981,-0.10083965933465455,-127818636959,-1494159005423,28764782934,-88127063587
2021-12-30,461038202,8727458062998,-0.15534757746707484,-218408541187,-928808475500,111152203429,-46853305425
2022-01-04,621549385,9991473942836,0.42614160976324267,88320676077,-763984512464,44849452345,-15769338988
2022-01-05,787346121,15428422516445,0.26674748620336897,620306631463,-1054513731623,12124810322,-79401996162
2022-01-06,786045066,13297135242112,-0.0016524562264275122,179393172726,-362186764838,95488036360,-141574797738
2022-01-07,546172478,10582421237357,-0.3051639128283772,654784683881,-383446532982,43976967672,-60387661544
2022-01-10,477399917,10397827640756,-0.12591729493920045,-87916196179,-287280619721,-16846330971,-134251061190
2022-01-11,566171897,10646541507362,0.18594888025504197,482015439035,-113687863753,32990502741,-94054348734
2022-01-12,519500914,10895354474281,-0.0824325319700564,457931826345,595325449991,16117795421,32324289076
2022-01-13,604870641,11458978734387,0.16433027295886538,373496060508,-178734668142,9206682486,-174713235080
2022-01-14,532668250,10799738387436,-0.11936831796073233,-245690698361,-496535813545,-34253202934,-14422584741
2022-01-17,593260741,10396512579668,0.11375277388881355,-252669002554,29283981316,-79451024468,-75722148548
2022-01-18,554040958,10040965253936,-0.06610884605964518,13357344547,-33213666899,-58749434050,-38083270563
2022-01-19,463829499,9649066534496,-0.16282453074525227,34395105443,153995346252,-27438992917,-119236996865
2022-01-20,395669124,8872018415152,-0.14695135852064467,-278365055282,290694613521,-19913942285,-102047818141
2022-01-21,532753367,10718107702468,0.3464618154031145,-222523979690,-195530412748,-47071495291,-198122074646
2022-01-24,473993186,9304491107906,-0.1102952785280098,-435676904593,781067396543,-14408558587,-55525174994
2022-01-25,639958796,11700945453437,0.35014345121830504,-441054307565,-24174190770,-7241273158,-145758734200
2022-01-26,472650641,8978726558031,-0.26143582375262797,-242517358356,257821659786,-23358422092,-160363069229
2022-01-27,487726708,20548835072170,0.03189685084971661,-1714190516763,103258119917,200338056298,1223072786568
2022-01-28,434186972,13753057379762,-0.10977404993781892,-706679771842,54909638756,92740256495,70663000432
2022-02-03,435709933,12472536011223,0.0035076156085125376,83879394550,-109170726819,40325620859,133617014452
2022-02-04,536148768,11393256143290,0.23051766185004552,194499581665,-139629744324,64397907539,181831395206
2022-02-07,417838468,11291947751742,-0.220666925042715,-6922551900,-751670257353,23468378092,-77974659508
2022-02-08,560534109,11785877200608,0.34150910442262106,-93899152343,64756906579,-15612444050,24136411675
2022-02-09,539123929,10337571131580,-0.038196034204227125,235534907513,195991064945,-14948760224,14708496962
2022-02-10,509611246,12776154092019,-0.054741927435389304,836537884237,-432229062404,-82978741218,-6785666970
2022-02-11,480520356,10992603318314,-0.05708447415228357,608078206414,-382430082849,-8117221504,-256540910457
2022-02-14,616343422,11579386551903,0.28265829803888676,68413753630,40712970536,-34969741950,174300862869
2022-02-15,589039193,9435833780019,-0.044300349489249546,-220897923389,150713966229,-1497511295,-16698015189
2022-02-16,422366402,8389883428213,-0.2829570476475918,-43736822981,241758463019,33292796126,-73387945
2022-02-17,611421577,11812904600162,0.4476094076251833,651482556155,106246431488,196351209504,57924021026
2022-02-18,513521173,8508342024254,-0.1601193148602278,-150679374990,50821320773,4237746398,46983639959
2022-02-21,495301161,7896733628442,-0.035480546777766464,-64893738307,-120560198403,4446137403,-3088714968
2022-02-22,648400532,10590490331638,0.3091035980834296,-330430394449,-247967078248,-9056908471,-79212746303
2022-02-23,537841009,9138533730564,-0.17051115405315553,-266792126670,180822311274,-16944487610,27437427144
2022-02-24,926399613,13586138013425,0.7224413860193395,-674201930866,-308816035026,-10002877715,-105831100020
2022-02-25,664347310,12221012186710,-0.28287177512022554,-124180102105,270657432245,-12954380257,-71273021361
2022-02-28,613470298,12894247765178,-0.07658194928191997,96475605521,-276732779880,-14472234195,-24186352150
2022-03-02,527950387,10996672546245,-0.13940350703009907,-307375772823,-128905229660,-11113489918,441986105
2022-03-03,614514855,10592861510194,0.16396326270710726,132683193535,135704305718,3437176906,48247280612
2022-03-04,765675798,12427423966429,0.24598419675306293,-589042923097,-321650703144,-52215422773,-86326785181
2022-03-07,571562292,12089299502161,-0.25351918724222233,-1190747396147,-630788040830,-70355650626,-143030830376
2022-03-08,540370226,11679452446651,-0.0545733447370248,-477359344196,-148483837735,-36589533158,-38860446130
2022-03-10,613810463,13694703490818,0.13590726036782041,-427766701209,738399274273,36204311610,-57218430427
2022-03-11,797034211,12363206013444,0.29850215831201954,-689442736381,-289524569197,10413002985,-95110810460
2022-03-14,636324491,12037826871926,-0.20163465731083907,-639141224631,-16641412285,-35560509712,81648855559
2022-03-15,604181621,9583002317208,-0.0505133315700087,-679033381195,-23833846539,-9864829314,106018559912
2022-03-16,736353564,9310850792342,0.2187619391355169,-131871761121,273765018986,-1964919376,55278748888
2022-03-17,546079006,11900904843703,-0.25840108244522597,463512579367,196816749376,30266992262,-30377624559
2022-03-18,644017432,11442603703912,0.17934845493767249,-103084892427,-14116755494,-22578706555,52889687520
2022-03-21,502401733,8693849794167,-0.2198942015594385,-491534894692,-182928566934,-20744308131,-59103540625
2022-03-22,489441786,9367506018394,-0.025795983868550865,219517391733,286692657816,16898216819,46538185790
2022-03-23,883375917,11838671696715,0.8048641171802198,57070890859,232957851846,-31053440149,55324695611
2022-03-24,960897734,13177858819418,0.08775631699726305,1021864931280,-180997915324,11682574885,-25887459164
2022-03-25,602771056,10824995141702,-0.3727000963039008,-554858526687,-114144174663,-27391188381,4344033625
2022-03-28,768042550,9801744222798,0.27418618122898053,-264305353301,138182395834,-22403068883,3622736751
2022-03-29,732159279,10020299985146,-0.04672042063294535,-283226870969,425428489842,-44492193300,-34173799635
2022-03-30,840134353,11099514114188,0.14747484201453376,-9345471822,225176255496,-62164841449,-28467342413
2022-03-31,1030288741,9729367389375,0.22633807000152517,-173867006193,163084812826,-3976002544,6568850207
2022-04-01,1305564027,10689584093613,0.26718265962298826,-72594005014,-609557628380,-24363171288,-114608329473
2022-04-04,1022970584,9744917655977,-0.21645314757129108,23158344197,21387342238,29312275520,-22586713153
2022-04-05,1605993694,9933180821147,0.569931451714158,11939645240,-191823533618,-22741924616,-12253204682
2022-04-06,1321644983,11014544531112,-0.17705468711510397,-589421142028,-442441268988,-8481321855,-96173913723
2022-04-07,999275955,12291042906435,-0.24391499392541482,-769583081966,-382997421879,-59294838223,-18955363726
2022-04-08,948355122,10296234348228,-0.050957728688668436,-458770365621,-3067762383,6024976984,18636822200
2022-04-11,742601512,8831630373027,-0.21695840010447054,-135729827164,-41938584939,32476703632,15031592938
2022-04-12,870969540,9853720362264,0.1728625998272948,-468298119861,-92536245916,-4940087640,-50276354221
2022-04-13,733240925,9645445517007,-0.15813252780344078,-63259789179,326598915824,63421809617,151034643309
2022-04-14,665351048,11419812319490,-0.0925887722374471,-254943274782,86408514458,77558545291,-104587902957
2022-04-15,693717683,9570267540535,0.04263408780262412,-321038895631,-503204524886,42198386535,9349143213
2022-04-18,1024914928,9050332417145,0.4774236740913522,-96162606678,-52159447197,36772639383,41543679644
2022-04-19,1257385350,9779975371254,0.2268192370401303,31640085566,150318191845,24210659811,127616201946
2022-04-20,1736282680,12283912938601,0.38086759162574935,94290153124,-252710464996,43688028366,52097206739
2022-04-21,1002973383,11482591241019,-0.4223444174424409,-57715515912,510369492186,14471454289,75904767497
2022-04-22,1239909929,12120588065484,0.2362341314495282,-156512116607,-597163274665,163067146,-63253995454
2022-04-25,1018005341,11698115888010,-0.1789683127862105,-709878216476,-237389341921,-34074930524,-7669727215
2022-04-26,889941868,10807853191333,-0.1257984293817177,-245268167021,140367609713,31248811925,135385930378
2022-04-27,1072367495,12558710512739,0.2049860036476001,-681077661566,-99438283026,-157841836820,97485725465
2022-04-28,899168711,12463396003912,-0.1615106619769373,-37759147510,-53021344877,122258213424,115356603569
2022-04-29,975253172,12664752150376,0.08461644635675047,14302129054,206089251877,79552561995,116589483205
2022-05-02,873722720,9075648672047,-0.10410676418697151,-68119155591,-95990371425,35822074212,-5161221983
2022-05-03,883402977,9199338259039,0.011079323884355397,115033804975,-176100100045,15882503585,-45937944071
2022-05-04,1181019910,9903933505101,0.3368982681162054,30611358580,64416224156,-29875135904,-58398123890
2022-05-06,1333935834,10595418478532,0.12947785444192883,-486320025981,-153398176099,-34421446420,11477544006
2022-05-10,841463317,10842463041698,-0.05734526287592501,-317712396806,95595950994,3521954987,663569341
2022-05-11,679509759,8608259453968,-0.19246656952010666,-289980981821,-129382417854,25660467127,666345710
2022-05-12,900330795,12167915258889,0.3249711031743989,-282071993178,-41551434071,32749485050,-102547161335
2022-05-13,788539195,10342060894273,-0.1241672512157046,68441056844,628552831291,41361508960,125622094098
2022-05-16,780198956,8528536948653,-0.01057682237342683,1773840081,-104803349360,-20564999388,14083306124
2022-05-17,873519449,9658877230199,0.1196111482620339,-52423752269,475989183573,-3381491417,64122542669
2022-05-18,870268210,10047167987534,-0.003721999554471278,297282181606,-317932456648,21969619339,-277833480350
2022-05-19,677595162,9883989670611,-0.22139502027771418,-90912806727,-354620109814,-31408995769,32551119920
2022-05-20,755652901,9634339029530,0.11519819410989252,196631339178,741776618550,17237605561,92764970980
2022-05-23,644204838,7815203608813,-0.1474857872609424,-30385454407,344672244071,-39269196545,-58483783111
2022-05-24,851235794,8703525826182,0.32137441973076264,-325411915774,-168172875485,-13824499693,-36501837642
2022-05-25,712611488,8353418910949,-0.16285065428063994,-165483309701,550995729373,-6668480093,36048417829
2022-05-26,595849280,8613523897667,-0.16385114465064587,37674326836,-33188699677,-31192976555,-79709902515
2022-05-27,590813776,8028158869516,-0.008450969345805026,275985972849,498058890065,15844165435,27692204110
2022-05-30,469797632,7473951584916,-0.20482959083878916,354086528028,315361145945,55589726873,20914943865
2022-05-31,671679086,13970895517957,0.42972003315674434,1057344614578,-572452758116,8223461867,-5244614539
2022-06-02,525259148,7860485371460,-0.21799091419082828,-90906228346,-669116072115,-24754697807,3008796346
2022-06-03,562469813,7566757988438,0.07084248821117156,-8818167402,213500738539,5650424951,64349511742
2022-06-07,524710380,8948923639761,-0.06713148355216714,-208898549689,-686304371143,-22724924942,-38812499655
2022-06-08,576389702,7964335124403,0.09849113714884017,-124454248340,10901849654,1844518710,27990548527
2022-06-09,814882844,10857975089630,0.41377065060749474,-937286496836,632435852523,43615125400,-106421165474
2022-06-10,724089803,8285964062392,-0.11141852067264779,-851670598062,-292623268513,-20851861952,97591011429
2022-06-13,660309279,10335873891430,-0.08808372074257753,-500936156417,-19960737892,-28707886347,-21452791231
2022-06-14,671756827,9992819780261,0.017336645666007566,-281091726857,196842397908,1888361783,37630740420
2022-06-15,714143493,9936928113647,0.06309822884762428,-460947268291,165801242824,-57685217468,-51168852286
2022-06-16,584041265,9588186586438,-0.18217939290248497,145687672170,13518358975,-7955205617,682634490
2022-06-17,634896746,11201571607435,0.08707515041766789,-390174301940,400824600077,-14867217619,-22663672667
2022-06-20,592701890,9092289259636,-0.0664593987382005,-665852399783,499824552251,2030978847,-9230276569
2022-06-21,479678348,7440755424721,-0.19069205600137362,-320130504579,500888893826,2370695805,-11902729084
2022-06-22,532138957,8690134078974,0.10936622263383877,-320221766684,35768962223,-42851418825,-33092079769
2022-06-23,749660688,10212365984694,0.40876866491095853,-296146879581,974377046701,19624388395,-25009595847
2022-06-24,654445552,8469155606714,-0.12701097646459492,-33735936565,551765297515,8901879106,16210429718
2022-06-27,510587331,7656358037502,-0.21981694361030668,266273068853,-286643384372,47490242726,-34119249417
2022-06-28,564985557,7193433718663,0.10654049306993096,-35441901944,-36734927724,-2866212353,-47597426134
2022-06-29,422127378,7965810495235,-0.25285279814683825,-232925576404,-407337058782,-20592893721,-39956101845
2022-06-30,515396401,8923480624878,0.22094994985139293,-233941442187,-236940985607,4308252334,-1820926959
2022-07-01,530345985,8687669165705,0.029005992224613975,-340027562088,132817377964,-26655350673,-34806063444
2022-07-04,467959552,7339364788057,-0.11763345959902005,-138456356608,425366813092,-52661646294,-147926073
2022-07-05,323904543,6890579318763,-0.3078364537796634,132426960750,73079054413,45878203856,29734171943
2022-07-06,410732087,8919471617948,0.26806522438927316,-47680124827,-467258322297,-11155880170,-46618887491
2022-07-07,340172962,7652635944561,-0.1717886847247948,144817694875,216882446871,20036476655,68206529585
2022-07-08,411424871,7008117581875,0.20945788454521552,242703482816,-180199309250,3027674564,-30458087045
2022-07-11,377108087,6301233630004,-0.08340960019405341,-20238969708,-70923384020,-26172720240,-44162093266
2022-07-12,379308230,6369257946374,0.005834250380315931,-44517399796,-144719520456,-47019806894,6134731919
2022-07-13,308806098,5998501221291,-0.18587029340228134,-100976800886,249094226085,15218285779,33855441352
2022-07-14,349137973,6539856912394,0.1306058243707351,398802420430,-592615773695,56560320484,-39271197177
2022-07-15,319675148,7383211368831,-0.08438734047413399,262167955242,-292762390995,-15011744521,19133311964
2022-07-18,324357054,7104661030882,0.014645824141449992,627841171123,-266765490571,18003595118,-2117155572
2022-07-19,339377650,6556190576633,0.046308831008188944,39347290765,-192008915529,12415109869,36116130088
2022-07-20,333329038,7434803856736,-0.01782265862233412,-39258099922,-57943338206,7777090946,-23235191680
2022-07-21,295624147,6309070850975,-0.11311613061445913,440211332512,-203789907155,53709388571,-3285424743
2022-07-22,381596729,6973850591019,0.2908171841591818,35871348835,-97114482972,-51486640696,-39221443151
2022-07-25,323090645,5959859115833,-0.15331914441017125,91613554092,201802295383,32452495215,-63594975725
2022-07-26,415671406,6240741372242,0.28654732791783566,1362170984,54993317884,-2525947299,-10173709517
2022-07-27,333587637,7049802775578,-0.19747273402780074,-117682878414,221441398363,-112523099164,30234989052
2022-07-28,491073262,9196434759360,0.4720967072289912,411564998153,47748270781,-14024498987,-60526423859
2022-07-29,499369222,10256338412084,0.016893528200278896,341623785970,312522390358,-66133271827,-80203326538
2022-08-01,487160292,7509597616018,-0.024448703408477157,134242433211,-79718609791,-25713059898,-35790975001
2022-08-02,549923571,7266264362087,0.12883496465266098,294143188744,-357904407979,-79974037533,-70956779817
2022-08-03,475302377,6751538574171,-0.13569375443265008,475371715873,-37503805445,-47638587086,-3935818425
2022-08-04,399964621,7506315190255,-0.158504900555126,201025134548,-209901223102,367842187,33216636485
2022-08-05,409776228,7561092338383,0.02453118722218184,374584369545,98432563574,-22931997234,-9331672312
2022-08-08,418234294,7613758407732,0.020640694657377834,173349901708,-296341441596,14652216102,27484082743
2022-08-09,454363895,8940803191412,0.08638603174898907,30565302037,72013818874,-21891714645,122394918948
2022-08-10,479467472,9029482446522,0.055249937937960514,-105026711362,-69528996256,-46171905330,-56897970642
2022-08-11,505245846,9710839930543,0.053764594066143534,141726613744,391260415706,35467630025,-14952467481
2022-08-12,445546613,8028576836861,-0.1181587804682317,-13702396140,176003208482,21080068670,61188652297
2022-08-16,398335301,8064107136952,-0.10596267735515252,50343912696,49693870764,-24967367331,-9532669085
2022-08-17,418052960,7153680341416,0.04950015464484281,51105702051,67730110891,-61747927973,-95594401393
2022-08-18,381627621,7105984862757,-0.08713091996765199,304678769467,-279893229540,-27246157316,-86385288642
2022-08-19,459834963,7138647913895,0.2049310314464896,332771140196,7326385581,-21753556311,-180187277884
2022-08-22,422552201,6108018866782,-0.08107857166137233,117070058967,-131972620785,3793409261,-45630459367
2022-08-23,471166457,7560708244033,0.1150491131863729,-239455693,-69492653537,-19250695737,-20529464934
2022-08-24,423502192,8119783719901,-0.1011622629155029,150032610207,-154835612991,37320627536,-6976090554
2022-08-25,426229583,7286329326891,0.006440087091686086,41373139286,62859240774,355481204,33857509164
2022-08-26,520091055,8628665213503,0.22021341489100732,239028855150,49782470071,216715111432,-992894796
2022-08-29,448746272,7891467341171,-0.1371774852001637,-48047162523,-381444110343,-40107540500,5507270936
2022-08-30,336555412,6826615309757,-0.25000956442486055,-39660342479,-48161902566,-35166655169,1992438469
2022-08-31,436246626,9562592358058,0.2962104023452756,745338569931,-186068211408,-20305169083,-18234584225
2022-09-01,580021246,8452317734460,0.32957187845390923,-291139960982,-565198761088,-71131991959,-18034671291
2022-09-02,391598680,7214619685036,-0.32485459334363764,-175993868441,-197431253212,-10239745651,27558265893
2022-09-05,354737977,6277833943090,-0.09412877234417649,-67550128641,160380775958,28167728414,3996721745
2022-09-06,294224141,5476236129935,-0.17058741923197018,-78482414798,-27939204098,23465046705,-10956486640
2022-09-07,378200299,7530889694741,0.28541559409294015,-494008781631,-41911048197,-56924335040,22923408763
2022-09-08,423620804,9208735425055,0.12009642805702803,-385718375058,212284904643,24271563946,-58244346125
2022-09-13,367102506,9165153475933,-0.13341719166370314,400469490825,644198673295,-9732341937,30275335077
2022-09-14,461507522,7625505300244,0.2571625484899305,-164531243008,-303692671402,-5928538301,142769676416
2022-09-15,424110958,7432763619455,-0.08103132065526764,-224331898754,-203296886677,7863233440,29413081627
2022-09-16,440798650,8690463859936,0.03934746717862447,-47269540645,-228561832574,-43899541431,-16384520191
2022-09-19,403937473,6885918719312,-0.08362361590717216,-547302731,67009406531,-20268878648,-28187350845
2022-09-20,419340243,7013236217546,0.03813156993235922,-59107429418,260410149478,14138155360,32144720867
2022-09-21,378165438,6269073304236,-0.09818949096187746,-275055745059,-17479083297,8895534599,-42554475720
2022-09-22,446820270,7413267166090,0.18154708257606567,-59357990722,-240213536383,-8196337189,-12680936834
2022-09-23,446460548,7416795759616,-0.0008050709069219453,-194387486334,-15439410305,-76910554100,-38668765979
2022-09-26,621995319,9461817890486,0.39316972526764005,-3434711580,604249545585,-88480636096,-101227396638
2022-09-27,487939509,8005556968882,-0.21552543227419374,-246297394872,320286138869,6396514442,-65153540746
2022-09-28,596136346,9208349862260,0.2217423164230794,-145952064133,-45591770536,4015022081,-82915470008
2022-09-29,508500874,7240707424286,-0.14700575227131008,220867465220,-13358973948,20431127680,-41272220113
2022-09-30,950269674,7923750847279,0.8687670416865398,167917517754,15907272289,58951553784,2683118913
2022-10-04,421003102,7500281281993,-0.5569646032921809,217192351166,-56951281046,-8252332718,-17019237216
2022-10-05,855790158,9509079504051,1.0327407421335342,77575173070,-610892861905,10495225764,54214933580
2022-10-06,643015745,6850065019707,-0.24862918907277265,251014502117,-47640043922,-2520688860,-9589379382
2022-10-07,428682906,7831443986822,-0.333324402499662,100120634526,-156317946096,-13466129722,81744585357
2022-10-11,859508909,7867859123713,1.004999259289336,196204951762,-294644965575,-38435051083,138890398451
2022-10-12,658347571,7409130718339,-0.23404217907879765,235036968662,-78445384841,30528515496,-27826029404
2022-10-13,792452498,7169779036476,0.20369928121144376,200865158989,-42999560110,-65748346772,-146393989291
2022-10-14,513523921,7161818150242,-0.35198144709488943,265677209661,221715945849,36761095986,64372170854
2022-10-17,498780636,6526810304619,-0.028710025759442703,265798735966,-246489668807,-12306822201,-30969823271
2022-10-18,580891633,7249919118989,0.16462346585563914,77437094270,124816013808,20154839921,-30848771267
2022-10-19,895161384,7738879084055,0.5410127003843417,147718368048,-111104336148,48558482748,-29396127360
2022-10-20,1108102611,8325030384709,0.23788026472777335,-3722025765,-242187424298,-42665069097,-45441048464
2022-10-21,637486476,6228174452296,-0.4247044726077268,29289233569,184787347460,-48342902474,-79413742682
2022-10-24,444820460,6846985381405,-0.30222761306076706,151158825340,283724402935,26247307548,-45862298876
2022-10-25,456770059,7030016883895,0.026863869975765065,73910629649,117954726383,13627058651,-49748089838
2022-10-26,563441589,7492742941480,0.23353441824434462,602037974475,-116791658355,32029283231,-47679334735
2022-10-27,587872005,8435336656071,0.043359270023640484,381653490717,550070434056,18689924801,-52390143662
2022-10-28,427245332,8289370725957,-0.27323409115220587,-190400546478,426047807177,-52831020328,-58485762345
2022-10-31,401399527,8679296295233,-0.060494060588121346,232073501890,-10523960827,5758912996,-44487382976
2022-11-01,597205901,9476615249499,0.48780917970538606,493949497996,135393577773,32168365659,5347844044
2022-11-02,450634597,9568100644617,-0.24542842553057764,525198776309,-354068726679,24271664845,-23486622799
2022-11-03,550428338,9273251406933,0.22145157443382013,171638922523,-685574292905,31813671546,81729880760
2022-11-04,436430311,7927339089118,-0.20710784516330627,41368155723,89162935333,29909706089,-35223942761
2022-11-07,392508611,8059881002353,-0.10063851866604201,110025246210,253985651013,50839790040,-56973270306
2022-11-08,500087936,8601453057670,0.274081439196757,282366498142,490165264707,-4490278547,-10201225466
2022-11-09,680722009,9342671819052,0.3612046202210324,417226476199,398510771189,-100751992,-10603973815
2022-11-10,899127446,9344425168815,0.3208438013056809,-109777141036,4442230752,-28008688333,-55406544953
2022-11-11,758247863,13917647603448,-0.1566847765872782,705275159237,842837258994,51688236454,6364521990
2022-11-14,731166034,11216385156415,-0.035716327498571565,142922364626,16793691185,-37629812459,-65715894047
2022-11-15,617401010,9308852326801,-0.15559396732042396,-235016868238,225899067038,-105624197493,-76849990293
2022-11-16,657833955,9880428494318,0.06548895182403403,91512129351,69714186507,-85304371300,-122575640969
2022-11-17,914519167,8556988540142,0.3901975719693582,-384299835349,22703750736,-13243304113,-49874298155
2022-11-18,589585960,7444437086996,-0.3553049719733211,197645625265,-6658095159,46905702251,-57105697228
2022-11-21,544528841,7049427243317,-0.07642162815410325,-165337857975,280077732071,-18371430220,-54439998407
2022-11-22,539169320,7253675569216,-0.009842492438339012,15650123452,102793679106,17027850939,-61189393296
2022-11-23,474789345,7477108020662,-0.11940585751429622,89609886885,81826917572,-2978244505,-71925900995
2022-11-24,481184882,6849558626177,0.013470262269680955,126982095467,-11524898330,34574929378,11433127816
2022-11-25,438394239,6347578947005,-0.08892765463067898,312653109891,-3866000823,7449811771,-5032472414
2022-11-28,350496873,6462501436307,-0.20049845134940292,-125156485789,-118994901620,-38458238751,-67050002625
2022-11-29,550174638,6533346119404,0.5696991339491921,62319678791,186131988090,25529936285,61976579010
2022-11-30,594127344,12469429031424,0.07988864437622434,1144644497176,-586221140317,29643134217,-2248369928
2022-12-01,491383400,8850099247038,-0.17293252875430687,33652032730,252224542166,4081983114,-18757375787
2022-12-02,468847334,7328393301881,-0.04586248945324567,-406017040453,-332597211934,-32513707056,-41186287326
2022-12-05,385586134,7717406208213,-0.17758701812304645,-293616814004,113227045152,-28897312057,-2311265738
2022-12-06,368635781,6477022385590,-0.04395996511638045,-98977502602,-111571565871,-39288412006,-54027333879
2022-12-07,332586789,6080662497686,-0.09779026849268335,-198228597329,130416115948,-12346577935,-25820225084
2022-12-08,351939439,7552996919747,0.058188270370534756,-466523510827,207808671344,61786308975,-70779529245
2022-12-09,315674287,7220197808267,-0.10304372849784538,100280111234,389531539398,-11711343096,22274691742
2022-12-12,499224684,5822259612423,0.581455014104459,17771225883,24393840101,2755821276,-13375087603
2022-12-13,447565388,6659361034224,-0.1034790499261451,-112056994243,35771117295,18274797123,-4857178445
2022-12-14,409799402,5724107192073,-0.08438093519421119,233390302769,199203954677,8907580388,2849663819
2022-12-15,375386441,6134217159398,-0.08397513718187422,-57603350762,-298291002648,-8719135548,-32841472676
2022-12-16,414172006,7206180401653,0.10332169935780922,292665102195,-284645002363,-29029254750,701804830
2022-12-19,323987461,5018051573386,-0.21774659729175416,-23447749615,86622369705,-9264675655,-7252377161
2022-12-20,358771039,5335838130528,0.10736087715444032,-103781513580,33909060964,-10256705430,-31076434114
2022-12-21,329724466,5102489702486,-0.08096130914290434,-104601708927,150210000723,5930134084,-4930789389
2022-12-22,553052921,9460858960619,0.6773184219820678,-4506398238,1002997910494,79588927476,7018680026
2022-12-23,366988585,5935798139102,-0.3364313412603782,-66547818899,277286184053,2888230220,20398289522
2022-12-26,427844636,5205750204132,0.16582546021152123,-37116880117,473269163300,26484175191,-17765057553
2022-12-27,448498792,7126994120167,0.04827489761961168,50235108852,942397070193,60737702943,-66862812880
2022-12-28,405893520,7566892910919,-0.0949952881924373,-310789177092,-768702329719,56865346579,-624487045
2022-12-29,361194425,6036542050335,-0.11012517519373066,-143667474477,-566107569301,14269000236,-1006283324
2023-01-02,346344799,5200137586818,-0.04111255593161489,5257042085,-166668802580,13169404718,-23713102319
2023-01-03,410245325,6149082624890,0.1844997418309724,88281512217,-353593534171,-1797629888,6457554831
2023-01-04,412841149,6487597995523,0.006327491970810284,260982147454,-189658412790,122390319528,39544825739
2023-01-05,430977022,7521178466245,0.04392942187068671,502342984329,-382313259859,21569199466,41987663170
2023-01-06,398606581,6764112169245,-0.07510943588078345,315749154598,-25423582718,76575393836,88457631466
2023-01-09,342095527,7028980630776,-0.14177150276402484,657331070270,390789112816,86464426490,47349479088
2023-01-10,359914195,6702908456279,0.052086819597614964,-1955421808,226598815499,36569233912,1707120467
2023-01-11,369010952,6297145034283,0.025274793621296254,34916836086,209295574218,13944886180,887169619
2023-01-12,580433350,7837776879492,0.5729434230992689,485839519925,-417451553356,30052717345,-59584049512
2023-01-13,862230157,6976741116461,0.4854938245709004,571527979144,159462821208,22933461293,30440336186
2023-01-16,517762227,6532806968677,-0.3995080979288921,300049168157,186225911578,15197634577,-551930336
2023-01-17,536811108,6314017773643,0.03679078929796087,179169806275,-164858893953,-7530401840,-53369898373
2023-01-18,537392995,5498577136647,0.0010839697452758035,73091904331,-66670959296,-52747443860,-36943462243
2023-01-19,370098909,5448179058653,-0.31130678582812565,572094289426,-174860196255,-10879928754,-80966651984
2023-01-20,302506895,5025541430084,-0.1826322973570289,231019489511,-14319139613,5360437888,-18699191936
2023-01-25,550087246,6665406114846,0.8184287865570801,768164444052,38041461158,1430289427,3921901023
2023-01-26,486831888,8206398683439,-0.11499150082094434,812270694693,103429680765,102361649427,9855666079
2023-01-27,509288123,9092446576759,0.04612728860521975,973962363247,275038763047,-5958689914,-3608051218
2023-01-30,475410252,9220413382464,-0.06652004920208987,15451352757,-273468134363,-87838601431,46355820147
2023-01-31,617195639,10394784014909,0.2982379669002173,-475136216346,275797054765,-101995480209,2148887413
2023-02-01,666296326,8596020942471,0.07955449438941997,195926250867,-52303870976,-3520884562,-78398404138
2023-02-02,693116445,9121677725259,0.040252539228319284,555702432620,-158531851006,-18378820063,-75852117933
2023-02-03,496860518,8027060871807,-0.2831500080769257,586758677762,-63039555079,-55521002201,-44471545507
2023-02-06,566819415,7671311282395,0.1408018839605203,-313375546418,-513915684792,1292527326,59431451490
2023-02-07,451159027,7594010675216,-0.20405156375950884,-57899119596,-261338907204,-24874093917,-3976087428
2023-02-08,415677405,8001678048694,-0.07864548834573137,592588968439,-54384591585,30061993647,-26298095420
2023-02-09,610694361,8986377129166,0.4691545743266945,150077469726,-318124460505,12472107301,-10216610685
2023-02-10,662365593,8402618515942,0.08461062570708755,48792690878,-505073560104,-18575051438,22680815311
2023-02-13,486398581,7371040643718,-0.2656644817599999,67142363935,-234600036058,-91062627469,3545391321
2023-02-14,349432106,6738873534337,-0.2815930809633673,60914632775,270695541397,11472385094,42074902145
2023-02-15,387066656,8758717823542,0.10770203811781398,-268652657440,-556773984422,-61306382157,-55446570937
2023-02-16,388027117,9170362763358,0.002481383981574492,69569379732,747741101358,32367503156,23358194703
2023-02-17,514047410,8364504360476,0.3247718715493795,119555409770,-384129751672,-15842135074,389997102
2023-02-20,390012511,7535474328847,-0.24129077705108948,-315404093934,189609007451,-23687266851,14405395860
2023-02-21,494660925,7333623297130,0.2683206590775238,29870543937,-210716054091,32072256514,36826751727
2023-02-22,427481883,8386250227119,-0.13580826502517862,-195119476219,-507031613376,-38575609410,-43148744788
2023-02-23,400991556,7451976722535,-0.06196830334444836,10865840744,254470163591,22017980740,-6741568660
2023-02-24,369900381,6991100390024,-0.0775357349420096,-300375029409,-86813841190,-2252160028,-5704023599
2023-02-27,357218105,6598229950675,-0.03428565270928985,-324862519029,-450193487982,24596019120,13165167304
2023-02-28,529789810,9274200246571,0.4830989879418346,-286814070363,261336807089,69060349115,43698239338
2023-03-02,428342155,9660273967406,-0.19148661051068538,533327276233,-263656863491,59053530345,5099325887
2023-03-03,371881849,7845380172919,-0.1318112292730096,-90856850044,12402292894,24449713686,-22650316184
2023-03-06,418813757,9781226495947,0.1262011257774509,327077832562,352158082087,29365414870,39342421635
2023-03-07,450481378,10732465515437,0.07561265710763165,340645921439,-284303124880,69140064063,66726943673
2023-03-08,438358914,9967055495184,-0.026910022460462257,57685403343,-945390300197,-7269292098,35157310419
2023-03-09,476374647,10357638632974,0.08672284693177246,-973156439120,427483970101,66549291352,53566407460
2023-03-10,413411029,7875520120082,-0.13217247894386785,-326470175540,-340476716286,41076391193,102505023904
2023-03-13,380739619,7702302033185,-0.07902887854498919,18632896391,123109245176,55897538754,92242816304
2023-03-14,485075534,7794604350782,0.2740348253592175,-639754868982,55506808455,-11180382567,58012670657
2023-03-15,443751262,7591756283752,-0.08519141680726372,-74597011259,246305779712,26516499218,23114709977
2023-03-16,320194084,7865786658708,-0.27843791912416016,-88667303615,-134669248037,26445001521,71323110401
2023-03-17,364175642,8617060403941,0.13735905876387156,80096196090,38882770186,23926207492,-20192849188
2023-03-20,346033948,6072911062048,-0.049815780924744035,-206160430368,98966686623,19652641623,2406250066
2023-03-21,355194640,7269040131335,0.026473390986482048,-55738649490,86287001422,27179255583,-2093270570
2023-03-22,501412159,7890323068701,0.4116546325135988,203985913267,99644062643,15849178122,-10437089136
2023-03-23,567703733,10367436910717,0.13220974563562593,214461898343,174543486242,4974834272,26266196533
2023-03-24,470659232,9248183928115,-0.17094215760599907,124284974879,-306353026592,37912359593,-978431835
2023-03-27,472847242,8534649614320,0.004648819891840628,-94607071810,170697781319,-40947330830,-10528162565
2023-03-28,524016141,8812617627205,0.1082144389455908,-41416558808,308730947217,7868591050,-18677792124
2023-03-29,497218499,8829888945168,-0.05113896291221309,28626612543,203110824722,17520536222,40872484357
2023-03-30,629052032,10846639791891,0.26514205176424865,263169289168,-62106224326,-18746992055,4930788841
2023-03-31,722612208,12903370005323,0.14873201458794427,687669960707,205551189201,15176586139,8115380607
2023-04-03,811723687,11300345587698,0.12331853518865543,-164098297315,-331850346868,26773822103,-14772924822
2023-04-04,832555311,13496867045151,0.02566344229400319,-312696736465,255809541778,43036543221,-69463515953
2023-04-05,632719928,9811876730903,-0.24002655482429558,-17512189534,329468507910,25358774991,-31179436869
2023-04-06,751378076,11332652707404,0.18753660624389257,-491513637019,-484667797797,-49498833193,28357773647
2023-04-07,586992797,11250171223896,-0.21877838101839964,695129396419,122462656364,70992895665,14708973054
2023-04-10,717648069,13539855326610,0.22258411460541305,740467175649,-57200271267,61961579885,-14367167712
2023-04-11,768175552,14050594716001,0.07040704933604447,187145478632,218523293294,-18174705181,61531935197
2023-04-12,900749506,14426258754523,0.17258288636605812,235247529238,-197049745959,21658167742,-20848581433
2023-04-13,841719152,11996436001118,-0.06553470593854538,-346259926990,441455434059,71607273848,-8705388542
2023-04-14,892445555,13088200741018,0.060265235594876954,187097208167,234184125931,-61598452192,73643229275
2023-04-17,775752420,12793677906915,-0.1307565871623395,-16806833778,-272613433176,24085781854,-6906690647
2023-04-18,896932434,14106396003998,0.1562096499808534,388773533830,-547473322937,-57339046389,-34261345421
2023-04-19,956994366,12750865238015,0.06696371958826952,-6936407712,49880594175,-10175602887,46122628274
2023-04-20,951423099,12415524184621,-0.005821629884078083,154240345500,56385023665,-44165597440,-44472340833
2023-04-21,970397971,12614672834698,0.019943673871218426,277815540314,232381766114,-164737652740,-40182438766
2023-04-24,927191299,11589467033126,-0.044524693261132176,-33457709260,248757171431,-76726733066,-38771401129
2023-04-25,886421798,13681150419767,-0.043970970223697114,8604656152,48669797443,-83562128478,24363084183
2023-04-26,1089215527,12397513675358,0.22877791301788353,-92523705480,-61995042805,-47539128616,15337684269
2023-04-27,733499935,11142114587400,-0.32657961916842926,280050131380,-571762522657,24805635641,32395984842
2023-04-28,777535095,14024831081451,0.06003430661517384,297814133693,-347261655590,9575342784,-20026036599
2023-05-02,701398536,9942386589950,-0.097920414769188,344755441541,191934854548,1195030937,20220427019
2023-05-03,889609358,9865860702590,0.26833649108158397,-91428316585,-191638189873,-24640022215,-19957725851
2023-05-04,810178245,10020006022499,-0.0892876320215148,39620053616,-261001434456,7450229244,-63699621016
2023-05-08,655536077,9213044478015,-0.19087425385015122,253039407363,445863292288,35558512859,-112003330086
2023-05-09,751646926,9351366513394,0.14661412601399815,115245569286,14371563962,7424806742,28258174569
2023-05-10,635635038,8906696780352,-0.15434359402941267,115506924875,-111175213083,-4684242130,-61461501851
2023-05-11,648134386,9002406636659,0.01966434707458653,1829048943,13706685978,26152016461,17623274813
2023-05-12,798229990,8589238141803,0.23158099190867487,-247467835960,-61425594326,-13548821653,-34266627
2023-05-15,484564791,6920284584591,-0.3929509075448293,-49794741705,91931794877,4991779430,48066738562
2023-05-16,628743773,8086955877418,0.2975432484528162,228307061872,-12011852011,-1689197625,902871183
2023-05-17,564411579,7218305741975,-0.1023186181121829,164026155252,39718012319,36099119311,57824376465
2023-05-18,572764581,7782864340886,0.014799487308179371,537880037713,-84102266428,17219251298,10270990698
2023-05-19,570097445,9199949186896,-0.004656600789356369,557944304348,657033592539,16815142051,-115962172315
2023-05-22,593619969,8214575194453,0.04126053222357462,299464059431,517409559650,-8779370836,17149190029
2023-05-23,576045359,7443352810396,-0.029605826821503034,-53533549246,353891619369,-16820874351,45130308340
2023-05-24,1072440018,7900596208889,0.8617284233688272,93525128152,-138744802065,-32629028741,39268859617
2023-05-25,917553486,9416538885100,-0.14442442411730294,224437924587,-484818196190,-12419225686,-83975340772
2023-05-26,634759104,9401899255628,-0.3082047927612581,911282987135,-315721124515,-35711185502,-103227385735
2023-05-30,641646565,11066254182072,0.010850511566668386,675135916966,52958933936,-70407557933,-23858403022
2023-05-31,686186797,15135110642978,0.06941552317045452,215604239109,-34180566216,-37316050290,-74439754507
2023-06-01,675233437,9168501896122,-0.015962650473439477,-8205036565,-152252525102,-64976192345,-89826988954
2023-06-02,569619542,9383534584159,-0.15641093762955938,372752069025,186463661511,50570760983,-41529220660
2023-06-05,545879707,8566306664573,-0.04167665125505826,-19511906838,299452398505,39623511662,32891565367
2023-06-07,537616723,10152915448875,-0.015137005266986359,-40297072056,403418041044,-5509195087,-27170606428
2023-06-08,581325177,11473710023538,0.0813003988345058,-383832936768,229040953612,31205733976,22177453652
2023-06-09,583219035,11128065460568,0.003257828965491427,480810929824,271638764439,94071048993,-2906622654
2023-06-12,557056391,9365137234910,-0.04485903653676182,-341957675948,241269506568,-24320651857,-153734992963
2023-06-13,694320536,11153307465910,0.24640978403208025,136776442548,429108675209,-10779867124,-230651198473
2023-06-14,654404452,13100475117196,-0.0574894186911965,112802666646,-6524523412,27831824145,-167941948800
2023-06-15,582437342,11513806869991,-0.1099734419288455,-64115208893,78906405394,-16651753314,-209919065873
2023-06-16,673673049,12620601901546,0.15664467303334417,427969606564,-121576789697,6384164616,-107997759965
2023-06-19,719549044,11096633448246,0.06809830832344899,-360412510734,230000882639,-23908851758,-196699304751
2023-06-20,722540797,10880371631739,0.004157816656066515,-281237544346,54014798597,-12371268810,-92494181083
2023-06-21,659798470,10654263369764,-0.08683568770165928,-199981783736,49997720039,-21982924145,-96729857377
2023-06-22,613221379,8937920367446,-0.07059290543671615,-106795277995,79027112090,13416725259,140391408524
2023-06-23,528307350,8548516965675,-0.1384720623055773,-187833176037,-391044002993,-26957872725,-14954388654
2023-06-26,481750510,8437663307773,-0.08812453584073743,15003253159,276121155644,-16122451726,-20915421468
2023-06-27,538509244,8592191725938,0.117817693643957,-108256746377,-161641055065,10904615920,118451158427
2023-06-28,488767961,8814328693756,-0.09236848495027883,-392267219873,87539481672,-8638474844,10069135500
2023-06-29,604508630,8824942470147,0.23680085078244306,55313840334,-228533249798,16699257815,24163096986
2023-06-30,510933786,8209120592849,-0.15479488522769314,-178358617166,189743384133,10497416523,48310428301
2023-07-03,618006181,8973590145582,0.20956217407004663,-13324597690,875654055437,64401304737,-217870021169
2023-07-04,674410584,9160795651560,0.09126834768663916,-59437290111,-3805616772,-1532098821,-269799977139
2023-07-05,601088685,10257664064971,-0.10871997080045825,255963611374,-578751096265,3462530865,-56753342379
2023-07-06,531900313,10291029204298,-0.11510509801062052,-168390181702,-559888748690,-54386264848,242707469584
2023-07-07,613265045,10367353235625,0.1529698893032989,-45069398717,-350592975084,-189686085346,16867127198
2023-07-10,561821159,9698695577307,-0.08388524084231808,-155682862763,-171553709084,29933482880,15771050352
2023-07-11,594134894,10596470857533,0.057516052007574814,268682955492,82297714481,18476209359,69080511617
2023-07-12,696924185,13229937627765,0.17300665562322615,218843259688,-74975559341,40968801970,29429726291
2023-07-13,585660777,13258009580486,-0.15964922784248048,217331353578,348976211581,130701114752,-52237443665
2023-07-14,569815109,14285300247019,-0.027056051254052194,615153686814,789473024277,14593734525,50471717790
2023-07-17,550569962,11732182232324,-0.033774371188181274,-164635714816,5687841480,-58337179548,-132453279875
2023-07-18,493202186,12003817042366,-0.10419706841907228,-155124731770,-252861392714,-27827559934,-2606983094
2023-07-19,440073850,11231685664367,-0.10772120949196284,-40280153577,-211815746061,-31643799987,48754019427
2023-07-20,372364710,9473223686191,-0.15385858532607655,162682219288,-271151831815,-19656863803,44302897232
2023-07-21,501871967,12258800016184,0.34779680652336786,-290353686137,17545949523,-7849825643,-7713771300
2023-07-24,529363268,19050421144820,0.05477751858573132,-170878002713,-223332929265,1892885189,-37238109281
2023-07-25,723471549,19204604621912,0.36668256513785913,-1353433695996,43905183219,-99706387904,-39124282022
2023-07-26,834106504,36348205551673,0.15292233005281597,-946729954145,248029110961,-131621068579,-18026845243
2023-07-27,594162667,24076448886729,-0.2876657067764574,82278490784,493123899887,-38620439415,-68439674010
2023-07-28,503267298,16807323601605,-0.1529806129673913,60211856009,-282895014178,-31609777270,-84250387368
2023-07-31,454242638,15688014180464,-0.09741276692291656,-292334454660,-83756810865,-5869470172,-37728782982
2023-08-01,493643248,15851940748272,0.08673912729434274,197811810603,265927039400,67499779327,-40045355102
2023-08-02,704673842,16001903871479,0.4274961621677038,-70146532016,-435205710984,-98655960387,-56359337376
2023-08-03,789416273,14921529311997,0.1202576652476337,-150843516603,-490710162787,-2610524450,-156511344288
2023-08-04,645750159,10971353099785,-0.18199031222656337,-245255348861,-148389181339,29789231937,-99918483580
2023-08-07,504070760,11894470648556,-0.21940280931467804,281066552709,-169245536005,-27169783821,-111208779502
2023-08-08,638418712,12435381687044,0.26652597742428075,-141897482016,-272797726575,-25243400368,-126543627395
2023-08-09,467526732,10326262318499,-0.2676800926850026,365704070574,-159030675013,-64682010361,-26623506531
2023-08-10,568155109,11349005297143,0.21523555791030158,-233144687241,8214190140,-47709033284,-57959444574
2023-08-11,675389953,10513465946903,0.18874219786343582,-190553271912,9618551605,52357085949,-61792240669
2023-08-14,624377647,9995329422745,-0.07553015228226234,-120195988639,-265060609356,-2502191745,-34198056616
2023-08-16,685135617,12025529175862,0.09730964952369603,-1898044111,-176359109572,-101930437462,18237382266
2023-08-17,735132744,10727642034665,0.07297405909055232,-1229151556,-135052905763,34867160839,-21794190917
2023-08-18,557784633,10776836338403,-0.24124637685843575,-108020298645,-186280989507,-6884108879,-29293162299
2023-08-21,399458711,8524817791134,-0.2838477660247768,-34008655799,36200932204,13796593680,-23363288732
2023-08-22,471808571,9270272191698,0.18111974531455388,-14806143234,-13252495253,33334206,-28011446799
2023-08-23,547169704,8577994375668,0.1597281983247396,20622541049,40541331832,-63778763073,-51835317928
2023-08-24,441140168,10099466159245,-0.19377815552448785,110643114880,121686813555,28619640312,47429944502
2023-08-25,577383852,8302851242350,0.3088444305983036,-191547704041,-180057268570,-19674114025,28197277830
2023-08-28,483587568,8221905557756,-0.16245048017033914,-13515475702,166541233018,80218616141,25465344457
2023-08-29,441365852,8275017288825,-0.08730934952405556,-161237154885,-5316486785,8275556226,21964499226
2023-08-30,364003001,7765444580940,-0.17528055387483854,-16495437008,222793338622,-11821751819,1330609779
2023-08-31,473168805,11334960549622,0.29990358238832204,-215735589708,300528170691,-51354930376,-29397802841
2023-09-01,493367317,10029746225521,0.04268775072777675,369057565880,-118803255584,-32221966497,-90160555822
2023-09-04,342072516,8699609485382,-0.30665752632333365,412832088423,25012921633,2769282705,-101863540232
2023-09-05,384579023,7590068827455,0.12426168432660645,161803980386,-111408717496,12306602839,-67695462635
2023-09-06,422126144,7626693242222,0.09763174472467262,-69319515554,-198330877385,923068801,-56426406209
2023-09-07,377270533,8325826544902,-0.10626115353802867,-5894909225,-63791459498,-31645708178,-57030681436
2023-09-08,396289098,7718992573949,0.050410947414226026,-355191007089,228982376829,-33738752044,-23745563866
2023-09-11,411070381,8340732785019,0.03729924208008373,23838762297,56398227660,6427668743,-27693064065
2023-09-12,359409844,8927207173581,-0.12567321652882602,-298118389282,123283453028,-43959317160,-20577765339
2023-09-13,417576035,9270998787030,0.16183805750184188,113314755213,81462358506,16126457450,-45074081410
2023-09-14,412509123,9577502570729,-0.01213410630713041,-517264544411,994284683103,94019052355,40530016080
2023-09-15,441729809,11995227354645,0.07083646002175814,47799868129,943236330232,38932624094,-2066687615
2023-09-18,416289507,8772091336958,-0.05759245013958292,-374504179360,-60941190277,25277139127,-10653468979
2023-09-19,462342076,7827324888504,0.11062630267065554,-1648570533,-291724601015,-458974483,-29168014311
2023-09-20,414667757,7571716473907,-0.1031148179556991,-167630100530,137388048006,991289389,-37567212618
2023-09-21,394676191,7803096968952,-0.04821104525857789,-68589734691,-611773313423,-49558658730,-16541773482
2023-09-22,433184441,7063027557662,0.09756922479268582,-127823596333,-564065051,3799839379,-79461316737
2023-09-25,438614599,7459544543909,0.01253544099475179,-132155489270,328953388694,-23986723292,-160438365030
2023-09-26,427476174,7060836784874,-0.025394560567282842,-42589254898,-315819353060,-15192809548,-38308362599
2023-09-27,366240767,6761281210971,-0.14324870185630512,-28216151255,-111375678148,39597810867,-22779748824
2023-10-04,424858687,10244656479390,0.16005296319183393,-423020397616,-340373546941,-31506596796,13924326296
2023-10-05,451722351,9141360528268,0.06322964510785667,-272074189365,127213157765,-1387675662,68030280875
2023-10-06,289391533,6522751201215,-0.35935972094504576,-326292992970,209017332668,-11469949318,2768252958
2023-10-10,416004097,9505946256101,0.4375130215022567,-207849178935,616440392286,-11463561654,-15338673947
2023-10-11,446948721,9140842858822,0.07438538279588136,-119608607595,452762534467,26281767162,61435564790
2023-10-12,515451710,8929118335738,0.15326811730601198,-57984808125,112937299012,39077522626,58458289216
2023-10-13,582883748,7164460134351,0.13082125190738036,-161143598642,-215288982296,-44677591430,13460559607
2023-10-16,788356048,8393099868062,0.35250991420676914,-210561334134,30844524784,-3895866712,7677329
2023-10-17,509375162,7711249611593,-0.353876762546255,428197231319,-125328213663,6290701834,-3265771520
2023-10-18,911545886,8897570511380,0.7895373665667664,346054496522,-16998260843,12624213597,-33366749309
2023-10-19,756946720,9054474474683,-0.1696010791935053,-138060396256,-165687461602,-18619309272,-25972480849
2023-10-20,521208061,9295958394523,-0.31143362243514316,210262201578,-33484841601,-23356612466,-15807856229
2023-10-23,395930159,7117567308934,-0.24036063786051076,-258377348505,137787308251,-12535026557,-29639933856
2023-10-24,444165247,7949284788809,0.12182726398470689,-154286881163,-34645073508,24992630141,29204055296
2023-10-25,440806736,7832203371912,-0.00756139977786241,-345705352463,-59644597356,59667258939,-40605774771
2023-10-26,531072827,9251519468286,0.2047747541680034,-479956349898,176971543463,-42161800785,-1442681989
2023-10-27,514875992,8009947757095,-0.03049833125805923,-380132598990,183019531733,8392948190,55811842429
2023-10-30,444842306,6954632697493,-0.13602049248394554,-66328418195,52459625770,1395609395,11140504061
2023-10-31,394982283,8233073267951,-0.11208471480228321,-327330060695,-32180808742,-5614830315,-27733226134
2023-11-01,358157301,6739277694118,-0.09323198428117851,-127321127007,370087710828,36155663302,27148167996
2023-11-02,377461502,7679304707201,0.05389866672018506,140098215614,232919149444,43251095939,-26207914278
2023-11-03,578661884,8040958355185,0.5330355041081778,133973051936,64326363211,46721279590,46060022904
2023-11-06,528584832,15225479879466,-0.08653939957794077,711542082199,317813942118,-40670034237,-26369617725
2023-11-07,457675546,12086569930572,-0.13414930150700954,411153564934,-273785493453,22198230036,-91882947671
2023-11-08,467217484,7667332335588,0.02084869528947908,-13714797057,232626919138,-2639601913,-138541348838
2023-11-09,395030998,7288448335831,-0.15450296376323114,283213236683,45294106275,20197957420,-66663851463
2023-11-10,312467956,5825602011829,-0.20900395770966818,50419710381,-74056490487,5027214236,-75164072675
2023-11-13,307123090,5934172518663,-0.017105325193729648,13789995380,16204094102,-27512021026,37279199726
2023-11-14,306963703,6382101015771,-0.0005189678184078783,-91051423175,568362717408,24327135840,35544981079
2023-11-15,419843260,9328219011281,0.3677293305260916,554363163844,1096206965141,33571058162,-47933820931
2023-11-16,407440839,6806413707780,-0.029540598079388025,457124771783,-161164421687,186561962,60383627461
2023-11-17,388973752,8129523115949,-0.04532458514793114,-75238474139,-81675366334,-37321048424,-19315939507
2023-11-20,323806345,6586444840432,-0.1675367725069531,99964854525,354642393309,9466020611,39970751088
2023-11-21,345054695,7713376763040,0.06562054860290023,352944596175,115083789166,6089359018,2598939340
2023-11-22,439485471,7755315532472,0.27366900774962644,142986688363,-93440363943,-21130474454,-14890996375
2023-11-23,360873812,6577868002160,-0.17887203147154773,118534036045,-7730491623,-9415175381,-61286809145
2023-11-24,359382702,6537960544304,-0.004131942940764022,-214753070468,104016378133,-14552541225,-36743353134
2023-11-27,364743731,8376475664368,0.014917326210096782,-106312974140,227072477853,-6079973448,-3053823423
2023-11-28,443089715,8753423571555,0.21479734219201707,-94681286706,481503494233,38553770729,456656053
2023-11-29,579271100,9428200342491,0.30734494706111604,79866148864,-243514726125,6570736938,51627599035
2023-11-30,664284035,11992488473054,0.14675846076215437,125286003802,249428954882,-8125593408,1778071116
2023-12-01,516596238,8837749634076,-0.22232627794524673,-176685634680,-298975062863,-49335911087,-32095023693
2023-12-04,498860818,8772366761173,-0.034331299176050156,257073620970,134669829553,14744581721,9682279634
2023-12-05,427066848,8300521654842,-0.1439158326521447,29410123845,-229485849079,5375995538,95674873924
2023-12-06,390989432,7685319935995,-0.0844772104623771,-145740273723,243898760883,-2897283516,-30786894530
2023-12-07,446877270,8127635646232,0.14293951044692177,36060258561,-202986955797,-19525997049,30629380367
2023-12-08,431796634,7916793470777,-0.03374670633840915,203839352110,277014165519,33774736433,83565047318
2023-12-11,435003610,8260507908287,0.007427051874610013,5342310158,157320811611,-23683207663,27083471747
2023-12-12,378033628,7732529685587,-0.13096438900817398,74912663432,657593447208,-16138043973,-55948709324
2023-12-13,377934427,7513616958089,-0.00026241316288400096,-130864026577,64103027249,-26289983091,57100772435
2023-12-14,530123485,12960670969677,0.4026864109947834,625199591344,322736997346,145556951118,159791041181
2023-12-15,465313553,12873295143562,-0.12225440644268004,856547128458,227748688975,56582565051,32437027401
2023-12-18,384828383,10181567999906,-0.17296975229088163,59377574402,-184339190353,17396007377,43159464303
2023-12-19,392497373,8418110713633,0.019928337770241944,-92128963587,133439163151,-25045227011,20169403822
2023-12-20,570423377,11202542825393,0.4533176939250496,480437624933,1096667203226,33337206710,9714347547
2023-12-21,578334789,9467808991589,0.01386936847085063,13090104788,179404321003,-34617536391,-64993753419
2023-12-22,465967201,8848287882829,-0.19429505216916843,-37303203376,377386297887,-49297684267,13269625657
2023-12-26,440428129,9582765574870,-0.054808733200944704,82263319958,958563425351,-798990823,-28109502226
2023-12-27,349733378,10359763878782,-0.20592406576283873,224943524117,-285766148894,-474021395,-13529290475
2023-12-28,460086621,9418929602384,0.3155353476155771,701651627032,785403465107,45360139712,29680611113
2024-01-02,409871688,9628190129018,-0.10914234561061054,228169008331,207003722486,-45651530761,-48757352917
2024-01-03,463131608,10121578328315,0.1299429103285612,-97306133000,-1026322831153,-82922074334,-23322437270
2024-01-04,770176172,8992273956601,0.6629747542517115,114904769078,-573620655840,-101652149900,-51803099856
2024-01-05,522289892,8384472928787,-0.32185659464936034,-51007262023,-225719711532,-47365153570,-120251638647
2024-01-08,320143990,6763632029996,-0.3870377449311234,170001896263,-252660239524,-60224900997,-69842222660
2024-01-09,791214273,8896714487368,1.4714325357161946,65561520138,144537343691,-30452817222,-123929980993
2024-01-10,570021066,8795834820834,-0.27956169971670874,-23772970820,17558623393,-40309700084,-88601071428
2024-01-11,788422596,13669889824902,0.38314641866235877,2296215818155,-424099929438,92631377706,-56890552755
2024-01-12,790177187,8368765827550,0.002225444842526958,-211917387709,-53291793982,-44027256870,-65731730497
2024-01-15,802102006,8182706743844,0.015091322802261553,-49758040039,189454428492,-38977120453,-75262965119
2024-01-16,659578602,8828509480164,-0.17768738007619445,-183870174147,-287720521078,-31179346966,-83150626229
2024-01-17,965595357,11281597951689,0.46395797873382194,-905570812638,89850072093,-26931353592,-81359132204
2024-01-18,571507487,8300177532644,-0.40812941688575244,-132614594405,-11955621903,11780753905,-38692383388
2024-01-19,518806918,9174537029762,-0.09221326089119108,702835503195,-105263100052,-38034751727,-75358587043
2024-01-22,388045571,8419915774574,-0.25204241204817546,300054481529,-21916102074,20482718153,1845425801
2024-01-23,472284165,8029400288499,0.21708428157784598,141101944737,137826000283,9801457112,62362891350
2024-01-24,395463694,7446526589060,-0.16265730823306346,72596902146,-35392768573,-30480446493,-6129803897
2024-01-25,357233504,8124338284896,-0.0966718072481263,45736559913,122082416451,2018862992,35308436380
2024-01-26,292662412,7144493302087,-0.18075318041837418,378937746349,-107631918798,36249499311,37543912204
2024-01-29,427439639,8958520572993,0.4605211379177727,546796241753,-5753762947,70986827780,88985971442
2024-01-30,481808939,8734431084623,0.12719760883009723,-13424075615,80957806616,21539683447,59507512094
2024-01-31,454574443,9000429911787,-0.056525510000967394,89167046947,27968112155,-280576421,8363215432
2024-02-01,751074606,13462481624148,0.652258761058417,1045216260522,64529536631,146513087376,-44509005586
2024-02-02,596121129,14368149719486,-0.20630903476451712,1934414924457,410083967699,65644912089,132048261589
2024-02-05,511677820,12476233311073,-0.14165461496332898,179461153528,-968004647963,67433199407,123946876000
2024-02-06,411617635,10386506269960,-0.19555310214540866,337846675502,-36523993515,-58257628092,-53133920957
2024-02-07,518182343,11491680255121,0.2588924743226806,538978673981,622454091628,-25330361669,-4488688516
2024-02-08,430009355,12493447627224,-0.17015822555729188,411334368377,170359845697,19339886087,56020020407
2024-02-13,559385295,13294428567621,0.300867733447334,960754764596,775036364488,-110219709029,-90423236839
2024-02-14,543525036,10107666432067,-0.028353013820286432,107712265234,-470713672239,-37644681117,10495829718
2024-02-15,621363093,10691023734593,0.14320969935964456,-9300908897,109423964906,-32521350908,-16150453454
2024-02-16,593841761,10221803977167,-0.04429186784674388,564332004874,276995926045,14433252751,5759449020
2024-02-19,422699048,9820891305363,-0.28819581955941287,615818658989,308694635234,39642375053,92021674096
2024-02-20,612668186,9999238286778,0.4494193656192005,108100424187,-235238168186,-52939992009,4490071306
2024-02-21,562144348,9150151196628,-0.08246525469171329,-64775807045,82532801604,-23285416426,50767809671
2024-02-22,456396847,10278918996172,-0.18811449652785617,169401662585,120718578274,-15650718952,-48461557762
2024-02-23,415376166,10282074497042,-0.0898794136498493,146513959251,88295019877,-11939678140,4438819180
2024-02-26,531661427,10950640820454,0.2799516932322015,119241482008,57616042097,-68806104315,-18713777280
2024-02-27,574301706,12634501574691,0.0802019421281055,35893174343,96777588677,-39228185895,38556958308
2024-02-28,421552569,10266442750037,-0.2659736779538663,477877464276,76639185114,4945486310,-1281253923
2024-02-29,496064469,12975398337140,0.1767558911496041,179490233297,-445242401174,-37925464817,16723307982
2024-03-04,404014324,12680157695305,-0.18556085096270014,770225637938,-43513838625,11319634698,73931939075
2024-03-05,457237152,12207053152140,0.13173500254411774,85533627777,-407198329961,-72997670191,34085214971
2024-03-06,378993989,10533005950271,-0.1711216218055701,-377379623759,-132125741387,-51006404764,-24711028395
2024-03-07,462910823,10871921043030,0.22141996030443645,-324588467680,41853533217,-26515067376,-14115908194
2024-03-08,454259855,11479440624975,-0.018688195587943768,182117355683,672494732816,-13318613139,-15234742937
2024-03-11,391384816,8856058910332,-0.13841205272255463,-106181568240,-38700956515,-54255192239,27596986702
2024-03-12,403969278,9731030845026,0.03215367966651006,-372260034957,475106035607,-48028409585,-23520120205
2024-03-13,498759769,10957571435594,0.23464777190309016,334780333474,40228954152,-176396213000,48287264219
2024-03-14,609288045,14142602900461,0.22160623785195477,472611203728,-186256274148,-37065139151,136617262166
2024-03-15,584947718,13235768120641,-0.03994880122750477,-1035477088374,14606140982,-106124077599,75833319845
2024-03-18,408182483,9523805666900,-0.3021898018584971,-86899513299,306873060469,-899914637,1395248889
2024-03-19,695865617,10702804612977,0.7047904944024754,-241440907481,-538775798395,-35396996074,18301934161
2024-03-20,720451805,12739395278981,0.03533180458893104,853830013360,555424568367,23926904692,10218348100
2024-03-21,825226939,14013557214292,0.14542976125932539,1878339613411,1096862478120,10202996486,-15368975587
2024-03-22,509545275,11532687277699,-0.38253921325270746,666788249828,-26332545579,-72132530851,-17959564694
2024-03-25,489620187,9979717463873,-0.03910366551824074,-43286028618,-141536486321,-79833518248,10313948958
2024-03-26,448300913,12188273305400,-0.08439046243818371,623038803749,709984907492,-45568972334,-83112767384
2024-03-27,510644016,12461944297042,0.139065304558057,292897572586,172526141112,-68364828056,85111846153
2024-03-28,419277948,11925008942773,-0.17892321291786173,73487346552,-189842652476,-34140067486,-671097806
2024-03-29,495495575,11190102648960,0.1817830567134906,782349262630,-117410797384,-82278583086,-77790551674
2024-04-01,397600506,10066834746484,-0.1975700166444473,270726587745,127609421735,-43473379591,-4839075428
2024-04-02,630392908,13116888253006,0.5854932236932313,1006459481239,-253080099477,19967817486,-116722698136
2024-04-03,640806255,13257039663440,0.01651882003723304,531578062,-595525754823,-99269272338,56271725959
2024-04-04,477952756,11978193544511,-0.25413843533721436,586429000048,-33795731478,-4016363006,-43559657516
2024-04-05,621030559,11293864180906,0.29935553504790335,-113075128415,-383323957165,-62186516304,60407304303
2024-04-08,620652526,10560913230739,-0.0006087188376183716,206097245883,-204863192855,35816006554,51208702671
2024-04-09,470183666,10037704753832,-0.2424365545883559,303574082588,53173111089,16762606397,-3594160472
2024-04-11,561333352,12789892903761,0.1938597458636515,1065090769092,-1302702364100,104126540855,98875013081
2024-04-12,514575252,11903471260891,-0.08329827513972476,14607221018,-556272267872,-38180264801,38901923580
2024-04-15,561950019,10506647345531,0.09206577039192698,-238067563594,-31416184970,-9752284617,52468571584
2024-04-16,570212078,12257738700180,0.01470248015064124,-270261774041,-79588663622,-91530079344,22980198501
2024-04-17,414348111,9779317782734,-0.27334385400373784,-169244660806,-129364889953,-26296801166,-39210361102
2024-04-18,478786204,10571079673653,0.15551680166824755,574595483298,-81879476001,44505115327,18849862974
2024-04-19,809473426,14044807236711,0.6906782593927874,-348922412029,-630395611944,-7212402476,65608826735
2024-04-22,401892185,11021071197748,-0.503514047414819,-750441480764,631278289048,7751327836,147385476380
2024-04-23,430275765,9948338030037,0.0706248617399714,-25292878480,42341247741,17371773643,36406688137
2024-04-24,325739636,10227694656817,-0.24295146857736694,492409326963,222341751341,41659091754,56511371856
2024-04-25,334062359,8987958983331,0.02555023116683297,-289241084594,-408177723698,-54408070716,43689175152
2024-04-26,450520678,10148866094724,0.3486125145874337,473101745658,21394724435,-31278545362,68613364520
2024-04-29,470546033,10491387518238,0.04444935821569551,345192338843,253652931479,24783141696,81079168766
2024-04-30,460083516,11347130197832,-0.02223484264290887,238400241471,173358046832,59908474116,11678673739
2024-05-02,351087270,9059052787751,-0.23690534915839068,2674010328,-145513004804,19372105745,-2122962625
2024-05-03,338612027,7850446650277,-0.03553316814933216,94476971612,57001136004,-13838084914,12629640424
2024-05-07,532203424,11153672379482,0.571720380741231,1115541775806,792709519219,-23927915909,-41010585708
2024-05-08,436315210,10293632989622,-0.18017211027939573,400078362230,90059882225,3997296237,-11754431659
2024-05-09,423810541,11102793125978,-0.028659713696435163,-358695409642,84720280682,68042480247,-178895760745
2024-05-10,586133434,11566879277171,0.383008154108182,148283671541,399905368913,-4277000835,30362348178
2024-05-13,625277713,13054660270065,0.06678390402141776,20102584195,73704563018,-12863342247,-47682492630
2024-05-14,443295551,9491099959143,-0.29104213730387674,84516691286,113661803101,10175792200,-12775451031
2024-05-16,521841311,13253185991139,0.1771859875940871,425686479323,680881393070,20138752277,-68611125297
2024-05-17,575936318,11008339216044,0.10366179499345929,-241485968936,-18961498104,-6162987108,-85629787897
2024-05-20,582071105,12502253995995,0.010651849533128477,-16080521471,464617447809,50160158193,-152220019292
2024-05-21,560818982,10490361130914,-0.03651121455341788,-106647594020,29634389785,-68433902903,-222971668307
2024-05-22,484723878,12378510253371,-0.1356856783424638,294146319727,114018945972,-9654005532,-82718762426
2024-05-23,428079461,11449262184318,-0.1168591430521605,361785770316,-265533032179,-18517954611,-120026660392
2024-05-24,501638731,12363444691766,0.17183555087684987,-313508413753,-750502624066,-56139454255,19663305533
2024-05-27,556709910,15847767781392,0.10978254986455571,-136693600243,376043691372,24060689470,-31889385495
2024-05-28,440956718,11586995502162,-0.207923713806352,44235878679,-15319724316,-9950412122,91413317565
2024-05-29,438980914,13076460910800,-0.004480720940053806,-1027365764660,-227779199187,-28666562594,19495675617
2024-05-30,372741998,11132062547655,-0.15089247365319391,-784858278876,-346763215076,-35263388378,-11311011216
2024-05-31,613717789,16353906904146,0.6464948739154421,-1336890482643,1016862679550,1846432380,35726932921
2024-06-03,782329142,13995552060921,0.27473760093338284,189037408029,239275400050,14675655173,-87898380882
2024-06-04,773459815,12649033157359,-0.011337078633330555,-211346468561,-145614010159,-51292937456,-56759701617
2024-06-05,881481171,13624987518166,0.13965994600508114,591569475086,-278081999524,23426254515,-28481749691
2024-06-07,783870642,12465269602613,-0.11073467274322524,286091533818,250291257713,7850912166,-75792233751
2024-06-10,506891681,11327687402104,-0.35334779255580284,16955223849,-469019250768,2815508326,-42084005040
2024-06-11,558892980,11776520079436,0.10258858243128288,-223954814991,-161349036409,6004198584,55170078788
2024-06-12,511008858,11839575564352,-0.08567672830673234,234248937013,75504916231,-31391354851,-39944640603
2024-06-13,700027275,19135858383663,0.3698926428394711,1544900451947,-365296485696,93869481202,145754851993
2024-06-14,644979251,16187046354733,-0.07863697025233762,731514243231,-387073670154,-30296646285,26248186801
2024-06-17,593985068,12457645927392,-0.07906329222364394,-137445870011,69937951278,-38586060425,-104814523216
2024-06-18,561975111,13269477858739,-0.05389017119198025,649277308961,4851659863,-61083195488,-86674294484
2024-06-19,646706151,14069563614982,0.15077365232283402,275707341054,737353180003,-33536889816,-40867759683
2024-06-20,758165860,13576969980405,0.17234985136240022,496594265759,238199196419,-54302043687,-12058234062
2024-06-21,631143373,14492984699807,-0.16753918067479323,-342445470613,130975705710,-20531474845,-55625807230
2024-06-24,594166310,11082706901587,-0.058587421783798055,-529881015279,69441491634,-18088421801,-40610700848
2024-06-25,714242157,11767747562752,0.20209130840824674,60954213464,245808229654,1104857609,-69786241878
2024-06-26,535034373,11325142857725,-0.2509061979101298,433534373080,-199815635146,25277874885,-57566702430
2024-06-27,397169222,10271109212108,-0.2576753157502275,513619005559,-667570008216,-8276939954,-49150461166
2024-06-28,610550442,11020137988129,0.5372551753267527,32153817876,307069087195,-8248546170,-67354281714
2024-07-01,459218341,9945336827186,-0.24786174997151178,-63341087773,125994819722,-18725047300,31781348253
2024-07-02,538842197,11648477198292,0.17338997355072983,-33276899038,-194928606513,-59832305081,-2260295343
2024-07-03,340337982,10243957490730,-0.3683902561922039,101432171198,124207281720,15688502665,31642026271
2024-07-04,393738620,13067110367346,0.15690472654915144,321797560335,1014506279391,-5162319581,73082580326
2024-07-05,378159145,13142275173526,-0.03956806421478287,1313046071755,1279220993011,-7108346526,-9650906892
2024-07-08,425055594,9938577085762,0.12401246834847801,528365149893,-205357170635,-28226073262,-47534558080
2024-07-09,456429222,11241863704494,0.0738106460492789,327440465551,134507037139,-53028077615,-65384088183
2024-07-10,472472909,11841458957088,0.035150437848170846,526916178849,170882373801,-67403242003,-71942289050
2024-07-11,462216873,14649701388722,-0.02170714088498138,610465724200,-218632389860,192199677423,-24089116123
2024-07-12,408178316,14085702513511,-0.1169116926633702,-550065832517,243498669699,-39330074671,-15959715340
2024-07-15,424457898,12165673099287,0.039883505227651606,-76964828774,207102525851,-31056527583,-72565329112
2024-07-16,677904823,12660325755248,0.5971073366621629,188336561052,192344330530,2143664276,-51740833718
2024-07-17,549094120,13923509175223,-0.1900129614507846,-256583993492,352402488989,4754932181,-196991401688
2024-07-18,658374570,15548196201712,0.19901952328318506,-349460754250,383194615015,-65524507563,-85407403428
2024-07-19,426207952,9585234666046,-0.3526360655151064,-420230986166,-73813572200,-102271310006,-108266329889
2024-07-22,463878258,10499644345892,0.08838480329433174,-85368275960,151951322199,-83764592286,-93564874878
2024-07-23,423403234,11526841676052,-0.08725354832215482,247048340465,-106391604649,25867469004,13683039498
2024-07-24,469221275,11053910300885,0.10821372469724677,-263538687756,6181282757,16199577051,-12685965214
2024-07-25,440318335,13673708697212,-0.0615976758513348,-676696224483,-267899826,-45715442104,-21567374341
2024-07-26,516467609,12971731709664,0.17294141067280333,-47288785165,285735021515,66778146327,5130738888
2024-07-29,456515695,10963602971959,-0.11608068532328808,447442245546,-95649741562,31245544893,21975444038
2024-07-30,392868090,10199651173207,-0.13942040919316034,-244858044756,-177360619374,-7090627249,-100431742352
2024-07-31,557090057,12197991898146,0.4180079043833771,149324995700,62441095900,4047743517,-53944809039
2024-08-01,480833975,10904975425060,-0.13688286308796926,440977425320,-214045251761,7930266188,25173277491
2024-08-02,531785136,13102123147549,0.10596414490053463,-847870930180,-327569958503,-132459647824,-109462612619
2024-08-05,763777757,18781701096636,0.436252548811368,-1523813795537,-419456771548,23447557100,235844512918
2024-08-06,567266430,15535848582551,-0.2572886225069788,-174155455632,-767265394740,140198858431,237212419816
2024-08-07,476990686,13081659609896,-0.15914169995922378,-18716243874,-445931439311,64953210444,32426918201
2024-08-08,495299005,11463675279196,0.038382969599536354,-519634723615,-418736729101,43335833798,85226342980
2024-08-09,475012051,9721686771659,-0.04095900414740383,152537242,-115612868875,37718158055,34021210450
2024-08-12,293083794,7601221663229,-0.38299714000308593,78501696596,89921761727,26044643926,3960511024
2024-08-13,378532151,8965946240835,0.2915492386453822,133323314718,-28516764667,-7649488765,-2248875325
2024-08-14,328748140,8867077142812,-0.13151858004262362,391761625312,-95053747571,-3977404730,-29044198714
2024-08-16,385851899,11192930297117,0.17370062991078816,1210790821913,233178847732,-15559717124,-2357676377
2024-08-19,395636824,9262568374795,0.025359276513499784,-119587392119,96704917440,-22660691972,-37701027259
2024-08-20,484188400,8954162720335,0.22382035904726605,292913410407,890635336,-13108035045,14505808864
2024-08-21,417329635,9378558424607,-0.13808419408643413,31111966566,163606793874,-49926784595,-64132505607
2024-08-22,441756204,8946316911575,0.058530636100165845,68658227680,79186890455,-5964946296,7471486834
2024-08-23,330591762,8285767864758,-0.25164206182829296,-295195213081,336610989652,-28194176229,14509555932
2024-08-26,333687885,9087411201066,0.009365396709431595,-466658102426,343377625793,7719858795,31745801309
2024-08-27,264056855,8050720479398,-0.20867113590294117,-407466927604,380792485410,8339642979,-18214989888
2024-08-28,280773871,10567478196675,0.06330839621641338,-343506502999,242472851414,6498887162,-32766656648
2024-08-29,288835634,11464719820380,0.028712653963445245,-420834592800,-85314301143,-55602532288,-28011649724
2024-08-30,278845310,10340760628054,-0.03458826690338357,-378965676136,421571523709,-12734537738,64139996341
2024-09-02,266992573,8669962668666,-0.04250649580586452,238731457949,-410571724502,12931563638,1896520545
2024-09-03,303460408,8978417447396,0.13658745106741232,-290652841877,-182763415085,-33003480658,3211590973
2024-09-04,455469305,11370290372994,0.5009183833958333,-988766131139,-566755340047,-68018071389,30786041031
2024-09-05,379002653,10189751207176,-0.16788541216844455,-585847610166,56112367418,-2909730265,52350112512
2024-09-06,374782188,8685310141898,-0.011135713606732933,-266149669649,126555897823,-29159169767,852444260
2024-09-09,270230978,7454380686929,-0.27896525861575894,-542156068272,-8601764591,14212301153,35738313274
2024-09-10,347650170,8421866699897,0.28649266110416094,-670845780327,-102991665738,11857202176,37065925984
2024-09-11,302560681,9623015977525,-0.1296978770354118,-1035105982553,80077198047,-39489199510,19281845159
2024-09-12,340478891,11282356523795,0.12532431469507443,278183297163,-166884101034,143592997803,-43818934496
2024-09-13,358262872,8422029131843,0.052232257182722064,-957724977076,275817408201,36853809822,71033961638
2024-09-19,385081293,12871058979763,0.07485682468374777,-1175565506726,887828400832,-1173328275,10738731739
2024-09-20,495964133,14276592945661,0.2879465765167668,-33693633654,234291374250,28014301786,14036438593
2024-09-23,339140017,9526459225941,-0.3162005184757988,-702262983894,280795869464,9944915232,28082208914
2024-09-24,355097005,10338360663397,0.04705132747575469,-377330205723,552063035808,208412350,6470306187
2024-09-25,454471748,11671496763447,0.27985238287211134,-570117330908,707251053912,-81369236152,-46333782707
2024-09-26,324888966,11602405999054,-0.28512835521736324,495327991835,698914065041,51972990585,4125029205
2024-09-27,413004129,11987017925748,0.2712162376114675,265886003578,-421965660834,3161310152,2057999664
2024-09-30,358915798,10806867445787,-0.13096317252557055,-1003233969611,-171834281314,4061327531,-23375912575
2024-10-02,351004351,9607877432678,-0.02204262683360625,-307355643556,-622606164267,-32708753832,-21190827398
2024-10-04,414328553,10016557160951,0.1804085955618253,42753532722,-169478439905,-7709625782,-65243575899
2024-10-07,343671145,10378943872137,-0.17053473019997245,29180864802,-63788114571,25309093861,86903623202
2024-10-08,318240024,9168276247124,-0.07399841787706674,-381045764410,-324303967814,-17553266100,4681380222
2024-10-10,618559988,13867594373662,0.9436901123411177,162645782446,-439356259957,23804233192,118421130458
2024-10-11,491276237,9548436311434,-0.20577430397906693,-599057026811,175059218591,-14539617289,71242141360
2024-10-14,401705670,8525414408760,-0.1823222054194329,91477689688,247611965348,-9158474001,89708652791
2024-10-15,438292799,10054355841679,0.09107944381268007,290378190889,-84716024327,228325772,71140727656
2024-10-16,437552776,10053097319299,-0.0016884215339344477,-659709200287,-146469435495,-8520262010,163445418653
2024-10-17,331265227,9953645240876,-0.24291366625908462,-404864432100,159491320158,15592590772,18201444337
2024-10-18,265201103,8274853556430,-0.19942969746112227,-478458966024,140610191264,-15970324584,35681143792
2024-10-21,240675023,7757213527460,-0.09248106332348094,22102494346,197493862642,3003491522,-31017212887
2024-10-22,343318170,8958061448792,0.4264802625571993,-281396426842,-277651438158,-46752818001,16006775432
2024-10-23,352421162,9430154792746,0.02651473995681619,211550408971,204759613915,15210770999,71854236317
2024-10-24,343098218,9733937488291,-0.02645398462195636,-607437061970,-14263557786,2405545884,-20276440051
2024-10-25,462898403,10286877485946,0.3491716911219864,-390904273532,90701516255,5447350376,-8484599509
2024-10-28,333735957,9133006346665,-0.2790297939308294,-128277956084,349524976844,22124938772,82873506991
2024-10-29,363290058,9341171256858,0.0885553395734342,-117692502276,32617447526,-10134760932,25314403149
2024-10-30,487359045,9067046289191,0.3415149527708794,-335688800744,46821689654,-46166150285,8035688985
2024-10-31,406613036,10980673439062,-0.16568074364968444,-858299287918,258450468848,-32653516665,49871877805
2024-11-01,319848769,7944318405637,-0.21338289557445478,-39017847667,-237272871543,-34987822855,14780765621
2024-11-04,373943470,8064748773264,0.16912586898216264,29716800648,183862669387,4963715143,102351659906
2024-11-05,310875315,7716007774972,-0.16865692293008883,-144415341105,-202008698614,-44763636469,-28910188732
2024-11-06,548506117,11791887929674,0.7643926376077819,-103079533892,-43773444714,-9040870503,76337430691
2024-11-07,465146173,10809704016429,-0.15197632517925042,104649721048,-55393323792,4956478096,178899209668
2024-11-08,448734499,9921212340072,-0.035282831403624204,-13207813305,193834692237,-47770120168,-6441943082
2024-11-11,572196827,11290168186878,0.27513446876746595,-481702712984,-220728871329,-17545700228,71860171483
2024-11-12,735812780,12848018036593,0.28594348182220863,-306357985372,-26351345295,-87729325236,164830037963
2024-11-13,619176261,11208360429193,-0.15851385321141065,-630824890951,69869273798,-32997618165,25758571687
2024-11-14,639989952,13017388247182,0.03361513079714151,-233309824306,-31985934413,96935139213,177648751466
2024-11-15,623327161,12365758546178,-0.026036019703009283,-59478559825,-96392962924,7134765771,103831072255
2024-11-18,443925881,10621301146512,-0.28781239006525494,-52987299865,-73025632748,14864147688,43784358580
2024-11-19,410856127,9085861075487,-0.0744938635375485,-329956823604,120453184433,27971023145,319487650799
2024-11-20,408789732,7820084740597,-0.005029485662264466,-182317438969,-32152100370,24153633173,181000588722
2024-11-21,451118534,8356409257842,0.10354663702756595,-259260058166,-288550286,14389628978,300695947782
2024-11-22,543517791,8017171405214,0.20482256887277428,117541103843,171518671341,49241716550,82570042348
2024-11-25,564692445,13495227553966,0.038958529694200994,-74748556334,435726389515,-11709771039,54485875472
2024-11-26,441708781,8709923196814,-0.21778875401812747,-68993373953,-232966094369,-76133135952,71949430369
2024-11-27,414339138,8586048743292,-0.06196309463904459,-334901892865,142961374664,-66310527177,201213816091
2024-11-28,342571105,7572752629681,-0.17321084690773292,-491859100546,280865845785,-32204512507,85666024663
2024-11-29,384278001,9106481521439,0.12174668380160081,-749351188353,99435592904,-40090877675,10157082431
2024-12-02,328109545,7591739683478,-0.14616620221254872,-130920289410,426966125180,-20717896897,-8074264978
2024-12-03,324137730,9145172832624,-0.012105149211675603,565500381091,244015246982,-4024994759,-318937050
2024-12-04,670284268,13296925007005,1.0678995561547246,-407121454238,24347148909,-77409636642,111981588236
2024-12-05,519351593,9720715707167,-0.22517711097465287,-317368769486,-4639211800,-58486425942,157457069756
2024-12-06,630408602,10726880321289,0.21383781333660035,-284114671292,470508289470,-2680002790,344514468553
2024-12-09,591644435,10004534867179,-0.06149054260525466,102683814372,490092984663,-32970450079,228329146264
2024-12-10,598770280,9303804224973,0.012044134244244109,-104694432233,364528755014,11505853560,20341073636
2024-12-11,617716470,7745860519277,0.03164183432751533,-137602911179,170913269638,9212492395,-26820336054
2024-12-12,664187237,12259144225557,0.07522993032709646,-20895446529,-531546267616,168342655759,387787418198
2024-12-13,577737398,8849455236945,-0.1301588380265729,-173855549323,-147104375772,-14543519819,260846212030
2024-12-16,526708153,8466421567755,-0.08832602005106827,-433889326275,-60241181602,-54361564808,142276947620
2024-12-17,559039721,9284835596090,0.061384217836476074,-702048088822,47947415961,-14850160394,141467543105
2024-12-18,441677820,8338565732727,-0.20993481606291797,392377279981,85258693459,-17429787527,100327354911
2024-12-19,504467068,8443749654047,0.14216074513318322,-433846681432,-559085781513,-30465188738,136641701243
2024-12-20,617782376,9347347558007,0.22462379645364683,-822426007869,-194850504335,-25239156185,186998265857
2024-12-23,428166806,7375539570358,-0.306929393531291,144818363771,391894608673,-39824353595,76991963721
2024-12-24,386777917,6740790173171,-0.096665337947753,-6185403456,149345005197,-91045365786,-24738114625
2024-12-26,322800054,6410407187557,-0.1654123986608057,20405643904,206347520236,-1019756878,-6761836838
2024-12-27,311291279,6339606976315,-0.035652952523979486,-173913674129,-167118946067,22774506911,82250826237
2024-12-30,303963509,5315451121758,-0.02353991420363566,-120749176406,30920329920,3854726549,18562954107
2025-01-02,350691927,6958648750080,0.1537303545209434,-238177921931,-267638420928,9774611646,9159869200
2025-01-03,407536387,8230070287923,0.1620922970376788,284263476147,272000014571,4593747827,40991978215
2025-01-06,302760981,8142307849602,-0.25709460392306027,370467928397,-30739910350,19649537894,39986219397
2025-01-07,407692929,9405964049041,0.34658345885066355,162943070323,-149516816244,-5172925695,96854973661
2025-01-08,362908922,10391057773317,-0.10984739693633494,222038928890,-109660168441,50831772028,138540031384
2025-01-09,404290371,11524453907612,0.11402709189938287,750956593550,-531971556086,87469936064,25261924759
2025-01-10,377586658,9691007647524,-0.0660508261276398,-3813706835,-484759706338,-63878133168,264348170123
2025-01-13,578565446,9049053425756,0.5322719533167404,-874307907172,-99274778032,-14359968392,259299892503
2025-01-14,414487640,8199244671041,-0.2835942020637022,-296463429698,-53550157072,-20838579147,56996888787
2025-01-15,538534310,9176243659173,0.29927712681613383,56761084835,-209699835349,-25951915330,38649159979
2025-01-16,451062578,9432261340912,-0.16242555093657818,626312550045,22148124041,-30806046569,75671702975
2025-01-17,445884915,10011839897387,-0.011478813035117219,-233805998193,-119264693103,-41340992900,131439500314
2025-01-20,437546001,8663518721587,-0.018701942405923266,-418480930745,40430285207,-22965953321,73572891647
2025-01-21,572011300,9323573978039,0.30731694197337656,-172883954122,55132666853,-32883396384,58850508084
2025-01-22,583737394,11074514904158,0.020499759357900826,350745580930,294905800290,13915740457,88094425479
2025-01-23,609742131,9907820760947,0.04454869135897788,-619576365599,-244685119458,-66489426772,150406685054
2025-01-24,602014660,10179284029760,-0.012673342724942804,273367287682,-15733717469,5258832601,65057805446
2025-01-31,454403356,13759431159982,-0.24519553062046695,-1175587454160,297700162881,8458144968,35463492151
2025-02-03,522848036,11649962821524,0.15062538402555292,-870658808784,-450580302545,-51138860199,209651399343
2025-02-04,479377343,11000937680837,-0.08314211779883207,77245571545,11570047283,-54871642961,138729974005
2025-02-05,437344153,9949594557748,-0.08768288825865511,65594890099,27625408313,-20727305064,90759040565
2025-02-06,479697230,11863047995673,0.09684153019875863,355589916592,140353323355,-14760411027,47082490535
2025-02-07,419872051,10240140504999,-0.12471445582456253,-239953778114,-179586951627,-61806450434,122428231580
2025-02-10,393563727,10582465784194,-0.0626579548158589,-277002969463,182690426660,-35325072274,184842141637
2025-02-11,451092989,11023156462010,0.14617521395715416,140804771917,190385091111,-33982381205,58670737259
2025-02-12,464894178,13668983788526,0.03059499778658714,370608431762,52557311052,-29088098916,10160252896
2025-02-13,680341736,17104156094956,0.46343354723620567,-113368166295,371276033746,65668200903,68302874736
2025-02-14,499364641,13917625961701,-0.26600910310755943,-320363283217,271842713821,-59623833723,176009312830
2025-02-17,366339998,11017333473620,-0.26638778975942756,-223522947529,263450060744,-37806070744,82783939271
2025-02-18,421993118,12618242477587,0.1519165810553944,18935648626,100158481502,-18134673779,120954696883
2025-02-19,525798791,14851621874895,0.2459890187119118,395643678129,659810167894,64551134535,67712126648
2025-02-20,529303324,14551190986281,0.006665159867208503,-288399183537,-8960609712,-81417208164,80847797720
2025-02-21,444704240,11381060470064,-0.15983100835391695,-216251303694,61015463799,-8634276479,74306429095
2025-02-24,536354114,10802085081805,0.2060917476298405,-200116208520,-91866448407,-7354978147,17820189902
2025-02-25,410284831,10508475591510,-0.23504859888144725,-320603784686,-92082269066,-39077070571,13822369897
2025-02-26,386762622,11218719900855,-0.05733141277163134,-322079848680,174246154437,-3608597829,57404901317
2025-02-27,513909805,10802121046832,0.3287473394985929,-178554727804,-343067576358,20023507006,45851879957
2025-02-28,588571521,15637224696362,0.14528175036473567,-1556162589217,-518474998164,-83318129055,5940831420
2025-03-04,484081351,13115384134880,-0.17753181435362042,-194497716857,-263315706770,728396200,51526216282
2025-03-05,569412248,13021641663686,0.17627387798295913,-226478200361,-210132871638,97648839135,70907237311
2025-03-06,609615704,11319665264837,0.07060518304832808,137481487402,69495382199,35205731675,-550366428
2025-03-07,567191412,12155164964202,-0.06959186208890711,59105655053,-135930660561,23426058917,46285802840
2025-03-10,435694828,9881353741270,-0.23183810829632234,-429168455871,74637735766,-5523898450,46122251900
2025-03-11,399016248,10917540670799,-0.08418410695478806,-1540341821814,-174056910849,-22418295696,-26885014630
2025-03-12,401644557,12284769101722,0.006586972368102684,379614967742,38789074057,8035847301,-30632355371
2025-03-13,427292042,13112911085717,0.06385617470225058,-480857460251,293805448495,147326809941,-46569214601
2025-03-14,362329393,9941799575184,-0.15203336972046866,-295408817434,50076864432,-53919251663,56115640598
2025-03-17,396573940,11995073046698,0.0945121970825038,622329990144,501274955793,-10148042110,28916360145
2025-03-18,555526574,12034578631086,0.40081462236273024,443656694237,134022354811,-23530910394,34156166372
2025-03-19,653326938,11841495256564,0.17604983915674932,305237154545,270613484683,-7210762242,22957790839
2025-03-20,455019267,11989258245357,-0.3035351207269522,551500529298,124188310758,-38124048864,-2992436037
2025-03-21,497529180,14188127737060,0.09342442415740604,850311733663,-342253263528,-37003018808,13372154676
2025-03-24,372431632,6924064394711,-0.25143761015183064,6151772366,7830685905,-53815461430,4992047134
2025-03-25,439279423,8305059590006,0.17949010034679325,-75211633491,129648256530,-9151729684,-19561119151
2025-03-26,507916080,7655330119639,0.1562482861848049,350794646922,240173140754,-7157583100,15570782366
2025-03-27,403313562,7676249317680,-0.2059444898850219,88668299283,-117485403632,-88333381166,-25460178838
2025-03-28,513561475,7150421589957,0.27335533289108693,-642171659484,21673555398,609806807,40065883283
2025-03-31,391592782,8236353358064,-0.23749579931010212,-1577183849232,556015773568,-10678439502,60722289266
2025-04-01,453393641,6939450184454,0.15781919851627912,-391239910471,-7425171231,28527835113,77428143593
2025-04-02,515599740,7316124788243,0.13720108394727126,-727223417113,-22090030228,14073759070,173542042650
2025-04-03,480057159,8267470857840,-0.06893444321752373,-1377636843203,68855170698,92068244282,272206585424
2025-04-04,695074881,10742833732479,0.44790025097823816,-1789285142510,350212517269,63608384142,206742640335
2025-04-07,619500714,10505492820465,-0.10872809400229211,-2099175985969,-95673110432,-10723490389,430741943557
2025-04-08,557018146,9122473931623,-0.10085955768567523,-646788127624,-367430387319,86889851666,113166135559
2025-04-09,699641582,9560332636518,0.2560480965013301,-1004811980763,40051769712,-44322370066,57856324113
2025-04-10,670388052,11055426187398,-0.04181216604704319,328608746198,179206760707,308357822801,53966282574
2025-04-11,369702818,7687103441531,-0.4485241541864472,-689834679872,-135473510577,21739159945,174907091560
2025-04-14,488618364,6687793560550,0.3216517164875925,-243701630758,-64143907086,-334596020,111936074677
2025-04-15,560339502,6510808882534,0.14678354987083542,-118262630361,64528321115,-5848280889,94464244602
2025-04-16,613173904,6725688052971,0.0942899827897552,-458760818964,-47659695621,-31898896574,86849302137
2025-04-17,601738661,6606299171146,-0.018649265608668197,-351000742194,275056640685,-6456043288,56195835173
2025-04-18,450985117,5649647492055,-0.2505299289719395,-104503068653,-12839946026,-16348640640,78362304973
2025-04-21,428977098,5239732779307,-0.04879987868867963,-288341030090,-17446035020,-8928783020,56296074372
2025-04-22,416680149,6182470913439,-0.028665747093100102,-242055135758,-36492501044,4172620583,94348217496
2025-04-23,538116134,7764179609542,0.2914369338002709,-197009287338,546636747730,9302100838,63707325336
2025-04-24,327935351,7272322115520,-0.39058628745742086,-7382931153,-168273280947,-21164137684,-16024864196
2025-04-25,403527737,8760600168638,0.23051002512992258,614624824761,440506512534,1231577048,84366161670
2025-04-28,454102177,7803354897543,0.12533076505717378,-85933648957,138775242413,-69430310652,30563085304
2025-04-29,547081468,9215174352275,0.20475411858683956,693140192065,391034236907,-1698955739,57434984612
2025-04-30,487488833,8435602446234,-0.1089282647753661,-168644737257,-127311455667,22066889243,-8979589058
2025-05-02,585492284,8327449263431,0.2010373250949935,-166759969583,200586548791,28242651524,45241556483
2025-05-07,546755132,8935449197459,-0.06616167805893747,349803905065,126560897480,-19393639714,-8190873040
2025-05-08,471635814,10270131237563,-0.1373911530107046,130458829745,-236612211857,34951277324,-8169018241
2025-05-09,485550305,8034852607528,0.02950261745813898,68061412101,-218056885944,2239074552,91176153599
2025-05-12,409749435,8527539580051,-0.15611331971050868,152136203,310187467679,20451042742,26107972247
2025-05-13,422459803,8746089121686,0.031019854853491236,170616066171,-41868800245,20350965676,-59954992500
2025-05-14,390503815,8893191507759,-0.07564267126261948,476236151329,440114210099,15426535940,14148013174
2025-05-15,339578793,7254024641690,-0.13040851342258974,273686659421,-165487639846,-94146720606,4682821428
2025-05-16,359706542,8025031996677,0.059272691389771204,169782129553,148771989334,-42173233757,15607601432
2025-05-19,313296021,6752438008652,-0.12902328865622914,-113831410163,-91684923295,-18296727890,-24334665267
2025-05-20,456989355,7661430134210,0.45865036377209534,-114454476002,138761917399,-28432106948,-20734981520
2025-05-21,371527419,7441128800151,-0.1870107805902831,195029010078,84013804591,-2278591515,-5217059205
2025-05-22,358064259,8965468020130,-0.03623732546103142,-226489103668,-262496613664,-61466479207,8343597962
2025-05-23,434024136,8659673623776,0.21214034936673198,-58284123298,-113547109394,7324322914,-10737535317
2025-05-26,380173138,8342809610327,-0.12407374045207475,101794830222,372625177844,-10817713212,47458975378
2025-05-27,318285651,7908808324037,-0.16278763756317782,-75636719405,13003300666,4541113887,-20636821703
2025-05-28,405473857,11238813826664,0.27393068373038276,302587131960,756637251169,-33790635792,44791867826
2025-05-29,448340888,10895570257616,0.1057208257942015,294650285048,562079598228,-3392052032,68016030745
2025-05-30,525661026,14803606217765,0.17245836832976957,-611770427542,157544788077,-50512785457,14445323313
2025-06-02,323603809,8062944006492,-0.3843869090648543,128471854863,-190777144404,-29530823675,-8952510266
2025-06-04,489937474,12106350015702,0.5140040394271133,1054928521958,122400445298,35258802197,2869575028
2025-06-05,556013446,13293000248477,0.13486613191788632,984230967116,336998200317,-51910439428,61586656480
2025-06-09,537617180,14030330524110,-0.033086009218561196,979948221379,-453683452737,-59587537114,-111388858666
2025-06-10,508184663,14289817957640,-0.054746235974081014,633238861194,182454383776,-52322298027,-9048493815
2025-06-11,393929540,12475002592550,-0.22482993155580533,165558656584,384348516540,-68338670804,-27624097410
2025-06-12,713705710,17344655814990,0.8117598136966322,408051979101,-421589848969,151166733099,123979002638
2025-06-13,931657602,17462763974297,0.3053806196954765,121915601962,-340919910849,-75196282184,29296004837
2025-06-16,726351750,14401114308029,-0.2203662070263449,-322355864420,346634675783,-23042788392,-28386582974
2025-06-17,939594106,17915934818024,0.2935800127142256,-96735251099,227833276164,-45962319151,-111045256860
2025-06-18,576548034,14668323378767,-0.386386067858114,286445540395,174090903557,-21805385275,-47541758021
2025-06-19,433310535,13786565754695,-0.248439835977309,-87418957620,-91952282609,17086576619,-135587646491
2025-06-20,484864681,17974844407806,0.11897736573609974,562519271510,90759898596,-3765140423,11318992895
2025-06-23,625650915,17879769854238,0.29036190821248953,-368546797829,-856933503184,-6467508020,-16774804868
2025-06-24,579200567,19107339943731,-0.07424323514335462,443633576018,479218522081,-19710321056,-98400735170
2025-06-25,644761399,19662628183278,0.11319193339118394,-111398445502,-212779071481,-152991294261,-51986541705
2025-06-26,460611798,17030574191361,-0.28560891096397656,-580607453451,-155227462681,-100902012259,-46682955704
2025-06-27,381633939,13970283384996,-0.17146295284429514,-857924556453,266645074062,16764935778,-12772689265
2025-06-30,464162919,13333814294163,0.2162516788109876,-651343796107,522088063840,-7359262542,-30096619860
2025-07-01,576016844,15184804010768,0.2409798810318151,176452734541,520588891690,66074808160,-68827619645
2025-07-02,696798456,14829869598196,0.20968416680537216,-327289545034,310321018399,-89442871071,-1877611701
2025-07-03,539120202,14883213548329,-0.2262896145108565,645640000938,326390714878,71712261182,-6743727442
2025-07-04,520763440,13571164280163,-0.034049479006538874,162119927354,-159666215725,-108288915733,-79484086820
2025-07-07,359404588,10204542570975,-0.30985057630005675,-91190609722,-93888968626,64972410071,-59254783951
2025-07-08,745793067,13491404979089,1.075079428312696,243965487021,5061412717,4736677378,-2578060207
2025-07-09,642960883,12654909764711,-0.1378829980461591,-412777806815,-139667668485,55748789432,3099022551
2025-07-10,596571574,14124821031009,-0.07214950431129108,472318860079,-131822842253,163928082878,44951482986
2025-07-11,465292057,13342066116082,-0.22005660799386328,325589359244,62412074481,-50660170349,4610589498
2025-07-14,444035800,11565586285784,-0.045683687654268335,371346638046,40976705347,-44884692933,-20497421543
2025-07-15,419651712,12238772420133,-0.05491468931108712,214192577764,-46441404870,-3029988153,28938628440
2025-07-16,531498719,11328776416006,0.2665234140638988,53420699064,-178239029522,-103405393558,-74792499649
2025-07-17,424787619,15365406027980,-0.20077395520496066,47171940790,245428192721,-21471232748,-13621028919
2025-07-18,393449261,11939229667870,-0.07377417937409325,189709505643,213767827608,-23131310118,-94179492988
2025-07-21,343910781,10662279408140,-0.1259081790472597,896066666544,66864532439,24425218883,-9315945629
2025-07-22,378485911,11604659217066,0.10053517339428808,-128915846765,13953518426,-92985182958,-76046275704
2025-07-23,664826146,12201364684336,0.7565413313363731,421943413975,379520198683,-61854811359,-103366398077
2025-07-24,425499879,12993187344837,-0.3599832353765461,743076717686,60911740850,43247309316,-15722061203
2025-07-25,389290718,9822238040874,-0.08509793489271478,268736536796,3963133357,44694186757,46425945691
2025-07-28,502719579,13872945078805,0.291373145454755,480153817970,522311031589,33332993907,-66818993971
2025-07-29,373203172,12769212511711,-0.25763151548151664,604734830584,136156069006,-53437379060,-11909538891
2025-07-30,338073688,12968500091756,-0.09412965010919039,580085060219,319625443286,-10192121085,-15700722147
2025-07-31,540323825,16455571940540,0.5982427623885358,344405446423,-367653571200,-102029177213,-142724625033
2025-08-01,507776245,15281248640166,-0.060237173513494446,-656270109906,-461578941887,-255515475619,-19635300337
2025-08-04,293453733,9724691307255,-0.42208061938777774,82772693376,117770202498,47615279959,10392347608
2025-08-05,273439606,10950201163619,-0.06820198467197558,295269452789,-44602528461,42003566392,18927699525
2025-08-06,327358365,11128301636396,0.19718708561919152,281462744753,48345638704,-96530391390,-3897955063
2025-08-07,327047544,11201368337831,-0.0009494823814872877,-17604897762,116428329911,-59278867324,40978001835
2025-08-08,341443229,11401116948366,0.04401710168476303,-159565860541,195900209547,-106220273346,-80220164964
2025-08-11,304968427,10338941285390,-0.10682537798985026,220245378308,41736260722,-72443713350,-90656602643
2025-08-12,373217178,10165450116361,0.2237895629766291,-59372183527,3495077882,-37712374821,21397450605
2025-08-13,320069786,10352059537799,-0.1424033917324138,636548599045,46540066807,-48483121091,-17067257225
2025-08-14,441467896,10002172706811,0.37928637850246827,-79961068780,151846414725,-3734437885,-78836194555
2025-08-18,326132755,8941932487220,-0.2612537447117106,-489617293124,139066475293,-13107388329,34778984795
2025-08-19,285290653,8624169781604,-0.12523152419940153,-454581322574,312826333933,-3164080845,-22153850933
2025-08-20,335285191,11773562869622,0.17524071494904536,-213683431178,619870011498,-44492370378,-72039799210
2025-08-21,276915481,10893275255572,-0.17408973484904078,-17115416031,-64360593619,53614094444,25171829060
2025-08-22,236797098,8337524064582,-0.14487591251714815,181721291536,33597315183,81168550096,10958318950
2025-08-25,220165003,8091673150742,-0.07023774843727182,118752048163,67474555655,43580166224,27972826651
2025-08-26,325353201,12954910480221,0.47776983883310464,-685982539317,-200436700478,-4860816787,-16108522489
2025-08-27,281721035,8851872014319,-0.13410707460659044,-203714941517,-87202490780,33556798120,17119095887
2025-08-28,312188158,9875760133000,0.1081464257718634,-24298916158,137200308576,30739552714,74751901807
2025-08-29,245132452,8969307869056,-0.21479259953223462,-372475556622,156318661666,-57929755210,-26994167382
2025-09-01,260138455,8003230744765,0.06121589727336474,-267420131640,-26371879503,-70714559789,14645842505
2025-09-02,310678131,8676467905841,0.19427991144177437,402174742846,-147960614679,12643551131,17380132401
2025-09-03,335816449,8811868562778,0.08091434668763342,436403099081,-261630665571,-30688242888,-64880315447
2025-09-04,286255881,7977947156742,-0.1475823121457639,203491571929,4507024653,8947485987,-21218993136
2025-09-05,323844686,10942042116464,0.13131190481986987,-137984389367,164625326940,-29780160854,-13789367320
2025-09-08,372299882,8217818415298,0.14962479884570357,231557777407,112947125555,-6396260566,-12974057207
2025-09-09,439945501,10628640888119,0.1816965899548686,684198310787,206376441621,6693625489,26981626354
2025-09-10,564706848,13703544856383,0.2835836409655659,1384837742063,907679402639,-6550243633,37276629176
2025-09-11,435588829,14947009019240,-0.2286461009943339,302374275459,1076123403232,-80618937466,-148903352372
2025-09-12,448857492,13932277217565,0.030461440047627963,1417201982747,711667672061,-204654107826,186316550089
2025-09-15,378854245,12792738454649,-0.15595873578512087,266835798820,60345432689,-48987386118,-56689780119
2025-09-16,406214278,14058944540679,0.07221783406439064,1798904780037,229252210476,-43433949486,13813197883
2025-09-17,326609906,11611597358894,-0.19596645492603781,-36144722867,-181507620562,-64053755185,43546933022
2025-09-18,391177053,12409116590064,0.197688881487875,287660931390,312933891456,-22387590211,46741024261
2025-09-19,348844702,15111282864331,-0.10821787902778646,-306234559275,-89468626914,-67514766529,-59981201920
2025-09-22,287867235,11996187013111,-0.17479831756195052,568239270346,419609622645,-44861807877,-13659648631
2025-09-23,358335419,12152383322121,0.2447940419478445,336582925103,-33675933112,-34848083944,-29487174255
2025-09-24,287145415,11806998240931,-0.19866862226086557,-246547067368,387230055069,-28677446668,-95845033859
2025-09-25,293074983,12640781197188,0.020650052866071356,216448000623,212073887638,55903894523,-96224087517
2025-09-26,399149806,12606212195076,0.3619374875132211,-570417243815,-272432318968,-38953231022,-68660208836
2025-09-29,416480046,10008858561135,0.04341788406130398,448397509717,112922323244,105593878339,12595246939
2025-09-30,526401520,11157443411281,0.263929748989703,25972753484,-209210794907,46191261910,-1657623813
2025-10-01,493641155,12344643388616,-0.062234556237603544,833323567803,149472145866,36645078234,-34906264253
2025-10-02,402107231,19456116765360,-0.18542603888040898,3139971030860,-6638937582,-26153987489,45041145467
2025-10-10,407410846,19600845152565,0.01318955390782306,1061358949960,-491977257404,-54935274671,83401703361
2025-10-13,408033131,14270855613049,0.001527413926530663,-823319556507,-380603662378,-12394052870,25232290956
2025-10-14,734084905,18926398057017,0.7990816167327353,555244952994,-421688734133,-51672435581,-35107716624
2025-10-15,543606716,13879932193738,-0.25947705463307413,162900409409,515785019362,70549152613,82202888456
2025-10-16,495790790,17664818382797,-0.0879605137181565,659143373911,676079145860,100184216363,98166933672
2025-10-17,420769792,17268693077595,-0.15131583626230738,442584235732,-23794686090,10539821316,-8032557205
2025-10-20,410146751,14190573342156,-0.025246681681939775,-247669155513,870378007535,-114420787981,3168542569
2025-10-21,526854280,19373490542844,0.2845506607463044,-18821013815,497025857192,-99873962571,49618162027
2025-10-22,597215988,15451168656133,0.13355060530209606,-701059858751,539876116156,157630633988,31725550553
2025-10-23,423588471,16255705645739,-0.290728179567758,-409076104352,-179989530225,13488058741,-100712586238
2025-10-24,426896560,17800793870343,0.007809676670827104,584872062761,1082560655270,49696911063,73033574655
2025-10-27,516998547,20122806110920,0.21106280875160954,649464882211,691299793261,-105279586288,-88648147441
2025-10-28,408224732,19719872621077,-0.21039481760864598,-1641029874681,311248691665,-102059417027,-66622546139
2025-10-29,466898421,22033182304082,0.14372889342726047,-101819764222,1067949298707,-133683747668,-312267068433
2025-10-30,566538268,24198286552685,0.2134079759502978,-117758829064,-193009083672,-229680282217,-173382474859
2025-10-31,408275232,22950424588062,-0.27935100758277465,1316368148105,1165995852185,-62375553323,-156746749642
2025-11-03,472676323,22728714597138,0.1577394021295908,-796379882407,427711049045,-56410667374,-33198223741
2025-11-04,423542560,20785686586392,-0.10394800968272744,-2234934617588,-51385373466,-116612441052,-119546921220
2025-11-05,594162840,29186234065822,0.40284093291592704,-2069958063489,87405093093,-57809224195,58251975721
2025-11-06,423420832,21483948611420,-0.2873656790788195,-1700015366201,587946882913,189469448322,-36805466458
2025-11-07,377049668,18794295713216,-0.10951554693463927,-462509716457,163971892947,-137386155262,-68751991674
2025-11-10,339514007,16685675541574,-0.09955097215468178,-145213646845,922250865130,132992066054,64813593813
2025-11-11,377553974,20118818678387,0.11204240831218493,74380943249,367029232195,22061694723,-89869861481
2025-11-12,334584453,15670659198860,-0.11381027338888505,-426301595451,868654880931,13870437898,-45197406554
2025-11-13,424188608,17517048400982,0.2678072881049258,999717743685,-743483081034,1421739128,27502984530
2025-11-14,399992380,17968602377429,-0.05704120182312866,-2366775352924,-655162016974,-44878847933,-6664717015
2025-11-17,344096599,14352976610800,-0.13974211458728292,518284632949,5964690486,30020117961,-46707925574
2025-11-18,319659628,14077477816697,-0.07101776382276881,-552107137897,-428743183336,-43108537347,-59361695503
2025-11-19,338241537,14586911018135,0.0581302966416517,-1051156432270,461082915142,88744183243,5891802893
2025-11-20,360281733,15143579448126,0.06516111591581364,744766288223,747613113921,17378732171,-31443822134
2025-11-21,319324121,14166906140808,-0.11368217771951261,-2830804343064,411542019338,-59779950043,85078446938
2025-11-24,373120108,21411253137675,0.16846828492483357,-795650963505,1109492115017,63408149900,-22807985903
2025-11-25,279293988,13275808347538,-0.25146358501804467,-1710358096,19658363074,7340226117,-61109799874
2025-11-26,295326951,15777742925834,0.05740532803735099,523499974267,1037618840943,105237568665,36174018808
2025-11-27,257854943,13008961064052,-0.1268831302836293,157740133135,326073228376,72932154287,-562761869
2025-11-28,241922807,11927326021478,-0.06178720413360472,-2041033195605,839176462564,-70695237508,-136734168080
2025-12-01,296914679,11805572699555,0.22731164821512673,223581849965,-68894937864,29097125833,-96241820989
2025-12-02,319034908,12439175118986,0.07450028767355077,1220591037011,247529075306,33839413485,70784814352
2025-12-03,290896486,13375747628074,-0.08819856791345226,282946826479,487271055069,38087894573,62672496011
2025-12-04,352043273,13716192682125,0.210201188198609,-697837340420,107091350008,-27535762591,52221708705
2025-12-05,478512573,16308814953657,0.35924362059888026,1000558523985,849019994846,85404353976,5782407832
2025-12-08,395582936,15207838759256,-0.17330712227701484,322692525385,-140825644214,40683727865,-15317346495
2025-12-09,400643400,13328759163343,0.012792422370817347,-90993089901,-98306205656,12330272182,99608405445
2025-12-10,317901549,12625782614479,-0.2065224361614343,373684431659,-102262097829,-95850854610,15652810287
2025-12-11,539843372,20308402514420,0.6981464031809421,364975815461,-688190644318,-20114981877,-17402709778
2025-12-12,426616335,16545774986825,-0.20974053377837898,46940837270,1438748075767,-83159725562,89195037509
2025-12-15,346844575,15438300438426,-0.18698712040644205,-959903866429,-391976021436,-52542669797,116583090458
2025-12-16,373989521,16525587865207,0.07826256472369497,-1035036843780,148109819904,-245897055311,13731755436
2025-12-17,360955505,12968279650414,-0.03485128664875081,-27789783436,379394905728,-19550443221,-28662042049
2025-12-18,581445413,13077588489472,0.6108506587259279,-346770479725,156281357049,-70579014311,-84632417818
2025-12-19,442664473,16470368044849,-0.23868266374989877,-747130781598,964183805227,-25140822642,-41242101262
2025-12-22,315627058,13013701888375,-0.2869835343664455,1114028873793,1622102177879,-34261909288,22809936437
2025-12-23,385848331,13460733860454,0.22248179051873307,954342814280,533261642263,-121145645194,-37383279005
2025-12-24,363613812,12114977293960,-0.05762502313376605,521577461274,252283200550,-26143810406,32658143047
2025-12-26,510161651,16273592100742,0.40303155205776386,1780689598930,529332486432,-23628157217,-97501817252
2025-12-29,502393980,14535157883542,-0.015225901407473708,335560894891,-363551566199,23932814520,37891796466
2025-12-30,408198125,13213491562311,-0.18749399624573526,-488565460858,-228968627322,-24765470947,-108410543534
2026-01-02,406339246,17521809108064,-0.004553864621499648,644674371630,-113813243883,-72899009835,-19584573734
2026-01-05,513869696,22783803354664,0.26463220340769156,2180760737270,-50824024231,-258788899504,-156431485960
2026-01-06,498391270,25518237182834,-0.030121305304603885,-630215831305,169737206700,-102987604363,-72388513137
2026-01-07,553653981,29139900200735,0.1108821809820224,1252139858579,-359416748224,-208993695878,-94664134975
2026-01-08,440086040,27476981855641,-0.20512440061367498,-106596250337,-854694939307,-185254969602,-150976414148
2026-01-09,399219985,23478838394919,-0.09285923952507102,-1611323391804,1165449432026,30207520740,52729192651
2026-01-12,394752880,23073767861614,-0.011189582605690473,-352281938034,568207867418,68006389349,-50105642889
2026-01-13,429151090,25240608214513,0.08713859161711501,-278947839683,776853379777,115892533581,2228284302
2026-01-14,550416487,24217478031620,0.2825704042834891,-378050341745,604532431486,-9543628245,14937573779
2026-01-15,545175207,23826144317448,-0.009522389179450585,353033261109,1457733569084,5505542209,-31187586300
2026-01-16,720905827,26948188036284,0.32233787916918244,436760079560,511408132413,20716797370,-90074934450
2026-01-19,570841030,25214738198401,-0.20816144270116987,549073286677,205387076855,-40148109337,-118799615626
2026-01-20,667709207,27148846770961,0.16969378847907968,115994205744,-208878217381,-87352942950,-172940172593
2026-01-21,600101467,30093031855585,-0.1012532690746617,445736993639,294640214273,-911081273,-56424073332
2026-01-22,568624077,32919611108208,-0.05245344617696124,-247775912152,316129491147,-19319038527,-204909507250
2026-01-23,612601752,30017138130375,0.0773405080418359,145084754379,928967908641,-85111772219,-271899106665
2026-01-26,446903055,22842956876465,-0.27048355062490903,-166444499866,-952833978169,-194989658689,-173034023370
2026-01-27,476155582,28496381114727,0.06545609091886839,845296898631,569523393402,-210511730480,-57240611682
2026-01-28,593108778,30856467311072,0.2456197100719908,393157976391,-571014215725,-145127377238,-90013754751
2026-01-29,699659390,35870200939592,0.17964767333118115,-1492298861393,156904534645,-117544820046,-119679535308
2026-01-30,862540604,35493399111211,0.23280072607901392,-1979215185544,-30925756867,-127842732376,-30656185831
2026-02-02,572544402,32090618217805,-0.33621165270962705,-2533014907412,-2175531513438,25161573975,-39924652613
2026-02-03,672610151,30015961619294,0.17477377937929783,717002674802,1451337083116,345242429507,95780604221
2026-02-04,789920328,30433498214654,0.1744103576575371,-937831352151,1494469828390,97387857906,29002873357
2026-02-05,911910087,32385641184187,0.15443299112059306,-5038456296204,-1882856942800,-37381490389,-98472024855
2026-02-06,745763942,29912342148788,-0.18219575303370894,-3327690968863,578178706600,156410280177,132299560821
2026-02-09,617657784,26454138847440,-0.1717784285151185,438874177525,2424431310218,195359684938,-86295633100
2026-02-10,712267871,23275929869547,0.15317557626700284,146938560431,744201659557,-42186713608,-97722886851
2026-02-11,753767377,25625896916781,0.05826390279507643,857204769953,522333048487,98025004975,-26289554822
2026-02-12,750614562,32322625268341,-0.004182742708431109,3007885576558,1081586711727,149066188232,72185511544
2026-02-13,1290658558,30820998931626,0.7194691168274989,-926809147120,180956042302,-93212124766,56325913582
2026-02-19,1185838197,28945961371804,-0.08121463290990705,-934502198708,1669060708622,59738858025,15370491816
2026-02-20,1749302679,33119679281825,0.475161352894083,-744055197623,1935071752512,-52697642592,-142174379045
2026-02-23,1477788942,32044129428372,-0.15521255427060376,-1110923642136,532967355668,-168726798972,-268530289236
2026-02-24,1602004836,31372730942186,0.08405523310513452,-190307431241,2666864872798,-145061004425,-71765712033
2026-02-25,1415254864,35284562768622,-0.11657266432871116,-1305695440999,1993704788763,-307439923182,74951696394
2026-02-26,1409623229,38930015318333,-0.003979237339685304,-2110563257707,1637144482088,53949815743,-98071995959
2026-02-27,1166057975,54939339254580,-0.17278748603822847,-7081170551941,1104325496799,-225711725187,-228320503254
2026-03-03,1227193147,52800572976931,0.0524289300452665,-5173689099740,-728288917342,-49526905291,41182772768
2026-03-04,1637605952,62882735183204,0.33443211934755035,236681289846,-583022482538,-128662133609,-72745993641
2026-03-05,1660710447,45308989750851,0.014108702384589389,-156997516744,-1223411293323,-109227373024,-87153061190
2026-03-06,1223019737,31402462335366,-0.26355630555023535,-1951123731453,-597543066797,-178422364893,-174753455417
2026-03-09,1026237730,33163873061508,-0.16089847207428998,-3197930670343,-1171340012465,-199264312747,-101980601882
2026-03-10,923209866,28713302920559,-0.10039375964085828,1034421231804,744752642955,68223391071,-9321369642
2026-03-11,1050946314,26619233612152,0.1383612250088324,-254749372563,725399301344,34574324791,-89339267070
2026-03-12,801306208,23698184161863,-0.23753840008234717,-2391114073755,-74636557600,75972781322,-37404675330
2026-03-13,907655536,23719675922031,0.1327199601578526,-1459638491125,-949955662583,-117276098998,28454594636
2026-03-16,1073859802,21760269884108,0.1831138129035772,-851909352425,-104005428212,61546304743,41194926054
2026-03-17,1135071024,22303803944214,0.05700112983649985,-173310717762,427378666973,235288506367,84333393783
2026-03-18,1143771673,26851759232736,0.007665290379221146,888713948775,3098423604966,5529959875,95952881532
2026-03-19,1184170077,22994678385098,0.03532033967412307,-1883867735296,-665488615393,22655097073,-64937808613
2026-03-20,1490805229,34025853798776,0.2589451954206068,-1245543539906,456599009237,-79235923848,60613196498
2026-03-23,1125619649,27243225200168,-0.24495861222928406,-3698318791892,-3023873847851,-301285844637,-161666973423
2026-03-24,1170517963,24932387802374,0.03988764236648468,-1979348249942,1017820107822,9836232482,43456766681
2026-03-25,763223598,24642071803976,-0.3479607984452606,-1286627268211,2335148890289,36931488486,14664870051
2026-03-26,925092573,25615327461870,0.21208591482780648,-2950111589245,318459843457,-250293585577,-242275676127
2026-03-27,900080937,23659342023182,-0.02703690066269726,-3439997082871,418058302579,185451992980,-22801624440
2026-03-30,727391077,20827490324014,-0.1918603682193083,-2098111803864,744049604476,73020339258,-81150069311
2026-03-31,1163312408,29837663141391,0.5992943064381309,-3848066500095,947686034923,35211304974,-29135483347
2026-04-01,958953275,28902428321499,-0.17567003635020118,-627809383597,3430797338931,355241026138,-19186659596
2026-04-02,1428159621,33290077738020,0.4892901022732312,-140611375508,-1690035116954,-21279690102,9098014731
2026-04-03,1185178392,22234606978211,-0.17013590457757377,799477699669,283864512021,226640243232,-55740810705
2026-04-06,1110507448,21761181854619,-0.06300397012300574,-156381357738,759719011947,88929822132,-85005052024
2026-04-07,990449091,23719394259706,-0.10811125780040698,395027373159,-391764181933,73901897443,-81802493190
2026-04-08,932610471,36306960525424,-0.05839635830409384,1945306289772,2995996949472,-85300447664,-208288245502
2026-04-09,1026732958,33473404312827,0.10092368671249896,1718944157547,503974975279,-4949986854,4883453765
2026-04-10,1002353584,23746054636099,-0.02374461032933939,1063584203406,86835035681,-205943859866,-41563952931
2026-04-13,1083211365,21456576328531,0.0806679222688349,-461464327798,-481439821219,62410818785,-173326010056
2026-04-14,889490621,27128583999285,-0.17883928313473707,836734708260,1351331305031,-35274451186,-25564504203
2026-04-15,923846153,31615609364413,0.03862382715331636,489048666184,821351956688,-288473385315,-111564805874
2026-04-16,925694636,27046822836317,0.0020008558719408764,474574932591,1246045634316,-58335460213,-29881550978
2026-04-17,689739734,24619562398516,-0.25489496516862176,-2003090430867,434298138202,-36835894694,-75665160462
2026-04-20,692878455,23576476166973,0.004550587482901269,-236993461938,518318395372,-42265612859,8038782666
2026-04-21,792021737,31105972365121,0.1430889953130381,1151610013772,975293071942,-17252123240,62175597531
2026-04-22,900140335,31029074886506,0.1365096347096848,-682178430219,-410154874539,28171950706,99531346289
2026-04-23,1042392099,40604234649000,0.15803287384072173,-85974429987,17672946443,-231502108676,19704265462
2026-04-24,878200671,30202932730976,-0.15751407570866482,-1949589492746,1038275706034,44552649569,-20150505393
2026-04-27,842664190,33410304671355,-0.04046510344786558,867495472272,1549227091713,-57967572105,-177050956389
2026-04-28,1139472198,37622678897537,0.35222572825837073,-193508813895,683874301264,-75276024272,-27744712124
2026-04-29,717859460,31453311079064,-0.3700070425061832,-613775499997,164610620676,107867683778,-2117024417
2026-04-30,685459295,35808593571542,-0.04513441252135897,-1462156445041,508919762215,-51584852115,35038595393
2026-05-04,873008689,42696032755097,0.273611278405671,2945715815390,1915878838482,-48525429500,-50745653363
2026-05-06,995691665,60000374667381,0.1405289289165368,3109634379342,-828365155253,-457384278596,-158999636629
2026-05-07,767462258,51112463416097,-0.22921695041004486,-6717268677059,1761666899287,-283767139301,49415739537
2026-05-08,523090848,40792656487092,-0.31841488940033325,-5311725893278,1516640199386,-88730575062,-50195956799
2026-05-11,731278789,51843448673413,0.39799576267868475,-2836466059054,1002753262680,-267766853790,-294813349492
2026-05-12,1021136121,67114559549714,0.3963704901059286,-5625823919067,-620483676666,-35814357535,-185720447441
2026-05-13,738739332,50464007486110,-0.2765515617285661,-3758586567249,1885208750886,-11519487397,-236259974152
2026-05-14,849941546,51696927269084,0.15052970538192478,-2167987739496,1261787656543,-374807311896,-193335895684
