Close,Open,Return,Log_Return,Volatility_20,ATR_14,RSI_14,MACD,MACD_Signal,Volume,Transaction_Value,Volume_ROC,Net_Purchase_Foreigner,Net_Purchase_Financial_Investment,Net_Purchase_Investment_Trust,Net_Purchase_Pension_Fund,S&P500,USD_KRW,Dollar_Index,VIX,US_GDP,US_M2,US_Interest_Rate_3Y,US_UNRATE,KR_GDP,KR_Interest_Rate_10Y,KR_Interest_Rate_3Y,US_Spread_10Y_3Y,KR_Spread_10Y_3Y
3134.52001953125,3163.2099609375,0.00088875837347165,0.0008883634437582999,0.0106316081367297,35.009286063058035,51.96724935740269,0.0,0.0,771305645,14552523724082,0.0192372117281729,-602211401604,-89333134255,-11110077289,6377605324,4163.2900390625,1125.530029296875,90.22000122070312,19.71999931335449,23982.379,20477.1,0.34,5.9,524124400000000.0,2.117,1.107,1.2999999999999998,1.0100001
3173.050048828125,3135.3798828125,0.0122921624544727,0.0122172272775449,0.0106316081367297,35.009286063058035,51.96724935740269,3.0736205706912187,0.6147241141382438,786143415,13898610218787,0.0192372117281729,-350011955199,963421079159,20903911949,21982306938,4127.830078125,1135.510009765625,89.75,21.34000015258789,23982.379,20477.1,0.34,5.9,524124400000000.0,2.118,1.099,1.2999999999999998,1.019
3162.280029296875,3174.530029296875,-0.0033942167206684,-0.0033999901421061,0.0106316081367297,35.009286063058035,51.96724935740269,4.587553983176349,1.4092900879458647,774252245,13719656585417,-0.0151259551032428,-515824658601,-89663104703,-13354130145,-37324887396,4159.1201171875,1130.3699951171875,89.80999755859375,20.670000076293945,23982.379,20477.1,0.34,5.9,524124400000000.0,2.135,1.103,1.2899999999999998,1.032
3156.419921875,3171.909912109375,-0.0018531272903045,-0.001854846454897,0.0106316081367297,35.009286063058035,51.96724935740269,5.25393137545052,2.178218345446796,797262205,14789457191323,0.0297189451481667,-130375658375,111994449586,-1411358719,-24386777205,4155.85986328125,1127.050048828125,90.0199966430664,20.149999618530277,23982.379,20477.1,0.34,5.9,524124400000000.0,2.123,1.095,1.2899999999999998,1.0279999
3144.300048828125,3155.909912109375,-0.003839753057849,-0.0038471438348602,0.0106316081367297,35.009286063058035,51.96724935740269,4.74932058360173,2.6924387930777827,587968268,11604047358277,-0.2625158143549524,-220747806116,68222464174,14328516188,27536500405,4197.0498046875,1126.7900390625,89.83000183105469,18.399999618530277,23982.379,20477.1,0.32,5.9,524124400000000.0,2.12,1.116,1.29,1.0039998
3171.320068359375,3152.929931640625,0.008593333686879,0.0085566211669806,0.0106316081367297,35.009286063058035,51.96724935740269,6.455290090103517,3.4450090524829298,612976970,11728027229513,0.0425341015171927,71409301708,795297151637,8887584790,24219020276,4188.1298828125,1122.18994140625,89.63999938964844,18.84000015258789,23982.379,20477.1,0.3,5.9,524124400000000.0,2.129,1.142,1.26,0.987
3168.429931640625,3171.909912109375,-0.0009113355500081,-0.0009117510687209,0.0106316081367297,35.009286063058035,51.96724935740269,7.487759109484159,4.253559063883176,1269999045,13173015885449,1.071854420566567,-17487854129,262613885234,31359371001,-21283929175,4195.990234375,1121.3800048828125,90.04000091552734,17.360000610351562,23982.379,20477.1,0.31,5.9,524124400000000.0,2.128,1.161,1.27,0.967
3165.510009765625,3170.840087890625,-0.0009215674444433,-0.0009219923487927,0.0106316081367297,35.009286063058035,51.96724935740269,7.978414754475125,4.998530202001566,1082006090,20682335393904,-0.1480260601298326,-242880845968,273516701106,46442014655,19782821274,4200.8798828125,1115.52001953125,89.97000122070312,16.739999771118164,23982.379,20477.1,0.31,5.9,524124400000000.0,2.111,1.124,1.3,0.9870001
3188.72998046875,3172.090087890625,0.0073353016201151,0.0073085291382874,0.0106316081367297,35.009286063058035,51.96724935740269,10.12421482012178,6.023667125625609,966367978,13533299075577,-0.1068738088156232,142857297682,577877259578,44203028082,48899316583,4204.10986328125,1117.300048828125,90.02999877929688,16.760000228881836,23982.379,20477.1,0.3,5.9,524124400000000.0,2.132,1.162,1.28,0.97
3203.919921875,3192.06005859375,0.0047636336407566,0.0047523234422306,0.0106316081367297,35.009286063058035,51.96724935740269,12.901754757863728,7.399284652073232,1123524809,14017446050339,0.1626262816833528,520446004132,-669312049332,17632478084,-98412986613,4204.10986328125,1112.8499755859375,90.02999877929688,16.760000228881836,23982.379,20477.1,0.3,5.9,524124400000000.0,2.179,1.227,1.28,0.9519999
3221.8701171875,3207.1201171875,0.0056025730199882,0.005586936981944,0.0106316081367297,35.009286063058035,51.96724935740269,16.362785904865177,9.19198490263162,1472570767,15270803742087,0.3106704500016073,-53072513283,616182547052,-15671866078,53577534239,4202.0400390625,1106.97998046875,89.83000183105469,17.899999618530273,23982.379,20477.1,0.31,5.9,524124400000000.0,2.186,1.213,1.31,0.97300005
3224.22998046875,3224.39990234375,0.0007324514010236,0.0007321832894073,0.0106316081367297,35.009286063058035,51.96724935740269,19.076200701677408,11.16882806244078,1495671343,17740841975268,0.0156872433689971,33590106865,-227929823621,19211081478,-20944470431,4208.1201171875,1107.2099609375,89.9000015258789,17.479999542236328,23982.379,20477.1,0.3,5.9,524124400000000.0,2.202,1.206,1.29,0.99599993
3247.429931640625,3224.9599609375,0.0071955013483566,0.007169737245131,0.0106316081367297,35.009286063058035,51.96724935740269,22.8354112405068,13.502144698053982,1584799068,16890461822422,0.0595904477391595,242041662471,349888394094,-8191099696,108430830431,4192.85009765625,1109.8800048828125,90.5,18.040000915527344,23982.379,20477.1,0.34,5.9,524124400000000.0,2.195,1.191,1.2899999999999998,1.004
3240.080078125,3246.169921875,-0.0022632831717208,-0.0022658482681691,0.0106316081367297,33.2249755859375,77.86992393966739,24.93411595497537,15.788538949438262,1392319539,16051031275689,-0.1214535854333301,175443737827,-613050220280,-57279397704,17727143617,4229.89013671875,1115.43994140625,90.13999938964844,16.420000076293945,23982.379,20477.1,0.32,5.9,524124400000000.0,2.173,1.22,1.24,0.95300007
3252.1201171875,3244.590087890625,0.0037159695971056,0.0037090824384574,0.0106316081367297,31.747837611607142,79.19276717057609,27.25470976240831,18.081773112032277,1733348139,19023221710305,0.2449355844312402,-187347266710,131449947543,-26847715030,26215014056,4226.52001953125,1109.6800537109375,89.94999694824219,16.420000076293945,23982.379,20477.1,0.33,5.9,524124400000000.0,2.156,1.201,1.24,0.9549999
3247.830078125,3251.830078125,-0.0013191514790081,-0.0013200223252567,0.0106316081367297,30.335693359375,72.36513335153899,28.420018492449344,20.14942218811569,1951319356,19352173579005,0.1257515510564146,-203701047226,373505769488,7059807953,-89992888228,4227.259765625,1109.3199462890625,90.08000183105467,17.06999969482422,23982.379,20477.1,0.32,5.9,524124400000000.0,2.116,1.174,1.21,0.9419999
3216.179931640625,3245.080078125,-0.0097450130465713,-0.0097928064378273,0.0106316081367297,30.164271763392858,64.33050237961089,26.484336797944707,21.41640511008149,1964923269,17164709655058,0.006971648673586,-324763476596,-260528637715,-58266548343,-48159158792,4219.5498046875,1116.8900146484375,90.12000274658205,17.889999389648438,23982.379,20477.1,0.31,5.9,524124400000000.0,2.103,1.137,1.19,0.96599996
3224.639892578125,3216.93994140625,0.0026304376985477,0.0026269841522047,0.0106316081367297,28.487827845982142,67.89048624547502,25.34082994059281,22.20129007618376,1896766322,19170539861596,-0.0346868236919433,717210391251,-848516280902,306780245,-325182681546,4239.18017578125,1116.4100341796875,90.08000183105467,16.100000381469727,23982.379,20477.1,0.3,5.9,524124400000000.0,2.085,1.282,1.15,0.8030001
3249.320068359375,3226.97998046875,0.0076536222968817,0.0076244819215869,0.0106316081367297,28.59355817522321,75.83896971371593,26.12492457404278,22.98601697575556,1645508762,17956256842935,-0.1324662701386787,176536714280,-31327611036,104072059616,171995022551,4247.43994140625,1111.260009765625,90.55999755859376,15.649999618530272,23982.379,20477.1,0.31,5.9,524124400000000.0,2.101,1.276,1.16,0.82500005
3252.1298828125,3249.60009765625,0.0008647392051297,0.0008643655335867,0.0106316081367297,27.677839006696427,72.57131167104231,26.66566853583754,23.72194728777196,1664527170,15262485462973,0.011557767688143,-10128752286,-262519529792,-11314789723,-17287362717,4255.14990234375,1115.550048828125,90.5199966430664,16.389999389648438,23982.379,20477.1,0.33,5.9,524124400000000.0,2.096,1.287,1.18,0.809
3258.6298828125,3253.169921875,0.0019986901612856,0.0019966954375527,0.0052516768369362,27.05142647879464,74.69609404139779,27.303964590966643,24.438350748410897,1734497293,14838275276764,0.0420360353745381,-121050344350,-45326434042,15394900708,82451170055,4246.58984375,1116.3199462890625,90.54000091552734,17.020000457763672,23982.379,20477.1,0.34,5.9,524124400000000.0,2.071,1.307,1.17,0.76400006
3278.679931640625,3259.06005859375,0.0061529076787387,0.0061340558318824,0.0047802183039709,26.607857840401785,78.32789033166458,29.0923318957648,25.36914697788168,2345810978,16297981235711,0.3524443004132149,287490222647,28700318768,-17973720444,50013725923,4223.7001953125,1116.030029296875,91.12999725341795,18.149999618530277,23982.379,20477.1,0.41,5.9,524124400000000.0,2.07,1.286,1.16,0.7839999
3264.9599609375,3276.199951171875,-0.0041846020316657,-0.0041933819810372,0.0048272824822096,26.194283621651785,70.03416043856767,29.067467227813268,26.108811027868,1848671013,14672132506589,-0.2119266938651013,-321655229264,-503320607072,-98338270839,-28792851743,4221.85986328125,1131.949951171875,91.88999938964844,17.75,23982.379,20477.1,0.43,5.9,524124400000000.0,2.079,1.327,1.09,0.752
3267.929931640625,3265.679931640625,0.0009096499616099,0.0009092364808131,0.0047623651135459,25.391427176339285,67.97730697973563,28.9536539146784,26.67777960523008,1627658120,17492731865668,-0.119552311604293,-711050008644,197274289786,-37292533187,-17090679275,4166.4501953125,1133.5400390625,92.2300033569336,20.700000762939453,23982.379,20477.1,0.47,5.9,524124400000000.0,2.041,1.313,0.98,0.7279999
3240.7900390625,3264.179931640625,-0.008304918754638,-0.0083395967243486,0.0051312181071171,25.989990234375,55.052865481214106,26.369522094284093,26.61612810304088,1508634470,17291259635405,-0.0731257065212195,-901895605835,-615505806340,-32492598062,-232964994185,4224.7900390625,1134.25,91.86000061035156,17.889999389648438,23982.379,20477.1,0.48,5.9,524124400000000.0,2.006,1.351,1.02,0.6550001
3263.8798828125,3245.7900390625,0.0071247576892328,0.007099496518677,0.0050353685443165,26.123552594866077,59.533531667296735,25.886334874951444,26.470169457423,1666696733,15512033241198,0.1047717430187049,362940809627,-19690436577,14491174619,30694758288,4246.43994140625,1130.3399658203125,91.7300033569336,16.65999984741211,23982.379,20477.1,0.44,5.9,524124400000000.0,2.05,1.331,1.04,0.719
3276.18994140625,3265.72998046875,0.0037716028272285,0.0037645081665181,0.0050290611168973,25.019252232142858,57.29727921581551,26.194767398622844,26.415089045662967,1069174741,17865268589384,-0.3585067278103316,-9624757444,128708746749,-75640799123,12102556228,4241.83984375,1132.510009765625,91.8000030517578,16.31999969482422,23982.379,20477.1,0.47,5.9,524124400000000.0,2.041,1.338,1.03,0.70299983
3286.10009765625,3281.469970703125,0.0030249028375155,0.0030203370240382,0.0049991989793595,24.113542829241077,61.52689923732088,26.9284547188945,26.51776218030928,1301271218,21426510325089,0.2170800226564648,-101632141063,339712292926,-38810722863,-39545631810,4266.490234375,1132.6099853515625,91.81999969482422,15.970000267028809,23982.379,20477.1,0.48,5.9,524124400000000.0,2.06,1.384,1.01,0.676
3302.840087890625,3289.179931640625,0.0050941814725347,0.0050812500282535,0.0048953870772916,24.039969308035715,62.41189157540671,28.53178782647774,26.92056730954297,1198187970,18618608315198,-0.07921734268313,248467425445,566753931875,-13802120931,47529596847,4280.7001953125,1130.800048828125,91.80999755859376,15.619999885559082,23982.379,20477.1,0.48,5.9,524124400000000.0,2.1,1.441,1.06,0.6589999
3301.889892578125,3305.4599609375,-0.00028769037774,-0.0002877317685554,0.0048627500629112,23.9171142578125,63.449038222092646,29.387012853626857,27.41385641835975,1428764468,13796055583387,0.1924376673553149,-86753852283,-186767468590,-40174369235,-78867363410,4290.60986328125,1125.3399658203125,91.87999725341795,15.760000228881836,23982.379,20477.1,0.47,5.9,524124400000000.0,2.137,1.47,1.02,0.66700006
3286.679931640625,3305.260009765625,-0.0046064409875351,-0.0046170833316176,0.0049466223958798,23.712820870535715,69.10154575618222,28.5088360012096,27.632852334929723,1213046625,15509502688918,-0.1509820882527713,67905293320,-412606771064,-23577225658,41611244136,4291.7998046875,1129.0400390625,92.0500030517578,16.020000457763672,23982.379,20477.1,0.47,5.9,524124400000000.0,2.109,1.459,1.02,0.65
3296.679931640625,3288.6298828125,0.0030425840690269,0.0030379647774684,0.0049669831694441,23.282121930803573,69.35726806125555,28.29363948149512,27.7650097642428,1610375510,15646662100364,0.3275462598150338,7018476232,-44630686882,23578735044,32406647880,4297.5,1130.510009765625,92.44000244140624,15.829999923706056,23982.379,20477.1,0.46,5.9,524124400000000.0,2.092,1.448,0.99,0.64400005
3282.06005859375,3297.919921875,-0.004434726254908,-0.004444588822713,0.0048998451055625,22.930681501116077,59.300088629734375,26.636345902692483,27.53927699193274,1159231481,16075974682786,-0.2801483419230587,-408829358677,-587137459106,-34953871762,-206602099678,4319.93994140625,1129.5999755859375,92.5999984741211,15.479999542236328,23982.379,20633.3,0.47,5.4,524124400000000.0,2.09,1.469,1.01,0.62099993
3281.780029296875,3282.81005859375,-8.532119823390083e-05,-8.532483829438589e-05,0.0048584363350605,23.038539341517858,58.54520380234023,25.012009896726795,27.03382357289156,1019998165,15437887450990,-0.1201082944019875,-121557811968,-98659682214,15876478533,-75879205953,4352.33984375,1132.4100341796875,92.2300033569336,15.06999969482422,23982.379,20633.3,0.45,5.4,524124400000000.0,2.101,1.484,0.99,0.6170001
3293.2099609375,3285.2900390625,0.0034828451445827,0.0034767940852968,0.004850983752825,23.199236188616077,59.69064378058259,24.36613424062989,26.500285706439225,850406170,14529926270282,-0.1662669608822287,1502627218,211013868884,294422140,40500961104,4352.33984375,1129.77001953125,92.2300033569336,15.06999969482422,23982.379,20633.3,0.45,5.4,524124400000000.0,2.089,1.462,0.99,0.627
3305.2099609375,3295.43994140625,0.0036438611999654,0.0036372384211916,0.004872819305508,22.843523297991077,57.78600958679344,24.539694518723536,26.108167468896088,1029465279,14686383269810,0.2105571611739365,223784164541,139889522430,25745969130,-96460495807,4343.5400390625,1129.43994140625,92.5500030517578,16.440000534057617,23982.379,20633.3,0.42,5.4,524124400000000.0,2.119,1.465,0.9500000000000002,0.6539999
3285.340087890625,3303.590087890625,-0.0060116825501878,-0.0060298254632302,0.0044973949109994,22.857107979910715,55.77276027799869,22.81095905743632,25.448725786604136,1147641017,14507060037927,0.1147933207759988,-340497619729,-401209341494,-74941699657,-197577189715,4358.1298828125,1135.47998046875,92.63999938964844,16.200000762939453,23982.379,20633.3,0.41,5.4,524124400000000.0,2.039,1.41,0.9200000000000002,0.62900007
3252.679931640625,3287.679931640625,-0.0099411797184655,-0.0099909231926761,0.0051098835214452,25.008544921875,46.3023124754332,18.59121414836636,24.07722345895658,1516034403,16870624131454,0.3210005398404125,-498287807432,-221490035877,-33715394123,-280861818314,4320.81982421875,1140.52001953125,92.36000061035156,19.0,23982.379,20633.3,0.37,5.4,524124400000000.0,2.002,1.358,0.93,0.64400005
3217.949951171875,3245.52001953125,-0.0106773433595209,-0.0107347552266533,0.00539127861598,26.54497419084821,44.65854006680179,12.302797738927891,21.722338314950846,1308364633,16473105860696,-0.1369822278366858,-1342149136077,-432248519611,-4799192116,-26594298637,4369.5498046875,1146.280029296875,92.12999725341795,16.18000030517578,23982.379,20633.3,0.41,5.4,524124400000000.0,2.033,1.375,0.9600000000000002,0.658
3246.469970703125,3227.510009765625,0.008862791517582,0.0088237475038946,0.0057761635052506,27.020699637276785,46.02930842670165,9.51087421563352,19.280045495087386,1135042856,11280079226180,-0.1324720743960984,37207303791,137041608847,30242143340,49719136557,4384.6298828125,1144.31005859375,92.2300033569336,16.170000076293945,23982.379,20633.3,0.43,5.4,524124400000000.0,2.022,1.384,0.95,0.63800013
3271.3798828125,3253.239990234375,0.0076729223846725,0.0076436352323418,0.0060164022976413,27.636422293526785,48.96258961894572,9.20219921077387,17.26447623822468,1150101046,13494445819170,0.013266626824177,265170242335,269452323305,25426246024,44228803245,4369.2099609375,1141.0999755859375,92.75,17.1200008392334,23982.379,20633.3,0.47,5.4,524124400000000.0,2.035,1.424,0.95,0.61100006
3264.81005859375,3270.090087890625,-0.0020082731000661,-0.0020102923844576,0.0058670505482541,27.982840401785715,45.34113906062012,8.331402910760971,15.47786157273194,908953938,12993100764877,-0.2096747140946431,-274029668234,-196724273485,-11427150075,-51982527587,4374.2998046875,1148.699951171875,92.41000366210938,16.329999923706055,23982.379,20633.3,0.44,5.4,524124400000000.0,2.008,1.39,0.9300000000000002,0.6179999
3286.219970703125,3269.330078125,0.0065577818387991,0.0065363731322576,0.0059734295882806,27.519269670758927,46.43589362339297,9.26212355154712,14.234713968494976,1172430582,13683900975965,0.2898679822871288,100636263856,222169798027,34457350866,-24101485010,4360.02978515625,1143.4100341796875,92.62000274658205,17.010000228881836,23982.379,20633.3,0.43,5.4,524124400000000.0,2.024,1.497,0.8800000000000001,0.52699995
3276.909912109375,3282.889892578125,-0.0028330600741124,-0.0028370807845425,0.0060127385113734,27.984270368303573,44.82857963091753,9.143086632415816,13.216388501279145,1066507087,14781318750668,-0.0903452167029876,-92540524234,-353107977589,-80135660001,-24267140085,4327.16015625,1140.1199951171875,92.69000244140624,18.450000762939453,23982.379,20633.3,0.43,5.4,524124400000000.0,2.008,1.451,0.8800000000000001,0.5569999
3244.0400390625,3258.8701171875,-0.010030752730006,-0.0100813996996202,0.0061529603133985,28.822126116071427,41.77405969674049,6.323531234685561,11.83781704796043,1095559262,12855281198924,0.0272404894014548,-458190929018,-244214638725,-63155167134,-97038084973,4258.490234375,1141.5,92.88999938964844,22.5,23982.379,20633.3,0.38,5.4,524124400000000.0,1.972,1.459,0.8099999999999999,0.513
3232.699951171875,3223.239990234375,-0.0034956682883304,-0.0035017924128252,0.0059675545269713,29.577130998883927,37.72069407584004,3.1377924305488705,10.097812124478118,979670175,15292372447870,-0.1057807560208459,-172988943545,170253827459,1856527725,-15007940147,4323.06005859375,1150.0699462890625,92.97000122070312,19.729999542236328,23982.379,20633.3,0.37,5.4,524124400000000.0,1.893,1.41,0.86,0.48300004
3215.909912109375,3251.1298828125,-0.0051938130095907,-0.0052073477412973,0.0059689134743894,30.599993024553573,37.40907101174096,-0.7332914287380845,7.931591413834877,990326915,14864747567296,0.0108778855087632,-498545092711,-177327712908,12644971480,-100749921293,4358.68994140625,1147.47998046875,92.75,17.90999984741211,23982.379,20633.3,0.39,5.4,524124400000000.0,1.878,1.383,0.91,0.495
3250.2099609375,3235.169921875,0.010665736841374,0.0106092590997592,0.006454611687847,32.05357142857143,44.67997396576877,-1.0216490595116738,6.140943319165567,712983404,13039249952509,-0.2800524824673679,59859468295,830727811494,671985915,6069902594,4367.47998046875,1148.68994140625,92.81999969482422,17.690000534057617,23982.379,20633.3,0.37,5.4,524124400000000.0,1.921,1.397,0.9,0.52400005
3254.419921875,3253.43994140625,0.0012952889161306,0.0012944507531399,0.0063351945861262,32.108572823660715,43.30027408812988,-0.900090216134231,4.732736612105607,805048259,13209383405119,0.1291262243742212,111649746566,386738797311,-34439268621,-64912956743,4411.7900390625,1149.9100341796875,92.91000366210938,17.200000762939453,23982.379,20633.3,0.38,5.4,524124400000000.0,1.888,1.393,0.92,0.495
3224.949951171875,3265.989990234375,-0.0090553682101804,-0.0090966172626214,0.0066027720967116,33.590000697544646,36.92662173995691,-3.145475221530887,3.1570942453783086,826066626,12212490543815,0.0261082075080918,-377963894447,-70011365281,-111263276310,-69131916368,4422.2998046875,1151.1199951171875,92.6500015258789,17.579999923706055,23982.379,20633.3,0.38,5.4,524124400000000.0,1.863,1.369,0.91,0.49400008
3232.530029296875,3244.429931640625,0.0023504482983511,0.0023476903155681,0.0065955543964147,33.61500767299107,41.03911619860676,-4.264155529502659,1.6728442904021152,991938990,12348469240739,0.2007978034449729,46132578069,233409101232,7194879810,25434744438,4401.4599609375,1151.760009765625,92.43000030517578,19.36000061035156,23982.379,20633.3,0.37,5.4,524124400000000.0,1.868,1.38,0.88,0.48800004
3236.860107421875,3226.06005859375,0.001339532219579,0.0013386358466863,0.006553908789066,32.830008370535715,47.0301431441855,-4.746600757634496,0.388955280794793,868602620,11979296757213,-0.1243386652237553,-422234442765,409241365434,-18646221715,-67389286855,4400.64013671875,1153.56005859375,92.31999969482422,18.309999465942383,23982.379,20633.3,0.38,5.4,524124400000000.0,1.862,1.419,0.88,0.44299996
3242.64990234375,3248.489990234375,0.0017887071821853,0.0017871093505784,0.0065253753166211,29.6785888671875,55.20218760187539,-4.6086286120307705,-0.6105614977703198,694823189,10491306617501,-0.2000678181237813,-229157290461,235955856767,49331236276,-44195690300,4419.14990234375,1149.4100341796875,91.86000061035156,17.700000762939453,23982.379,20633.3,0.37,5.4,524124400000000.0,1.889,1.431,0.91,0.45800006
3202.320068359375,3234.3701171875,-0.0124373075105101,-0.0125152981567089,0.0070446478259759,30.166434151785715,41.142009596752224,-7.665205526769569,-2.02149030357017,687861015,12808243381658,-0.0100200656947274,-718353137727,-288008520187,-86499495235,-171324280645,4395.259765625,1142.1199951171875,92.16999816894533,18.239999771118164,23982.379,20633.3,0.35,5.4,524124400000000.0,1.874,1.417,0.89,0.4569999
3223.0400390625,3218.419921875,0.0064702997391952,0.0064494572064842,0.0071791579827678,30.281441824776785,40.13551215623754,-8.319731594458062,-3.2811385617477486,561003439,10237986168170,-0.1844232675404638,-145578198234,776000584489,-68769547735,-65728416080,4387.16015625,1150.9300537109375,92.0500030517578,19.459999084472656,23982.379,20840.7,0.33,5.1,524124400000000.0,1.907,1.435,0.8699999999999999,0.472
3237.139892578125,3221.570068359375,0.0043747062849788,0.0043651650739818,0.007206109745383,30.496442522321427,44.52183445583759,-7.612950522660412,-4.147500953930281,653512911,12491381488029,0.1649000087502137,666721793168,223421985222,-83707110855,-136518112384,4423.14990234375,1149.56005859375,92.08000183105467,18.040000915527344,23982.379,20840.7,0.33,5.1,524124400000000.0,1.89,1.442,0.8599999999999999,0.44799995
3280.3798828125,3246.64990234375,0.013357467291887,0.0132690428728819,0.0077726893649376,32.104300362723215,48.93576507373256,-3.5231034474541048,-4.022621452635046,632241743,12357119579176,-0.0325489636730375,912211912321,785870322708,14433237850,-14936701966,4402.66015625,1148.5799560546875,92.2699966430664,17.969999313354492,23982.379,20840.7,0.34,5.1,524124400000000.0,1.866,1.418,0.8499999999999999,0.44800007
3276.1298828125,3283.25,-0.0012955816557307,-0.0012964216472408,0.0074242682848042,31.81429617745536,49.855185186192415,-0.6176893179053877,-3.3416350256891145,680941049,11877709071888,0.0770264009600518,68114156834,383524914595,6627720894,-154828982088,4429.10009765625,1144.06005859375,92.23999786376952,17.280000686645508,23982.379,20840.7,0.38,5.1,524124400000000.0,1.878,1.414,0.85,0.464
3270.360107421875,3277.06005859375,-0.0017611558750753,-0.0017627085333334,0.0069761910799607,30.794294084821427,55.43310308820105,1.2054045053428126,-2.432227119482729,941361338,15455403584955,0.3824417537794817,52362805528,-143626824848,-13880607477,-39312365084,4436.52001953125,1143.1199951171875,92.8000030517578,16.149999618530273,23982.379,20840.7,0.42,5.1,524124400000000.0,1.9,1.433,0.8900000000000001,0.467
3260.419921875,3258.10009765625,-0.0030394773726344,-0.0030441059653651,0.0067598528482969,30.3507080078125,55.75533988850331,1.827068288987448,-1.580368037788694,707654201,15732538324746,-0.2482650684343273,-203158583662,-423591168581,-35909953547,-172488605688,4432.35009765625,1144.9200439453125,92.9499969482422,16.719999313354492,23982.379,20840.7,0.43,5.1,524124400000000.0,1.914,1.436,0.9000000000000001,0.47800004
3243.18994140625,3272.43994140625,-0.0052845893724147,-0.0052986022046775,0.0066294433510985,30.610700334821427,55.65366894724646,0.9188341414701426,-1.0805276019369268,730349269,21657925207047,0.0320708447260387,-637592624931,-145602942639,-55054217730,-45634063496,4436.75,1145.8900146484375,93.05999755859376,16.790000915527344,23982.379,20840.7,0.47,5.1,524124400000000.0,1.916,1.432,0.8900000000000001,0.48399997
3220.6201171875,3235.360107421875,-0.0069591435057805,-0.0069834712776166,0.0067832138193958,30.23355538504464,43.55423378347331,-1.6036581812031727,-1.185153717790176,618092869,19193401379930,-0.1537023514156484,-1621469249376,272528304746,-87877442390,-169007012133,4442.41015625,1152.47998046875,92.91000366210938,16.170000076293945,23982.379,20840.7,0.45,5.1,524124400000000.0,1.934,1.419,0.9000000000000001,0.515
3208.3798828125,3213.580078125,-0.0038005830956832,-0.0038078236630241,0.006595677650977,30.91641671316964,40.30979071861087,-4.53812347610392,-1.855747669452925,643282554,20403905566084,0.0407538838633649,-1884182512841,149273060739,21854301756,-116649079185,4460.830078125,1152.8499755859375,93.04000091552734,15.59000015258789,23982.379,20840.7,0.46,5.1,524124400000000.0,1.922,1.413,0.9000000000000001,0.50900006
3171.2900390625,3205.75,-0.0115603030516094,-0.0116276428368839,0.0069916229953963,32.482125418526785,39.05701241218615,-9.7442234396176,-3.43344282348586,696468122,20201969432850,0.0826783932958952,-2698983656328,-207942413327,-26239495506,71915228815,4468.0,1162.06005859375,92.5199966430664,15.449999809265137,23982.379,20840.7,0.44,5.1,524124400000000.0,1.924,1.407,0.8500000000000001,0.5170001
3143.090087890625,3169.739990234375,-0.0088922649220098,-0.0089320370615478,0.0069229566804048,33.704258510044646,33.17528754108058,-15.961600160473154,-5.939074290883319,690842314,22241588390442,-0.0080776245491964,-416474301204,-79915879813,43211717370,-33300382117,4448.080078125,1164.5,93.12999725341795,17.90999984741211,23982.379,20840.7,0.43,5.1,524124400000000.0,1.886,1.402,0.8300000000000001,0.4840001
3158.929931640625,3141.97998046875,0.0050395767563349,0.0050269205927225,0.0070597135700882,35.062098911830354,35.94885980465867,-19.38728840148042,-8.62871711300274,622791632,16752626526034,-0.098503928640364,-262289832287,275581200077,24129415005,92055167772,4400.27001953125,1176.449951171875,93.13999938964844,21.56999969482422,23982.379,20840.7,0.43,5.1,524124400000000.0,1.881,1.389,0.8400000000000001,0.49199998
3097.830078125,3140.010009765625,-0.0193419464305408,-0.0195314494273735,0.0081369442055045,38.014944893973215,28.230383262576268,-26.72435680919716,-12.247845052241624,655629079,17170843636716,0.0527262174261198,-271022343806,-153880075947,-82919628540,-21397868332,4405.7998046875,1169.6800537109375,93.56999969482422,21.670000076293945,23982.379,20840.7,0.44,5.1,524124400000000.0,1.868,1.36,0.8,0.508
3060.510009765625,3111.10009765625,-0.0120471644403309,-0.0121203196615141,0.0078856085354526,40.352818080357146,28.48816366437545,-35.14532062386297,-16.827340166565897,672088491,16450579796320,0.0251047620174271,-257002456198,-7044428713,-7836724990,33691528469,4441.669921875,1175.3900146484375,93.5,18.559999465942383,23982.379,20840.7,0.44,5.1,524124400000000.0,1.853,1.364,0.8200000000000001,0.48900008
3090.2099609375,3086.81005859375,0.0097042489902359,0.0096574651902614,0.0083346491917517,41.942818777901785,30.384782335949797,-38.9731984977243,-21.256511832797575,570979933,13424032926826,-0.1504393533797322,-27896085295,457016393044,54566012793,31170092028,4479.52978515625,1174.239990234375,92.95999908447266,17.149999618530273,23982.379,20840.7,0.43,5.1,524124400000000.0,1.889,1.389,0.8200000000000001,0.5
3138.300048828125,3119.699951171875,0.0155620778194747,0.015442230469749,0.0090974761145341,43.973545619419646,36.7357409739687,-37.691862772320746,-24.54358202070221,586535144,14946073572844,0.0272430082056842,154569606638,63307766487,12750741873,72488091757,4486.22998046875,1167.6099853515625,92.88999938964844,17.219999313354492,23982.379,20840.7,0.44,5.1,524124400000000.0,1.939,1.438,0.8500000000000001,0.50100005
3146.81005859375,3148.1298828125,0.0027116622481022,0.0027079923249261,0.00910556153827,43.31283133370536,30.23235479451263,-35.57956918538957,-26.750779453639687,624688408,13365595656643,0.0650485557264408,161946805744,-10514475843,333847177982,22790964265,4496.18994140625,1163.469970703125,92.83000183105467,16.790000915527344,23982.379,20840.7,0.47,5.1,524124400000000.0,1.936,1.435,0.8800000000000001,0.50100005
3128.530029296875,3151.300048828125,-0.0058090666282679,-0.0058260048846405,0.0091353620662794,44.41927664620536,29.02694028095489,-34.97740909184222,-28.396105381280197,727719083,13335287860349,0.164931306040819,-364183966521,-100600671524,36180616272,-6940843176,4470.0,1163.3299560546875,93.05999755859376,18.84000015258789,23982.379,20840.7,0.46,5.1,524124400000000.0,1.928,1.398,0.8800000000000001,0.53
3133.89990234375,3116.2900390625,0.0017164204903226,0.0017149491240876,0.0091339256414164,45.11928013392857,30.58775642321352,-33.67866234709754,-29.452616774443666,520668771,11039934421080,-0.2845195582152955,-371764647559,629117239461,22670847835,22453595519,4509.3701171875,1170.0,92.69000244140624,16.389999389648438,23982.379,20840.7,0.41,5.1,524124400000000.0,1.939,1.408,0.9000000000000001,0.531
3144.18994140625,3160.8701171875,0.003283461304812,0.0032780825165546,0.0088277683137496,45.74000767299107,33.48206293274416,-31.456465486860907,-29.85338651692712,602858388,11758710379309,0.1578539401204071,-233861142615,152623459792,60716191530,-9562151800,4528.7900390625,1161.3299560546875,92.6500015258789,16.190000534057617,23982.379,20840.7,0.4,5.1,524124400000000.0,1.913,1.398,0.89,0.515
3199.27001953125,3144.489990234375,0.017518050484051,0.0173663782107259,0.0096100167739871,47.85499790736607,44.36461236191583,-24.96309743554275,-28.875328700650243,661221167,15863630339895,0.0968100969675818,1122966401177,-161243731007,13380085130,-3393268683,4522.68017578125,1165.510009765625,92.62999725341795,16.479999542236328,23982.379,20840.7,0.4,5.1,524124400000000.0,1.912,1.395,0.9,0.51699996
3207.02001953125,3195.669921875,0.0024224276015112,0.0024194982535707,0.0095693199380526,47.624267578125,48.18597574874986,-18.97298745305079,-26.89486045113036,746705227,13537907689214,0.129282098435908,77536662099,-37506100891,33139018341,5492364899,4524.08984375,1158.4100341796875,92.4499969482422,16.110000610351562,23982.379,20981.0,0.42,4.7,524124400000000.0,1.942,1.417,0.8900000000000001,0.525
3175.85009765625,3198.030029296875,-0.0097192788586196,-0.0097668193396418,0.0092084701390206,48.17855398995536,45.8696485100083,-16.55015445448271,-24.825919251800823,757859615,15378375212484,0.0149381410450473,548159354628,-355194374577,-25417988015,-1048340088150,4536.9501953125,1155.280029296875,92.2300033569336,16.40999984741211,23982.379,20981.0,0.42,4.7,524124400000000.0,1.941,1.422,0.8700000000000001,0.51899993
3201.06005859375,3189.7099609375,0.0079380197938512,0.0079066794589431,0.0094521670097577,45.626412527901785,53.89752106690396,-12.452266708972276,-22.35118874323512,641510055,13110992029700,-0.1535238950554186,588157139552,-28768295060,20238800760,-80952479587,4535.43017578125,1157.1300048828125,92.04000091552734,16.40999984741211,23982.379,20981.0,0.42,4.7,524124400000000.0,1.943,1.437,0.91,0.5059999
3203.330078125,3196.300048828125,0.0007091461858566,0.0007088948605107,0.0094600130282969,43.80140904017857,58.46115439824483,-8.918680544510153,-19.664687103490127,726190124,12313477364484,0.1320011562406453,62039912412,29843332688,-12326798015,-261075373,4535.43017578125,1154.75,92.04000091552734,16.40999984741211,23982.379,20981.0,0.42,4.7,524124400000000.0,1.97,1.459,0.91,0.51100004
3187.419921875,3200.070068359375,-0.0049667551772599,-0.004979130499558,0.0094914802479672,42.02999441964285,54.00084065823677,-7.317750224267456,-17.195299727645594,760159709,11943337187144,0.0467778118667998,-311137493676,-145059311913,4953283945,26043735404,4520.02978515625,1155.5400390625,92.5199966430664,18.13999938964844,23982.379,20981.0,0.45,4.7,524124400000000.0,1.975,1.464,0.93,0.51100004
3162.989990234375,3178.739990234375,-0.0076644848308076,-0.0076940079443859,0.0095616757398311,39.842860630580354,60.20099665107504,-7.928893378038538,-15.342018457724183,859889326,17302711069208,0.1311956103687679,-223230326495,-9102197852,-71674530917,-104172050682,4514.06982421875,1161.0,92.6500015258789,17.959999084472656,23982.379,20981.0,0.43,4.7,524124400000000.0,2.016,1.489,0.9200000000000002,0.52700007
3114.699951171875,3146.639892578125,-0.0152672121036089,-0.0153849559369434,0.0100011814364293,38.3028564453125,58.20189577522663,-12.169548328252404,-14.707524431829828,927368577,17787104851733,0.0784743442669504,-319568958819,-955116662862,158598945404,-168842666965,4493.27978515625,1166.489990234375,92.4800033569336,18.799999237060547,23982.379,20981.0,0.43,4.7,524124400000000.0,2.0,1.499,0.8700000000000001,0.50100005
3125.760009765625,3121.090087890625,0.003550922646526,0.0035446330056597,0.0100535366062285,36.65000697544643,55.70241978750983,-14.471030599963797,-14.660225665456622,723085303,13566490029242,-0.2202827215268045,-517843970667,301388981503,50311008258,-130914665949,4458.580078125,1169.1300048828125,92.58000183105467,20.950000762939453,23982.379,20981.0,0.45,4.7,524124400000000.0,2.006,1.501,0.9000000000000001,0.505
3127.860107421875,3117.35009765625,0.0006718678496393,0.0006716422474798,0.0097607456001369,35.060703822544646,48.03553873152087,-15.941745038555837,-14.916529540076466,732269520,13505433023679,0.0127014295020182,142400124348,178253746526,42618707307,-30544190017,4468.72998046875,1169.3800048828125,92.62000274658205,19.3700008392334,23982.379,20981.0,0.44,4.7,524124400000000.0,2.037,1.525,0.8900000000000001,0.51199996
3148.830078125,3137.320068359375,0.0067042546606757,0.0066818810884793,0.0096909563295668,35.039271763392854,50.363077549573205,-15.239523701721737,-14.981128372405522,713227276,15787292366491,-0.0260044197934116,298439132422,584085083508,78284220493,-6916378985,4443.0498046875,1171.1099853515625,92.6500015258789,19.459999084472656,23982.379,20981.0,0.43,4.7,524124400000000.0,2.06,1.535,0.8500000000000001,0.525
3153.39990234375,3147.2099609375,0.0014512768569179,0.0014502247724477,0.0096278768226564,34.102120535714285,54.70183306270187,-14.151136121774016,-14.815129922279224,616557070,12162693523272,-0.1355391321293214,298111497723,-123720917305,-18717144264,31425591976,4480.7001953125,1170.800048828125,92.48999786376952,18.18000030517578,23982.379,20981.0,0.43,4.7,524124400000000.0,2.025,1.492,0.8800000000000001,0.5330001
3130.090087890625,3165.3798828125,-0.0073919626989904,-0.0074194186411381,0.0086741649517913,34.458548409598215,49.325481456251175,-14.996616679366523,-14.851427273696684,612873472,12259518128260,-0.0059744639697343,20681036843,-379050111792,-72822902700,-16414893080,4473.75,1165.219970703125,92.86000061035156,18.690000534057617,23982.379,20981.0,0.46,4.7,524124400000000.0,2.043,1.51,0.8800000000000001,0.533
3140.510009765625,3127.75,0.0033289527082021,0.0033234240115839,0.0081621707524342,34.28138950892857,49.34877640127782,-14.65690976802898,-14.812523772563145,589244026,14937657948864,-0.0385551783190902,53895512419,-404390159816,141022338882,-14266881529,4432.990234375,1174.4200439453125,93.1999969482422,20.809999465942383,23982.379,20981.0,0.47,4.7,524124400000000.0,2.068,1.535,0.9000000000000001,0.5330001
3127.580078125,3123.639892578125,-0.004117143903512,-0.0041256426756059,0.0079987519417784,31.634259905133927,35.08880439065807,-15.255174857053134,-14.901053989461143,623841308,14009138133250,0.0587146928495121,576941521325,-582943636,-97357955322,19956033895,4448.97998046875,1181.030029296875,93.0999984741211,18.6299991607666,23982.379,20981.0,0.53,4.7,524124400000000.0,2.099,1.558,0.8799999999999999,0.541
3125.239990234375,3140.72998046875,-0.0007482103838019,-0.0007484904328902,0.0071967591722855,31.500714983258927,32.59849326269615,-15.736726597768213,-15.068188511122557,753222478,12558236431734,0.2073943619007672,82639153047,-206722666152,-30186532511,-26700145631,4455.47998046875,1174.699951171875,93.33000183105467,17.75,23982.379,20981.0,0.55,4.7,524124400000000.0,2.152,1.575,0.92,0.5769999
3133.639892578125,3121.699951171875,0.0026877623382517,0.0026841567642306,0.0071962527379742,30.9185791015625,40.05460124181585,-15.264597129621508,-15.107470234822348,883229339,12266966973757,0.1726008779573358,342728101916,97079727898,-16762460345,-8407702634,4443.10986328125,1179.199951171875,93.37999725341795,18.76000022888184,23982.379,20981.0,0.56,4.7,524124400000000.0,2.168,1.566,0.92,0.602
3097.919921875,3133.39990234375,-0.0113988754061135,-0.0114643405478307,0.0075305326332758,31.74072265625,26.845307258895488,-17.570195954205246,-15.600015378698927,894913170,14658731286208,0.0132285358786072,4030086557,-511259609658,14213860306,-28267688072,4352.6298828125,1176.9599609375,93.7699966430664,23.25,23982.379,20981.0,0.55,4.7,524124400000000.0,2.256,1.609,0.99,0.6470001
3060.27001953125,3055.5,-0.0121532845564847,-0.0122277395829348,0.0079492376119634,35.15928431919643,22.28588238855214,-22.179757659528605,-16.915963834864865,821557926,15137007962920,-0.0819691188587603,-662495841355,-300556751726,63653517726,-38252372222,4359.4599609375,1186.8900146484375,94.33999633789062,22.559999465942383,23982.379,20981.0,0.55,4.7,524124400000000.0,2.223,1.603,1.0,0.62
3068.820068359375,3054.8701171875,0.0027938870666825,0.0027899914185257,0.0079355398783463,35.622140066964285,26.34998622239489,-24.85642167986589,-18.50405540386507,885818713,14942853884792,0.0782182058821741,37247595174,-222765442561,28136886966,-60578288848,4307.5400390625,1187.4300537109375,94.25,23.13999938964844,23982.379,20981.0,0.53,4.7,524124400000000.0,2.237,1.593,0.99,0.64399993
3019.179931640625,3056.2099609375,-0.0161756426290864,-0.0163078964694511,0.0073356995046115,37.28857421875,23.942704969521102,-30.63015600179824,-20.929275523451707,855481955,12944006323787,-0.0342471405884603,-303461626983,-360991448255,-35937079966,-27710225559,4357.0400390625,1183.719970703125,94.04000091552734,21.100000381469727,24813.6,21160.7,0.49,4.5,532453300000000.06,2.258,1.633,0.99,0.6249999
2962.169921875,2998.169921875,-0.0188826141722019,-0.01906316721983,0.0080539214738739,39.22356305803572,23.20929462687617,-39.35248246322772,-24.61391691140691,840557005,15315537326790,-0.0174462475950178,-620628462550,306744466618,16756778410,-36023313105,4345.72021484375,1183.780029296875,93.9800033569336,21.299999237060547,24813.6,21160.7,0.54,4.5,532453300000000.06,2.291,1.65,1.0,0.6409999
2908.31005859375,2986.06005859375,-0.018182570447261,-0.0183499048647744,0.0085898508546075,43.295689174107146,16.79844033653542,-50.0342659929006,-29.69798672770565,901721943,15668592169787,0.0727671503968967,-276928882710,88922961599,42401466027,-38165381241,4363.5498046875,1187.1700439453125,94.2699966430664,21.0,24813.6,21160.7,0.55,4.5,532453300000000.06,2.399,1.719,0.98,0.67999995
2959.4599609375,2936.8701171875,0.01758749972088,0.0174346294489468,0.0095219575231507,44.94569614955357,27.63724830974509,-53.752659557184415,-34.508921293601404,595381702,11906736775955,-0.3397280540615611,-104997843613,582337542213,61558116275,-19874548407,4399.759765625,1191.3800048828125,94.22000122070312,19.540000915527344,24813.6,21160.7,0.57,4.5,532453300000000.06,2.387,1.704,1.0100000000000002,0.6830001
2956.300048828125,2977.820068359375,-0.0010677326779491,-0.0010683031105674,0.0094846691940318,44.41856166294643,23.163496504733985,-56.30543770821487,-38.8682245765241,668946781,12634091306885,0.1235595228286003,-48546564724,-356361840554,38771882239,-87271234347,4391.33984375,1191.1500244140625,94.06999969482422,18.770000457763672,24813.6,21160.7,0.59,4.5,532453300000000.06,2.374,1.701,1.02,0.6730001
2916.3798828125,2950.219970703125,-0.0135034216271279,-0.0135954219767014,0.0097235578252872,46.53142438616072,19.925864337809813,-60.84833482826616,-43.26424662687251,660180934,12767649889473,-0.0131039527343207,-824220360917,-199897407370,-1468021793,48741145718,4350.64990234375,1195.800048828125,94.5199966430664,19.850000381469727,24813.6,21160.7,0.64,4.5,532453300000000.06,2.447,1.815,0.95,0.63199997
2944.409912109375,2913.340087890625,0.0096112407927608,0.0095653466500814,0.0101752782016136,46.73357282366072,26.718958345832817,-61.47814265843272,-46.90702583318456,752132429,12294514171307,0.139282263792247,-271076290544,588370956150,82521400617,78568834834,4363.7998046875,1196.8900146484375,94.08000183105467,18.63999938964844,24813.6,21160.7,0.66,4.5,532453300000000.06,2.401,1.824,0.9,0.577
2988.639892578125,2968.8701171875,0.0150216789744006,0.0149099708611277,0.010572682484349,47.800728934151785,32.446407447874805,-57.74265869699957,-49.07415240594756,617170079,12064564380622,-0.1794396103614886,-384533444585,462365711176,89975694541,3857709457,4438.259765625,1186.7099609375,93.95999908447266,16.860000610351562,24813.6,21160.7,0.62,4.5,532453300000000.06,2.351,1.813,0.9,0.5380001
3015.06005859375,3012.6201171875,0.0088401972018228,0.0088013514268837,0.0107827499245642,47.85287039620536,37.38791250169664,-52.05036988611846,-49.669395901981744,857797842,12540973320207,0.3898888996528946,86866571209,125465401086,33015446198,33745489001,4471.3701171875,1182.1300048828125,93.94000244140624,16.299999237060547,24813.6,21160.7,0.7,4.5,532453300000000.06,2.356,1.795,0.8900000000000001,0.561
3006.679931640625,3017.47998046875,-0.002779422893829,-0.0027832926617847,0.0107686858547831,48.08642578125,36.88843361679241,-47.665932997658274,-49.26870332111705,926369474,10649948958411,0.0799391519103402,35920884303,-327654252283,-24634701113,-34005832987,4486.4599609375,1181.7900390625,93.9499969482422,16.309999465942383,24813.6,21160.7,0.72,4.5,532453300000000.06,2.4,1.875,0.8700000000000001,0.5250001
3029.0400390625,3022.22998046875,0.007436810013121,0.0074092932817909,0.0108006460311419,48.140712193080354,38.77877390240772,-41.90391908275888,-47.79574647344542,845703531,10112026428717,-0.0870775055353345,148731170443,383116502332,-16019561980,-126029147678,4519.6298828125,1185.6800537109375,93.79000091552734,15.699999809265137,24813.6,21160.7,0.71,4.5,532453300000000.06,2.379,1.866,0.94,0.5129999
3013.1298828125,3043.1298828125,-0.0052525407537776,-0.005266383841495,0.0107941276036034,47.82142857142857,40.500152085097625,-38.18116943054156,-45.87283106486465,680326898,11178213476930,-0.1955491811704401,-69538320207,14730515317,-54094209890,-101425112936,4536.18994140625,1175.6500244140625,93.55999755859376,15.489999771118164,24813.6,21160.7,0.7,4.5,532453300000000.06,2.392,1.847,0.95,0.54499996
3007.330078125,3012.280029296875,-0.0019248439042017,-0.0019266987968642,0.010726012172564,44.66571916852679,43.61277339281023,-35.29203467033676,-43.75667178595907,887369794,10572398217802,0.3043285464806067,53787925576,181133380450,-6690641841,-29574434689,4549.77978515625,1174.5899658203125,93.7699966430664,15.010000228881836,24813.6,21160.7,0.78,4.5,532453300000000.06,2.388,1.836,0.8999999999999999,0.55200005
3006.159912109375,3005.360107421875,-0.0003891046161299,-0.0003891803369739,0.0106609537080796,43.911429268973215,42.302958545810505,-32.71962569797188,-41.549262568361634,695272936,9047262545950,-0.2164789237799996,-108832709699,246453310653,-18636676340,-46496006349,4544.89990234375,1176.550048828125,93.61000061035156,15.43000030517578,24813.6,21160.7,0.79,4.5,532453300000000.06,2.411,1.889,0.8699999999999999,0.52199996
3020.5400390625,3001.10009765625,0.0047835535612057,0.0047721487248382,0.0107609414661508,43.06642368861607,50.18291806019519,-29.184199701162925,-39.076249994921895,791795966,10489293804156,0.1388275380821093,38373541830,338729130333,-32447907640,-34207963034,4566.47998046875,1176.5400390625,93.80999755859376,15.239999771118164,24813.6,21160.7,0.76,4.5,532453300000000.06,2.426,1.919,0.8799999999999999,0.5070001
3049.080078125,3039.820068359375,0.0094486544437126,0.0094042951133903,0.0110459374052578,39.67499651227679,62.6576589389845,-23.80499730322253,-36.02199945658202,564559805,9512681741122,-0.2869882782403566,107286670324,287428216288,-906225057,32517267949,4574.7900390625,1167.06005859375,93.9499969482422,15.979999542236328,24813.6,21160.7,0.77,4.5,532453300000000.06,2.457,1.947,0.8599999999999999,0.51
3025.489990234375,3045.830078125,-0.0077367885677609,-0.0077668727870527,0.0110979288185728,35.74000767299107,68.71640091560307,-21.201070842513214,-33.05781373376826,607875370,10220672977011,0.0767244933422066,-288523500231,-184116705602,-34139622746,-64910464172,4551.68017578125,1167.3299560546875,93.86000061035156,16.979999542236328,24813.6,21160.7,0.77,4.5,532453300000000.06,2.487,2.044,0.77,0.44300008
3009.550048828125,3023.169921875,-0.0052685487169683,-0.0052824764606289,0.0108975883130117,33.715000697544646,59.01449479127764,-20.190912151088924,-30.484433417232395,617256798,12367618427652,0.0154331438038031,-248122879786,-112429997571,24630433875,-14277164595,4596.419921875,1172.1700439453125,93.3499984741211,16.530000686645508,24813.6,21160.7,0.77,4.5,532453300000000.06,2.397,2.017,0.8,0.3800001
2970.679931640625,3025.669921875,-0.0129155908879586,-0.0129997223218305,0.010939071487004,36.26499720982143,52.293142219979686,-22.2701315029517,-28.841573034376257,545833755,11035682384856,-0.1157104194419904,-805789439074,-347873802899,-14504823365,-78611439267,4605.3798828125,1167.3699951171875,94.12000274658205,16.260000228881836,24813.6,21160.7,0.75,4.5,532453300000000.06,2.575,2.103,0.8,0.47200012
2978.93994140625,2984.179931640625,0.0027805115178003,0.0027766530463447,0.0109387975013208,33.8607177734375,61.09689723744656,-22.98644068333033,-27.670546564167072,475382111,9410799387549,-0.1290716144881879,-356245223325,764308817002,-33152492975,-65239650602,4613.669921875,1174.3800048828125,93.87999725341795,16.40999984741211,24813.6,21335.9,0.79,4.1,532453300000000.06,2.506,2.108,0.79,0.398
3013.489990234375,2995.580078125,0.0115981018441799,0.0115313594222131,0.0107226175799665,34.68214634486607,61.97639868279592,-20.52956858841071,-26.242350969015803,525853038,9662968105172,0.106169175978942,322429269438,856588969992,-6684518287,-31894286581,4630.64990234375,1176.5699462890625,94.08999633789062,16.030000686645508,24813.6,21335.9,0.73,4.1,532453300000000.06,2.48,2.038,0.8300000000000001,0.4419999
2975.7099609375,3020.360107421875,-0.012536968571094,-0.0126162194353146,0.0102068569732547,35.203578404017854,47.70705992270998,-21.384505112217084,-25.270781797656063,658648364,12438267928860,0.2525331535690396,-446963595080,-552545512256,-8104683222,148479191333,4660.56982421875,1178.0400390625,93.86000061035156,15.100000381469728,24813.6,21335.9,0.77,4.1,532453300000000.06,2.47,2.036,0.8300000000000001,0.43400002
2983.219970703125,3000.919921875,0.0025237707519247,0.0025205913907163,0.0092274077134598,35.388584681919646,43.94768960892507,-21.211540012959176,-24.458933440716685,772023904,14658519584987,0.172133639430098,354163482627,463859081944,-42173723227,-122924237961,4680.06005859375,1179.3399658203125,94.3499984741211,15.4399995803833,24813.6,21335.9,0.69,4.1,532453300000000.06,2.428,2.04,0.8400000000000001,0.388
2969.27001953125,3003.530029296875,-0.0046761389736161,-0.0046871063146968,0.0084838795956209,36.73430524553572,43.03640423948106,-21.947115712288905,-23.95656989503113,688027918,12669722983462,-0.1087997218283023,116545670834,-165634704892,-29358873393,-202498090662,4697.52978515625,1185.8299560546875,94.31999969482422,16.479999542236328,24813.6,21335.9,0.66,4.1,532453300000000.06,2.35,1.944,0.7899999999999999,0.4059999
2960.199951171875,2965.360107421875,-0.0030546458556189,-0.0030593208089157,0.0085107576055926,37.48573521205357,36.518890449639656,-22.996850095562426,-23.76462593513739,560205356,10388089493103,-0.1857810688431976,-116792600808,1238972509,-61968718074,-92859140207,4701.7001953125,1180.5,94.0500030517578,17.219999313354492,24813.6,21335.9,0.75,4.1,532453300000000.06,2.329,1.906,0.76,0.42299998
2962.4599609375,2958.14990234375,0.000763465239816,0.0007631739484809,0.007879929412092,37.76002720424107,39.516730276942106,-23.376933518868555,-23.687087451883624,708773471,9684977252764,0.2652029535397731,-135503238715,402128220031,-19973581817,-108999212547,4685.25,1199.8599853515625,93.95999908447266,17.780000686645508,24813.6,21335.9,0.71,4.1,532453300000000.06,2.293,1.865,0.75,0.42799997
2930.169921875,2947.4599609375,-0.0108997385579117,-0.0109595759131656,0.0080115115374669,38.82859584263393,35.61307227149655,-25.98415944788212,-24.14650185108332,570931752,9663221463613,-0.1944792301629472,-20829351340,-74099919833,-43718722130,-91145253523,4646.7099609375,1177.5,94.8499984741211,18.729999542236328,24813.6,21335.9,0.83,4.1,532453300000000.06,2.309,1.877,0.7300000000000001,0.43200004
2924.919921875,2911.409912109375,-0.0017917049659156,-0.0017933119890858,0.0071758476732101,39.115025111607146,35.07936977679968,-28.14954546693434,-24.947110574253525,572859058,13468395643103,0.0033757204661477,86251525234,1630896679,-62549569930,-140987179050,4649.27001953125,1184.1400146484375,95.18000030517578,17.65999984741211,24813.6,21335.9,0.83,4.1,532453300000000.06,2.341,1.913,0.7300000000000001,0.4280001
2968.800048828125,2945.949951171875,0.0150021635207695,0.0148907440390351,0.0077252248224028,39.610752650669646,41.42640879856367,-26.0248714460904,-25.162662748620903,665733196,12472956374638,0.1621238884207361,432432182659,428035846231,41068917722,104466615415,4682.85009765625,1183.1099853515625,95.12999725341795,16.290000915527344,24813.6,21335.9,0.85,4.1,532453300000000.06,2.344,1.968,0.7300000000000001,0.37600005
2999.52001953125,2989.679931640625,0.0103476051596169,0.0102944351668606,0.0080909333831665,39.88218470982143,41.84653992664224,-21.61306511787461,-24.452743222471646,639395683,11402053251342,-0.0395616639792737,399674833676,412012012019,-27218753923,46850207009,4682.7998046875,1179.1099853515625,95.41000366210938,16.489999771118164,24813.6,21335.9,0.87,4.1,532453300000000.06,2.298,1.912,0.7599999999999999,0.38600016
2997.2099609375,2995.679931640625,-0.0007701427490759,-0.0007704394613532,0.0078947058027236,39.629307338169646,44.99717110292435,-18.09449714036509,-23.181094006050337,579646335,11101212743890,-0.09344659275718,647756674326,80778392240,-30896179005,-64277193849,4700.89990234375,1183.510009765625,95.91999816894533,16.3700008392334,24813.6,21335.9,0.87,4.1,532453300000000.06,2.333,1.963,0.7599999999999999,0.3699999
2962.419921875,3004.02001953125,-0.0116074747901938,-0.0116753674116501,0.0082205022109233,41.2078857421875,42.18381171021254,-17.906853013223554,-22.12624580748498,541489534,10661680483275,-0.0658277275228523,103201400497,-626700075965,-53528001362,-100067061839,4688.669921875,1184.050048828125,95.83000183105467,17.110000610351562,24813.6,21335.9,0.85,4.1,532453300000000.06,2.359,1.974,0.7500000000000001,0.385
2947.3798828125,2959.260009765625,-0.0050769436673855,-0.0050898751326679,0.0082725991174637,38.50645228794643,45.804218247300405,-18.75554687855993,-21.45210602169997,541652823,10119317376788,0.0003015552282124,-47192524618,-30463646272,-59264681396,-55339209177,4704.5400390625,1181.22998046875,95.54000091552734,17.59000015258789,24813.6,21335.9,0.84,4.1,532453300000000.06,2.338,1.953,0.7500000000000001,0.3850001
2971.02001953125,2951.06005859375,0.0080207294813288,0.0079887343993566,0.0085141084024702,38.944301060267854,48.64866441055275,-17.320916671518262,-20.625868151663628,657093788,11002168877105,0.2131272285458023,232313455373,124433569234,-13598996846,-12703046628,4697.9599609375,1182.9000244140625,96.06999969482422,17.90999984741211,24813.6,21335.9,0.86,4.1,532453300000000.06,2.372,1.966,0.68,0.40600002
3013.25,2983.3798828125,0.0142139669847842,0.0141138957144279,0.009062241507528,38.346435546875,49.96009745476156,-12.630755911553932,-19.02684570364169,530959176,12945532600397,-0.1919583083929565,796949842169,563230432216,-22714584305,54195787091,4682.93994140625,1191.6300048828125,96.5,19.170000076293945,24813.6,21335.9,0.95,4.1,532453300000000.06,2.386,2.018,0.6799999999999999,0.36800003
2997.330078125,3013.159912109375,-0.0052833060233966,-0.0052973120384887,0.0088425454254237,36.372157505580354,53.8765132917532,-10.08215357498284,-17.23790727790992,524233416,10830503621150,-0.0126671885598979,282388382183,-562487651572,-101364936853,-26648431909,4690.7001953125,1189.5,96.48999786376952,19.3799991607666,24813.6,21335.9,0.95,4.1,532453300000000.06,2.4,2.031,0.72,0.3690002
2994.2900390625,3006.340087890625,-0.0010142490093723,-0.0010147637079499,0.008692421790571,36.445713588169646,52.01721144974256,-8.212999264137125,-15.432925675155362,556640473,10963458592619,0.061817991777922,318589823672,-512961743387,-70825235266,24494452562,4701.4599609375,1189.949951171875,96.83999633789062,18.57999992370605,24813.6,21335.9,0.97,4.1,532453300000000.06,2.394,2.013,0.6699999999999999,0.38100004
2980.27001953125,2996.739990234375,-0.0046822516684588,-0.0046932477464984,0.0086764083682145,34.583565848214285,52.00393171972709,-7.773372809253033,-13.901015101974895,595969686,9401090529106,0.0706546054548211,-92544623479,-57673826347,-14857127615,-1266130125,4701.4599609375,1187.8800048828125,96.83999633789062,18.57999992370605,24813.6,21335.9,0.97,4.1,532453300000000.06,2.348,1.933,0.6699999999999999,0.41500008
2936.43994140625,2973.0400390625,-0.0147067473207993,-0.0148159636633521,0.0088225207142296,35.804268973214285,46.158079280448646,-10.83676717156004,-13.288165515891928,595597647,11901297731572,-0.0006242582613505,-180767543511,-275960104525,-18806626288,-56177072744,4594.6201171875,1190.219970703125,96.08999633789062,28.6200008392334,24813.6,21335.9,0.81,4.1,532453300000000.06,2.255,1.863,0.6699999999999999,0.39200008
2909.320068359375,2906.14990234375,-0.0092356300786071,-0.0092785429326044,0.0089913415794915,36.343540736607146,42.04683888327403,-15.276775223584991,-13.68588745743054,844400434,13092783140665,0.4177363497878292,45504189683,681485852301,70910742127,-35998078677,4655.27001953125,1194.6099853515625,96.33999633789062,22.959999084472656,24813.6,21335.9,0.83,4.1,532453300000000.06,2.266,1.844,0.6900000000000001,0.42200005
2839.010009765625,2932.7099609375,-0.0241671789083692,-0.0244639971059614,0.0098719422722474,42.207833426339285,37.750627738050014,-24.19009930916218,-15.786729827776869,983556318,19852270868593,0.1647984515365608,-134042212781,-431415568025,-27977279770,-102395381643,4567.0,1190.739990234375,95.98999786376952,27.190000534057617,24813.6,21335.9,0.81,4.1,532453300000000.06,2.213,1.799,0.6199999999999999,0.41400003
2899.719970703125,2860.1201171875,0.0213842010872347,0.0211587672120658,0.01096545371458,45.22640555245536,47.05305298332026,-26.05484238621966,-17.840352339465426,563927192,12534484740158,-0.4266447363718729,943893334995,-136518167179,80333184394,123337646689,4513.0400390625,1182.8599853515625,96.0500030517578,31.1200008392334,24813.6,21498.8,0.85,3.9,532453300000000.06,2.182,1.813,0.58,0.36899996
2945.27001953125,2874.639892578125,0.0157084302237227,0.0155863298439306,0.0115768053761039,46.77711704799107,47.259043288681646,-23.585280020003665,-18.989337875573074,534461669,11918441491698,-0.0522505802486644,888751384824,-11516510161,29019396019,36534783266,4577.10009765625,1177.1099853515625,96.12999725341795,27.950000762939453,24813.6,21498.8,0.9,3.9,532453300000000.06,2.198,1.845,0.5399999999999999,0.35299993
2968.330078125,2935.929931640625,0.0078295227401323,0.0077990310803138,0.0116832593964754,47.704258510044646,46.30074266599952,-19.54211075671537,-19.099892451801537,486749001,10344372944198,-0.0892723852194533,154716143993,-95991409161,28709849560,153726018332,4538.43017578125,1176.77001953125,96.12000274658205,30.670000076293945,24813.6,21498.8,0.86,3.9,532453300000000.06,2.234,1.9,0.4900000000000001,0.334
2973.25,2954.820068359375,0.0016574712870569,0.0016560991974467,0.0116661751434948,49.45213099888393,47.175733060441736,-15.75921103326482,-18.4317561680942,479907913,9657402253160,-0.0140546523689731,4737894467,58739564438,26832483356,81685032625,4591.669921875,1183.1400146484375,96.29000091552734,27.18000030517578,24813.6,21498.8,0.91,3.9,532453300000000.06,2.213,1.865,0.5199999999999999,0.34800005
2991.719970703125,2973.840087890625,0.0062120476593374,0.0061928324275082,0.0117424095999199,48.34071568080357,53.59192383551968,-11.142420583779312,-16.97388905123122,541370062,10215647036599,0.1280707138496379,212105851668,-113689382175,62064163927,-70673934326,4686.75,1180.56005859375,96.37000274658205,21.88999938964844,24813.6,21498.8,0.99,3.9,532453300000000.06,2.24,1.872,0.49,0.36800003
3001.800048828125,3017.929931640625,0.0033693254127094,0.0033636619536333,0.0114401557019789,49.587855747767854,56.75355500494158,-6.594189120977262,-14.89794906518043,488246121,11115220654811,-0.0981287011027957,-79830040520,894806053714,-18054821210,-18674514016,4701.2099609375,1176.8399658203125,95.88999938964844,19.899999618530277,24813.6,21498.8,0.99,3.9,532453300000000.06,2.185,1.831,0.53,0.35399997
3029.570068359375,3007.0,0.0092511223530997,0.0092085928167795,0.0115522263160118,49.642142159598215,57.19235002504207,-0.740340244539766,-12.0664273010523,513445799,12614031150535,0.0516126537746728,325989585112,962379093948,-123678697930,-239506736728,4667.4501953125,1172.56005859375,96.2699966430664,21.57999992370605,24813.6,21498.8,0.99,3.9,532453300000000.06,2.188,1.794,0.5,0.39399993
3010.22998046875,3008.699951171875,-0.0063837730946089,-0.0064042365097582,0.0112556195454815,48.52000209263393,49.60691174358316,2.3116464821296177,-9.190812544415916,451599491,8434890985993,-0.1204534307622214,-280733847232,-81509342621,239344988951,103956897223,4712.02001953125,1177.3299560546875,96.0500030517578,18.690000534057617,24813.6,21498.8,0.98,3.9,532453300000000.06,2.201,1.805,0.5,0.39600003
3001.659912109375,3019.669921875,-0.0028469812655445,-0.0028510416250504,0.0110473172640863,49.88427734375,50.57456815865403,3.9928084474945535,-6.554088346033822,375828375,8629448910198,-0.1677838826439244,-133918235772,386439102340,53113320584,74417427555,4668.97021484375,1178.969970703125,96.31999969482422,20.309999465942383,24813.6,21498.8,0.95,3.9,532453300000000.06,2.169,1.79,0.47,0.37899995
2987.949951171875,2983.949951171875,-0.004567459785231,-0.0045779225005192,0.0110946446077493,49.074288504464285,49.18184012092976,4.1707839473106105,-4.409113887364936,581569904,9856789517126,0.5474347938736663,181477169031,-169816180633,-19254416379,84078753634,4634.08984375,1185.0999755859375,96.56999969482422,21.88999938964844,24813.6,21498.8,0.98,3.9,532453300000000.06,2.169,1.784,0.4599999999999999,0.38499987
2989.389892578125,2979.830078125,0.0004819161732227,0.0004818000889175,0.0107581586057395,48.7742919921875,51.21637190013215,4.377560260800692,-2.6517790577318103,432874423,8253059437129,-0.2556794634269795,-22297916721,-36134647268,-35304399498,-68137285421,4709.85009765625,1184.22998046875,96.51000213623048,19.290000915527344,24813.6,21498.8,1.0,3.9,532453300000000.06,2.166,1.808,0.47,0.35799992
3006.409912109375,3013.260009765625,0.0056934759743136,0.0056773293977525,0.010735558264098,46.8707275390625,60.05113295620732,5.847400124167507,-0.9519432213519472,402825154,8524314062950,-0.0694179822216014,187222572931,96491398788,-40268165914,-26647170115,4668.669921875,1184.4000244140625,96.04000091552734,20.56999969482422,24813.6,21498.8,0.92,3.9,532453300000000.06,2.147,1.766,0.5199999999999999,0.38100004
3017.72998046875,2985.199951171875,0.0037653110155668,0.0037582399762613,0.0106316081367297,46.00502232142857,66.31351402189159,7.835372420440308,0.8055199070065039,451824159,11650002805031,0.1216383945080052,531812406165,141118142870,-24040035768,-5354039544,4620.64013671875,1186.1500244140625,96.56999969482422,21.56999969482422,24813.6,21498.8,0.93,3.9,532453300000000.06,2.153,1.767,0.4799999999999998,0.38600016
2963.0,3001.330078125,-0.0181361423397624,-0.0183026180593141,0.0109578169792073,41.39501953125,69.57591297315757,4.93768421151799,1.631952767908801,377584565,8621305733909,-0.1643108110117679,-559589143684,-287247027624,-66185778621,-106283976002,4568.02001953125,1186.3900146484375,96.5500030517578,22.8700008392334,24813.6,21498.8,0.91,3.9,532453300000000.06,2.107,1.74,0.5199999999999999,0.3670001
2975.030029296875,2981.669921875,0.0040600841366436,0.0040518642365245,0.0109571162030841,38.53431919642857,64.04984650700968,3.570806222950523,2.0197234589171456,410979633,9108501429680,0.0884439436765642,32862902173,587856045779,-7705658173,22998520112,4649.22998046875,1190.1199951171875,96.48999786376952,21.01000022888184,24813.6,21498.8,0.96,3.9,532453300000000.06,2.099,1.72,0.52,0.37899995
2984.47998046875,2993.5,0.0031764221129924,0.0031713879418903,0.0109841690038375,35.329310825892854,58.45369637352828,3.213039730256696,2.258386713185056,461755372,8835649524455,0.123548066431798,423257816009,68773296055,-3223582816,-17010996427,4696.56005859375,1191.27001953125,96.08000183105467,18.6299991607666,24813.6,21498.8,0.96,3.9,532453300000000.06,2.147,1.757,0.5,0.3900001
2998.169921875,2998.02001953125,0.0045870441402993,0.0045765557150094,0.010978570611058,33.322178431919646,56.70437640698435,3.9881976076449055,2.604348892077026,483838948,9319626829913,0.047825271429652,235095269005,587406124324,-12584084060,-23048344276,4725.7900390625,1187.77001953125,96.0199966430664,17.959999084472656,24813.6,21498.8,0.97,3.9,532453300000000.06,2.212,1.805,0.53,0.40699995
3012.429931640625,3009.47998046875,0.0047562380175927,0.0047449628549896,0.0104181224370304,31.650041852678573,58.448315980210175,5.687616124136639,3.2210023384889483,537548258,8583472759012,0.1110065864313181,195000137299,808806897305,10697774810,19905149579,4725.7900390625,1185.5,96.0199966430664,17.959999084472656,24813.6,21498.8,0.97,3.9,532453300000000.06,2.206,1.798,0.53,0.4080001
2999.550048828125,3013.93994140625,-0.0042755792183638,-0.0042847456443744,0.0102095680413448,30.692888532366077,51.730097833170056,5.926798200457597,3.7621615108826783,475363053,8280394735651,-0.1156830183607441,51606672474,410032129748,-8054560474,-12398073000,4791.18994140625,1185.9200439453125,96.08999633789062,17.68000030517578,24813.6,21498.8,0.98,3.9,532453300000000.06,2.211,1.776,0.5,0.43499994
3020.239990234375,3006.77001953125,0.0068976816754009,0.0068740014990031,0.0082219738693242,29.5736083984375,53.8919267639657,7.697129361601583,4.549155081026459,607046190,12096893607293,0.2770159274452488,452754553471,1454107322584,4801035066,-3830735006,4786.35009765625,1185.6500244140625,96.1999969482422,17.540000915527344,24813.6,21498.8,0.99,3.9,532453300000000.06,2.198,1.786,0.5,0.41199994
2993.2900390625,3002.89990234375,-0.0089231157984183,-0.0089631652179373,0.0074625090899495,29.827183314732142,42.31615240392023,6.846570726433129,5.008638210107793,545831859,10908667230981,-0.1008396593346545,-127818636959,-1494159005423,28764782934,-88127063587,4793.06005859375,1187.8499755859375,95.93000030517578,16.950000762939453,24813.6,21498.8,0.99,3.9,532453300000000.06,2.18,1.783,0.56,0.39700007
2977.64990234375,2999.75,-0.0052250655682027,-0.0052387639608001,0.0068328035037063,29.7086181640625,42.98990994171215,4.854508801355678,4.97781232835737,461038202,8727458062998,-0.1553475774670748,-218408541187,-928808475500,111152203429,-46853305425,4778.72998046875,1183.6700439453125,95.97000122070312,17.329999923706055,24813.6,21498.8,0.98,3.9,532453300000000.06,2.248,1.799,0.54,0.44899988
2989.239990234375,2991.969970703125,0.0038923608452094,0.0038848052085646,0.0066682176273199,28.197893415178573,47.36195262798719,4.163019902027372,4.81485384309137,621549385,9991473942836,0.4261416097632426,88320676077,-763984512464,44849452345,-15769338988,4793.5400390625,1194.6800537109375,96.29000091552734,16.90999984741211,25250.347,21650.0,1.02,4.0,535547700000000.0,2.32,1.868,0.6399999999999999,0.4519999
2953.969970703125,2984.050048828125,-0.0117989922677584,-0.0118691528055332,0.0071940002106457,30.12431989397321,43.38807876044648,0.7602504610063079,4.003933166674358,787346121,15428422516445,0.2667474862033689,620306631463,-1054513731623,12124810322,-79401996162,4700.580078125,1196.5,96.19000244140624,19.729999542236328,25250.347,21650.0,1.1,4.0,535547700000000.0,2.375,1.913,0.6099999999999999,0.462
2920.530029296875,2925.39990234375,-0.0113203389803893,-0.0113849017282792,0.0074257720717883,31.502179827008927,38.08487808175197,-4.581974489135519,2.286751635512383,786045066,13297135242112,-0.0016524562264275,179393172726,-362186764838,95488036360,-141574797738,4696.0498046875,1199.25,96.25,19.61000061035156,25250.347,21650.0,1.15,4.0,535547700000000.0,2.481,2.013,0.5800000000000001,0.46799994
2954.889892578125,2933.780029296875,0.0117649409307809,0.011696272078471,0.0079132945403866,32.19431849888393,41.58993594791663,-5.97430437932735,0.6345404325444364,546172478,10582421237357,-0.3051639128283772,654784683881,-383446532982,43976967672,-60387661544,4677.02978515625,1205.780029296875,95.73999786376952,18.76000022888184,25250.347,21650.0,1.17,4.0,535547700000000.0,2.458,2.015,0.5900000000000001,0.44299984
2926.719970703125,2947.3701171875,-0.0095333237105569,-0.0095790567315977,0.0077781874676083,32.940743582589285,35.918287787818414,-9.244251145098133,-1.3412178829840775,477399917,10397827640756,-0.1259172949392004,-87916196179,-287280619721,-16846330971,-134251061190,4670.2900390625,1196.8800048828125,95.98999786376952,19.399999618530277,25250.347,21650.0,1.21,4.0,535547700000000.0,2.484,2.058,0.5700000000000001,0.42599988
2927.3798828125,2930.929931640625,0.0002254783908199,0.0002254529743881,0.0077093266389217,31.375749860491077,43.38111872249694,-11.64818509650604,-3.4026113256884702,566171897,10646541507362,0.1859488802550419,482015439035,-113687863753,32990502741,-94054348734,4713.06982421875,1198.0899658203125,95.62000274658205,18.40999984741211,25250.347,21650.0,1.22,4.0,535547700000000.0,2.485,2.038,0.53,0.4469998
2972.47998046875,2950.780029296875,0.0154063016969698,0.0152888296345796,0.0085502655233051,32.557181222098215,49.57801560271653,-9.801137694443696,-4.682316599439516,519500914,10895354474281,-0.0824325319700564,457931826345,595325449991,16117795421,32324289076,4726.35009765625,1189.4300537109375,95.0,17.6200008392334,25250.347,21650.0,1.21,4.0,535547700000000.0,2.428,1.998,0.53,0.42999995
2962.090087890625,2979.909912109375,-0.0034953616664851,-0.003501484715419,0.008526523348929,32.413609095982146,46.30639048535791,-9.071150246701563,-5.560083328891926,604870641,11458978734387,0.1643302729588653,373496060508,-178734668142,9206682486,-174713235080,4659.02978515625,1185.8800048828125,94.79000091552734,20.309999465942383,25250.347,21650.0,1.18,4.0,535547700000000.0,2.397,1.953,0.52,0.44400012
2921.919921875,2937.610107421875,-0.013561426163183,-0.0136542222226262,0.0090182771338512,34.382899693080354,38.4318899370184,-11.60030551542377,-6.768127766198295,532668250,10799738387436,-0.1193683179607323,-245690698361,-496535813545,-34253202934,-14422584741,4662.85009765625,1186.6099853515625,95.16999816894533,19.190000534057617,25250.347,21650.0,1.26,4.0,535547700000000.0,2.453,2.044,0.52,0.40900016
2890.10009765625,2918.550048828125,-0.0108900397921689,-0.0109497703165342,0.0091223914259118,35.69288853236607,32.379805646615,-15.98797376317907,-8.61209696559445,593260741,10396512579668,0.1137527738888135,-252669002554,29283981316,-79451024468,-75722148548,4662.85009765625,1188.9599609375,95.16999816894533,19.190000534057617,25250.347,21650.0,1.26,4.0,535547700000000.0,2.568,2.148,0.52,0.42000008
2864.239990234375,2898.97998046875,-0.0089478241403633,-0.0089880963310965,0.0091461502273642,37.658604213169646,31.2126697446119,-21.306321002188724,-11.150941772913306,554040958,10040965253936,-0.0661088460596451,13357344547,-33213666899,-58749434050,-38083270563,4577.10986328125,1190.06005859375,95.7300033569336,22.790000915527344,25250.347,21650.0,1.35,4.0,535547700000000.0,2.553,2.127,0.52,0.42599988
2842.280029296875,2840.340087890625,-0.007666941671219,-0.0076964837637184,0.0084709432905254,38.43504115513393,25.377716164981777,-26.982101950818105,-14.317173808494267,463829499,9649066534496,-0.1628245307452522,34395105443,153995346252,-27438992917,-119236996865,4532.759765625,1192.97998046875,95.51000213623048,23.850000381469727,25250.347,21650.0,1.33,4.0,535547700000000.0,2.537,2.073,0.5,0.464
2862.679931640625,2842.280029296875,0.0071773020720962,0.0071516678229962,0.0086161503421296,38.44646344866072,31.595388139258542,-29.494107897954564,-17.352560626386328,395669124,8872018415152,-0.1469513585206446,-278365055282,290694613521,-19913942285,-102047818141,4482.72998046875,1188.1600341796875,95.73999786376952,25.59000015258789,25250.347,21650.0,1.34,4.0,535547700000000.0,2.558,2.119,0.49,0.43900013
2834.2900390625,2837.489990234375,-0.0099172430226436,-0.0099667464407731,0.0087075111289779,39.585728236607146,30.499479943624024,-33.390809311225894,-20.560210363354244,532753367,10718107702468,0.3464618154031145,-222523979690,-195530412748,-47071495291,-198122074646,4397.93994140625,1192.4300537109375,95.63999938964844,28.850000381469727,25250.347,21650.0,1.28,4.0,535547700000000.0,2.54,2.132,0.47,0.408
2792.0,2823.760009765625,-0.0149208579501934,-0.0150332937790294,0.0089594655077966,41.831455775669646,25.23849835075548,-39.436822830185065,-24.33553285672041,473993186,9304491107906,-0.1102952785280098,-435676904593,781067396543,-14408558587,-55525174994,4410.1298828125,1191.5,95.91999816894533,29.899999618530277,25250.347,21650.0,1.25,4.0,535547700000000.0,2.54,2.112,0.5,0.42799997
2720.389892578125,2786.409912109375,-0.0256483192771758,-0.0259829720052213,0.0100305861670362,44.36717006138393,23.128218033683822,-49.436792728206456,-29.35578483101762,639958796,11700945453437,0.350143451218305,-441054307565,-24174190770,-7241273158,-145758734200,4356.4501953125,1195.6600341796875,95.9499969482422,31.15999984741211,25250.347,21650.0,1.28,4.0,535547700000000.0,2.576,2.174,0.5,0.40199995
2709.239990234375,2729.75,-0.0040986412918859,-0.0041070637437226,0.010031423580144,44.185006277901785,24.37850153531704,-57.59759562469662,-35.00414698975342,472650641,8978726558031,-0.2614358237526279,-242517358356,257821659786,-23358422092,-160363069229,4349.93017578125,1196.0999755859375,96.48999786376952,31.959999084472656,25250.347,21650.0,1.39,4.0,535547700000000.0,2.573,2.156,0.4600000000000002,0.41700006
2614.489990234375,2709.239990234375,-0.0349729076573254,-0.0355991030707434,0.011719202414712,49.175728934151785,13.995589435303115,-70.89340877009818,-42.181999345822376,487726708,20548835072170,0.0318968508497166,-1714190516763,103258119917,200338056298,1223072786568,4326.509765625,1200.6300048828125,97.26000213623048,30.489999771118164,25250.347,21650.0,1.43,4.0,535547700000000.0,2.612,2.217,0.3800000000000001,0.39499998
2663.340087890625,2617.8701171875,0.018684369738922,0.0185119611555648,0.0130392943307578,51.537876674107146,23.3096944728412,-76.60558040978503,-49.06671555861491,434186972,13753057379762,-0.1097740499378189,-706679771842,54909638756,92740256495,70663000432,4431.85009765625,1203.4599609375,97.2699966430664,27.65999984741211,25250.347,21650.0,1.38,4.0,535547700000000.0,2.586,2.189,0.4000000000000001,0.39700007
2707.820068359375,2706.340087890625,0.0167008264062809,0.0165629011306346,0.013970243615322,54.27001953125,29.565184986909514,-76.6596699429756,-54.58530643548705,435709933,12472536011223,0.0035076156085125,83879394550,-109170726819,40325620859,133617014452,4477.43994140625,1199.9599609375,95.37999725341795,24.350000381469727,25250.347,21724.8,1.42,3.9,535547700000000.0,2.566,2.158,0.4000000000000001,0.408
2750.260009765625,2714.830078125,0.0156731024716734,0.0155515478480482,0.0145800199151336,54.182861328125,29.21467675881469,-72.44291091870309,-58.15682733213026,536148768,11393256143290,0.2305176618500455,194499581665,-139629744324,64397907539,181831395206,4500.52978515625,1200.3299560546875,95.4800033569336,23.21999931335449,25250.347,21724.8,1.55,3.9,535547700000000.0,2.619,2.194,0.3799999999999999,0.42499995
2745.06005859375,2750.699951171875,-0.0018907125702337,-0.0018925022234143,0.0144728782487802,54.7550048828125,29.50109740400194,-68.72843301973717,-60.27114846965165,417838468,11291947751742,-0.220666925042715,-6922551900,-751670257353,23468378092,-77974659508,4483.8701171875,1197.0899658203125,95.4000015258789,22.86000061035156,25250.347,21724.8,1.54,3.9,535547700000000.0,2.638,2.237,0.3799999999999999,0.40100002
2746.469970703125,2767.760009765625,0.000513617946158,0.000513486089608,0.0143832142151718,55.167149135044646,32.11918964418172,-64.92252791045757,-61.20142435781284,560534109,11785877200608,0.341509104422621,-93899152343,64756906579,-15612444050,24136411675,4521.5400390625,1196.8499755859375,95.63999938964844,21.440000534057617,25250.347,21724.8,1.59,3.9,535547700000000.0,2.733,2.303,0.3699999999999999,0.43000007
2768.85009765625,2772.6298828125,0.0081486880220269,0.0081156667293077,0.0142109632534152,53.807861328125,37.400500895035286,-59.41552628259024,-60.844244742768325,539123929,10337571131580,-0.0381960342042271,235534907513,195991064945,-14948760224,14708496962,4587.18017578125,1196.3599853515625,95.48999786376952,19.959999084472656,25250.347,21724.8,1.61,3.9,535547700000000.0,2.691,2.279,0.3299999999999998,0.41199994
2771.929931640625,2787.43994140625,0.0011123151762466,0.0011116970120741,0.0141614045370217,52.449288504464285,39.93104895492244,-54.17813909069218,-59.5110236123531,509611246,12776154092019,-0.0547419274353893,836537884237,-432229062404,-82978741218,-6785666970,4504.080078125,1194.030029296875,95.5500030517578,23.90999984741211,25250.347,21724.8,1.82,3.9,535547700000000.0,2.686,2.264,0.2099999999999997,0.42200017
2747.7099609375,2739.139892578125,-0.0087375840300515,-0.0087759805428492,0.0142059391601646,52.25212751116072,39.73514180730445,-51.3894358016687,-57.88670605021623,480520356,10992603318314,-0.0570844741522835,608078206414,-382430082849,-8117221504,-256540910457,4418.64013671875,1199.3499755859375,96.08000183105467,27.36000061035156,25250.347,21724.8,1.71,3.9,535547700000000.0,2.747,2.343,0.2099999999999999,0.40400004
2704.47998046875,2715.10009765625,-0.0157330944980816,-0.0158581732814953,0.0137769964690261,54.233555385044646,33.63944346733605,-52.06746516188741,-56.72285787255046,616343422,11579386551903,0.2826582980388867,68413753630,40712970536,-34969741950,174300862869,4401.669921875,1199.239990234375,96.37000274658205,28.32999992370605,25250.347,21724.8,1.8,3.9,535547700000000.0,2.714,2.347,0.1799999999999999,0.3670001
2676.5400390625,2712.449951171875,-0.0103309847394054,-0.0103847197731748,0.013830710426246,54.6199951171875,33.670779230625385,-54.23415055444502,-56.22511640892938,589039193,9435833780019,-0.0443003494892495,-220897923389,150713966229,-1497511295,-16698015189,4471.06982421875,1197.3599853515625,95.98999786376952,25.700000762939453,25250.347,21724.8,1.8,3.9,535547700000000.0,2.71,2.345,0.2499999999999997,0.365
2729.679931640625,2719.610107421875,0.0198539501754428,0.0196594309415641,0.0147197488188352,54.63997977120536,43.690763550511605,-51.07456334233075,-55.19500579560965,422366402,8389883428213,-0.2829570476475918,-43736822981,241758463019,33292796126,-73387945,4475.009765625,1196.8299560546875,95.6999969482422,24.290000915527344,25250.347,21724.8,1.75,3.9,535547700000000.0,2.702,2.325,0.2799999999999998,0.37699986
2744.090087890625,2735.110107421875,0.0052790644364444,0.0052651790223417,0.0147287417853083,52.544259207589285,52.71368190356919,-46.86752883606096,-53.52951040369992,611421577,11812904600162,0.4476094076251833,651482556155,106246431488,196351209504,57924021026,4380.259765625,1196.75,95.8000030517578,28.11000061035156,25250.347,21724.8,1.7,3.9,535547700000000.0,2.708,2.295,0.27,0.41299987
2744.52001953125,2714.52001953125,0.0001566754832584,0.0001566632109367,0.0146615251727055,52.484287806919646,54.14124011093973,-43.00301974630065,-51.42421227222007,513521173,8508342024254,-0.1601193148602278,-150679374990,50821320773,4237746398,46983639959,4348.8701171875,1198.6600341796875,96.04000091552734,27.75,25250.347,21724.8,1.68,3.9,535547700000000.0,2.728,2.322,0.24,0.4059999
2743.800048828125,2706.64990234375,-0.0002623302792478,-0.0002623646938543,0.0146072388174057,48.4378662109375,69.47853166851037,-39.542641116722734,-49.04789804112061,495301161,7896733628442,-0.0354805467777664,-64893738307,-120560198403,4446137403,-3088714968,4348.8701171875,1195.0699462890625,96.04000091552734,27.75,25250.347,21724.8,1.68,3.9,535547700000000.0,2.77,2.363,0.24,0.40700006
2706.7900390625,2705.080078125,-0.0134885957821277,-0.0135803933046117,0.0146767629076453,46.77000209263393,56.787154475637394,-39.33325532138588,-47.10496949717366,648400532,10590490331638,0.3091035980834296,-330430394449,-247967078248,-9056908471,-79212746303,4304.759765625,1194.6800537109375,96.02999877929688,28.809999465942383,25250.347,21724.8,1.74,3.9,535547700000000.0,2.717,2.327,0.1999999999999999,0.3900001
2719.530029296875,2727.429931640625,0.0047066784089346,0.0046956366312878,0.0146661181414054,43.359287806919646,52.03051444440682,-37.70466887817884,-45.2249093733747,537841009,9138533730564,-0.1705111540531555,-266792126670,180822311274,-16944487610,27437427144,4225.5,1192.6800537109375,96.19000244140624,31.020000457763672,25250.347,21724.8,1.78,3.9,535547700000000.0,2.722,2.317,0.2099999999999999,0.40499997
2648.800048828125,2689.280029296875,-0.0260081630674389,-0.0263523563474523,0.0153932003296498,45.710728236607146,33.97863921366647,-41.641305646641285,-44.50818862802802,926399613,13586138013425,0.7224413860193395,-674201930866,-308816035026,-10002877715,-105831100020,4288.7001953125,1192.4000244140625,97.13999938964844,30.31999969482422,25250.347,21724.8,1.73,3.9,535547700000000.0,2.624,2.226,0.2299999999999999,0.398
2676.760009765625,2678.469970703125,0.0105557084045924,0.0105003858863376,0.0146228793582228,46.728585379464285,39.93810877864106,-42.0205961950478,-44.01067014143198,664347310,12221012186710,-0.2828717751202255,-124180102105,270657432245,-12954380257,-71273021361,4384.64990234375,1206.0,96.62000274658205,27.59000015258789,25250.347,21724.8,1.76,3.9,535547700000000.0,2.671,2.244,0.2099999999999999,0.42700005
2699.179931640625,2663.0,0.0083757683890992,0.0083408862819992,0.0147395354920175,45.85714285714285,43.43940475722749,-40.050410165223184,-43.218618146190224,613470298,12894247765178,-0.0765819492819199,96475605521,-276732779880,-14472234195,-24186352150,4373.93994140625,1197.5899658203125,96.70999908447266,30.149999618530277,25250.347,21724.8,1.62,3.9,535547700000000.0,2.675,2.242,0.2099999999999999,0.43299985
2703.52001953125,2698.31005859375,0.0016079283339911,0.0016066370012891,0.0121563003167024,45.665004185267854,40.45913062824724,-37.7041843538268,-42.11573138771754,527950387,10996672546245,-0.139403507030099,-307375772823,-128905229660,-11113489918,441986105,4386.5400390625,1205.3699951171875,97.38999938964844,30.739999771118164,25250.347,21786.8,1.67,3.7,535547700000000.0,2.613,2.187,0.1900000000000001,0.42599988
2747.080078125,2729.860107421875,0.0161123491888559,0.0159839229530738,0.0119839276872681,46.96357073102679,46.75462151971141,-31.96141946444095,-40.084869003062224,614514855,10592861510194,0.1639632627071072,132683193535,135704305718,3437176906,48247280612,4363.490234375,1203.1500244140625,97.79000091552734,30.479999542236328,25250.347,21786.8,1.69,3.7,535547700000000.0,2.648,2.195,0.1700000000000001,0.45300007
2713.429931640625,2736.580078125,-0.0122494232157013,-0.0123250657532739,0.0118187135809383,47.527151925223215,45.63066856114002,-29.78221171265659,-38.0243375449811,765675798,12427423966429,0.2459841967530629,-589042923097,-321650703144,-52215422773,-86326785181,4328.8701171875,1205.989990234375,98.6500015258789,31.979999542236328,25250.347,21786.8,1.62,3.7,535547700000000.0,2.658,2.214,0.1199999999999998,0.444
2651.31005859375,2680.169921875,-0.0228934870668708,-0.0231596124792625,0.0123150715002662,48.23142787388393,43.534312817370406,-32.69088825602239,-36.957647687189365,571562292,12089299502161,-0.2535191872422223,-1190747396147,-630788040830,-70355650626,-143030830376,4201.08984375,1216.7099609375,99.29000091552734,36.45000076293945,25250.347,21786.8,1.68,3.7,535547700000000.0,2.707,2.288,0.1,0.4189999
2622.39990234375,2617.330078125,-0.0109041023535866,-0.0109639878069557,0.0124833199301331,47.840000697544646,43.4318291407158,-36.90344344520008,-36.94680683879151,540370226,11679452446651,-0.0545733447370248,-477359344196,-148483837735,-36589533158,-38860446130,4170.7001953125,1232.300048828125,99.05999755859376,35.130001068115234,25250.347,21786.8,1.78,3.7,535547700000000.0,2.722,2.287,0.08,0.43499994
2680.320068359375,2660.860107421875,0.0220867023232647,0.0218463241158927,0.0135968163820023,48.30430385044643,44.08042133716225,-35.16291425661211,-36.59002832235563,613810463,13694703490818,0.1359072603678204,-427766701209,738399274273,36204311610,-57218430427,4259.52001953125,1223.22998046875,98.51000213623048,30.229999542236328,25250.347,21786.8,1.88,3.7,535547700000000.0,2.726,2.267,0.1,0.4590001
2661.280029296875,2665.949951171875,-0.0071036438100299,-0.0071289948154016,0.0134727143506336,46.473597935267854,40.17791471445036,-34.9173983302926,-36.25550232394303,797034211,12363206013444,0.2985021583120195,-689442736381,-289524569197,10413002985,-95110810460,4204.31005859375,1228.5999755859375,99.12000274658205,30.75,25250.347,21786.8,1.91,3.7,535547700000000.0,2.7,2.255,0.09,0.44499993
2645.64990234375,2654.929931640625,-0.0058731613287815,-0.0058904761692983,0.0134790888612646,45.99143763950893,38.681166954548246,-35.57397121242502,-36.11919610163943,636324491,12037826871926,-0.201634657310839,-639141224631,-16641412285,-35560509712,81648855559,4173.10986328125,1236.8900146484375,99.05999755859376,31.770000457763672,25250.347,21786.8,2.04,3.7,535547700000000.0,2.739,2.283,0.1,0.4560001
2621.530029296875,2630.31005859375,-0.009116804542244,-0.0091586169290289,0.0134889855304421,44.48069545200893,36.714124118728165,-37.60707122111216,-36.41677112553398,604181621,9583002317208,-0.0505133315700087,-679033381195,-23833846539,-9864829314,106018559912,4262.4501953125,1242.050048828125,99.06999969482422,29.82999992370605,25250.347,21786.8,2.04,3.7,535547700000000.0,2.753,2.285,0.1099999999999998,0.46799994
2659.22998046875,2649.85009765625,0.0143808961753477,0.0142784718887757,0.0135835728255337,43.38497488839285,44.83985501180863,-35.7639817188101,-36.2862132441892,736353564,9310850792342,0.2187619391355169,-131871761121,273765018986,-1964919376,55278748888,4357.85986328125,1241.6800537109375,98.37999725341795,26.670000076293945,25250.347,21786.8,2.14,3.7,535547700000000.0,2.768,2.268,0.0499999999999998,0.5
2694.510009765625,2703.27001953125,0.0132670094561193,0.0131797734133786,0.0137335850466387,45.56497628348215,47.41197398286603,-31.09803767231233,-35.24857812981383,546079006,11900904843703,-0.2584010824452259,463512579367,196816749376,30266992262,-30377624559,4411.669921875,1223.0,98.01000213623048,25.670000076293945,25250.347,21786.8,2.14,3.7,535547700000000.0,2.704,2.217,0.06,0.487
2707.02001953125,2695.639892578125,0.0046427772471748,0.004632032800106,0.0130128330838281,41.461390904017854,56.846824239702734,-26.090040416147986,-33.41687058708066,644017432,11442603703912,0.1793484549376724,-103084892427,-14116755494,-22578706555,52889687520,4463.1201171875,1210.3299560546875,98.2300033569336,23.8700008392334,25250.347,21786.8,2.15,3.7,535547700000000.0,2.737,2.231,-0.0099999999999997,0.50600004
2686.050048828125,2717.81005859375,-0.0077465148213998,-0.0077766749254329,0.0130398601595624,40.612112862723215,51.110795842660025,-23.541891620072875,-31.441874793679105,502401733,8693849794167,-0.2198942015594385,-491534894692,-182928566934,-20744308131,-59103540625,4461.18017578125,1210.3699951171875,98.5,23.530000686645508,25250.347,21786.8,2.34,3.7,535547700000000.0,2.741,2.268,-0.02,0.47300005
2710.0,2686.679931640625,0.0089164202961609,0.0088769037444559,0.0132274352395407,39.55210658482143,51.28902275793107,-19.366657665048933,-29.026831367953072,489441786,9367506018394,-0.0257959838685508,219517391733,286692657816,16898216819,46538185790,4511.60986328125,1219.780029296875,98.48999786376952,22.940000534057617,25250.347,21786.8,2.38,3.7,535547700000000.0,2.832,2.399,0.0,0.4330001
2735.050048828125,2727.1201171875,0.0092435604531826,0.0092011002036143,0.0134093993235812,40.127110072544646,53.57961906314078,-13.876465826076585,-25.99675825957777,883375917,11838671696715,0.8048641171802198,57070890859,232957851846,-31053440149,55324695611,4456.240234375,1214.949951171875,98.62000274658205,23.56999969482422,25250.347,21786.8,2.32,3.7,535547700000000.0,2.828,2.426,0.0,0.40199995
2729.659912109375,2716.25,-0.0019707634677689,-0.0019727079772907,0.0130441820175856,39.0714111328125,47.83460803349404,-9.84687952722561,-22.766782513107344,960897734,13177858819418,0.087756316997263,1021864931280,-180997915324,11682574885,-25887459164,4520.16015625,1218.010009765625,98.79000091552734,21.670000076293945,25250.347,21786.8,2.35,3.7,535547700000000.0,2.856,2.455,-0.0100000000000002,0.40100002
2729.97998046875,2740.830078125,0.0001172557643371,0.0001172488904173,0.0130053263011797,37.20354352678572,52.24309870507863,-6.552048574646051,-19.523835725415086,602771056,10824995141702,-0.3727000963039008,-554858526687,-114144174663,-27391188381,4344033625,4543.06005859375,1217.550048828125,98.80999755859376,20.809999465942383,25250.347,21786.8,2.51,3.7,535547700000000.0,2.871,2.505,-0.0299999999999998,0.36599994
2729.56005859375,2721.219970703125,-0.0001538186646071,-0.0001538304959112,0.0114129264891064,34.374267578125,62.73556941161885,-3.929459133740238,-16.404960407080118,768042550,9801744222798,0.2741861812289805,-264305353301,138182395834,-22403068883,3622736751,4575.52001953125,1224.3800048828125,99.08999633789062,19.6299991607666,25250.347,21786.8,2.55,3.7,535547700000000.0,3.031,2.747,-0.0899999999999998,0.28399992
2741.070068359375,2745.6201171875,0.0042168003335874,0.0042079345458267,0.0112371806824591,32.88282993861607,70.47376592480771,-0.9117662385219774,-13.30632157336849,732159279,10020299985146,-0.0467204206329453,-283226870969,425428489842,-44492193300,-34173799635,4631.60009765625,1223.6600341796875,98.4000015258789,18.899999618530277,25250.347,21786.8,2.54,3.7,535547700000000.0,2.972,2.7,-0.1299999999999999,0.27199984
2746.739990234375,2758.31005859375,0.0020685067267884,0.0020663703123668,0.0111138554722578,30.039254324776785,63.97960630843763,1.9152150254071785,-10.262014253613357,840134353,11099514114188,0.1474748420145337,-9345471822,225176255496,-62164841449,-28467342413,4602.4501953125,1209.1300048828125,97.79000091552734,19.32999992370605,25250.347,21786.8,2.49,3.7,535547700000000.0,2.885,2.615,-0.1400000000000001,0.26999998
2757.64990234375,2743.239990234375,0.0039719493465575,0.0039640819813881,0.0111345242638474,29.250680106026785,71.00202714566186,4.978566952875553,-7.213898012315575,1030288741,9729367389375,0.2263380700015251,-173867006193,163084812826,-3976002544,6568850207,4530.41015625,1210.43994140625,98.30999755859376,20.559999465942383,25250.347,21786.8,2.45,3.7,535547700000000.0,2.969,2.663,-0.1300000000000003,0.306
2739.85009765625,2745.85009765625,-0.0064547006755178,-0.0064756223332082,0.0106655509397433,29.21639578683036,70.3368640315739,5.90196575912114,-4.590725258028232,1305564027,10689584093613,0.2671826596229882,-72594005014,-609557628380,-24363171288,-114608329473,4545.85986328125,1214.5,98.62999725341795,19.6299991607666,25861.292,21769.5,2.61,3.7,543997600000000.0,3.007,2.784,-0.2199999999999997,0.22300005
2757.89990234375,2729.860107421875,0.0065878803745287,0.0065662751272267,0.0103610319305952,29.599260602678573,80.23326177864813,7.998037952656887,-2.0729726158912083,1022970584,9744917655977,-0.216453147571291,23158344197,21387342238,29312275520,-22586713153,4582.64013671875,1218.780029296875,98.98999786376952,18.56999969482422,25861.292,21769.5,2.61,3.7,543997600000000.0,3.065,2.837,-0.1899999999999999,0.22800016
2759.199951171875,2765.5,0.0004713908677469,0.0004712797979753,0.0086972101076514,28.192836216517858,76.42895407751638,9.652821623879843,0.2721862320630024,1605993694,9933180821147,0.569931451714158,11939645240,-191823533618,-22741924616,-12253204682,4525.1201171875,1213.9000244140625,99.47000122070312,21.030000686645508,25861.292,21769.5,2.69,3.7,543997600000000.0,3.08,2.879,-0.1499999999999999,0.20099998
2735.030029296875,2739.070068359375,-0.0087597572857068,-0.0087983494971193,0.0085394353891765,26.319266183035715,61.380779189432346,8.911215956047272,1.9999921768598563,1321644983,11014544531112,-0.1770546871151039,-589421142028,-442441268988,-8481321855,-96173913723,4481.14990234375,1218.75,99.5999984741211,22.100000381469727,25861.292,21769.5,2.67,3.7,543997600000000.0,3.129,2.941,-0.06,0.18799996
2695.860107421875,2714.699951171875,-0.0143215692169456,-0.014425112681586,0.0079574158267731,27.90640694754464,47.27380729441879,5.103967423346603,2.620787226157206,999275955,12291042906435,-0.2439149939254148,-769583081966,-382997421879,-59294838223,-18955363726,4500.2099609375,1217.5999755859375,99.75,21.549999237060547,25861.292,21769.5,2.66,3.7,543997600000000.0,3.128,2.905,0.0,0.22300005
2700.389892578125,2706.639892578125,0.0016802745601596,0.0016788644781897,0.0077667105608125,27.36068289620536,53.80894079073653,2.424265908215148,2.5814829625687943,948355122,10296234348228,-0.0509577286886684,-458770365621,-3067762383,6024976984,18636822200,4488.27978515625,1222.6600341796875,99.8000030517578,21.15999984741211,25861.292,21769.5,2.73,3.7,543997600000000.0,3.169,2.987,-0.0099999999999997,0.18199992
2693.10009765625,2687.5400390625,-0.0026995342198216,-0.0027031845332342,0.0076556332849604,27.42998395647321,45.07518625816036,-0.2843643997812251,2.0083134900987907,742601512,8831630373027,-0.2169584001044705,-135729827164,-41938584939,32476703632,15031592938,4412.52978515625,1228.239990234375,99.93000030517578,24.3700008392334,25861.292,21769.5,2.73,3.7,543997600000000.0,3.305,3.186,0.06,0.11899996
2666.760009765625,2674.169921875,-0.0097805825760238,-0.0098287266490431,0.0077032394176715,27.60356794084821,30.24805387022789,-4.504473624958791,0.7057560670872745,870969540,9853720362264,0.1728625998272948,-468298119861,-92536245916,-4940087640,-50276354221,4397.4501953125,1235.050048828125,100.29000091552734,24.26000022888184,25861.292,21769.5,2.58,3.7,543997600000000.0,3.313,3.105,0.1400000000000001,0.20799994
2716.489990234375,2677.530029296875,0.0186480899243426,0.0184763461390649,0.0081334158529094,29.100690569196427,46.968375430488,-3.792430004727976,-0.1938811472757755,733240925,9645445517007,-0.1581325278034407,-63259789179,326598915824,63421809617,151034643309,4446.58984375,1228.5999755859375,99.87999725341795,21.81999969482422,25861.292,21769.5,2.57,3.7,543997600000000.0,3.287,3.001,0.1300000000000003,0.286
2716.7099609375,2719.340087890625,8.097607718626776e-05,8.097279880070886e-05,0.0076175818226684,29.036411830357142,46.94392529670137,-3.173794975468809,-0.7898639129143822,665351048,11419812319490,-0.0925887722374471,-254943274782,86408514458,77558545291,-104587902957,4392.58984375,1223.1199951171875,100.31999969482422,22.700000762939453,25861.292,21769.5,2.67,3.7,543997600000000.0,3.22,2.888,0.1600000000000001,0.33200002
2696.06005859375,2695.52001953125,-0.0076010699120137,-0.0076301052706886,0.0077521800410903,29.177839006696427,42.94258028678997,-4.300226464577008,-1.4919364232469077,693717683,9570267540535,0.0426340878026241,-321038895631,-503204524886,42198386535,9349143213,4392.58984375,1230.0999755859375,100.31999969482422,22.700000762939453,25861.292,21769.5,2.67,3.7,543997600000000.0,3.301,2.944,0.1600000000000001,0.3570001
2693.2099609375,2685.0400390625,-0.0010571343346619,-0.0010576934952693,0.0075496262279639,28.829275948660715,39.53552428872953,-5.361111045834605,-2.265771347764447,1024914928,9050332417145,0.4774236740913522,-96162606678,-52159447197,36772639383,41543679644,4391.68994140625,1228.0899658203125,100.77999877929688,22.170000076293945,25861.292,21769.5,2.68,3.7,543997600000000.0,3.355,2.99,0.1699999999999999,0.365
2718.889892578125,2707.760009765625,0.0095350648531262,0.0094898930393572,0.0075881380732643,29.55712890625,44.40061651433789,-4.082651586361408,-2.629147395483839,1257385350,9779975371254,0.2268192370401303,31640085566,150318191845,24210659811,127616201946,4462.2099609375,1235.3499755859375,100.95999908447266,21.3700008392334,25861.292,21769.5,2.81,3.7,543997600000000.0,3.35,2.981,0.1200000000000001,0.36899996
2718.68994140625,2718.489990234375,-7.354147456317683e-05,-7.354417887000392e-05,0.0072840801147725,29.529976981026785,41.81441213342335,-3.0504341365376604,-2.7134047436946034,1736282680,12283912938601,0.3808675916257493,94290153124,-252710464996,43688028366,52097206739,4459.4501953125,1239.5999755859375,100.38999938964844,20.31999969482422,25861.292,21769.5,2.79,3.7,543997600000000.0,3.313,2.957,0.06,0.35599995
2728.2099609375,2725.7099609375,0.0035016937335361,0.003495577078976,0.0073205254783352,28.878557477678573,47.46622196146456,-1.447522221658346,-2.460228239287352,1002973383,11482591241019,-0.4223444174424409,-57715515912,510369492186,14471454289,75904767497,4393.66015625,1234.0899658203125,100.58000183105467,22.68000030517578,25861.292,21769.5,2.87,3.7,543997600000000.0,3.296,2.927,0.0299999999999998,0.36899996
2704.7099609375,2704.719970703125,-0.0086137065462237,-0.008651018936287,0.007569774201101,29.00713239397321,38.6901820235638,-2.0498274482160923,-2.3781480810731,1239909929,12120588065484,0.2362341314495282,-156512116607,-597163274665,163067146,-63253995454,4271.77978515625,1242.489990234375,101.22000122070312,28.209999084472656,25861.292,21769.5,2.88,3.7,543997600000000.0,3.314,2.971,0.02,0.34299994
2657.1298828125,2676.669921875,-0.0175915639059901,-0.0177481343968845,0.0084972465998022,31.077845982142858,31.865780079549936,-6.293920938273914,-3.161302652513263,1018005341,11698115888010,-0.1789683127862105,-709878216476,-237389341921,-34074930524,-7669727215,4296.1201171875,1243.1600341796875,101.75,27.020000457763672,25861.292,21769.5,2.79,3.7,543997600000000.0,3.188,2.857,0.02,0.33099985
2668.31005859375,2674.0,0.0042076135809425,0.0041987863273713,0.0084969322078508,30.5335693359375,37.57263337301699,-8.655473941515993,-4.260136910313809,889941868,10807853191333,-0.1257984293817177,-245268167021,140367609713,31248811925,135385930378,4175.2001953125,1249.2099609375,102.3000030517578,33.52000045776367,25861.292,21769.5,2.72,3.7,543997600000000.0,3.19,2.83,0.0499999999999998,0.36000013
2639.06005859375,2630.580078125,-0.0109619944300682,-0.0110225198167494,0.0087214384577718,31.329293387276785,39.01437061395017,-12.740388984608671,-5.956187325172783,1072367495,12558710512739,0.2049860036476001,-681077661566,-99438283026,-157841836820,97485725465,4183.9599609375,1260.7099609375,102.9499969482422,31.600000381469727,25861.292,21769.5,2.75,3.7,543997600000000.0,3.185,2.899,0.0699999999999998,0.286
2667.489990234375,2656.5400390625,0.0107727490126823,0.0107151363472314,0.0090873724523455,31.517857142857142,44.17535736761664,-13.52771660561848,-7.470493181261922,899168711,12463396003912,-0.1615106619769373,-37759147510,-53021344877,122258213424,115356603569,4287.5,1266.280029296875,103.62000274658205,29.989999771118164,25861.292,21769.5,2.8,3.7,543997600000000.0,3.166,2.925,0.0500000000000002,0.24099994
2695.050048828125,2669.179931640625,0.0103318320573448,0.0102788234849858,0.0093875747441207,31.873570033482142,50.32210346832884,-11.791883525077536,-8.334771250025046,975253172,12664752150376,0.0846164463567504,14302129054,206089251877,79552561995,116589483205,4131.93017578125,1272.2900390625,102.95999908447266,33.400001525878906,25861.292,21769.5,2.87,3.7,543997600000000.0,3.242,2.958,0.02,0.28400016
2687.449951171875,2669.2099609375,-0.0028200209712448,-0.0028240047216531,0.0092320197200303,31.337838309151785,53.64323422695305,-10.903795499795253,-8.848576099979088,873722720,9075648672047,-0.1041067641869715,-68119155591,-95990371425,35822074212,-5161221983,4155.3798828125,1262.530029296875,103.73999786376952,32.34000015258789,25861.292,21719.5,2.93,3.6,543997600000000.0,3.38,3.086,0.06,0.29400015
2680.4599609375,2690.159912109375,-0.0026009750363265,-0.002604363448622,0.0092266845419269,29.25,42.53140444758436,-10.641346319199329,-9.207130143823136,883402977,9199338259039,0.0110793238843553,115033804975,-176100100045,15882503585,-45937944071,4175.47998046875,1266.75,103.47000122070312,29.25,25861.292,21719.5,2.95,3.6,543997600000000.0,3.406,3.139,0.02,0.26699996
2677.570068359375,2690.449951171875,-0.001078133089186,-0.0010787146927332,0.0090630122839564,30.0435791015625,41.97558795234515,-10.544987579162353,-9.47470163089098,1181019910,9903933505101,0.3368982681162054,30611358580,64416224156,-29875135904,-58398123890,4300.169921875,1261.06005859375,102.58999633789062,25.420000076293945,25861.292,21719.5,2.85,3.6,543997600000000.0,3.434,3.178,0.08,0.25600004
2644.510009765625,2650.889892578125,-0.0123470377057235,-0.0124238956765484,0.0089175871017026,30.750732421875,39.94303486970893,-12.986591672603936,-10.177079639233572,1333935834,10595418478532,0.1294778544419288,-486320025981,-153398176099,-34421446420,11477544006,4123.33984375,1268.699951171875,103.66000366210938,30.190000534057617,25861.292,21719.5,2.94,3.6,543997600000000.0,3.431,3.146,0.1800000000000001,0.2850001
2596.56005859375,2590.1298828125,-0.0181318849218969,-0.0182982820114984,0.009691501954785,35.87644740513393,33.965981203634854,-18.576601335904343,-11.856983978567726,841463317,10842463041698,-0.057345262875925,-317712396806,95595950994,3521954987,663569341,4001.050048828125,1274.8599853515625,103.91999816894533,32.9900016784668,25861.292,21719.5,2.81,3.6,543997600000000.0,3.403,3.046,0.1800000000000001,0.3570001
2592.27001953125,2586.52001953125,-0.0016522009757876,-0.0016535673650603,0.0096901099709821,35.108590262276785,27.389328099427928,-23.086764714291803,-14.10294012571254,679509759,8608259453968,-0.1924665695201066,-289980981821,-129382417854,25660467127,666345710,3935.179931640625,1276.550048828125,103.8499984741211,32.560001373291016,25861.292,21719.5,2.81,3.6,543997600000000.0,3.269,2.928,0.1,0.34100008
2550.080078125,2569.5,-0.0162752881020777,-0.0164091854026044,0.0100771977465237,36.812168666294646,23.81755014891513,-29.72285083843508,-17.22692226825705,900330795,12167915258889,0.3249711031743989,-282071993178,-41551434071,32749485050,-102547161335,3930.080078125,1278.1500244140625,104.8499984741211,31.770000457763672,25861.292,21719.5,2.73,3.6,543997600000000.0,3.169,2.9,0.1099999999999998,0.26899981
2604.239990234375,2570.010009765625,0.0212385142623432,0.0210161203844909,0.0103638811624642,39.44859095982143,33.09331918064456,-30.262892837647087,-19.834116382135058,788539195,10342060894273,-0.1241672512157046,68441056844,628552831291,41361508960,125622094098,4023.889892578125,1290.75,104.55999755859376,28.8700008392334,25861.292,21719.5,2.79,3.6,543997600000000.0,3.221,2.911,0.1400000000000001,0.30999994
2596.580078125,2624.68994140625,-0.002941323433362,-0.00294565762606,0.0103522960694476,39.295724051339285,34.58766344941246,-30.95217351427118,-22.057727808562284,780198956,8528536948653,-0.0105768223734268,1773840081,-104803349360,-20564999388,14083306124,4008.010009765625,1277.5699462890625,104.19000244140624,27.46999931335449,25861.292,21719.5,2.75,3.6,543997600000000.0,3.277,3.046,0.1299999999999999,0.23099995
2620.43994140625,2603.580078125,0.0091889572296492,0.0091469956218973,0.0105717668078603,37.69501604352679,44.39111487984427,-29.23612599330136,-23.4934074455101,873519449,9658877230199,0.1196111482620339,-52423752269,475989183573,-3381491417,64122542669,4088.85009765625,1279.8499755859375,103.36000061035156,26.100000381469727,25861.292,21719.5,2.89,3.6,543997600000000.0,3.287,3.031,0.0899999999999998,0.25600004
2625.97998046875,2634.75,0.0021141637230299,0.0021119320238042,0.0106012396919539,38.067138671875,43.415344043944295,-27.116528654299145,-24.218031687267917,870268210,10047167987534,-0.0037219995544712,297282181606,-317932456648,21969619339,-277833480350,3923.679931640625,1266.6600341796875,103.80999755859376,30.959999084472656,25861.292,21719.5,2.84,3.6,543997600000000.0,3.32,3.069,0.0500000000000002,0.25099993
2592.340087890625,2576.239990234375,-0.0128104147131083,-0.0128931756365698,0.0105876831149673,38.39784458705357,42.830392407368144,-27.83037939317273,-24.94050122844888,677595162,9883989670611,-0.2213950202777141,-90912806727,-354620109814,-31408995769,32551119920,3900.7900390625,1275.5799560546875,102.72000122070312,29.350000381469727,25861.292,21719.5,2.78,3.6,543997600000000.0,3.307,3.046,0.06,0.26099992
2639.2900390625,2605.780029296875,0.0181110307984619,0.0179489797628809,0.011520466319972,39.84212820870536,45.905212295671845,-24.32721358919798,-24.817843700598697,755652901,9634339029530,0.1151981941098925,196631339178,741776618550,17237605561,92764970980,3901.360107421875,1263.550048828125,103.1500015258789,29.43000030517578,25861.292,21719.5,2.73,3.6,543997600000000.0,3.245,3.011,0.0499999999999998,0.23399997
2647.3798828125,2651.6298828125,0.003065159050452,0.003060471027697,0.0115109788248549,38.95213099888393,42.66317968835131,-20.659991152019305,-23.98627319088282,644204838,7815203608813,-0.1474857872609424,-30385454407,344672244071,-39269196545,-58483783111,3973.75,1273.2099609375,102.08000183105467,28.479999542236328,25861.292,21719.5,2.8,3.6,543997600000000.0,3.258,3.018,0.06,0.24000001
2605.8701171875,2638.93994140625,-0.0156795652541188,-0.0158037898737778,0.0118508259108932,39.97426060267857,38.63090900059133,-20.862690020018817,-23.36155655671002,851235794,8703525826182,0.3213744197307626,-325411915774,-168172875485,-13824499693,-36501837642,3941.47998046875,1258.8199462890625,101.86000061035156,29.450000762939453,25861.292,21719.5,2.66,3.6,543997600000000.0,3.214,2.967,0.0999999999999996,0.24699998
2617.219970703125,2621.75,0.0043554947120214,0.0043460369970022,0.0113093716270503,40.37353515625,41.29258977139565,-19.878346801164756,-22.66491460560097,712611488,8353418910949,-0.1628506542806399,-165483309701,550995729373,-6668480093,36048417829,3978.72998046875,1260.989990234375,102.05999755859376,28.3700008392334,25861.292,21719.5,2.63,3.6,543997600000000.0,3.177,2.946,0.1200000000000001,0.23099995
2612.449951171875,2616.989990234375,-0.0018225520149797,-0.0018242148836536,0.0112505083796127,41.1663818359375,41.07990138571002,-19.261118238445302,-21.98415533216984,595849280,8613523897667,-0.1638511446506458,37674326836,-33188699677,-31192976555,-79709902515,4057.840087890625,1266.5999755859375,101.83000183105467,27.5,25861.292,21719.5,2.63,3.6,543997600000000.0,3.238,2.955,0.1200000000000001,0.283
2638.050048828125,2640.75,0.0097992681715362,0.0097515667162681,0.0112410790130947,40.49923270089285,49.09665825004336,-16.51586165133267,-20.890496596002404,590813776,8028158869516,-0.008450969345805,275985972849,498058890065,15844165435,27692204110,4158.240234375,1258.8900146484375,101.66999816894533,25.71999931335449,25861.292,21719.5,2.64,3.6,543997600000000.0,3.212,2.947,0.1,0.26499987
2669.659912109375,2662.31005859375,0.0119822833896923,0.011911064180108,0.011304188464055,36.441371372767854,60.71157449774011,-11.655220113052565,-19.04344129941244,469797632,7473951584916,-0.2048295908387891,354086528028,315361145945,55589726873,20914943865,4158.240234375,1251.5899658203125,101.66999816894533,25.71999931335449,25861.292,21719.5,2.64,3.6,543997600000000.0,3.211,2.942,0.1,0.26900005
2685.89990234375,2666.8798828125,0.0060831681821011,0.0060647404095996,0.0111414127008665,37.26707240513393,63.25567891163987,-6.418704357947718,-16.518493911119492,671679086,13970895517957,0.4297200331567443,1057344614578,-572452758116,8223461867,-5244614539,4132.14990234375,1236.1700439453125,101.75,26.190000534057617,25861.292,21719.5,2.71,3.6,543997600000000.0,3.326,3.027,0.1400000000000001,0.29900002
2658.989990234375,2670.739990234375,-0.0100189556900065,-0.0100694831984334,0.0113481298179508,36.327061244419646,66.11623035665643,-4.389533101471443,-14.092701749189883,525259148,7860485371460,-0.2179909141908282,-90906228346,-669116072115,-24754697807,3008796346,4176.81982421875,1246.949951171875,101.7699966430664,24.71999931335449,25861.292,21651.2,2.83,3.6,543997600000000.0,3.421,3.125,0.0899999999999998,0.296
2670.64990234375,2679.570068359375,0.0043850906367448,0.0043755041416812,0.0113883098393613,33.95277622767857,61.24109750039878,-1.8195679533250768,-11.638074990016923,562469813,7566757988438,0.0708424882111715,-8818167402,213500738539,5650424951,64349511742,4108.5400390625,1240.8399658203125,102.13999938964844,24.790000915527344,25861.292,21651.2,2.87,3.6,543997600000000.0,3.405,3.121,0.0899999999999998,0.28399992
2626.340087890625,2659.27001953125,-0.0165913976273112,-0.0167305764599986,0.0119757190797045,34.829921177455354,54.48140520326375,-3.320012731484894,-9.97446253831052,524710380,8948923639761,-0.0671314835521671,-208898549689,-686304371143,-22724924942,-38812499655,4160.68017578125,1254.47998046875,102.31999969482422,24.020000457763672,25861.292,21651.2,2.91,3.6,543997600000000.0,3.538,3.232,0.0699999999999998,0.306
2626.14990234375,2633.530029296875,-7.241466851604095e-05,-7.241729058473402e-05,0.0116682752805942,34.27992466517857,50.92583209297907,-4.472911473309523,-8.87415232531032,576389702,7964335124403,0.0984911371488401,-124454248340,10901849654,1844518710,27990548527,4115.77001953125,1254.5799560546875,102.54000091552734,23.959999084472656,25861.292,21651.2,2.94,3.6,543997600000000.0,3.472,3.209,0.0899999999999998,0.26299977
2625.43994140625,2618.919921875,-0.0002703428836512,-0.0002703794328759,0.0108782253732929,33.932774135044646,49.91104290530976,-5.381841428747066,-8.17569014599767,814882844,10857975089630,0.4137706506074947,-937286496836,632435852523,43615125400,-106421165474,4017.820068359375,1256.739990234375,103.22000122070312,26.09000015258789,25861.292,21651.2,2.99,3.6,543997600000000.0,3.471,3.171,0.0499999999999998,0.29999995
2595.8701171875,2596.3701171875,-0.0112628073308398,-0.0113267130368474,0.0111920108858172,32.80848911830357,50.58938143279323,-8.39148088787897,-8.218848294373931,724089803,8285964062392,-0.1114185206726477,-851670598062,-292623268513,-20851861952,97591011429,3900.860107421875,1264.02001953125,104.1500015258789,27.75,25861.292,21651.2,3.21,3.6,543997600000000.0,3.495,3.275,-0.06,0.21999979
2504.510009765625,2550.2099609375,-0.0351944062289446,-0.035828655170452,0.0133342287897538,35.8099365234375,30.40299489751364,-17.941816886517245,-10.163442012802594,660309279,10335873891430,-0.0880837207425775,-500936156417,-19960737892,-28707886347,-21452791231,3749.6298828125,1278.280029296875,105.08000183105467,34.02000045776367,25861.292,21651.2,3.56,3.6,543997600000000.0,3.654,3.514,-0.1299999999999999,0.1400001
2492.969970703125,2472.9599609375,-0.0046077033102295,-0.0046183514968406,0.0123091832473051,37.77708217075893,27.771830393888635,-26.140381632470508,-13.358829936736178,671756827,9992819780261,0.0173366456660075,-281091726857,196842397908,1888361783,37630740420,3735.47998046875,1291.800048828125,105.5199966430664,32.689998626708984,25861.292,21651.2,3.6,3.6,543997600000000.0,3.691,3.548,-0.1099999999999998,0.14299989
2447.3798828125,2490.010009765625,-0.0182874597072529,-0.0184567423072403,0.0128370715404155,39.062098911830354,27.44936340381305,-35.90267861123084,-17.867599671635112,714143493,9936928113647,0.0630982288476242,-460947268291,165801242824,-57685217468,-51168852286,3789.989990234375,1289.47998046875,105.16000366210938,29.6200008392334,25861.292,21651.2,3.35,3.6,543997600000000.0,3.795,3.666,-0.02,0.12900019
2451.409912109375,2481.659912109375,0.0016466709255793,0.0016453166495049,0.0125715858521497,40.90495954241072,25.90599350641979,-42.82057073203305,-22.858193883714694,584041265,9588186586438,-0.1821793929024849,145687672170,13518358975,-7955205617,682634490,3666.77001953125,1278.1600341796875,103.62999725341795,32.95000076293945,25861.292,21651.2,3.33,3.6,543997600000000.0,3.767,3.728,-0.0500000000000002,0.039000034
2440.929931640625,2409.719970703125,-0.0042750828480302,-0.0042842471427814,0.0125069466939939,41.979248046875,25.483116738089592,-48.58859780729654,-28.004274668431066,634896746,11201571607435,0.0870751504176678,-390174301940,400824600077,-14867217619,-22663672667,3674.840087890625,1288.1800537109375,104.6999969482422,31.1299991607666,25861.292,21651.2,3.35,3.6,543997600000000.0,3.795,3.745,-0.1,0.05000019
2391.030029296875,2449.889892578125,-0.020442988427042,-0.020654838520615,0.0129222541611775,45.21351841517857,16.98472634815886,-56.53461011525451,-33.71034175779576,592701890,9092289259636,-0.0664593987382005,-665852399783,499824552251,2030978847,-9230276569,3674.840087890625,1290.5,104.6999969482422,31.1299991607666,25861.292,21651.2,3.35,3.6,543997600000000.0,3.784,3.675,-0.1,0.10899997
2408.929931640625,2402.989990234375,0.007486272495295,0.0074583894310319,0.0121738826849681,45.441371372767854,13.826655177366078,-60.68793683491958,-39.10586077322053,479678348,7440755424721,-0.1906920560013736,-320130504579,500888893826,2370695805,-11902729084,3764.7900390625,1292.3800048828125,104.44000244140624,30.190000534057617,25861.292,21651.2,3.35,3.6,543997600000000.0,3.775,3.663,-0.04,0.11199999
2342.81005859375,2417.110107421875,-0.0274478191243376,-0.027831548501574,0.0130812223906856,48.55995396205357,8.187262565577129,-68.52488710808348,-44.98966604019312,532138957,8690134078974,0.1093662226338387,-320221766684,35768962223,-42851418825,-33092079769,3759.889892578125,1291.5999755859375,104.1999969482422,28.950000762939453,25861.292,21651.2,3.2,3.6,543997600000000.0,3.682,3.522,-0.04,0.15999985
2314.320068359375,2347.840087890625,-0.0121606060763952,-0.012235151205536,0.0129658808596151,50.16282435825893,8.15585179283623,-76.15674324270003,-51.2230814806945,749660688,10212365984694,0.4087686649109585,-296146879581,974377046701,19624388395,-25009595847,3795.72998046875,1297.6800537109375,104.43000030517578,29.049999237060547,25861.292,21651.2,3.12,3.6,543997600000000.0,3.726,3.608,-0.0300000000000002,0.11800003
2366.60009765625,2327.110107421875,0.0225898007849607,0.022338429807022,0.0142747096236292,52.77995954241072,16.401088643275088,-77.09774792570943,-56.39801476969749,654445552,8469155606714,-0.1270109764645949,-33735936565,551765297515,8901879106,16210429718,3911.739990234375,1299.81005859375,104.19000244140624,27.229999542236328,25861.292,21651.2,3.13,3.6,543997600000000.0,3.635,3.523,0.0,0.11199999
2401.919921875,2383.199951171875,0.0149242891748921,0.014814017765714,0.0149408356325724,53.152099609375,24.697810561339907,-74.13885965790223,-59.94618374733844,510587331,7656358037502,-0.2198169436103066,266273068853,-286643384372,47490242726,-34119249417,3900.110107421875,1288.2900390625,103.94000244140624,26.950000762939453,25861.292,21651.2,3.21,3.6,543997600000000.0,3.72,3.568,-0.0099999999999997,0.15199995
2422.090087890625,2405.199951171875,0.0083975180987214,0.0083624551016269,0.014875647023141,53.90781947544643,27.985161702569258,-69.36673897210176,-61.83029479229111,564985557,7193433718663,0.1065404930699309,-35441901944,-36734927724,-2866212353,-47597426134,3821.550048828125,1286.199951171875,104.51000213623048,28.36000061035156,25861.292,21651.2,3.21,3.6,543997600000000.0,3.68,3.552,-0.0099999999999997,0.12800002
2377.989990234375,2387.10009765625,-0.018207455567706,-0.0183752511614179,0.0146819850558297,55.71998814174107,25.589422641093197,-68.35535033931365,-63.13530590169562,422127378,7965810495235,-0.2528527981468382,-232925576404,-407337058782,-20592893721,-39956101845,3818.830078125,1292.030029296875,105.11000061035156,28.15999984741211,25861.292,21651.2,3.13,3.6,543997600000000.0,3.667,3.552,-0.0299999999999998,0.11500001
2332.639892578125,2368.570068359375,-0.0190707689445658,-0.0192549616158669,0.0146980728432501,55.98427036830357,24.816776623271068,-70.40164509430224,-64.58857374021694,515396401,8923480624878,0.2209499498513929,-233941442187,-236940985607,4308252334,-1820926959,3785.3798828125,1301.72998046875,104.69000244140624,28.709999084472656,25861.292,21651.2,2.99,3.6,543997600000000.0,3.636,3.55,-0.0100000000000002,0.085999966
2305.419921875,2342.919921875,-0.0116691696775538,-0.0117377887790178,0.0147208229658522,53.992832728794646,28.2885022431076,-73.3739632052202,-66.3456516332176,530345985,8687669165705,0.0290059922246139,-340027562088,132817377964,-26655350673,-34806063444,3825.330078125,1287.7099609375,105.13999938964844,26.700000762939453,26336.304,21652.8,2.85,3.5,540608000000000.0,3.49,3.439,0.0299999999999998,0.05100012
2300.340087890625,2310.72998046875,-0.0022034311129937,-0.0022058622391978,0.014522214878425,53.60426548549107,28.69278871237269,-75.27176086688405,-68.13087347995089,467959552,7339364788057,-0.11763345959902,-138456356608,425366813092,-52661646294,-147926073,3825.330078125,1297.8900146484375,105.13999938964844,26.700000762939453,26336.304,21652.8,2.85,3.5,540608000000000.0,3.489,3.43,0.0299999999999998,0.059000015
2341.780029296875,2322.110107421875,0.0180147020974841,0.0178543601630267,0.0153935931595987,52.47855050223215,38.21113482310039,-72.59509122048803,-69.02371702805833,323904543,6890579318763,-0.3078364537796634,132426960750,73079054413,45878203856,29734171943,3831.389892578125,1295.6800537109375,106.5,27.540000915527344,26336.304,21652.8,2.82,3.5,540608000000000.0,3.379,3.301,0.0,0.07799983
2292.010009765625,2330.110107421875,-0.0212530719831074,-0.0214821703621085,0.0157201247185808,52.365687779017854,33.8539744968262,-73.64094885363374,-69.94716339317341,410732087,8919471617948,0.2680652243892731,-47680124827,-467258322297,-11155880170,-46618887491,3845.080078125,1308.6600341796875,107.0999984741211,26.729999542236328,26336.304,21652.8,2.99,3.5,540608000000000.0,3.295,3.239,-0.06,0.055999994
2334.27001953125,2308.969970703125,0.0184379691125111,0.0182700506694705,0.0166451739702751,52.16496930803572,39.849640131652016,-70.24997101962526,-70.0077249184638,340172962,7652635944561,-0.1717886847247948,144817694875,216882446871,20036476655,68206529585,3902.6201171875,1304.8499755859375,107.12999725341795,26.07999992370605,26336.304,21652.8,3.05,3.5,540608000000000.0,3.307,3.262,-0.04,0.044999838
2350.610107421875,2352.489990234375,0.0070000847176652,0.0069756978651855,0.016831885504519,49.02427455357143,45.89094677986832,-65.48916973937366,-69.10401388264577,411424871,7008117581875,0.2094578845452155,242703482816,-180199309250,3027674564,-30458087045,3899.3798828125,1297.6500244140625,107.01000213623048,24.63999938964844,26336.304,21652.8,3.14,3.5,540608000000000.0,3.36,3.315,-0.0500000000000002,0.044999838
2340.27001953125,2357.429931640625,-0.0043988953582633,-0.0044085989656749,0.0151850886066474,48.135707310267854,42.91113529820111,-61.83773221775209,-67.65075754966705,377108087,6301233630004,-0.0834096001940534,-20238969708,-70923384020,-26172720240,-44162093266,3854.429931640625,1293.7900390625,108.0199966430664,26.170000076293945,26336.304,21652.8,3.09,3.5,540608000000000.0,3.385,3.324,-0.0999999999999996,0.06100011
2317.760009765625,2330.8798828125,-0.0096185523797521,-0.0096651094362135,0.0152483520142944,45.37071010044643,47.1577326127364,-60.0678861383235,-66.13418326739834,379308230,6369257946374,0.0058342503803159,-44517399796,-144719520456,-47019806894,6134731919,3818.800048828125,1310.8599853515625,108.06999969482422,27.290000915527344,26336.304,21652.8,3.07,3.5,540608000000000.0,3.349,3.291,-0.1099999999999998,0.058000088
2328.610107421875,2324.449951171875,0.0046812860738534,0.0046703629305078,0.0149396783235075,43.50999232700893,51.68900903313381,-57.13118542387565,-64.33358369869381,308806098,5998501221291,-0.1858702934022813,-100976800886,249094226085,15218285779,33855441352,3801.780029296875,1305.8299560546875,107.95999908447266,26.81999969482422,26336.304,21652.8,3.14,3.5,540608000000000.0,3.301,3.211,-0.2299999999999999,0.09000015
2322.320068359375,2316.409912109375,-0.0027011989007743,-0.0027048537216074,0.0149079777216487,41.470005580357146,44.12794451023954,-54.681053388495,-62.40307763665405,349137973,6539856912394,0.1306058243707351,398802420430,-592615773695,56560320484,-39271197177,3790.3798828125,1304.8499755859375,108.54000091552734,26.399999618530277,26336.304,21652.8,3.16,3.5,540608000000000.0,3.295,3.26,-0.2000000000000001,0.035000086
2330.97998046875,2335.1201171875,0.0037289916352887,0.0037220561821314,0.014970696767564,40.81073869977679,39.87672437459847,-51.44746916528675,-60.2119559423806,319675148,7383211368831,-0.0843873404741339,262167955242,-292762390995,-15011744521,19133311964,3863.159912109375,1316.1800537109375,108.05999755859376,24.229999542236328,26336.304,21652.8,3.14,3.5,540608000000000.0,3.242,3.205,-0.2099999999999999,0.03700018
2375.25,2350.47998046875,0.0189920204815947,0.0188139234754767,0.015025729585008,42.052158900669646,43.74598646170375,-44.79622675811106,-57.128810105526696,324357054,7104661030882,0.0146458241414499,627841171123,-266765490571,18003595118,-2117155572,3830.85009765625,1318.1199951171875,107.37000274658205,25.299999237060547,26336.304,21652.8,3.15,3.5,540608000000000.0,3.27,3.212,-0.1899999999999999,0.058000088
2370.969970703125,2367.52001953125,-0.0018019279220607,-0.0018035533470715,0.0149153429484328,39.83928571428572,48.95117189779744,-39.41606792992616,-53.58626167040659,339377650,6556190576633,0.0463088310081889,39347290765,-192008915529,12415109869,36116130088,3936.68994140625,1318.9100341796875,106.68000030517578,24.5,26336.304,21652.8,3.22,3.5,540608000000000.0,3.253,3.192,-0.2100000000000004,0.06100011
2386.85009765625,2406.2900390625,0.0066977343236513,0.0066754041533615,0.0135571309492887,39.388584681919646,58.88138079882629,-33.484867063378715,-49.56598274900102,333329038,7434803856736,-0.0178226586223341,-39258099922,-57943338206,7777090946,-23235191680,3959.89990234375,1305.5,107.08000183105467,23.8799991607666,26336.304,21652.8,3.25,3.5,540608000000000.0,3.36,3.296,-0.2099999999999999,0.06399989
2409.159912109375,2387.909912109375,0.009346969244123,0.0093035566349802,0.0133094132016642,36.647862025669646,67.27387440271818,-26.67662059260465,-44.98811031772175,295624147,6309070850975,-0.1131161306144591,440211332512,-203789907155,53709388571,-3285424743,3998.949951171875,1312.8699951171875,106.91000366210938,23.11000061035156,26336.304,21652.8,3.07,3.5,540608000000000.0,3.374,3.294,-0.1599999999999997,0.08000016
2393.139892578125,2405.3701171875,-0.0066496289643236,-0.0066718362485527,0.0125354419674869,35.558558872767854,64.90902587000826,-22.31646755853535,-40.45378176588447,381596729,6973850591019,0.2908171841591818,35871348835,-97114482972,-51486640696,-39221443151,3961.6298828125,1306.8499755859375,106.7300033569336,23.030000686645508,26336.304,21652.8,2.93,3.5,540608000000000.0,3.302,3.218,-0.1600000000000001,0.08400011
2403.68994140625,2385.64990234375,0.0044084547087464,0.0043987659368585,0.0121215205114245,34.34999302455357,61.04231458249328,-17.8044751887619,-35.92392045045996,323090645,5959859115833,-0.1533191444101712,91613554092,201802295383,32452495215,-63594975725,3966.840087890625,1309.3199462890625,106.4800033569336,23.36000061035156,26336.304,21652.8,2.98,3.5,540608000000000.0,3.211,3.153,-0.1699999999999999,0.05799985
2412.9599609375,2397.27001953125,0.0038565787423592,0.0038491612073167,0.0119997659994737,32.11928013392857,75.21573377988385,-13.327049692129547,-31.40454629879388,415671406,6240741372242,0.2865473279178356,1362170984,54993317884,-2525947299,-10173709517,3921.050048828125,1310.4000244140625,107.19000244140624,24.690000534057617,26336.304,21652.8,3.01,3.5,540608000000000.0,3.183,3.121,-0.1999999999999997,0.062000036
2415.530029296875,2412.52001953125,0.0010651102384544,0.0010645434109978,0.011210481789495,29.77715192522321,70.30075325546645,-9.462200334850422,-27.016077106005188,333587637,7049802775578,-0.1974727340278007,-117682878414,221441398363,-112523099164,30234989052,4023.610107421875,1310.9000244140625,106.4499969482422,23.239999771118164,26336.304,21652.8,2.93,3.5,540608000000000.0,3.121,3.09,-0.1500000000000003,0.031000137
2435.27001953125,2437.570068359375,0.0081721154342764,0.0081389045119169,0.01026717494108,29.372140066964285,70.7968444322365,-4.751653038116729,-22.563192292427495,491073262,9196434759360,0.4720967072289912,411564998153,47748270781,-14024498987,-60526423859,4072.429931640625,1305.949951171875,106.3499984741211,22.32999992370605,26336.304,21652.8,2.81,3.5,540608000000000.0,3.201,3.13,-0.1299999999999999,0.07099986
2451.5,2453.530029296875,0.0066645506816833,0.0066424407446217,0.0097689024752094,29.539289202008927,76.55538535786978,0.2877958846161164,-17.992994657018777,499369222,10256338412084,0.0168935282002788,341623785970,312522390358,-66133271827,-80203326538,4130.2900390625,1295.1500244140625,105.9000015258789,21.32999992370605,26336.304,21652.8,2.83,3.5,540608000000000.0,3.127,3.009,-0.1600000000000001,0.11800003
2452.25,2444.050048828125,0.00030593514175,0.0003058883531371,0.0097134698864259,28.66357421875,85.83147846290541,4.292631412288756,-13.53586944315727,487160292,7509597616018,-0.0244487034084771,134242433211,-79718609791,-25713059898,-35790975001,4118.6298828125,1302.280029296875,105.4499969482422,22.84000015258789,26336.304,21638.2,2.82,3.6,540608000000000.0,3.184,3.081,-0.2199999999999997,0.102999926
2439.6201171875,2451.0,-0.0051503243195024,-0.0051636329553274,0.0092374231036096,28.291434151785715,79.29797793004263,6.3738921692993245,-9.553917120665952,549923571,7266264362087,0.1288349646526609,294143188744,-357904407979,-79974037533,-70956779817,4091.18994140625,1306.75,106.23999786376952,23.93000030517578,26336.304,21638.2,3.02,3.6,540608000000000.0,3.088,3.012,-0.27,0.075999975
2461.449951171875,2438.56005859375,0.0089480463907394,0.0089082498483229,0.0074993792165891,28.1292724609375,83.93581519654899,9.67328388173064,-5.708476920186634,475302377,6751538574171,-0.13569375443265,475371715873,-37503805445,-47638587086,-3935818425,4155.169921875,1314.6300048828125,106.51000213623048,21.950000762939453,26336.304,21638.2,3.04,3.6,540608000000000.0,3.131,3.065,-0.31,0.065999985
2473.110107421875,2478.43994140625,0.0047371088103775,0.0047259240189109,0.0066670405267125,26.24712262834821,84.16754017656442,13.078195449797931,-1.9511424461897209,399964621,7506315190255,-0.158504900555126,201025134548,-209901223102,367842187,33216636485,4151.93994140625,1307.3800048828125,105.69000244140624,21.440000534057617,26336.304,21638.2,2.95,3.6,540608000000000.0,3.152,3.114,-0.27,0.03799987
2490.800048828125,2481.429931640625,0.0071529129872389,0.0071274522453554,0.0066720210221988,24.743547712053573,81.84777708245015,17.00798536089269,1.840683115226761,409776228,7561092338383,0.0245311872221818,374584369545,98432563574,-22931997234,-9331672312,4145.18994140625,1302.0799560546875,106.62000274658205,21.149999618530277,26336.304,21638.2,3.18,3.6,540608000000000.0,3.124,3.079,-0.3500000000000001,0.045000076
2493.10009765625,2481.169921875,0.0009234176903147,0.0009229916024839,0.0064681849098624,24.784981863839285,84.03281878235786,20.076537073983676,5.487853906978144,418234294,7613758407732,0.0206406946573778,173349901708,-296341441596,14652216102,27484082743,4140.06005859375,1302.739990234375,106.44000244140624,21.290000915527344,26336.304,21638.2,3.14,3.6,540608000000000.0,3.177,3.134,-0.3700000000000001,0.042999983
2503.4599609375,2493.570068359375,0.0041554140930759,0.0041468042034633,0.0057205955352541,23.787824358258927,83.52598640525372,23.07830842634576,9.005944810851666,454363895,8940803191412,0.086386031748989,30565302037,72013818874,-21891714645,122394918948,4122.47021484375,1299.030029296875,106.37000274658205,21.770000457763672,26336.304,21638.2,3.2,3.6,540608000000000.0,3.166,3.134,-0.4000000000000003,0.031999826
2480.8798828125,2493.699951171875,-0.0090195483360333,-0.0090604707155596,0.006400901017927,23.797834123883927,70.58789724728464,23.36586312917825,11.877928474516985,479467472,9029482446522,0.0552499379379605,-105026711362,-69528996256,-46171905330,-56897970642,4210.240234375,1307.56005859375,105.1999969482422,19.739999771118164,26336.304,21638.2,3.13,3.6,540608000000000.0,3.207,3.154,-0.3500000000000001,0.052999973
2523.780029296875,2507.739990234375,0.0172923109988463,0.0171445005454614,0.0069571914400472,24.97427804129464,82.48783911445925,26.747111540359583,14.851765087685504,505245846,9710839930543,0.0537645940661435,141726613744,391260415706,35467630025,-14952467481,4207.27001953125,1296.699951171875,105.08999633789062,20.200000762939453,26336.304,21638.2,3.16,3.6,540608000000000.0,3.219,3.124,-0.29,0.09500003
2527.93994140625,2519.659912109375,0.0016482863249116,0.0016469293918786,0.0069794974603134,24.4078369140625,81.91299374943564,29.423272241145696,17.766066518377546,445546613,8028576836861,-0.1181587804682317,-13702396140,176003208482,21080068670,61188652297,4280.14990234375,1306.8299560546875,105.62999725341795,19.530000686645508,26336.304,21638.2,3.18,3.6,540608000000000.0,3.282,3.181,-0.3400000000000003,0.10100007
2533.52001953125,2543.050048828125,0.0022073618259679,0.0022049291820117,0.0060584208593435,24.278564453125,81.56353307237802,31.62980583445551,20.538814381593134,398335301,8064107136952,-0.1059626773551525,50343912696,49693870764,-24967367331,-9532669085,4305.2001953125,1313.1800537109375,106.5,19.690000534057617,26336.304,21638.2,3.19,3.6,540608000000000.0,3.156,3.078,-0.3700000000000001,0.07799983
2516.469970703125,2536.570068359375,-0.0067297865012645,-0.0067525336274165,0.0063677991405377,25.121407645089285,74.56438250685628,31.63799998726108,22.758651502726728,418052960,7153680341416,0.0495001546448428,51105702051,67730110891,-61747927973,-95594401393,4274.0400390625,1311.0,106.56999969482422,19.899999618530277,26336.304,21638.2,3.27,3.6,540608000000000.0,3.188,3.087,-0.3799999999999999,0.10100007
2508.050048828125,2499.300048828125,-0.003345925829843,-0.0033515359572146,0.0064554818424006,25.155691964285715,68.74422312961443,30.612198219661423,24.32936084611367,381627621,7105984862757,-0.0871309199676519,304678769467,-279893229540,-27246157316,-86385288642,4283.740234375,1314.8299560546875,107.4800033569336,19.559999465942383,26336.304,21638.2,3.23,3.6,540608000000000.0,3.221,3.125,-0.3500000000000001,0.095999956
2492.68994140625,2510.719970703125,-0.0061243225305858,-0.0061431531162351,0.0065194161047461,24.459263392857142,60.65606075534906,28.234342701766764,25.11035721724429,459834963,7138647913895,0.2049310314464896,332771140196,7326385581,-21753556311,-180187277884,4228.47998046875,1326.9100341796875,108.16999816894533,20.600000381469727,26336.304,21638.2,3.28,3.6,540608000000000.0,3.31,3.197,-0.2999999999999998,0.112999916
2462.5,2467.3798828125,-0.0121113905523357,-0.0121853310643165,0.0069917028915131,25.269252232142858,52.30119927210541,23.64127718152986,24.81654121010141,422552201,6108018866782,-0.0810785716613723,117070058967,-131972620785,3793409261,-45630459367,4137.990234375,1334.8599853515625,109.0500030517578,23.799999237060547,26336.304,21638.2,3.36,3.6,540608000000000.0,3.342,3.245,-0.33,0.09700012
2435.340087890625,2449.31005859375,-0.0110294059327411,-0.011090680797153,0.007485799958642,25.7821044921875,49.09795366020571,17.6067026349383,23.374573495068788,471166457,7560708244033,0.1150491131863729,-239455693,-69492653537,-19250695737,-20529464934,4128.72998046875,1343.3599853515625,108.62000274658205,24.11000061035156,26336.304,21638.2,3.35,3.6,540608000000000.0,3.361,3.281,-0.3000000000000002,0.08000016
2447.449951171875,2446.179931640625,0.0049725553081743,0.0049602329870943,0.0075148258001522,25.424264090401785,46.9233476621434,13.644142409931192,21.428487278041267,423502192,8119783719901,-0.1011622629155029,150032610207,-154835612991,37320627536,-6976090554,4140.77001953125,1339.0799560546875,108.68000030517578,22.81999969482422,26336.304,21638.2,3.4,3.6,540608000000000.0,3.433,3.311,-0.29,0.12199998
2477.260009765625,2459.7900390625,0.012180048290457,0.0121064683710652,0.0079360783362908,26.30355398995536,50.84460936692558,12.762094002832328,19.69520862299948,426229583,7286329326891,0.006440087091686,41373139286,62859240774,355481204,33857509164,4199.1201171875,1340.0,108.47000122070312,21.780000686645508,26336.304,21638.2,3.37,3.6,540608000000000.0,3.593,3.531,-0.3400000000000003,0.062000036
2481.030029296875,2489.139892578125,0.001521850559242,0.0015206937182237,0.0077704798943952,26.056413922991077,47.89212092098166,12.226335766113152,18.20143405162221,520091055,8628665213503,0.2202134148910073,239028855150,49782470071,216715111432,-992894796,4057.659912109375,1334.43994140625,108.8000030517578,25.559999465942383,26336.304,21638.2,3.4,3.6,540608000000000.0,3.616,3.525,-0.3599999999999999,0.09099984
2426.889892578125,2432.06005859375,-0.0218216370134356,-0.0220632503337766,0.0091827353826888,29.469273158482142,38.32642466974005,7.34837939492445,16.030823120282662,448746272,7891467341171,-0.1371774852001637,-48047162523,-381444110343,-40107540500,5507270936,4030.610107421875,1341.1800537109375,108.83999633789062,26.209999084472656,26336.304,21638.2,3.45,3.6,540608000000000.0,3.715,3.653,-0.33,0.061999798
2450.929931640625,2441.2099609375,0.0099056982914713,0.0098569584658562,0.0094709290484293,29.604282924107142,41.16460074949553,5.360600403737863,13.896778576973702,336555412,6826615309757,-0.2500095644248605,-39660342479,-48161902566,-35166655169,1992438469,3986.159912109375,1345.72998046875,108.7699966430664,26.209999084472656,26336.304,21638.2,3.47,3.6,540608000000000.0,3.695,3.642,-0.3600000000000003,0.052999973
2472.050048828125,2433.469970703125,0.0086171852221668,0.0085802692047687,0.0095766290675687,31.201433454241077,48.50751750315069,5.4269299110274005,12.202808843784442,436246626,9562592358058,0.2962104023452756,745338569931,-186068211408,-20305169083,-18234584225,3955.0,1350.18994140625,108.6999969482422,25.8700008392334,26336.304,21638.2,3.46,3.6,540608000000000.0,3.721,3.685,-0.31,0.036000013
2415.610107421875,2443.0,-0.022831229259701,-0.023095898009033,0.010730276615662,32.16856166294643,32.516585141796455,0.9147206104162252,9.9451911971108,580021246,8452317734460,0.3295718784539092,-291139960982,-565198761088,-71131991959,-18034671291,3966.85009765625,1342.260009765625,109.69000244140624,25.559999465942383,26336.304,21536.5,3.54,3.5,540608000000000.0,3.805,3.778,-0.2800000000000002,0.02699995
2409.409912109375,2427.699951171875,-0.0025667202225434,-0.0025700198963294,0.0106512454607076,32.940726143973215,30.967615478397903,-3.1255127481585987,7.331050408056921,391598680,7214619685036,-0.3248545933436376,-175993868441,-197431253212,-10239745651,27558265893,3924.260009765625,1355.0999755859375,109.52999877929688,25.46999931335449,26336.304,21536.5,3.44,3.5,540608000000000.0,3.738,3.678,-0.2399999999999997,0.059999943
2403.679931640625,2410.070068359375,-0.0023781675504661,-0.0023809998823127,0.0104656522222681,33.921439034598215,29.16158922440715,-6.712411824342325,4.522357961577072,354737977,6277833943090,-0.0941287723441764,-67550128641,160380775958,28167728414,3996721745,3924.260009765625,1361.510009765625,109.52999877929688,25.46999931335449,26336.304,21536.5,3.44,3.5,540608000000000.0,3.67,3.616,-0.2399999999999997,0.05400014
2410.02001953125,2409.719970703125,0.0026376589524952,0.0026341864349913,0.0104958654790779,33.359305245535715,32.3073102521423,-8.940403669685566,1.8298056353245444,294224141,5476236129935,-0.1705874192319701,-78482414798,-27939204098,23465046705,-10956486640,3908.18994140625,1361.81005859375,110.20999908447266,26.90999984741211,26336.304,21536.5,3.55,3.5,540608000000000.0,3.712,3.682,-0.2199999999999997,0.029999971
2376.4599609375,2395.659912109375,-0.0139252198412349,-0.0140230853093474,0.0107470023573915,34.522879464285715,29.815642144288205,-13.261252055485784,-1.1884059028375211,378200299,7530889694741,0.2854155940929401,-494008781631,-41911048197,-56924335040,22923408763,3979.8701171875,1378.1099853515625,109.83999633789062,24.63999938964844,26336.304,21536.5,3.5,3.5,540608000000000.0,3.736,3.685,-0.2299999999999999,0.05100012
2384.280029296875,2393.27001953125,0.0032906375398347,0.0032852352402211,0.0107110786412814,34.49217006138393,32.97745671786434,-15.87158363329354,-4.125041448928725,423620804,9208735425055,0.120096428057028,-385718375058,212284904643,24271563946,-58244346125,4006.179931640625,1374.31005859375,109.70999908447266,23.61000061035156,26336.304,21536.5,3.54,3.5,540608000000000.0,3.622,3.543,-0.25,0.078999996
2449.5400390625,2418.590087890625,0.0273709501248768,0.027003063514895,0.0118084341769729,36.92503138950893,48.16691046163579,-12.529915758440438,-5.806016310831068,367102506,9165153475933,-0.1334171916637031,400469490825,644198673295,-9732341937,30275335077,3932.68994140625,1375.81005859375,109.81999969482422,27.270000457763672,26336.304,21536.5,3.75,3.5,540608000000000.0,3.62,3.536,-0.33,0.08399987
2411.419921875,2390.469970703125,-0.01556215313063,-0.0156845145673835,0.0121954877630603,39.594325474330354,46.71841621724093,-12.809929868501513,-7.206799022365157,461507522,7625505300244,0.2571625484899305,-164531243008,-303692671402,-5928538301,142769676416,3946.010009765625,1393.469970703125,109.66000366210938,26.15999984741211,26336.304,21536.5,3.79,3.5,540608000000000.0,3.651,3.585,-0.3799999999999999,0.065999985
2401.830078125,2416.010009765625,-0.0039768452035278,-0.0039847738801417,0.0121520217819465,39.34287806919643,43.69787974305721,-13.648333816629474,-8.495105981218021,424110958,7432763619455,-0.0810313206552676,-224331898754,-203296886677,7863233440,29413081627,3901.35009765625,1391.1800537109375,109.73999786376952,26.270000457763672,26336.304,21536.5,3.85,3.5,540608000000000.0,3.791,3.77,-0.3999999999999999,0.020999908
2382.780029296875,2387.56005859375,-0.0079314723392074,-0.0079630937799802,0.0121764226551186,39.407871791294646,36.54823711308672,-15.669328453826893,-9.929950475739796,440798650,8690463859936,0.0393474671786244,-47269540645,-228561832574,-43899541431,-16384520191,3873.330078125,1398.6300048828125,109.76000213623048,26.299999237060547,26336.304,21536.5,3.81,3.5,540608000000000.0,3.772,3.767,-0.3599999999999999,0.0050001144
2355.659912109375,2388.72998046875,-0.0113817124762048,-0.0114469798747523,0.0123317549980492,40.556448800223215,33.26304138381491,-19.23758911668665,-11.791478203929168,403937473,6885918719312,-0.0836236159071721,-547302731,67009406531,-20268878648,-28187350845,3899.889892578125,1385.22998046875,109.73999786376952,25.76000022888184,26336.304,21536.5,3.9,3.5,540608000000000.0,3.794,3.759,-0.4099999999999997,0.034999847
2367.85009765625,2373.639892578125,0.0051748495121095,0.0051615059923805,0.0124451372427063,37.902169363839285,41.12399256818311,-20.84156669647973,-13.60149590243928,419340243,7013236217546,0.0381315699323592,-59107429418,260410149478,14138155360,32144720867,3855.929931640625,1390.1099853515625,110.22000122070312,27.15999984741211,26336.304,21536.5,3.94,3.5,540608000000000.0,3.836,3.823,-0.3700000000000001,0.013000011
2347.2099609375,2351.5400390625,-0.0087168257564869,-0.0087550395126223,0.012328726190512,37.83360072544643,34.24574935568205,-23.507240188736432,-15.58264475969871,378165438,6269073304236,-0.0981894909618774,-275055745059,-17479083297,8895534599,-42554475720,3789.929931640625,1392.510009765625,110.63999938964844,27.989999771118164,26336.304,21536.5,3.98,3.5,540608000000000.0,3.891,3.847,-0.4700000000000002,0.04400015
2332.31005859375,2319.699951171875,-0.0063479205489562,-0.0063681542700909,0.0121979975900387,37.15501185825893,28.36578984568888,-26.5164382378548,-17.76940345532993,446820270,7413267166090,0.1815470825760656,-59357990722,-240213536383,-8196337189,-12680936834,3757.989990234375,1397.56005859375,111.3499984741211,27.350000381469727,26336.304,21536.5,4.12,3.5,540608000000000.0,3.997,4.104,-0.4199999999999999,-0.10700011
2290.0,2331.330078125,-0.0181408378520909,-0.0183074003145315,0.0125864174135453,36.57716587611607,29.66360493639776,-31.94705177398373,-20.60493311906069,446460548,7416795759616,-0.0008050709069219,-194387486334,-15439410305,-76910554100,-38668765979,3693.22998046875,1403.6600341796875,113.19000244140624,29.920000076293945,26336.304,21536.5,4.21,3.5,540608000000000.0,4.112,4.199,-0.52,-0.08699989
2220.93994140625,2260.800048828125,-0.030157230826965,-0.0306213142593482,0.0134274613432288,39.78714425223215,24.646933058337083,-41.346801506075735,-24.7533067964637,621995319,9461817890486,0.39316972526764,-3434711580,604249545585,-88480636096,-101227396638,3655.0400390625,1421.81005859375,114.0999984741211,32.2599983215332,26336.304,21536.5,4.37,3.5,540608000000000.0,4.335,4.548,-0.4900000000000002,-0.21299982
2223.860107421875,2224.389892578125,0.0013148334005719,0.0013139697640788,0.013421882411239,39.595005580357146,25.626300518354185,-48.00714145440497,-29.40407372805196,487939509,8005556968882,-0.2155254322741937,-246297394872,320286138869,6396514442,-65153540746,3647.2900390625,1429.77001953125,114.11000061035156,32.599998474121094,26336.304,21536.5,4.39,3.5,540608000000000.0,4.208,4.304,-0.4199999999999995,-0.09599972
2169.2900390625,2206.14990234375,-0.0245384447417594,-0.0248445299895387,0.0136158443746359,43.094290597098215,21.14316418162045,-57.03143442886494,-34.92954586821456,596136346,9208349862260,0.2217423164230794,-145952064133,-45591770536,4015022081,-82915470008,3719.0400390625,1426.260009765625,112.5999984741211,30.18000030517578,26336.304,21536.5,4.12,3.5,540608000000000.0,4.332,4.338,-0.3999999999999999,-0.006000042
2170.929931640625,2197.75,0.0007559581930471,0.0007556726005739,0.0132179638430258,42.85501534598215,23.321001355735817,-63.32100091910297,-40.60783687839225,508500874,7240707424286,-0.14700575227131,220867465220,-13358973948,20431127680,-41272220113,3640.469970703125,1421.949951171875,112.25,31.84000015258789,26336.304,21536.5,4.19,3.5,540608000000000.0,4.229,4.303,-0.4300000000000006,-0.07399988
2155.489990234375,2161.110107421875,-0.0071121325387879,-0.0071375443130328,0.0127606963340032,44.628574916294646,20.87781363272491,-68.75879334221963,-46.23802817115773,950269674,7923750847279,0.8687670416865398,167917517754,15907272289,58951553784,2683118913,3585.6201171875,1430.1700439453125,112.12000274658205,31.6200008392334,26336.304,21536.5,4.25,3.5,540608000000000.0,4.096,4.186,-0.4199999999999999,-0.089999676
2209.3798828125,2189.510009765625,0.0250012260888603,0.02469380877391,0.013975361623401,43.71571568080357,18.51931028302974,-67.93668721914491,-50.57775998075517,421003102,7500281281993,-0.5569646032921809,217192351166,-56951281046,-8252332718,-17019237216,3790.929931640625,1433.3399658203125,110.06999969482422,29.06999969482422,26770.514,21461.5,4.08,3.6,541620600000000.0,4.006,4.081,-0.4599999999999999,-0.07499981
2215.219970703125,2248.85009765625,0.0026433154099287,0.0026398279959555,0.0140607762904889,42.419991629464285,21.90403737760994,-66.05250376142521,-53.67270873688918,855790158,9509079504051,1.0327407421335342,77575173070,-610892861905,10495225764,54214933580,3783.280029296875,1416.530029296875,111.06999969482422,28.549999237060547,26770.514,21461.5,4.17,3.6,541620600000000.0,4.102,4.157,-0.4100000000000001,-0.05499983
2237.860107421875,2230.429931640625,0.0102202657154466,0.0101683919428992,0.0144216733467355,43.552158900669646,27.365387920720664,-62.01750577269695,-55.341668144050736,643015745,6850065019707,-0.2486291890727726,251014502117,-47640043922,-2520688860,-9589379382,3744.52001953125,1416.760009765625,112.26000213623048,30.520000457763672,26770.514,21461.5,4.24,3.6,541620600000000.0,4.102,4.145,-0.4100000000000001,-0.042999744
2232.840087890625,2217.840087890625,-0.0022432231195332,-0.0022457429135273,0.0143522237560786,43.557861328125,28.468083256436216,-58.54988775812126,-55.98331206686484,428682906,7831443986822,-0.333324402499662,100120634526,-156317946096,-13466129722,81744585357,3639.659912109375,1408.449951171875,112.8000030517578,31.36000061035156,26770.514,21461.5,4.33,3.6,541620600000000.0,4.214,4.276,-0.4399999999999999,-0.061999798
2192.070068359375,2193.02001953125,-0.0182592652973038,-0.0184280231008195,0.0145495138932003,45.10714285714285,27.394137071558603,-58.41816707958651,-56.47028306940918,859508909,7867859123713,1.004999259289336,196204951762,-294644965575,-38435051083,138890398451,3588.840087890625,1428.3499755859375,113.22000122070312,33.630001068115234,26770.514,21461.5,4.31,3.6,541620600000000.0,4.306,4.342,-0.3799999999999994,-0.035999775
2202.469970703125,2191.35009765625,0.0047443293414126,0.0047331104809484,0.0145914130109395,44.857857840401785,27.03310786756853,-56.819611180610536,-56.54014869164945,658347571,7409130718339,-0.2340421790787976,235036968662,-78445384841,30528515496,-27826029404,3577.030029296875,1430.800048828125,113.31999969482422,33.56999969482422,26770.514,21461.5,4.29,3.6,541620600000000.0,4.11,4.107,-0.3799999999999999,0.0030002594
2162.8701171875,2198.2900390625,-0.0179797473029713,-0.0181433469126136,0.0129478545374404,45.824986049107146,25.680759399736147,-58.07862708231096,-56.84784436978176,792452498,7169779036476,0.2036992812114437,200865158989,-42999560110,-65748346772,-146393989291,3669.909912109375,1423.9000244140625,112.36000061035156,31.940000534057617,26770.514,21461.5,4.44,3.6,541620600000000.0,4.239,4.203,-0.4700000000000002,0.035999775
2212.550048828125,2200.659912109375,0.0229694475159825,0.0227096209477295,0.0142518302261649,47.222133091517854,35.52854158172762,-54.44009938630188,-56.36629537308578,513523921,7161818150242,-0.3519814470948894,265677209661,221715945849,36761095986,64372170854,3583.070068359375,1430.300048828125,113.30999755859376,32.02000045776367,26770.514,21461.5,4.47,3.6,541620600000000.0,4.181,4.207,-0.4699999999999997,-0.025999546
2219.7099609375,2187.169921875,0.0032360452651307,0.0032308205392503,0.0143513062226015,46.86785016741072,40.71784316911561,-50.39783997601626,-55.17260429367188,498780636,6526810304619,-0.0287100257594427,265798735966,-246489668807,-12306822201,-30969823271,3677.949951171875,1440.760009765625,112.04000091552734,31.3700008392334,26770.514,21461.5,4.45,3.6,541620600000000.0,4.215,4.239,-0.4300000000000006,-0.023999691
2249.949951171875,2249.14990234375,0.0136233970953587,0.013531432922704,0.0148311936261384,43.824288504464285,54.26856561107755,-44.24418634554604,-52.98692070404672,580891633,7249919118989,0.1646234658556391,77437094270,124816013808,20154839921,-30848771267,3719.97998046875,1430.1500244140625,112.12999725341795,30.5,26770.514,21461.5,4.43,3.6,541620600000000.0,4.277,4.242,-0.4199999999999999,0.034999847
2237.43994140625,2249.35009765625,-0.0055601280193406,-0.0055756430683018,0.0147100583881208,44.02141462053572,51.943309569078096,-39.91668999134663,-50.37287456150671,895161384,7738879084055,0.5410127003843417,147718368048,-111104336148,48558482748,-29396127360,3695.159912109375,1425.02001953125,112.9800033569336,30.76000022888184,26770.514,21461.5,4.56,3.6,541620600000000.0,4.396,4.331,-0.4199999999999999,0.06500006
2218.090087890625,2225.530029296875,-0.0086482113586759,-0.0086858241511233,0.0146525506587117,41.502842494419646,57.76627017769347,-37.61488839894582,-47.82127732899453,1108102611,8325030384709,0.2378802647277733,-3722025765,-242187424298,-42665069097,-45441048464,3665.780029296875,1435.010009765625,112.87999725341795,29.979999542236328,26770.514,21461.5,4.66,3.6,541620600000000.0,4.439,4.35,-0.4199999999999999,0.089000225
2213.1201171875,2210.590087890625,-0.0022406532224538,-0.0022431672419514,0.014596420508759,39.9371337890625,56.64392446400244,-35.77928779547392,-45.41287942229041,637486476,6228174452296,-0.4247044726077268,29289233569,184787347460,-48342902474,-79413742682,3752.75,1430.31005859375,112.01000213623048,29.690000534057617,26770.514,21461.5,4.52,3.6,541620600000000.0,4.632,4.495,-0.3099999999999996,0.13700008
2236.159912109375,2248.260009765625,0.0104105487736267,0.0103567321952384,0.0148663507242123,40.01712472098215,62.40658191954631,-32.09546564462198,-42.74939666675672,444820460,6846985381405,-0.302227613060767,151158825340,283724402935,26247307548,-45862298876,3797.340087890625,1428.1099853515625,111.98999786376952,29.850000381469727,26770.514,21461.5,4.52,3.6,541620600000000.0,4.503,4.305,-0.2699999999999996,0.19799995
2235.070068359375,2237.0400390625,-0.0004873729039225,-0.0004874917086993,0.0143698860471605,37.55998883928572,54.7170961619324,-28.93045900911511,-39.9856091352284,456770059,7030016883895,0.026863869975765,73910629649,117954726383,13627058651,-49748089838,3859.110107421875,1443.9599609375,110.9499969482422,28.459999084472656,26770.514,21461.5,4.45,3.6,541620600000000.0,4.346,4.221,-0.3500000000000005,0.125
2249.56005859375,2240.699951171875,0.0064830138614004,0.0064620895135721,0.0126673000725933,35.682861328125,56.1112226268651,-24.96516445822226,-36.98152019982717,563441589,7492742941480,0.2335344182443446,602037974475,-116791658355,32029283231,-47679334735,3830.60009765625,1426.9300537109375,109.6999969482422,27.280000686645508,26770.514,21461.5,4.41,3.6,541620600000000.0,4.279,4.208,-0.3700000000000001,0.07099962
2288.780029296875,2266.070068359375,0.0174345070509662,0.0172842697283218,0.0132040018584408,36.064993722098215,58.55684652750427,-18.445290272992224,-33.274274214460185,587872005,8435336656071,0.0433592700236404,381653490717,550070434056,18689924801,-52390143662,3807.300048828125,1412.68994140625,110.58999633789062,27.38999938964844,26770.514,21461.5,4.29,3.6,541620600000000.0,4.313,4.254,-0.33,0.059000015
2268.39990234375,2276.72998046875,-0.0089043624517232,-0.0089442432053578,0.0119580918941965,35.737147739955354,55.68231204672157,-14.752689112471671,-29.56995719406248,427245332,8289370725957,-0.2732340911522058,-190400546478,426047807177,-52831020328,-58485762345,3901.06005859375,1420.6500244140625,110.66999816894533,25.75,26770.514,21461.5,4.38,3.6,541620600000000.0,4.167,4.112,-0.3600000000000003,0.05499983
2293.610107421875,2293.75,0.011113651103616,0.0110523482639291,0.0121117720370411,33.475010463169646,67.07477284707636,-9.680433221358726,-25.592052399521734,401399527,8679296295233,-0.0604940605881213,232073501890,-10523960827,5758912996,-44487382976,3871.97998046875,1421.6500244140625,111.52999877929688,25.8799991607666,26770.514,21461.5,4.45,3.6,541620600000000.0,4.242,4.185,-0.3500000000000005,0.05700016
2335.219970703125,2301.580078125,0.0181416462835619,0.0179790501813971,0.0123328731723704,34.8028564453125,70.20244653862787,-2.2768199027932496,-20.92900590017604,597205901,9476615249499,0.487809179705386,493949497996,135393577773,32168365659,5347844044,3856.10009765625,1424.6700439453125,111.4800033569336,25.809999465942383,26770.514,21406.5,4.48,3.6,541620600000000.0,4.135,4.068,-0.4100000000000001,0.06700039
2336.8701171875,2326.050048828125,0.0007066342807431,0.0007063847322925,0.0113414724457765,33.613577706473215,79.93809943072984,3.681314125067729,-16.006941895127287,450634597,9568100644617,-0.2454284255305776,525198776309,-354068726679,24271664845,-23486622799,3759.68994140625,1416.5999755859375,111.3499984741211,25.86000061035156,26770.514,21406.5,4.54,3.6,541620600000000.0,4.143,4.095,-0.4400000000000004,0.048000336
2329.169921875,2297.449951171875,-0.0032950891262059,-0.0033005298875306,0.0114235148132421,32.810023716517854,73.45344956090605,7.69315495814908,-11.266922524472015,550428338,9273251406933,0.2214515744338201,171638922523,-685574292905,31813671546,81729880760,3719.889892578125,1423.0999755859375,112.93000030517578,25.299999237060547,26770.514,21406.5,4.63,3.6,541620600000000.0,4.197,4.158,-0.4900000000000002,0.039000034
2348.429931640625,2325.85009765625,0.0082690445144166,0.0082350432757352,0.0113633012656991,32.006434849330354,74.685483500935,12.285074851887202,-6.556523049200172,436430311,7927339089118,-0.2071078451633062,41368155723,89162935333,29909706089,-35223942761,3770.550048828125,1423.6500244140625,110.87999725341795,24.549999237060547,26770.514,21406.5,4.58,3.6,541620600000000.0,4.182,4.118,-0.4100000000000001,0.06400013
2371.7900390625,2360.219970703125,0.0099471170534586,0.009897970129358,0.0114256297961652,31.493582589285715,73.9993786842533,17.606216388021494,-1.7239751617558392,392508611,8059881002353,-0.100638518666042,110025246210,253985651013,50839790040,-56973270306,3806.800048828125,1402.1099853515625,110.12000274658205,24.350000381469727,26770.514,21406.5,4.63,3.6,541620600000000.0,4.258,4.186,-0.4100000000000001,0.07200003
2399.0400390625,2387.199951171875,0.0114892125994301,0.0114237128129169,0.0103783465092421,31.2357177734375,80.08415567982664,23.748350453220155,3.3704899612393597,500087936,8601453057670,0.274081439196757,282366498142,490165264707,-4490278547,-10201225466,3828.110107421875,1392.699951171875,109.62000274658205,25.540000915527344,26770.514,21406.5,4.55,3.6,541620600000000.0,4.236,4.156,-0.4100000000000001,0.07999992
2424.409912109375,2408.5400390625,0.0105750102681858,0.0105194859508863,0.0104651515909361,30.779279436383927,87.56732535416381,30.313734816266333,8.759138932244754,680722009,9342671819052,0.3612046202210324,417226476199,398510771189,-100751992,-10603973815,3748.570068359375,1374.1500244140625,110.5500030517578,26.09000015258789,26770.514,21406.5,4.49,3.6,541620600000000.0,4.177,4.086,-0.3700000000000001,0.09100008
2402.22998046875,2405.77001953125,-0.0091485897371732,-0.0091906950840353,0.0095867113042672,31.115705217633927,82.40290348327636,33.34275953032693,13.675863051861189,899127446,9344425168815,0.3208438013056809,-109777141036,4442230752,-28008688333,-55406544953,3956.3701171875,1370.550048828125,108.20999908447266,23.530000686645508,26770.514,21406.5,4.17,3.6,541620600000000.0,4.07,4.033,-0.3500000000000001,0.03700018
2483.159912109375,2466.89990234375,0.0336895019621863,0.0331344427529657,0.0107935308400124,34.021432059151785,85.31596540563486,41.79190153654554,19.29907074879806,758247863,13917647603448,-0.1566847765872782,705275159237,842837258994,51688236454,6364521990,3992.929931640625,1349.3699951171875,106.29000091552734,22.520000457763672,26770.514,21406.5,4.17,3.6,541620600000000.0,3.894,3.834,-0.3500000000000001,0.059999943
2474.64990234375,2485.179931640625,-0.0034270888975475,-0.0034329748182666,0.0109773059033893,34.474278041294646,83.54328959197137,47.25647752550958,24.89055210414036,731166034,11216385156415,-0.0357163274985715,142922364626,16793691185,-37629812459,-65715894047,3957.25,1313.030029296875,106.66000366210938,23.729999542236328,26770.514,21406.5,4.24,3.6,541620600000000.0,3.928,3.85,-0.3600000000000003,0.07800007
2480.330078125,2482.760009765625,0.0022953452025153,0.0022927149218817,0.0108277302635702,34.326416015625,83.12705021448397,51.45242455895186,30.202926595102664,617401010,9308852326801,-0.1555939673204239,-235016868238,225899067038,-105624197493,-76849990293,3991.72998046875,1324.0799560546875,106.4000015258789,24.540000915527344,26770.514,21406.5,4.17,3.6,541620600000000.0,3.861,3.753,-0.3700000000000001,0.10800004
2477.449951171875,2487.0,-0.0011611869639955,-0.0011618616639306,0.0106470060056804,34.269984654017854,80.2384037964302,53.92374131471615,34.94708953902536,657833955,9880428494318,0.065488951824034,91512129351,69714186507,-85304371300,-122575640969,3958.7900390625,1316.260009765625,106.27999877929688,24.11000061035156,26770.514,21406.5,4.13,3.6,541620600000000.0,3.896,3.808,-0.4599999999999999,0.08799982
2442.89990234375,2466.5,-0.0139458110190207,-0.0140439674910999,0.0110709865376402,34.86570521763393,76.75226368993437,52.48931332437087,38.45553429609447,914519167,8556988540142,0.3901975719693582,-384299835349,22703750736,-13243304113,-49874298155,3946.56005859375,1336.4300537109375,106.69000244140624,23.93000030517578,26770.514,21406.5,4.22,3.6,541620600000000.0,3.853,3.804,-0.4499999999999997,0.049000025
2444.47998046875,2448.1298828125,0.0006468042851384,0.0006465951974011,0.0109924359088075,35.000697544642854,74.9363037020119,50.89335103621579,40.94309764411874,589585960,7444437086996,-0.3553049719733211,197645625265,-6658095159,46905702251,-57105697228,3965.340087890625,1342.75,106.93000030517578,23.1200008392334,26770.514,21406.5,4.28,3.6,541620600000000.0,3.801,3.787,-0.4600000000000004,0.014000177
2419.5,2446.050048828125,-0.0102189343616386,-0.0102715061296809,0.0114199955981209,34.77354213169643,64.74042394021352,47.070267029057504,42.168531521106495,544528841,7049427243317,-0.0764216281541032,-165337857975,280077732071,-18371430220,-54439998407,3949.93994140625,1339.030029296875,107.83999633789062,22.36000061035156,26770.514,21406.5,4.32,3.6,541620600000000.0,3.764,3.837,-0.4900000000000002,-0.072999954
2405.27001953125,2405.9599609375,-0.0058813723780739,-0.0058987357624237,0.0115932015091406,34.91282435825893,61.45878834579148,42.4034048546705,42.2155061878193,539169320,7253675569216,-0.009842492438339,15650123452,102793679106,17027850939,-61189393296,4003.580078125,1359.75,107.22000122070312,21.290000915527344,26770.514,21406.5,4.27,3.6,541620600000000.0,3.773,3.844,-0.5099999999999998,-0.0710001
2418.010009765625,2424.360107421875,0.0052966985539768,0.0052827203832369,0.011581242624185,33.169241768973215,64.63591703891043,39.28009718853809,41.628424387963065,474789345,7477108020662,-0.1194058575142962,89609886885,81826917572,-2978244505,-71925900995,4027.260009765625,1352.68994140625,106.08000183105467,20.350000381469727,26770.514,21406.5,4.23,3.6,541620600000000.0,3.774,3.849,-0.5200000000000005,-0.07500005
2441.330078125,2437.510009765625,0.009644322507017,0.0095981128980595,0.011225685503318,32.539254324776785,65.10275312815783,38.24571518603671,40.9518825475778,481184882,6849558626177,0.0134702622696809,126982095467,-11524898330,34574929378,11433127816,4027.260009765625,1336.81005859375,106.08000183105467,20.350000381469727,26770.514,21406.5,4.23,3.6,541620600000000.0,3.622,3.689,-0.5200000000000005,-0.06699991
2437.860107421875,2442.2099609375,-0.0014213443459435,-0.0014223554139825,0.0109182721653403,31.913521902901785,61.4836497080108,36.72264655036861,40.10603534813596,438394239,6347578947005,-0.0889276546306789,312653109891,-3866000823,7449811771,-5032472414,4026.1201171875,1317.8900146484375,105.95999908447266,20.5,26770.514,21406.5,4.2,3.6,541620600000000.0,3.623,3.644,-0.52,-0.021000147
2408.27001953125,2425.050048828125,-0.0121377300529018,-0.0122119938393073,0.0113148522798198,32.43568638392857,51.59131967653352,32.750404607497785,38.63490920000833,350496873,6462501436307,-0.2004984513494029,-125156485789,-118994901620,-38458238751,-67050002625,3963.93994140625,1334.56005859375,106.68000030517578,22.209999084472656,26770.514,21406.5,4.22,3.6,541620600000000.0,3.606,3.669,-0.5299999999999998,-0.062999964
2433.389892578125,2405.5400390625,0.0104306713296893,0.010376647224547,0.0108848427782382,32.58998325892857,51.54955352704367,31.26888977157978,37.161705314322624,550174638,6533346119404,0.5696991339491921,62319678791,186131988090,25529936285,61976579010,3957.6298828125,1340.1199951171875,106.81999969482422,21.88999938964844,26770.514,21406.5,4.24,3.6,541620600000000.0,3.673,3.723,-0.4900000000000002,-0.049999952
2472.530029296875,2424.43994140625,0.0160846138295092,0.0159566270168499,0.0113109249062538,34.5185546875,61.45995429533871,32.87410825921916,36.304185903301935,594127344,12469429031424,0.0798886443762243,1144644497176,-586221140317,29643134217,-2248369928,4080.110107421875,1325.3699951171875,105.9499969482422,20.57999992370605,26770.514,21406.5,4.13,3.6,541620600000000.0,3.667,3.689,-0.4499999999999997,-0.021999836
2479.840087890625,2501.429931640625,0.0029565095295642,0.0029521476504417,0.0112188440741906,30.56640625,49.287898782965705,34.34026293639545,35.91140130992064,491383400,8850099247038,-0.1729325287543068,33652032730,252224542166,4081983114,-18757375787,4076.570068359375,1279.800048828125,104.7300033569336,19.84000015258789,26770.514,21291.0,3.98,3.5,541620600000000.0,3.663,3.65,-0.4500000000000002,0.013000011
2434.330078125,2471.5,-0.0183519937385705,-0.0185224806470007,0.0121364538769335,31.757847377232142,42.536146473210565,31.467189463576236,35.02255894065176,468847334,7328393301881,-0.0458624894532456,-406017040453,-332597211934,-32513707056,-41186287326,4071.699951171875,1303.25,104.5500030517578,19.059999465942383,26770.514,21291.0,3.99,3.5,541620600000000.0,3.583,3.616,-0.4800000000000004,-0.032999992
2419.320068359375,2442.169921875,-0.0061659714516554,-0.0061850595585588,0.012104167070457,32.3021240234375,39.08314818002231,27.66022582734513,33.55009231799044,385586134,7717406208213,-0.1775870181230464,-293616814004,113227045152,-28897312057,-2311265738,3998.840087890625,1299.1700439453125,105.29000091552734,20.75,26770.514,21291.0,4.13,3.5,541620600000000.0,3.549,3.609,-0.5299999999999998,-0.059999943
2393.159912109375,2397.699951171875,-0.0108130199852969,-0.0108719055578673,0.0121195508787563,31.509992327008927,36.07744805637865,22.27549568981567,31.29517299235549,368635781,6477022385590,-0.0439599651163804,-98977502602,-111571565871,-39288412006,-54027333879,3941.260009765625,1304.3699951171875,105.58000183105467,22.170000076293945,26770.514,21291.0,4.07,3.5,541620600000000.0,3.504,3.633,-0.5600000000000005,-0.12899995
2382.81005859375,2385.8701171875,-0.0043247647026238,-0.004334143548125,0.0118859388701925,30.249267578125,39.212274430257246,16.977208883498406,28.431580170584077,332586789,6080662497686,-0.0977902684926833,-198228597329,130416115948,-12346577935,-25820225084,3933.919921875,1319.7099609375,105.0999984741211,22.68000030517578,26770.514,21291.0,3.97,3.5,541620600000000.0,3.523,3.672,-0.5500000000000003,-0.14899993
2371.080078125,2386.89990234375,-0.0049227509454415,-0.0049349075963966,0.0117665447715594,30.374267578125,37.28610430734671,11.6969320732519,25.08465055111764,351939439,7552996919747,0.0581882703705347,-466523510827,207808671344,61786308975,-70779529245,3963.510009765625,1314.0999755859375,104.7699966430664,22.290000915527344,26770.514,21291.0,4.04,3.5,541620600000000.0,3.53,3.676,-0.56,-0.14600015
2389.0400390625,2382.72998046875,0.0075745906277877,0.0075460474607872,0.0089545504508178,29.235002790178573,44.592397004849175,8.859368127779817,21.83959406645008,315674287,7220197808267,-0.1030437284978453,100280111234,389531539398,-11711343096,22274691742,3934.3798828125,1316.6300048828125,104.80999755859376,22.82999992370605,26770.514,21291.0,4.07,3.5,541620600000000.0,3.491,3.657,-0.5000000000000004,-0.16600013
2373.02001953125,2373.580078125,-0.0067056304077417,-0.0067282141628195,0.0090137416277212,28.925728934151785,44.310768091099376,5.257293756295439,18.52313400441915,499224684,5822259612423,0.581455014104459,17771225883,24393840101,2755821276,-13375087603,3990.56005859375,1303.1700439453125,105.12999725341795,25.0,26770.514,21291.0,4.1,3.5,541620600000000.0,3.448,3.623,-0.4899999999999997,-0.17499995
2372.39990234375,2385.050048828125,-0.0002613198297511,-0.0002613539797274,0.0089662472490459,29.025006975446427,41.59447559451339,2.325775498650728,15.283662303265464,447565388,6659361034224,-0.1034790499261451,-112056994243,35771117295,18274797123,-4857178445,4019.64990234375,1305.9200439453125,103.9800033569336,22.549999237060547,26770.514,21291.0,3.96,3.5,541620600000000.0,3.469,3.623,-0.4500000000000002,-0.1539998
2399.25,2380.81005859375,0.0113176946389705,0.0112541286966507,0.0094599267918369,29.343575613839285,42.34463191519224,2.144385503004287,12.655806943213229,409799402,5724107192073,-0.0843809351942111,233390302769,199203954677,8907580388,2849663819,3995.320068359375,1288.97998046875,103.7699966430664,21.13999938964844,26770.514,21291.0,3.94,3.5,541620600000000.0,3.406,3.53,-0.4499999999999997,-0.12400007
2360.969970703125,2383.830078125,-0.0159549981439511,-0.0160836493820869,0.009610889736853,30.93001883370536,37.58436303542933,-1.0758441583270724,9.90947672290517,375386441,6134217159398,-0.0839751371818742,-57603350762,-298291002648,-8719135548,-32841472676,3895.75,1295.6800537109375,104.55999755859376,22.82999992370605,26770.514,21291.0,3.96,3.5,541620600000000.0,3.38,3.536,-0.52,-0.1559999
2360.02001953125,2329.75,-0.0004023563127285,-0.0004024372797488,0.0096002332272666,30.803571428571427,41.41490402408998,-3.6623353635845888,7.195114305607219,414172006,7206180401653,0.1033216993578092,292665102195,-284645002363,-29029254750,701804830,3852.360107421875,1317.0999755859375,104.6999969482422,22.6200008392334,26770.514,21291.0,3.91,3.5,541620600000000.0,3.36,3.539,-0.4300000000000001,-0.17900014
2352.169921875,2350.780029296875,-0.003326284349829,-0.0033318287318251,0.0093996525148632,29.729997907366077,34.60229329220823,-6.273271187990304,4.501437206887715,323987461,5018051573386,-0.2177465972917541,-23447749615,86622369705,-9264675655,-7252377161,3817.659912109375,1308.8599853515625,104.72000122070312,22.420000076293945,26770.514,21291.0,3.99,3.5,541620600000000.0,3.395,3.545,-0.4200000000000004,-0.1500001
2333.2900390625,2344.72998046875,-0.0080265811737998,-0.0080589675943757,0.0094661104176799,28.165004185267858,21.40630405246192,-9.753473426479104,1.6504550802143512,358771039,5335838130528,0.1073608771544403,-103781513580,33909060964,-10256705430,-31076434114,3821.6201171875,1301.3299560546875,103.97000122070312,21.479999542236328,26770.514,21291.0,4.03,3.5,541620600000000.0,3.603,3.685,-0.3400000000000003,-0.08200002
2328.949951171875,2346.389892578125,-0.0018600721804687,-0.0018618042629259,0.0093297417398998,27.616437639508927,18.63124663749961,-12.715194745042936,-1.2226748848371063,329724466,5102489702486,-0.0809613091429043,-104601708927,150210000723,5930134084,-4930789389,3878.43994140625,1283.6400146484375,104.16000366210938,20.06999969482422,26770.514,21291.0,4.0,3.5,541620600000000.0,3.566,3.638,-0.3199999999999998,-0.07200003
2356.72998046875,2340.0,0.0119281349446331,0.0118575554431783,0.0094883286528886,26.35001046316964,32.58371433455926,-12.67465845818424,-3.5130715995065334,553052921,9460858960619,0.6773184219820678,-4506398238,1002997910494,79588927476,7018680026,3822.389892578125,1280.77001953125,104.43000030517578,21.96999931335449,26770.514,21291.0,4.02,3.5,541620600000000.0,3.495,3.567,-0.3499999999999996,-0.07200003
2313.68994140625,2325.860107421875,-0.018262609386392,-0.0184314293919771,0.0101923107827298,27.46859305245536,28.94222729259363,-15.931852136335236,-5.996827706872274,366988585,5935798139102,-0.3364313412603782,-66547818899,277286184053,2888230220,20398289522,3844.820068359375,1290.199951171875,104.30999755859376,20.8700008392334,26770.514,21291.0,4.09,3.5,541620600000000.0,3.552,3.623,-0.3399999999999998,-0.07099986
2317.139892578125,2312.5400390625,0.0014911035010067,0.0014899929100483,0.0099713029090305,26.654296875,33.336258880999424,-18.027015156658763,-8.402865196829572,427844636,5205750204132,0.1658254602115212,-37116880117,473269163300,26484175191,-17765057553,3844.820068359375,1279.239990234375,104.30999755859376,20.8700008392334,26770.514,21291.0,4.09,3.5,541620600000000.0,3.639,3.663,-0.3399999999999998,-0.024000168
2332.7900390625,2327.52001953125,0.0067540792571492,0.006731372647996,0.0097657329516939,26.793596540178573,39.28450389536489,-18.214643841559337,-10.365220925775525,448498792,7126994120167,0.0482748976196116,50235108852,942397070193,60737702943,-66862812880,3829.25,1275.1300048828125,104.18000030517578,21.649999618530277,26770.514,21291.0,4.17,3.5,541620600000000.0,3.611,3.662,-0.33,-0.05099988
2280.449951171875,2296.449951171875,-0.0224366904068483,-0.0226922223726839,0.0098260688567309,28.589320591517858,33.46228929199259,-22.32934975015951,-12.75804669065232,405893520,7566892910919,-0.0949952881924373,-310789177092,-768702329719,56865346579,-624487045,3783.219970703125,1272.280029296875,104.45999908447266,22.13999938964844,26770.514,21291.0,4.18,3.5,541620600000000.0,3.673,3.668,-0.2999999999999998,0.0050001144
2236.39990234375,2265.72998046875,-0.0193163848237444,-0.0195053839975657,0.0102582356562072,30.106462751116077,24.568504049748952,-28.812620670536035,-15.968961486629066,361194425,6036542050335,-0.1101251751937306,-143667474477,-566107569301,14269000236,-1006283324,3849.280029296875,1274.3199462890625,103.83999633789062,21.440000534057617,26770.514,21291.0,4.16,3.5,541620600000000.0,3.726,3.719,-0.33,0.0069999695
2225.669921875,2249.949951171875,-0.0047978809413758,-0.0048094277203248,0.0097649613402346,31.316441127232142,25.009357837064314,-34.41971033875916,-19.659111257055088,346344799,5200137586818,-0.0411125559316148,5257042085,-166668802580,13169404718,-23713102319,3839.5,1260.9100341796875,103.5199966430664,21.670000076293945,27216.445,21279.4,4.22,3.5,547219800000000.06,3.811,3.782,-0.3399999999999998,0.029000044
2218.679931640625,2230.97998046875,-0.0031406230392359,-0.0031455651460154,0.0097606908641708,33.238595145089285,24.48041762758028,-38.97808795690389,-23.52290659702485,410245325,6149082624890,0.1844997418309724,88281512217,-353593534171,-1797629888,6457554831,3824.139892578125,1270.0999755859375,104.5199966430664,22.899999618530277,27216.445,21279.4,4.18,3.5,547219800000000.06,3.661,3.661,-0.3899999999999997,0.0
2255.97998046875,2205.97998046875,0.0168118205317442,0.01667206605345,0.0106880064348154,35.628592354910715,27.012827885099,-39.12976922748703,-26.64427912311729,412841149,6487597995523,0.0063274919708102,260982147454,-189658412790,122390319528,39544825739,3852.969970703125,1279.0799560546875,104.25,22.01000022888184,27216.445,21279.4,4.11,3.5,547219800000000.06,3.597,3.632,-0.4200000000000004,-0.035000086
2264.64990234375,2268.199951171875,0.0038430845796773,0.0038357187956566,0.0107880381934663,34.92286900111607,32.92320078257896,-38.11106683432581,-28.937636665358998,430977022,7521178466245,0.0439294218706867,502342984329,-382313259859,21569199466,41987663170,3808.10009765625,1271.0799560546875,105.04000091552734,22.459999084472656,27216.445,21279.4,4.18,3.5,547219800000000.06,3.571,3.644,-0.4699999999999997,-0.072999954
2289.969970703125,2253.39990234375,0.0111805662911386,0.0111185257636928,0.0111904200531468,35.866455078125,38.568497380425896,-34.85878951375889,-30.121867235038977,398606581,6764112169245,-0.0751094358807834,315749154598,-25423582718,76575393836,88457631466,3895.080078125,1274.1800537109375,103.87999725341795,21.1299991607666,27216.445,21279.4,3.96,3.5,547219800000000.06,3.573,3.681,-0.4100000000000001,-0.10800004
2350.18994140625,2315.8701171875,0.026297275280267,0.0259574467700384,0.0126559037137032,38.962890625,49.72405242119332,-27.109585522595356,-29.51941089255025,342095527,7028980630776,-0.1417715027640248,657331070270,390789112816,86464426490,47349479088,3892.090087890625,1252.8800048828125,103.0,21.96999931335449,27216.445,21279.4,3.93,3.5,547219800000000.06,3.477,3.577,-0.4000000000000003,-0.099999905
2351.31005859375,2348.0400390625,0.0004766070893953,0.0004764935483114,0.0125811917453571,38.73430524553572,52.642227819390605,-20.639976631112404,-27.743524040262688,359914195,6702908456279,0.0520868195976149,-1955421808,226598815499,36569233912,1707120467,3919.25,1239.280029296875,103.23999786376952,20.57999992370605,27216.445,21279.4,3.94,3.5,547219800000000.06,3.462,3.556,-0.33,-0.0940001
2359.530029296875,2364.050048828125,0.003495911002074,0.0034898145096052,0.0126122243905733,38.59715053013393,54.43343267522281,-14.680257168520257,-25.1308706659142,369010952,6297145034283,0.0252747936212962,34916836086,209295574218,13944886180,887169619,3969.610107421875,1240.1600341796875,103.19000244140624,21.09000015258789,27216.445,21279.4,3.9,3.5,547219800000000.06,3.417,3.472,-0.3599999999999999,-0.05499983
2365.10009765625,2376.719970703125,0.0023606685612027,0.0023578865605689,0.012338224168601,38.003574916294646,51.29700724393149,-9.399328977781352,-21.984562328287637,580433350,7837776879492,0.5729434230992689,485839519925,-417451553356,30052717345,-59584049512,3983.169921875,1241.5999755859375,102.25,18.82999992370605,27216.445,21279.4,3.79,3.5,547219800000000.06,3.412,3.466,-0.3599999999999999,-0.05400014
2386.090087890625,2377.340087890625,0.008874884515533,0.0088357341938343,0.0119570842494488,37.08070591517857,62.04179021083517,-3.480319590525596,-18.283713780735223,862230157,6976741116461,0.4854938245709004,571527979144,159462821208,22933461293,30440336186,3999.090087890625,1239.1300048828125,102.1999969482422,18.350000381469727,27216.445,21279.4,3.88,3.5,547219800000000.06,3.3,3.369,-0.3899999999999997,-0.069000006
2399.860107421875,2390.06005859375,0.0057709554224849,0.0057543672483853,0.0120109704385863,37.53855678013393,63.301617761139184,2.295205784780592,-14.167929867632065,517762227,6532806968677,-0.3995080979288921,300049168157,186225911578,15197634577,-551930336,3999.090087890625,1236.5899658203125,102.1999969482422,18.350000381469727,27216.445,21279.4,3.88,3.5,547219800000000.06,3.383,3.454,-0.3899999999999997,-0.0710001
2379.389892578125,2400.919921875,-0.0085297533720583,-0.0085663399163796,0.0121626664549337,38.28855678013393,57.378987207688525,5.161082250435811,-10.302127444018488,536811108,6314017773643,0.0367907892979608,179169806275,-164858893953,-7530401840,-53369898373,3990.969970703125,1240.7099609375,102.38999938964844,19.36000061035156,27216.445,21279.4,3.86,3.5,547219800000000.06,3.444,3.484,-0.33,-0.03999996
2368.320068359375,2380.360107421875,-0.0046523792730562,-0.0046632352734137,0.012059051703923,36.16496930803572,66.00605525868265,6.464548406926951,-6.948792273829401,537392995,5498577136647,0.0010839697452758,73091904331,-66670959296,-52747443860,-36943462243,3928.860107421875,1237.0,102.36000061035156,20.34000015258789,27216.445,21279.4,3.72,3.5,547219800000000.06,3.337,3.39,-0.3500000000000001,-0.05300021
2380.340087890625,2354.56005859375,0.0050753357588093,0.0050624996556463,0.0120796497486162,34.85853794642857,79.68325987773846,8.370974464711708,-3.88483892612118,370098909,5448179058653,-0.3113067858281256,572094289426,-174860196255,-10879928754,-80966651984,3898.85009765625,1237.8800048828125,102.05999755859376,20.520000457763672,27216.445,21279.4,3.76,3.5,547219800000000.06,3.222,3.248,-0.3699999999999996,-0.026000023
2395.260009765625,2380.0,0.0062679790803428,0.0062484170000521,0.0118799947456036,33.85069056919643,84.37867163427133,10.959410591583492,-0.9159890225802458,302506895,5025541430084,-0.1826322973570289,231019489511,-14319139613,5360437888,-18699191936,3972.610107421875,1232.1800537109375,102.01000213623048,19.850000381469727,27216.445,21279.4,3.83,3.5,547219800000000.06,3.279,3.33,-0.3500000000000001,-0.05099988
2428.570068359375,2426.580078125,0.0139066566710681,0.0138108463666883,0.011305118693011,32.93211146763393,88.4456115182553,15.51970669741968,2.3711501214197392,550087246,6665406114846,0.8184287865570801,768164444052,38041461158,1430289427,3921901023,4016.219970703125,1232.6600341796875,101.63999938964844,19.07999992370605,27216.445,21279.4,3.84,3.5,547219800000000.06,3.229,3.285,-0.3799999999999999,-0.055999994
2468.64990234375,2436.179931640625,0.016503470295774,0.0163687680457825,0.011722347052243,31.57568359375,88.5620891885766,22.11297722128802,6.319515541393396,486831888,8206398683439,-0.1149915008209443,812270694693,103429680765,102361649427,9855666079,4060.429931640625,1232.5899658203125,101.83999633789062,18.729999542236328,27216.445,21279.4,3.88,3.5,547219800000000.06,3.231,3.273,-0.3899999999999997,-0.042000055
2484.02001953125,2474.52001953125,0.006226122696826,0.0062068204721559,0.0117145363363195,31.893537248883927,88.83341573631967,28.25275148461742,10.7061627300382,509288123,9092446576759,0.0461272886052197,973962363247,275038763047,-5958689914,-3608051218,4070.56005859375,1231.8499755859375,101.93000030517578,18.51000022888184,27216.445,21279.4,3.9,3.5,547219800000000.06,3.283,3.304,-0.3799999999999999,-0.020999908
2450.469970703125,2484.639892578125,-0.0135063520278939,-0.013598392493967,0.0107998538531956,31.692801339285715,77.60766185183256,30.06479008658198,14.577888201346958,475410252,9220413382464,-0.0665200492020898,15451352757,-273468134363,-87838601431,46355820147,4017.77001953125,1228.949951171875,102.27999877929688,19.940000534057617,27216.445,21279.4,3.96,3.5,547219800000000.06,3.238,3.271,-0.4100000000000001,-0.032999992
2425.080078125,2449.919921875,-0.0103612339190753,-0.0104152851859494,0.0099329924973278,29.765642438616077,64.63554976230054,29.116455223352204,17.48560160574801,617195639,10394784014909,0.2982379669002173,-475136216346,275797054765,-101995480209,2148887413,4076.60009765625,1231.5,102.0999984741211,19.399999618530277,27216.445,21279.4,3.9,3.5,547219800000000.06,3.297,3.325,-0.3799999999999999,-0.028000116
2449.800048828125,2446.030029296875,0.010193465744124,0.0101418627514699,0.0097927765652762,29.92349679129464,67.6221162002993,30.01360984274288,19.991203253146985,666296326,8596020942471,0.0795544943894199,195926250867,-52303870976,-3520884562,-78398404138,4119.2099609375,1232.1500244140625,101.22000122070312,17.8700008392334,27216.445,21242.9,3.75,3.6,547219800000000.06,3.239,3.263,-0.3599999999999999,-0.02399993
2468.8798828125,2481.93994140625,0.0077883229668078,0.0077581505399693,0.0096294539703935,31.14493233816964,68.8333029184036,31.89651135990516,22.37226487449862,693116445,9121677725259,0.0402525392283192,555702432620,-158531851006,-18378820063,-75852117933,4179.759765625,1221.949951171875,101.75,18.729999542236328,27216.445,21242.9,3.75,3.6,547219800000000.06,3.207,3.183,-0.3500000000000001,0.02399993
2480.39990234375,2466.5400390625,0.0046660915386966,0.0046552390795238,0.0092528713830906,31.530657087053573,69.4592411906253,33.927202011343525,24.6832523018676,496860518,8027060871807,-0.2831500080769257,586758677762,-63039555079,-55521002201,-44471545507,4136.47998046875,1224.9000244140625,102.91999816894533,18.32999992370605,27216.445,21242.9,3.96,3.6,547219800000000.06,3.148,3.11,-0.4300000000000001,0.038000107
2438.18994140625,2461.820068359375,-0.0170174014672453,-0.0171638613998445,0.0104722275776883,32.27708217075893,58.20522501974397,31.76438780863782,26.099479403221647,566819415,7671311282395,0.1408018839605203,-313375546418,-513915684792,1292527326,59431451490,4111.080078125,1246.75,103.62000274658205,19.43000030517578,27216.445,21242.9,4.1,3.6,547219800000000.06,3.283,3.283,-0.4699999999999997,0.0
2451.7099609375,2440.139892578125,0.0055451051214869,0.0055297876247471,0.0103373201415369,32.251377650669646,58.17228771107295,30.78640800777293,27.036865124131907,451159027,7594010675216,-0.2040515637595088,-57899119596,-261338907204,-24874093917,-3976087428,4164.0,1261.22998046875,103.43000030517578,18.65999984741211,27216.445,21242.9,4.11,3.6,547219800000000.06,3.297,3.315,-0.4400000000000004,-0.018000126
2483.639892578125,2469.419921875,0.0130235354708985,0.0129394584328817,0.0091891085368282,32.70066615513393,65.85843400341079,32.21645931452076,28.07278396220968,415677405,8001678048694,-0.0786454883457313,592588968439,-54384591585,30061993647,-26298095420,4117.85986328125,1255.3499755859375,103.41000366210938,19.6299991607666,27216.445,21242.9,4.08,3.6,547219800000000.06,3.32,3.339,-0.4500000000000002,-0.019000053
2481.52001953125,2470.659912109375,-0.0008535347870719,-0.0008538992552939,0.0092113083520003,32.298514229910715,67.7019027177428,32.800624063195755,29.018351982406895,610694361,8986377129166,0.4691545743266945,150077469726,-318124460505,12472107301,-10216610685,4081.5,1260.469970703125,103.22000122070312,20.709999084472656,27216.445,21242.9,4.15,3.6,547219800000000.06,3.362,3.401,-0.4800000000000004,-0.039000034
2469.72998046875,2470.64990234375,-0.0047511359850834,-0.0047624585091274,0.009357495344146,32.369942801339285,63.98861169501899,31.94399077511298,29.603479740948117,662365593,8402618515942,0.0846106257070875,48792690878,-505073560104,-18575051438,22680815311,4090.4599609375,1264.550048828125,103.62999725341795,20.530000686645508,27216.445,21242.9,4.19,3.6,547219800000000.06,3.365,3.398,-0.4500000000000002,-0.032999992
2452.699951171875,2461.9599609375,-0.0068955025170981,-0.006919386351932,0.0095808304536373,32.760654994419646,58.929794117602405,29.550284400082543,29.592840672775,486398581,7371040643718,-0.2656644817599999,67142363935,-234600036058,-91062627469,3545391321,4137.2900390625,1266.8699951171875,103.3499984741211,20.34000015258789,27216.445,21242.9,4.22,3.6,547219800000000.06,3.43,3.452,-0.4999999999999995,-0.021999836
2465.639892578125,2471.330078125,0.0052757947012913,0.0052619264523974,0.0094758157883039,32.05995396205357,56.15267789269628,28.37036408282165,29.34834535478433,349432106,6738873534337,-0.2815930809633673,60914632775,270695541397,11472385094,42074902145,4136.1298828125,1272.93994140625,103.2300033569336,18.90999984741211,27216.445,21242.9,4.32,3.6,547219800000000.06,3.398,3.429,-0.5500000000000003,-0.030999899
2427.89990234375,2473.090087890625,-0.0153063674658967,-0.0154247191511329,0.0101511460688251,32.562098911830354,43.18355938820616,24.112018583845384,28.301080000596546,387066656,8758717823542,0.1077020381178139,-268652657440,-556773984422,-61306382157,-55446570937,4147.60009765625,1272.25,103.91999816894533,18.229999542236328,27216.445,21242.9,4.35,3.6,547219800000000.06,3.471,3.502,-0.5399999999999996,-0.031000137
2475.47998046875,2444.06005859375,0.0195972157167885,0.0194076627557853,0.0107348972457102,33.649257114955354,48.71042995990462,24.29648895691116,27.50016179185947,388027117,9170362763358,0.0024813839815744,69569379732,747741101358,32367503156,23358194703,4090.409912109375,1283.719970703125,103.86000061035156,20.170000076293945,27216.445,21242.9,4.35,3.6,547219800000000.06,3.476,3.504,-0.4899999999999997,-0.027999878
2451.2099609375,2447.659912109375,-0.0098041671606062,-0.0098525444666249,0.010964169781826,32.592128208705354,50.11496258311177,22.228064027824075,26.445742239052397,514047410,8364504360476,0.3247718715493795,119555409770,-384129751672,-15842135074,389997102,4079.090087890625,1288.9599609375,103.86000061035156,20.020000457763672,27216.445,21242.9,4.33,3.6,547219800000000.06,3.626,3.639,-0.5100000000000002,-0.013000011
2455.1201171875,2453.25,0.0015951943376177,0.0015939233665814,0.0109359130990952,32.505702427455354,55.00067464646087,20.66611321127084,25.289816433496085,390012511,7535474328847,-0.2412907770510894,-315404093934,189609007451,-23687266851,14405395860,4079.090087890625,1293.9200439453125,103.86000061035156,20.020000457763672,27216.445,21242.9,4.33,3.6,547219800000000.06,3.641,3.677,-0.5100000000000002,-0.036000013
2458.9599609375,2457.510009765625,0.0015640146170927,0.0015627928200046,0.0108799315120144,31.924281529017858,51.63874351495394,19.513163631791485,24.134485873155167,494660925,7333623297130,0.2683206590775238,29870543937,-210716054091,32072256514,36826751727,3997.340087890625,1296.1099853515625,104.18000030517578,22.8700008392334,27216.445,21242.9,4.44,3.6,547219800000000.06,3.6,3.623,-0.4900000000000002,-0.023000002
2417.679931640625,2430.8701171875,-0.0167875971763024,-0.0169301060583541,0.0111883605428105,32.381434849330354,41.51419338809935,15.0944895315165,22.32648660482744,427481883,8386250227119,-0.1358082650251786,-195119476219,-507031613376,-38575609410,-43148744788,3991.050048828125,1305.8299560546875,104.58999633789062,22.290000915527344,27216.445,21242.9,4.43,3.6,547219800000000.06,3.639,3.645,-0.4999999999999995,-0.006000042
2439.090087890625,2430.010009765625,0.0088556619798185,0.0088166805736683,0.0107163434061187,32.886439732142854,43.37070234784604,13.16848109646935,20.49488550315582,400991556,7451976722535,-0.0619683033444483,10865840744,254470163591,22017980740,-6741568660,4012.320068359375,1302.8299560546875,104.5999984741211,21.13999938964844,27216.445,21242.9,4.4,3.6,547219800000000.06,3.595,3.599,-0.5200000000000005,-0.0039999485
2423.610107421875,2442.489990234375,-0.0063466210393801,-0.0063668464594867,0.010664552414093,32.11073521205357,47.44069837705332,10.274561731372614,18.45082074879918,369900381,6991100390024,-0.0775357349420096,-300375029409,-86813841190,-2252160028,-5704023599,3970.0400390625,1298.0799560546875,105.20999908447266,21.670000076293945,27216.445,21242.9,4.52,3.6,547219800000000.06,3.525,3.555,-0.5699999999999994,-0.029999971
2402.639892578125,2405.419921875,-0.008652470452872,-0.0086901204094183,0.0104186129404005,33.259312220982146,41.60593574619891,6.21731931555496,16.004120462150336,357218105,6598229950675,-0.0342856527092898,-324862519029,-450193487982,24596019120,13165167304,3982.239990234375,1313.699951171875,104.66999816894533,20.950000762939453,27216.445,21242.9,4.49,3.6,547219800000000.06,3.619,3.683,-0.5700000000000003,-0.06400013
2412.85009765625,2417.580078125,0.0042495777705451,0.0042405738145922,0.0102342465833375,32.787161690848215,36.918422351494286,3.7822047872796247,13.559737327176196,529789810,9274200246571,0.4830989879418346,-286814070363,261336807089,69060349115,43698239338,3970.14990234375,1318.3499755859375,104.87000274658205,20.700000762939453,27216.445,21242.9,4.51,3.6,547219800000000.06,3.753,3.797,-0.5899999999999999,-0.04399991
2427.85009765625,2414.610107421875,0.0062167144219071,0.0061974703681475,0.0100599135912334,33.373604910714285,40.53275843357616,3.027830672109303,11.453355996162816,428342155,9660273967406,-0.1914866105106853,533327276233,-263656863491,59053530345,5099325887,3981.35009765625,1305.72998046875,105.02999877929688,19.59000015258789,27216.445,20946.8,4.63,3.5,547219800000000.06,3.84,3.878,-0.5499999999999998,-0.038000107
2432.070068359375,2438.72998046875,0.0017381512586789,0.0017366424219179,0.0098900001151041,32.81931849888393,43.17459980336405,2.738927467913072,9.710470290512868,371881849,7845380172919,-0.1318112292730096,-90856850044,12402292894,24449713686,-22650316184,4045.639892578125,1311.06005859375,104.5199966430664,18.489999771118164,27216.445,20946.8,4.6,3.5,547219800000000.06,3.776,3.791,-0.6299999999999994,-0.0149998665
2462.6201171875,2452.4599609375,0.0125613358042491,0.0124830967358474,0.0102630698897536,33.070033482142854,51.71391573201955,4.918406887177753,8.752057609845846,418813757,9781226495947,0.1262011257774509,327077832562,352158082087,29365414870,39342421635,4048.419921875,1294.780029296875,104.3499984741211,18.61000061035156,27216.445,20946.8,4.61,3.5,547219800000000.06,3.731,3.774,-0.6300000000000003,-0.042999983
2463.35009765625,2457.0400390625,0.0002964243098866,0.0002963803848809,0.009470421928701,32.530029296875,49.58696393167708,6.62815807200468,8.327277702277613,450481378,10732465515437,0.0756126571076316,340645921439,-284303124880,69140064063,66726943673,3986.3701171875,1299.0,105.62000274658205,19.59000015258789,27216.445,20946.8,4.66,3.5,547219800000000.06,3.661,3.726,-0.69,-0.06500006
2431.909912109375,2435.580078125,-0.0127631819678366,-0.0128453311130147,0.0098421626456352,31.6407470703125,50.74015225731793,5.384123166667905,7.738646795155672,438358914,9967055495184,-0.0269100224604622,57685403343,-945390300197,-7269292098,35157310419,3992.010009765625,1317.9000244140625,105.66000366210938,19.11000061035156,27216.445,20946.8,4.71,3.5,547219800000000.06,3.72,3.855,-0.73,-0.13499999
2419.090087890625,2440.7900390625,-0.005271504571331,-0.0052854479749513,0.009374141200369,30.202165876116077,38.05959732875927,3.3254303753310523,6.856003511190749,476374647,10357638632974,0.0867228469317724,-973156439120,427483970101,66549291352,53566407460,3918.320068359375,1316.449951171875,105.30999755859376,22.61000061035156,27216.445,20946.8,4.56,3.5,547219800000000.06,3.739,3.858,-0.6299999999999994,-0.11899996
2394.590087890625,2389.820068359375,-0.0101277749525083,-0.0101794097917781,0.0095795873854071,30.64217703683036,38.02256508145059,-0.2798181691673562,5.428839175119128,413411029,7875520120082,-0.1321724789438678,-326470175540,-340476716286,41076391193,102505023904,3861.590087890625,1325.550048828125,104.58000183105467,24.799999237060547,27216.445,20946.8,4.31,3.5,547219800000000.06,3.584,3.703,-0.6099999999999994,-0.11899996
2410.60009765625,2400.449951171875,0.0066859083091452,0.006663656750377,0.0097320456447886,31.395751953125,41.04082366605286,-1.8241025099732724,3.978250838100648,380739619,7702302033185,-0.0790288785449891,18632896391,123109245176,55897538754,92242816304,3855.760009765625,1319.5400390625,103.5999984741211,26.520000457763672,27216.445,20946.8,3.88,3.5,547219800000000.06,3.405,3.435,-0.33,-0.029999971
2348.969970703125,2390.360107421875,-0.025566300695435,-0.0258987979523679,0.0111412166320943,34.4200439453125,32.04249352082226,-7.929587804472703,1.5966831095859773,485075534,7794604350782,0.2740348253592175,-639754868982,55506808455,-11180382567,58012670657,3919.2900390625,1296.3800048828125,103.5999984741211,23.729999542236328,27216.445,20946.8,4.05,3.5,547219800000000.06,3.337,3.381,-0.4099999999999997,-0.04400015
2379.719970703125,2380.090087890625,0.0130908442353545,0.0130058996616248,0.0115401774366765,34.676478794642854,43.581788400953705,-10.169730553103363,-0.756599622951891,443751262,7591756283752,-0.0851914168072637,-74597011259,246305779712,26516499218,23114709977,3891.929931640625,1304.5799560546875,104.6500015258789,26.13999938964844,27216.445,20946.8,3.83,3.5,547219800000000.06,3.418,3.473,-0.3200000000000003,-0.055000067
2377.909912109375,2357.97998046875,-0.0007606183147739,-0.0007609077316507,0.011084019471378,35.01503208705357,38.92147587511826,-11.9533259214395,-2.9959448826494133,320194084,7865786658708,-0.2784379191241601,-88667303615,-134669248037,26445001521,71323110401,3960.280029296875,1311.739990234375,104.41999816894533,22.989999771118164,27216.445,20946.8,3.99,3.5,547219800000000.06,3.394,3.4,-0.4300000000000001,-0.006000042
2395.68994140625,2403.699951171875,0.0074771669045707,0.0074493514598744,0.0102110897447761,34.725045340401785,44.98597435485978,-11.796159546209765,-4.755987815361484,364175642,8617060403941,0.1373590587638715,80096196090,38882770186,23926207492,-20192849188,3916.639892578125,1301.6199951171875,103.70999908447266,25.51000022888184,27216.445,20946.8,3.68,3.5,547219800000000.06,3.406,3.415,-0.29,-0.009000063
2379.199951171875,2391.8701171875,-0.0068831904953007,-0.0069069889199296,0.0101070879423698,33.82789829799107,45.7217082865444,-12.854035145039688,-6.375597281297125,346033948,6072911062048,-0.049815780924744,-206160430368,98966686623,19652641623,2406250066,3951.570068359375,1307.6500244140625,103.27999877929688,24.149999618530277,27216.445,20946.8,3.77,3.5,547219800000000.06,3.304,3.264,-0.2999999999999998,0.03999996
2388.35009765625,2396.5400390625,0.0038458921789521,0.0038385156424863,0.0101554906540699,33.205758231026785,45.51085336372859,-12.806444112377903,-7.66176664751328,355194640,7269040131335,0.026473390986482,-55738649490,86287001422,27179255583,-2093270570,4002.8701171875,1304.93994140625,103.26000213623048,21.3799991607666,27216.445,20946.8,3.98,3.5,547219800000000.06,3.304,3.294,-0.3900000000000001,0.00999999
2416.9599609375,2411.25,0.0119789235712659,0.0119077441377922,0.0105682518414167,33.23289271763393,48.099387795450056,-10.340947011789922,-8.197602720368609,501412159,7890323068701,0.4116546325135988,203985913267,99644062643,15849178122,-10437089136,3936.969970703125,1303.43994140625,102.3499984741211,22.26000022888184,27216.445,20946.8,3.76,3.5,547219800000000.06,3.287,3.284,-0.2799999999999998,0.003000021
2424.47998046875,2398.27001953125,0.0031113546160412,0.0031065243687492,0.0098929498098587,33.772181919642854,48.69041711703895,-7.691556591322751,-8.096393494559438,567703733,10367436910717,0.1322097456356259,214461898343,174543486242,4974834272,26266196533,3948.719970703125,1298.25,102.52999877929688,22.61000061035156,27216.445,20946.8,3.57,3.5,547219800000000.06,3.266,3.206,-0.1899999999999999,0.059999943
2414.9599609375,2421.27001953125,-0.0039266232791946,-0.0039343527047125,0.0097136254277846,33.244332449776785,41.13333248549746,-6.287602046825214,-7.7346352050125935,470659232,9248183928115,-0.170942157605999,124284974879,-306353026592,37912359593,-978431835,3970.989990234375,1286.2900390625,103.12000274658205,21.739999771118164,27216.445,20946.8,3.58,3.5,547219800000000.06,3.21,3.16,-0.2000000000000001,0.049999952
2409.219970703125,2423.93994140625,-0.0023768469569767,-0.0023796761416201,0.0096273494511231,33.807896205357146,40.11395061188928,-5.5738750343984975,-7.302483170889775,472847242,8534649614320,0.0046488198918406,-94607071810,170697781319,-40947330830,-10528162565,3977.530029296875,1294.8299560546875,102.86000061035156,20.600000381469727,27216.445,20946.8,3.79,3.5,547219800000000.06,3.258,3.22,-0.2600000000000002,0.03799987
2434.93994140625,2418.68994140625,0.0106756423306664,0.0106190600066169,0.0097092854921699,33.014317103794646,50.56519842285458,-2.8994317060728463,-6.42187287792639,524016141,8812617627205,0.1082144389455908,-41416558808,308730947217,7868591050,-18677792124,3971.27001953125,1297.800048828125,102.43000030517578,19.96999931335449,27216.445,20946.8,3.84,3.5,547219800000000.06,3.281,3.258,-0.29,0.023000002
2443.919921875,2432.6298828125,0.0036879679519175,0.0036811840721484,0.0096992519622205,32.113595145089285,54.698878678254125,-0.0546764489818087,-5.148433592137474,497218499,8829888945168,-0.051138962912213,28626612543,203110824722,17520536222,40872484357,4027.81005859375,1296.97998046875,102.63999938964844,19.1200008392334,27216.445,20946.8,3.87,3.5,547219800000000.06,3.28,3.249,-0.3000000000000002,0.030999899
2453.159912109375,2452.969970703125,0.0037808072808236,0.0037736779929683,0.0096411227255439,31.211443219866077,61.763361773070514,2.911836736370333,-3.536379526435913,629052032,10846639791891,0.2651420517642486,263169289168,-62106224326,-18746992055,4930788841,4050.830078125,1307.1300048828125,102.13999938964844,19.020000457763672,27216.445,20946.8,3.87,3.5,547219800000000.06,3.305,3.24,-0.3200000000000003,0.06500006
2476.860107421875,2459.93994140625,0.0096610886210517,0.0096147187209753,0.009852136219039,30.113595145089285,62.909116161640185,7.093458524906964,-1.4104119161673376,722612208,12903370005323,0.1487320145879442,687669960707,205551189201,15176586139,8115380607,4109.31005859375,1296.5,102.51000213623048,18.700000762939453,27216.445,20946.8,3.81,3.5,547219800000000.06,3.34,3.27,-0.33,0.06999993
2472.340087890625,2485.81005859375,-0.0018248989992232,-0.0018265661559724,0.0094802038840494,26.9571533203125,80.91513760345342,9.928249439074534,0.8573203548810369,811723687,11300345587698,0.1233185351886554,-164098297315,-331850346868,26773822103,-14772924822,4124.509765625,1305.47998046875,102.08999633789062,18.549999237060547,27530.055,20761.4,3.73,3.4,551922100000000.0,3.389,3.342,-0.2999999999999998,0.04699993
2480.510009765625,2475.8701171875,0.0033045299532277,0.0032990819927882,0.0095056036192357,24.88427734375,78.47977615523436,12.68782868733615,3.22342202137206,832555311,13496867045151,0.0256634422940031,-312696736465,255809541778,43036543221,-69463515953,4100.60009765625,1308.050048828125,101.58999633789062,19.0,27530.055,20761.4,3.6,3.4,551922100000000.0,3.316,3.279,-0.25,0.03699994
2495.2099609375,2482.610107421875,0.005926180952305,0.0059086902101487,0.0090498008230012,23.617152622767858,80.89443597806027,15.877947238148408,5.754327064727329,632719928,9811876730903,-0.2400265548242955,-17512189534,329468507910,25358774991,-31179436869,4090.3798828125,1312.4100341796875,101.8499984741211,19.07999992370605,27530.055,20761.4,3.55,3.4,551922100000000.0,3.326,3.264,-0.25,0.062000036
2459.22998046875,2488.0,-0.0144196204055034,-0.0145245934683022,0.0096206456659378,24.279279436383927,65.27110823205794,15.32618472930426,7.668698597642715,751378076,11332652707404,0.1875366062438925,-491513637019,-484667797797,-49498833193,28357773647,4105.02001953125,1316.2099609375,101.81999969482422,18.399999618530277,27530.055,20761.4,3.59,3.4,551922100000000.0,3.278,3.211,-0.29,0.06700015
2490.409912109375,2478.639892578125,0.0126787376082173,0.0125990353898776,0.0095978780796918,24.74642508370536,74.96519792787915,17.20652278368607,9.576263434851386,586992797,11250171223896,-0.2187783810183996,695129396419,122462656364,70992895665,14708973054,4105.02001953125,1317.93994140625,101.81999969482422,18.399999618530277,27530.055,20761.4,3.72,3.4,551922100000000.0,3.289,3.24,-0.33,0.049000025
2512.080078125,2491.679931640625,0.0087014454569329,0.0086638060675465,0.0096596707912969,25.424996512276785,76.29755164054198,20.212310596386946,11.703472867158498,717648069,13539855326610,0.222584114605413,740467175649,-57200271267,61961579885,-14367167712,4109.10986328125,1315.449951171875,102.58000183105467,18.96999931335449,27530.055,20761.4,3.75,3.4,551922100000000.0,3.236,3.192,-0.3399999999999998,0.04400015
2547.860107421875,2523.330078125,0.0142431881883244,0.0141427069747177,0.0074581820193153,26.12285505022321,76.99860919902554,25.191180187326157,14.40101433119203,768175552,14050594716001,0.0704070493360444,187145478632,218523293294,-18174705181,61531935197,4108.93994140625,1320.8800048828125,102.1999969482422,19.100000381469727,27530.055,20761.4,3.76,3.4,551922100000000.0,3.255,3.231,-0.3299999999999996,0.024000168
2550.639892578125,2546.360107421875,0.001091027387317,0.0010904326494813,0.0071768892145255,26.020717075892858,76.53987470429989,29.02667420765056,17.326146306483736,900749506,14426258754523,0.1725828863660581,235247529238,-197049745959,21658167742,-20848581433,4091.949951171875,1322.0899658203125,101.5,19.09000015258789,27530.055,20761.4,3.68,3.4,551922100000000.0,3.262,3.233,-0.27,0.029000044
2561.659912109375,2534.7099609375,0.0043204921099666,0.0043111855801605,0.0071088799149157,26.42070661272321,80.66727843042787,32.579992457318895,20.37691553665077,841719152,11996436001118,-0.0655347059385453,-346259926990,441455434059,71607273848,-8705388542,4146.22021484375,1322.8299560546875,101.01000213623048,17.799999237060547,27530.055,20761.4,3.7,3.4,551922100000000.0,3.273,3.199,-0.25,0.07400012
2571.489990234375,2580.10009765625,0.0038373860942788,0.0038300421100667,0.0070548546726429,25.937848772321427,83.35183263517705,35.776815067944426,23.456895442909502,892445555,13088200741018,0.0602652355948769,187097208167,234184125931,-61598452192,73643229275,4137.64013671875,1301.4300537109375,101.5500030517578,17.06999969482422,27530.055,20761.4,3.83,3.4,551922100000000.0,3.286,3.215,-0.31,0.0710001
2575.909912109375,2570.300048828125,0.0017188174528328,0.001717341976589,0.0066336454772742,25.239292689732142,81.75428871224796,38.2263215356088,26.41078066144936,775752420,12793677906915,-0.1307565871623395,-16806833778,-272613433176,24085781854,-6906690647,4151.31982421875,1303.3800048828125,102.0999984741211,16.950000762939453,27530.055,20761.4,3.92,3.4,551922100000000.0,3.349,3.287,-0.3199999999999998,0.062000036
2571.090087890625,2582.22998046875,-0.0018711152110141,-0.0018728679337859,0.0067613944343795,25.932163783482142,79.19293750259206,39.32533553657868,28.993691636475223,896932434,14106396003998,0.1562096499808534,388773533830,-547473322937,-57339046389,-34261345421,4154.8701171875,1316.0699462890625,101.75,16.829999923706055,27530.055,20761.4,3.92,3.4,551922100000000.0,3.352,3.294,-0.3399999999999998,0.058000088
2575.080078125,2570.06005859375,0.0015518671450553,0.0015506642435721,0.0064897457506673,25.24502999441964,78.67902532030851,40.05652423937863,31.206258157055903,956994366,12750865238015,0.0669637195882695,-6936407712,49880594175,-10175602887,46122628274,4154.52001953125,1315.9000244140625,101.97000122070312,16.459999084472656,27530.055,20761.4,3.97,3.4,551922100000000.0,3.37,3.337,-0.3700000000000001,0.032999992
2563.110107421875,2566.06005859375,-0.0046483877549318,-0.004659225106475,0.0067218158922226,24.88359723772321,71.47342930568759,39.218038816657554,32.80861428897624,951423099,12415524184621,-0.005821629884078,154240345500,56385023665,-44165597440,-44472340833,4129.7900390625,1326.760009765625,101.83999633789062,17.170000076293945,27530.055,20761.4,3.87,3.4,551922100000000.0,3.409,3.334,-0.33,0.07499981
2544.39990234375,2556.699951171875,-0.0072998054293285,-0.0073265793849977,0.0069394368717486,25.781459263392858,66.75655514061773,36.62162460382979,33.57121635194695,970397971,12614672834698,0.0199436738712184,277815540314,232381766114,-164737652740,-40182438766,4133.52001953125,1323.5999755859375,101.81999969482422,16.770000457763672,27530.055,20761.4,3.89,3.4,551922100000000.0,3.343,3.267,-0.3200000000000003,0.075999975
2523.5,2538.360107421875,-0.008214079211565,-0.0082480006434753,0.0072773782818477,26.37431989397321,59.43798821477537,32.50282781588703,33.35753864473497,927191299,11589467033126,-0.0445246932611321,-33457709260,248757171431,-76726733066,-38771401129,4137.0400390625,1329.3800048828125,101.3499984741211,16.889999389648438,27530.055,20761.4,3.84,3.4,551922100000000.0,3.306,3.23,-0.3199999999999998,0.075999975
2489.02001953125,2531.35009765625,-0.0136635547726372,-0.01375776024248,0.0078338535198321,29.237165178571427,48.7496572579452,26.154907926790656,31.91701250114611,886421798,13681150419767,-0.0439709702236971,8604656152,48669797443,-83562128478,24363084183,4071.6298828125,1332.800048828125,101.86000061035156,18.76000022888184,27530.055,20761.4,3.62,3.4,551922100000000.0,3.323,3.265,-0.2200000000000002,0.05799985
2484.830078125,2489.489990234375,-0.0016833699099934,-0.0016847883692048,0.0078326277413907,27.842180524553573,55.9330971969174,20.54916444934406,29.643442890785703,1089215527,12397513675358,0.2287779130178835,-92523705480,-61995042805,-47539128616,15337684269,4055.989990234375,1341.0,101.47000122070312,18.84000015258789,27530.055,20761.4,3.65,3.4,551922100000000.0,3.309,3.259,-0.2199999999999997,0.049999952
2495.81005859375,2484.31005859375,0.0044188053603388,0.0044090711052503,0.007846472050995,27.79574148995536,51.38083055843762,16.798917551993327,27.074537823027228,733499935,11142114587400,-0.3265796191684292,280050131380,-571762522657,24805635641,32395984842,4135.35009765625,1337.8299560546875,101.5,17.030000686645508,27530.055,20761.4,3.82,3.4,551922100000000.0,3.342,3.288,-0.29,0.0539999
2501.530029296875,2511.7900390625,0.0022918293334981,0.0022892070983638,0.0075829323172721,27.633579799107142,47.06273390801238,14.125543229224604,24.484738904266703,777535095,14024831081451,0.0600343066151738,297814133693,-347261655590,9575342784,-20026036599,4169.47998046875,1339.3900146484375,101.66999816894533,15.779999732971191,27530.055,20761.4,3.75,3.4,551922100000000.0,3.36,3.293,-0.31,0.06699991
2524.389892578125,2504.010009765625,0.0091383525336592,0.0090968504390462,0.0077972350326822,26.49072265625,42.95905243760601,13.693623172804564,22.32651575797428,701398536,9942386589950,-0.097920414769188,344755441541,191934854548,1195030937,20220427019,4119.580078125,1342.7900390625,101.95999908447266,17.780000686645508,27530.055,20829.6,3.67,3.6,551922100000000.0,3.372,3.335,-0.2299999999999999,0.03699994
2501.39990234375,2510.18994140625,-0.0091071471574051,-0.0091488707371246,0.0080985553142053,26.59212820870536,36.82574768864172,11.36521224753642,20.134255055886708,889609358,9865860702590,0.2683364910815839,-91428316585,-191638189873,-24640022215,-19957725851,4090.75,1342.300048828125,101.33999633789062,18.34000015258789,27530.055,20829.6,3.58,3.6,551922100000000.0,3.324,3.281,-0.2000000000000001,0.042999983
2500.93994140625,2494.820068359375,-0.000183881408594,-0.000183898316853,0.0079951302248929,25.55355398995536,32.781274014995745,9.374748544719296,17.982353753653225,810178245,10020006022499,-0.0892876320215148,39620053616,-261001434456,7450229244,-63699621016,4061.219970703125,1335.22998046875,101.4000015258789,20.09000015258789,27530.055,20829.6,3.47,3.6,551922100000000.0,3.278,3.21,-0.1,0.06800008
2513.2099609375,2518.530029296875,0.0049061632101212,0.004894167211617,0.0072699832996219,25.817138671875,33.698762221745724,8.68723867127619,16.12333073717782,655536077,9213044478015,-0.1908742538501512,253039407363,445863292288,35558512859,-112003330086,4138.1201171875,1316.9599609375,101.37000274658205,16.979999542236328,27530.055,20829.6,3.7,3.6,551922100000000.0,3.31,3.261,-0.1800000000000001,0.049000025
2510.06005859375,2512.340087890625,-0.0012533383174141,-0.0012541244027723,0.0067571436696369,26.048566545758927,31.44964834792991,7.798317202595172,14.458328030261292,751646926,9351366513394,0.1466141260139981,115245569286,14371563962,7424806742,28258174569,4119.169921875,1322.4100341796875,101.63999938964844,17.709999084472656,27530.055,20829.6,3.67,3.6,551922100000000.0,3.318,3.256,-0.1400000000000001,0.062000036
2496.510009765625,2505.9599609375,-0.0053982966589717,-0.0054129201139564,0.0065811320605609,25.81070382254464,29.975247654557947,5.932083470728685,12.753079118354773,635635038,8906696780352,-0.1543435940294126,115506924875,-111175213083,-4684242130,-61461501851,4137.64013671875,1326.050048828125,101.4800033569336,16.940000534057617,27530.055,20829.6,3.55,3.6,551922100000000.0,3.341,3.273,-0.1199999999999996,0.06800008
2491.0,2505.570068359375,-0.0022070849882721,-0.0022095241900228,0.0056393540492408,26.53140694754464,27.60727819376787,3.962787506101904,10.9950207959042,648134386,9002406636659,0.0196643470745865,1829048943,13706685978,26152016461,17623274813,4130.6201171875,1318.050048828125,102.05999755859376,16.93000030517578,27530.055,20829.6,3.56,3.6,551922100000000.0,3.292,3.22,-0.1699999999999999,0.07200003
2475.419921875,2487.35009765625,-0.0062545476214371,-0.0062741892468962,0.005726608427123,26.212123325892858,27.086424699114147,1.131876600698433,9.022391956863046,798229990,8589238141803,0.2315809919086748,-247467835960,-61425594326,-13548821653,-34266627,4124.080078125,1329.8800048828125,102.68000030517578,17.030000686645508,27530.055,20829.6,3.65,3.6,551922100000000.0,3.274,3.225,-0.1899999999999999,0.049000025
2479.35009765625,2469.800048828125,0.0015876804361634,0.0015864214040306,0.0056124376142909,25.681413922991077,31.579580493065837,-0.785454121562907,7.060822741177857,484564791,6920284584591,-0.3929509075448293,-49794741705,91931794877,4991779430,48066738562,4136.27978515625,1341.52001953125,102.43000030517578,17.1200008392334,27530.055,20829.6,3.67,3.6,551922100000000.0,3.332,3.279,-0.1699999999999999,0.052999973
2480.239990234375,2494.39990234375,0.0003589217105588,0.0003588573135702,0.0054868753775354,25.53642926897321,36.18419103371596,-2.207696685517476,5.20711885583879,628743773,8086955877418,0.2975432484528162,228307061872,-12011852011,-1689197625,902871183,4109.89990234375,1335.4000244140625,102.55999755859376,17.989999771118164,27530.055,20829.6,3.74,3.6,551922100000000.0,3.303,3.242,-0.2000000000000001,0.06099987
2494.659912109375,2479.64990234375,0.0058139220122959,0.0057970863901918,0.0056966062992936,22.98857770647321,52.06589841227824,-2.14652319789775,3.7363904450914815,564411579,7218305741975,-0.1023186181121829,164026155252,39718012319,36099119311,57824376465,4158.77001953125,1342.4300537109375,102.87999725341795,16.8700008392334,27530.055,20829.6,3.8,3.6,551922100000000.0,3.319,3.274,-0.2299999999999999,0.045000076
2515.39990234375,2511.090087890625,0.0083137545657829,0.0082793856666294,0.0061086682416069,23.242850167410715,59.98688769357401,-0.4196612934829318,2.9051800973766,572764581,7782864340886,0.0147994873081793,537880037713,-84102266428,17219251298,10270990698,4198.0498046875,1334.1500244140625,103.58000183105467,16.049999237060547,27530.055,20829.6,3.94,3.6,551922100000000.0,3.367,3.316,-0.29,0.05100012
2537.7900390625,2530.830078125,0.0089012234984535,0.0088618411368369,0.0064826321358199,22.509294782366077,62.762978973558106,2.724183427351818,2.868980763371644,570097445,9199949186896,-0.0046566007893563,557944304348,657033592539,16815142051,-115962172315,4191.97998046875,1334.739990234375,103.1999969482422,16.809999465942383,27530.055,20829.6,3.98,3.6,551922100000000.0,3.419,3.34,-0.2799999999999998,0.078999996
2557.080078125,2540.030029296875,0.0076011170213379,0.0075723740917118,0.0066667279269131,22.726457868303573,65.60131429723359,6.695071342650863,3.634198879227488,593619969,8214575194453,0.0412605322235746,299464059431,517409559650,-8779370836,17149190029,4192.6298828125,1324.2099609375,103.1999969482422,17.209999084472656,27530.055,20829.6,3.98,3.6,551922100000000.0,3.398,3.321,-0.2599999999999998,0.0769999
2567.550048828125,2565.800048828125,0.0040945024728369,0.0040861428089274,0.0065036564430429,22.537179129464285,63.02829045694527,10.565080092007976,5.0203751217835855,576045359,7443352810396,-0.029605826821503,-53533549246,353891619369,-16820874351,45130308340,4145.580078125,1313.8299560546875,103.48999786376952,18.530000686645508,27530.055,20829.6,3.99,3.6,551922100000000.0,3.473,3.373,-0.29,0.10000014
2567.449951171875,2557.110107421875,-3.898566896320954e-05,-3.898642892415358e-05,0.0061764443497292,21.866472516741077,73.13482867428874,13.46875345762055,6.710050788950979,1072440018,7900596208889,0.8617284233688272,93525128152,-138744802065,-32629028741,39268859617,4115.240234375,1319.8399658203125,103.88999938964844,20.030000686645508,27530.055,20829.6,4.04,3.6,551922100000000.0,3.502,3.378,-0.31,0.12400007
2554.68994140625,2570.639892578125,-0.0049699156783176,-0.0049823067814494,0.0053378776459263,22.40291922433036,67.33308559785604,14.572328637892497,8.282506358739283,917553486,9416538885100,-0.1444244241173029,224437924587,-484818196190,-12419225686,-83975340772,4151.27978515625,1318.52001953125,104.20999908447266,19.13999938964844,27530.055,20829.6,4.21,3.6,551922100000000.0,3.597,3.48,-0.3799999999999999,0.116999865
2558.81005859375,2561.93994140625,0.0016127660428459,0.0016114669322782,0.0052914868347801,21.603620256696427,65.52075439086329,15.59955696060888,9.745916479113202,634759104,9401899255628,-0.3082047927612581,911282987135,-315721124515,-35711185502,-103227385735,4205.4501953125,1330.8900146484375,104.20999908447266,17.950000762939453,27530.055,20829.6,4.23,3.6,551922100000000.0,3.639,3.524,-0.4300000000000006,0.11500001
2585.52001953125,2582.409912109375,0.0104384304914679,0.0103843262590493,0.0056245501873698,22.19145856584821,72.13415524931037,18.35730188127673,11.468193559545908,641646565,11066254182072,0.0108505115666683,675135916966,52958933936,-70407557933,-23858403022,4205.52001953125,1324.5899658203125,104.16999816894533,17.459999084472656,27530.055,20829.6,4.1,3.6,551922100000000.0,3.651,3.56,-0.4099999999999997,0.09100008
2577.1201171875,2586.030029296875,-0.0032488251029952,-0.003254113993497,0.0057329307256419,22.0928955078125,74.38145296709106,19.638650542340656,13.102284956104857,686186797,15135110642978,0.0694155231704545,215604239109,-34180566216,-37316050290,-74439754507,4179.830078125,1319.7900390625,104.31999969482422,17.940000534057617,27530.055,20829.6,4.04,3.6,551922100000000.0,3.532,3.459,-0.3999999999999999,0.072999954
2569.169921875,2572.56005859375,-0.0030849145367645,-0.0030896826943783,0.0055255890971659,21.479317801339285,73.29946180065376,19.784550288418814,14.438738022567648,675233437,9168501896122,-0.0159626504734394,-8205036565,-152252525102,-64976192345,-89826988954,4221.02001953125,1321.739990234375,103.55999755859376,15.649999618530272,27530.055,20799.3,3.98,3.6,551922100000000.0,3.549,3.478,-0.3700000000000001,0.0710001
2601.360107421875,2586.27001953125,0.0125294108703337,0.0124515673498479,0.0055731512519913,22.455025809151785,84.15593908952103,22.24127229505757,15.999244877065635,569619542,9383534584159,-0.1564109376295593,372752069025,186463661511,50570760983,-41529220660,4282.3701171875,1312.8499755859375,104.0199966430664,14.600000381469728,27530.055,20799.3,4.13,3.6,551922100000000.0,3.495,3.436,-0.4399999999999999,0.058999777
2615.409912109375,2617.429931640625,0.0054009457004491,0.0053864128969906,0.0055995387179443,22.019304547991077,84.98037261279627,25.033374841768364,17.80607087000618,545879707,8566306664573,-0.0416766512550582,-19511906838,299452398505,39623511662,32891565367,4273.7900390625,1305.1400146484375,104.0,14.729999542236328,27530.055,20799.3,4.1,3.6,551922100000000.0,3.561,3.502,-0.4099999999999997,0.059000015
2615.60009765625,2623.4599609375,7.271729987512465e-05,7.271465610043874e-05,0.005582915497924,21.49072265625,84.92613940596554,26.950810443736827,19.63501878475231,537616723,10152915448875,-0.0151370052669863,-40297072056,403418041044,-5509195087,-27170606428,4267.52001953125,1299.199951171875,104.0999984741211,13.9399995803833,27530.055,20799.3,4.21,3.6,551922100000000.0,3.522,3.471,-0.4199999999999999,0.05100012
2610.85009765625,2609.2099609375,-0.0018160268476271,-0.0018176778234965,0.0056015769980876,21.270717075892858,81.55445375187139,27.767025682386706,21.26142016427919,581325177,11473710023538,0.0813003988345058,-383832936768,229040953612,31205733976,22177453652,4293.93017578125,1308.3399658203125,103.33999633789062,13.649999618530272,27530.055,20799.3,4.17,3.6,551922100000000.0,3.632,3.543,-0.4399999999999999,0.08899999
2641.159912109375,2624.14990234375,0.0116091745291444,0.0115423050975216,0.0057076836223041,22.207135881696427,82.46585530337886,30.507954151295053,23.110726961682364,583219035,11128065460568,0.0032578289654914,480810929824,271638764439,94071048993,-2906622654,4298.85986328125,1296.3299560546875,103.55999755859376,13.829999923706056,27530.055,20799.3,4.23,3.6,551922100000000.0,3.613,3.506,-0.4800000000000004,0.106999874
2629.35009765625,2647.489990234375,-0.0044714499864163,-0.0044814768197267,0.0058341805216349,22.500697544642858,75.00273341351347,31.3656427770984,24.76171012476557,557056391,9365137234910,-0.0448590365367618,-341957675948,241269506568,-24320651857,-153734992963,4338.93017578125,1286.68994140625,103.62999725341795,15.010000228881836,27530.055,20799.3,4.16,3.6,551922100000000.0,3.576,3.493,-0.4300000000000001,0.082999945
2637.949951171875,2644.429931640625,0.003270714509753,0.0032653773574188,0.0054381640902889,21.47783551897321,73.45279110042468,32.36620602332414,26.282609304477287,694320536,11153307465910,0.2464097840320802,136776442548,429108675209,-10779867124,-230651198473,4369.009765625,1284.5799560546875,103.33999633789062,14.609999656677246,27530.055,20799.3,4.3,3.6,551922100000000.0,3.578,3.484,-0.4599999999999999,0.0940001
2619.080078125,2640.81005859375,-0.0071532339112394,-0.0071789409546212,0.0059063683254064,22.075701032366077,64.24978767129761,31.27598842590578,27.281285128762985,654404452,13100475117196,-0.0574894186911965,112802666646,-6524523412,27831824145,-167941948800,4372.58984375,1267.6199951171875,103.01000213623048,13.880000114440918,27530.055,20799.3,4.37,3.6,551922100000000.0,3.635,3.545,-0.54,0.089999914
2608.5400390625,2629.239990234375,-0.004024328675756,-0.0040324480771489,0.0060787043984756,23.113560267857142,60.74252035146082,29.224606982191744,27.669949499448737,582437342,11513806869991,-0.1099734419288455,-64115208893,78906405394,-16651753314,-209919065873,4425.83984375,1273.989990234375,102.12000274658205,14.5,27530.055,20799.3,4.23,3.6,551922100000000.0,3.685,3.626,-0.5100000000000002,0.059000015
2625.7900390625,2623.570068359375,0.0066128944703489,0.0065911252029211,0.0061037638438207,22.662841796875,68.16189585282196,28.66042372022548,27.868044343604087,673673049,12620601901546,0.1566446730333441,427969606564,-121576789697,6384164616,-107997759965,4409.58984375,1270.050048828125,102.3000030517578,13.539999961853027,27530.055,20799.3,4.32,3.6,551922100000000.0,3.657,3.585,-0.5500000000000003,0.07200003
2609.5,2618.06005859375,-0.006203862007305,-0.0062231859225998,0.0062484614007901,23.490705217633927,62.19037621037156,26.59229498611876,27.612894472107023,719549044,11096633448246,0.0680983083234489,-360412510734,230000882639,-23908851758,-196699304751,4409.58984375,1276.31005859375,102.3000030517578,13.539999961853027,27530.055,20799.3,4.32,3.6,551922100000000.0,3.633,3.583,-0.5500000000000003,0.049999952
2604.909912109375,2602.830078125,-0.0017589913357444,-0.0017605401775367,0.0060687304474951,22.476422991071427,55.21823402256256,24.30275925175556,26.95086742803673,722540797,10880371631739,0.0041578166560665,-281237544346,54014798597,-12371268810,-92494181083,4388.7099609375,1283.239990234375,102.54000091552734,13.880000114440918,27530.055,20799.3,4.29,3.6,551922100000000.0,3.642,3.567,-0.5499999999999998,0.07500005
2582.6298828125,2599.18994140625,-0.0085530901446159,-0.0085898777353776,0.0062632394545964,22.837838309151785,51.37971848069568,20.454684652697324,25.65163087296885,659798470,10654263369764,-0.0868356877016592,-199981783736,49997720039,-21982924145,-96729857377,4365.68994140625,1287.5400390625,102.06999969482422,13.199999809265137,27530.055,20799.3,4.29,3.6,551922100000000.0,3.621,3.571,-0.5699999999999998,0.049999952
2593.699951171875,2575.64990234375,0.0042863549411578,0.004277194688551,0.0062691444036926,23.334995814732142,56.04814194578312,18.08979194816948,24.139263088008978,613221379,8937920367446,-0.0705929054367161,-106795277995,79027112090,13416725259,140391408524,4381.89013671875,1288.3800048828125,102.38999938964844,12.90999984741211,27530.055,20799.3,4.37,3.6,551922100000000.0,3.647,3.592,-0.5700000000000003,0.055000067
2570.10009765625,2599.0400390625,-0.0090989142768662,-0.0091405622239349,0.0066307518836778,23.37285505022321,41.95157151818928,14.148194911203063,22.141049452647795,528307350,8548516965675,-0.1384720623055773,-187833176037,-391044002993,-26957872725,-14954388654,4348.330078125,1298.2099609375,102.9000015258789,13.4399995803833,27530.055,20799.3,4.32,3.6,551922100000000.0,3.663,3.609,-0.5800000000000001,0.05400014
2582.199951171875,2568.64990234375,0.0047079308415494,0.004696883195943,0.00659714832843,23.8028564453125,41.36279706497141,11.86404657395724,20.085648876909683,481750510,8437663307773,-0.0881245358407374,15003253159,276121155644,-16122451726,-20915421468,4328.81982421875,1307.6700439453125,102.69000244140624,14.25,27530.055,20799.3,4.3,3.6,551922100000000.0,3.611,3.568,-0.5799999999999996,0.042999983
2581.389892578125,2581.02001953125,-0.0003137087015211,-0.0003137579183892,0.0065946682286501,23.6199951171875,41.13125053006798,9.874648797138434,18.04344886095544,538509244,8592191725938,0.117817693643957,-108256746377,-161641055065,10904615920,118451158427,4378.41015625,1302.6600341796875,102.48999786376952,13.739999771118164,27530.055,20799.3,4.38,3.6,551922100000000.0,3.603,3.538,-0.6099999999999999,0.06499982
2564.18994140625,2590.52001953125,-0.0066630582312758,-0.0066853555043167,0.00633948025591,24.39071219308036,38.63717437109685,6.831396328118444,15.80103835438804,488767961,8814328693756,-0.0923684849502788,-392267219873,87539481672,-8638474844,10069135500,4376.85986328125,1296.5999755859375,102.91000366210938,13.43000030517578,27530.055,20799.3,4.32,3.6,551922100000000.0,3.611,3.557,-0.6100000000000003,0.05400014
2550.02001953125,2564.02001953125,-0.00552608121816,-0.0055414064901834,0.0064136069535126,23.949288504464285,25.9117875177931,3.2388669070560354,13.28860406492164,604508630,8824942470147,0.236800850782443,55313840334,-228533249798,16699257815,24163096986,4396.43994140625,1309.010009765625,103.33999633789062,13.539999961853027,27530.055,20799.3,4.49,3.6,551922100000000.0,3.626,3.584,-0.6400000000000001,0.041999817
2564.280029296875,2558.429931640625,0.0055921167898307,0.0055765389531399,0.0065232804030636,24.112862723214285,33.02191957090895,1.5248475766202318,10.93585276726136,510933786,8209120592849,-0.1547948852276931,-178358617166,189743384133,10497416523,48310428301,4450.3798828125,1323.0699462890625,102.91000366210938,13.59000015258789,27530.055,20799.3,4.49,3.6,551922100000000.0,3.675,3.662,-0.6800000000000002,0.013000011
2602.469970703125,2580.889892578125,0.0148930463794634,0.0147832339164642,0.006775285612245,25.83285086495536,41.980828061749264,3.2110688108045906,9.390895975970006,618006181,8973590145582,0.2095621740700466,-13324597690,875654055437,64401304737,-217870021169,4455.58984375,1315.300048828125,102.98999786376952,13.56999969482422,28074.846,20791.2,4.56,3.5,563912300000000.0,3.607,3.613,-0.6999999999999997,-0.0059998035
2593.31005859375,2604.719970703125,-0.0035196994441785,-0.0035259081590885,0.0066964746390082,24.917829241071427,43.90807808445606,3.764883697114783,8.265693520198962,674410584,9160795651560,0.0912683476866391,-59437290111,-3805616772,-1532098821,-269799977139,4455.58984375,1306.0999755859375,102.98999786376952,13.56999969482422,28074.846,20791.2,4.56,3.5,563912300000000.0,3.623,3.619,-0.6999999999999997,0.0039999485
2579.0,2593.469970703125,-0.0055180669763451,-0.0055333477473937,0.0067912356818764,24.31998116629464,43.13915167625705,3.014336455867124,7.215422107332595,601088685,10257664064971,-0.1087199708004582,255963611374,-578751096265,3462530865,-56753342379,4446.81982421875,1295.5,103.37000274658205,14.18000030517578,28074.846,20791.2,4.59,3.5,563912300000000.0,3.644,3.618,-0.6399999999999997,0.026000023
2556.2900390625,2574.75,-0.0088057235120201,-0.0088447230099655,0.0070294514770313,25.11141531808036,34.25747940054194,0.5803286398645469,5.888403413838986,531900313,10291029204298,-0.1151050980106205,-168390181702,-559888748690,-54386264848,242707469584,4411.58984375,1302.969970703125,103.16999816894533,15.4399995803833,28074.846,20791.2,4.68,3.5,563912300000000.0,3.713,3.676,-0.6299999999999999,0.03699994
2526.7099609375,2547.409912109375,-0.0115714874576001,-0.0116389581141868,0.0067483578910494,26.248552594866077,32.31207215628018,-3.692935324409518,3.972135666189285,613265045,10367353235625,0.1529698893032989,-45069398717,-350592975084,-189686085346,16867127198,4398.9501953125,1309.219970703125,102.2699966430664,14.829999923706056,28074.846,20791.2,4.64,3.5,563912300000000.0,3.761,3.735,-0.5800000000000001,0.026000023
2520.699951171875,2528.080078125,-0.0023785910763557,-0.0023814244179089,0.0067275421634549,26.873552594866077,32.117208384055616,-7.478280402230212,1.682052452505386,561821159,9698695577307,-0.083885240842318,-155682862763,-171553709084,29933482880,15771050352,4409.52978515625,1297.3699951171875,101.97000122070312,15.06999969482422,28074.846,20791.2,4.54,3.5,563912300000000.0,3.863,3.795,-0.5300000000000002,0.06799984
2562.489990234375,2538.840087890625,0.0165787439489066,0.0164428168497508,0.0078357038543288,28.044991629464285,46.05037752019267,-7.025105704343332,-0.0593791788643578,594134894,10596470857533,0.0575160520075748,268682955492,82297714481,18476209359,69080511617,4439.259765625,1299.5400390625,101.7300033569336,14.84000015258789,28074.846,20791.2,4.52,3.5,563912300000000.0,3.758,3.703,-0.5299999999999994,0.05499983
2574.719970703125,2557.610107421875,0.0047726939482137,0.0047613407536699,0.0078311972373866,27.927839006696427,46.294704051032056,-5.6143851406363865,-1.1703803712187637,696924185,13229937627765,0.1730066556232261,218843259688,-74975559341,40968801970,29429726291,4472.16015625,1291.510009765625,100.5199966430664,13.539999961853027,28074.846,20791.2,4.36,3.5,563912300000000.0,3.756,3.704,-0.5000000000000004,0.052000046
2591.22998046875,2589.889892578125,0.006412351616287,0.0063918799573732,0.007954458295878,27.552839006696427,54.24244087895799,-3.128100328615801,-1.5619243626981711,585660777,13258009580486,-0.1596492278424804,217331353578,348976211581,130701114752,-52237443665,4510.0400390625,1274.699951171875,99.7699966430664,13.609999656677246,28074.846,20791.2,4.21,3.5,563912300000000.0,3.657,3.602,-0.4500000000000002,0.055000067
2628.300048828125,2607.469970703125,0.0143059738575073,0.0142046090181856,0.0084688082219441,28.537841796875,58.41242657960766,1.8126479297397964,-0.8870099042105777,569815109,14285300247019,-0.0270560512540521,615153686814,789473024277,14593734525,50471717790,4505.419921875,1266.8299560546875,99.91000366210938,13.34000015258789,28074.846,20791.2,4.35,3.5,563912300000000.0,3.685,3.614,-0.5199999999999996,0.07099986
2619.0,2617.669921875,-0.0035384273695355,-0.0035447024105512,0.0083851867633645,28.75713239397321,56.65689205317874,4.921063348946063,0.2746047464207505,550569962,11732182232324,-0.0337743711881812,-164635714816,5687841480,-58337179548,-132453279875,4522.7900390625,1268.3399658203125,99.83999633789062,13.479999542236328,28074.846,20791.2,4.34,3.5,563912300000000.0,3.66,3.611,-0.5299999999999998,0.049000025
2607.6201171875,2624.590087890625,-0.0043451251670485,-0.004354592658317,0.0084367147683409,28.411411830357142,57.84873460167308,6.392554141355959,1.4981946254077922,493202186,12003817042366,-0.1041970684190722,-155124731770,-252861392714,-27827559934,-2606983094,4554.97998046875,1265.449951171875,99.94000244140624,13.300000190734863,28074.846,20791.2,4.35,3.5,563912300000000.0,3.651,3.596,-0.5499999999999998,0.055000067
2608.239990234375,2622.239990234375,0.0002377160088578,0.0002376877588842,0.0081880567843955,28.150704520089285,61.06339289939401,7.52203048511592,2.7029617973494178,440073850,11231685664367,-0.1077212094919628,-40280153577,-211815746061,-31643799987,48754019427,4565.72021484375,1264.93994140625,100.27999877929688,13.760000228881836,28074.846,20791.2,4.34,3.5,563912300000000.0,3.575,3.543,-0.5899999999999999,0.032000065
2600.22998046875,2595.3798828125,-0.0030710401633344,-0.00307576548409,0.0081742836029117,27.63213239397321,56.997697072345,7.682251565332535,3.6988197509460417,372364710,9473223686191,-0.1538585853260765,162682219288,-271151831815,-19656863803,44302897232,4534.8701171875,1265.0899658203125,100.87999725341795,13.989999771118164,28074.846,20791.2,4.43,3.5,563912300000000.0,3.606,3.581,-0.5799999999999996,0.024999857
2609.760009765625,2581.06005859375,0.003665071693065,0.0036583716834941,0.0079073058549494,27.548566545758927,51.5972219250536,8.480464132599991,4.655148627276832,501871967,12258800016184,0.3477968065233678,-290353686137,17545949523,-7849825643,-7713771300,4536.33984375,1278.4000244140625,101.06999969482422,13.600000381469728,28074.846,20791.2,4.44,3.5,563912300000000.0,3.636,3.602,-0.6000000000000005,0.03399992
2628.530029296875,2608.469970703125,0.0071922396929271,0.0071664988860375,0.0079907691809537,29.337873186383927,57.40475161454906,10.50652437859162,5.82542377753979,529363268,19050421144820,0.0547775185857313,-170878002713,-223332929265,1892885189,-37238109281,4554.64013671875,1285.6500244140625,101.3499984741211,13.90999984741211,28074.846,20791.2,4.48,3.5,563912300000000.0,3.64,3.617,-0.6200000000000006,0.023000002
2636.4599609375,2643.35009765625,0.0030168693346623,0.003012327716391,0.0079990235980033,29.46500069754464,62.41357921808312,12.606748185061406,7.181688659044113,723471549,19204604621912,0.3666825651378591,-1353433695996,43905183219,-99706387904,-39124282022,4567.4599609375,1280.530029296875,101.3499984741211,13.859999656677246,28074.846,20791.2,4.53,3.5,563912300000000.0,3.684,3.645,-0.6200000000000001,0.039000034
2592.360107421875,2638.760009765625,-0.0167269194939503,-0.0168683942553576,0.0088015032351015,31.6007080078125,57.13326979473557,10.59061899874041,7.863474726983373,834106504,36348205551673,0.1529223300528159,-946729954145,248029110961,-131621068579,-18026845243,4566.75,1274.1199951171875,100.88999938964844,13.1899995803833,28074.846,20791.2,4.47,3.5,563912300000000.0,3.658,3.627,-0.6099999999999999,0.030999899
2603.81005859375,2599.820068359375,0.0044168058052944,0.0044070803449977,0.0087200901657538,30.888567243303573,66.42526499745145,9.803726208368062,8.251525023260312,594162667,24076448886729,-0.2876657067764574,82278490784,493123899887,-38620439415,-68439674010,4537.41015625,1275.1700439453125,101.7699966430664,14.40999984741211,28074.846,20791.2,4.58,3.5,563912300000000.0,3.637,3.587,-0.5700000000000003,0.05000019
2608.320068359375,2593.669921875,0.0017320809368333,0.0017305826145415,0.0086570485619655,30.977852957589285,68.78649812706635,9.435264246122188,8.488272867832688,503267298,16807323601605,-0.1529806129673913,60211856009,-282895014178,-31609777270,-84250387368,4582.22998046875,1283.8800048828125,101.62000274658205,13.329999923706056,28074.846,20791.2,4.52,3.5,563912300000000.0,3.728,3.635,-0.5599999999999996,0.092999935
2632.580078125,2628.8701171875,0.0093010095117982,0.0092580214720232,0.0082685024889327,30.216413225446427,66.24940710880784,10.974330276992076,8.985484349664565,454242638,15688014180464,-0.0974127669229165,-292334454660,-83756810865,-5869470172,-37728782982,4588.9599609375,1272.3900146484375,101.86000061035156,13.630000114440918,28074.846,20791.2,4.51,3.5,563912300000000.0,3.761,3.681,-0.5399999999999996,0.07999992
2667.070068359375,2644.340087890625,0.0131012121989997,0.0130161336013072,0.0086549994966138,31.299264090401785,69.40701444754555,14.806425900763315,10.149672659884317,493643248,15851940748272,0.0867391272943427,197811810603,265927039400,67499779327,-40045355102,4576.72998046875,1277.9300537109375,102.3000030517578,13.93000030517578,28074.846,20777.2,4.57,3.7,563912300000000.0,3.727,3.647,-0.5200000000000005,0.07999992
2616.469970703125,2651.530029296875,-0.0189721665945492,-0.0191544473366447,0.009702062948919,33.285696847098215,54.63936678833919,13.603570796943131,10.840452287296078,704673842,16001903871479,0.4274961621677038,-70146532016,-435205710984,-98655960387,-56359337376,4513.39013671875,1289.050048828125,102.58999633789062,16.09000015258789,28074.846,20777.2,4.54,3.7,563912300000000.0,3.793,3.677,-0.4599999999999999,0.11599994
2605.389892578125,2624.760009765625,-0.0042347430886136,-0.0042437350077505,0.0095160683171034,33.077113560267854,45.34402791201681,11.622255628172752,10.996812955471412,789416273,14921529311997,0.1202576652476337,-150843516603,-490710162787,-2610524450,-156511344288,4501.89013671875,1295.3699951171875,102.54000091552734,15.920000076293944,28074.846,20777.2,4.58,3.7,563912300000000.0,3.861,3.714,-0.3799999999999999,0.14700007
2602.800048828125,2606.169921875,-0.0009940330840223,-0.0009945274625546,0.0090616680530785,32.87498256138393,46.61541459194718,9.73089859419997,10.743630083217123,645750159,10971353099785,-0.1819903122265633,-245255348861,-148389181339,29789231937,-99918483580,4478.02978515625,1296.4000244140625,102.0199966430664,17.100000381469727,28074.846,20777.2,4.45,3.7,563912300000000.0,3.876,3.738,-0.4000000000000003,0.13800001
2580.7099609375,2591.580078125,-0.0084870475934448,-0.0085232676617676,0.009300464702966,32.905709402901785,44.61860989218081,6.376000475519504,9.870104161677602,504070760,11894470648556,-0.219402809314678,281066552709,-169245536005,-27169783821,-111208779502,4518.43994140625,1303.050048828125,102.0500030517578,15.770000457763672,28074.846,20777.2,4.44,3.7,563912300000000.0,3.814,3.689,-0.3500000000000005,0.125
2573.97998046875,2598.2900390625,-0.0026078019500901,-0.0026112081887481,0.008604172101414,33.565708705357146,43.3122464016074,3.137993530606764,8.523682035463436,638418712,12435381687044,0.2665259774242807,-141897482016,-272797726575,-25243400368,-126543627395,4499.3798828125,1307.75,102.52999877929688,15.989999771118164,28074.846,20777.2,4.36,3.7,563912300000000.0,3.74,3.647,-0.3400000000000007,0.092999935
2605.1201171875,2580.60009765625,0.0120980493069253,0.0120254528389861,0.0089520849414689,34.49070521763393,50.87552124767242,3.049446362947947,7.428834900960338,467526732,10326262318499,-0.2676800926850026,365704070574,-159030675013,-64682010361,-26623506531,4467.7099609375,1316.6700439453125,102.48999786376952,15.960000038146973,28074.846,20777.2,4.41,3.7,563912300000000.0,3.774,3.672,-0.4100000000000001,0.102
2601.56005859375,2592.39990234375,-0.0013665621674264,-0.0013674967650594,0.0088548771974323,32.770717075892854,48.49982625194629,2.661326997754258,6.475333320319122,568155109,11349005297143,0.2152355579103015,-233144687241,8214190140,-47709033284,-57959444574,4468.830078125,1313.6400146484375,102.5199966430664,15.850000381469728,28074.846,20777.2,4.47,3.7,563912300000000.0,3.786,3.687,-0.3799999999999999,0.09899998
2591.260009765625,2611.25,-0.0039591816433761,-0.0039670399515228,0.0082540389640245,31.7742919921875,42.96340887803943,1.505260044458737,5.481318665147046,675389953,10513465946903,0.1887421978634358,-190553271912,9618551605,52357085949,-61792240669,4464.0498046875,1318.3299560546875,102.83999633789062,14.84000015258789,28074.846,20777.2,4.56,3.7,563912300000000.0,3.824,3.698,-0.3999999999999994,0.12599993
2570.8701171875,2586.510009765625,-0.0078687173426371,-0.0078998390651426,0.0083891124685982,32.19716099330357,38.17306168448115,-1.0441885154323245,4.176217229031172,624377647,9995329422745,-0.0755301522822623,-120195988639,-265060609356,-2502191745,-34198056616,4489.72021484375,1329.6099853515625,103.19000244140624,14.81999969482422,28074.846,20777.2,4.64,3.7,563912300000000.0,3.889,3.747,-0.4499999999999993,0.14199996
2525.639892578125,2550.1298828125,-0.017593352657915,-0.0177499551808758,0.0091750452987421,31.609305245535715,38.01808121640463,-6.637829224750931,2.013407938274752,685135617,12025529175862,0.097309649523696,-1898044111,-176359109572,-101930437462,18237382266,4404.330078125,1338.739990234375,103.41999816894533,16.780000686645508,28074.846,20777.2,4.68,3.7,563912300000000.0,3.867,3.712,-0.3999999999999994,0.15500021
2519.85009765625,2512.919921875,-0.0022924071396278,-0.0022950387274244,0.00916586120451,32.49000767299107,34.60920171925824,-11.406530466847926,-0.6705797427497839,735132744,10727642034665,0.0729740590905523,-1229151556,-135052905763,34867160839,-21794190917,4370.35986328125,1343.3299560546875,103.44000244140624,17.889999389648438,28074.846,20777.2,4.67,3.7,563912300000000.0,3.976,3.788,-0.3700000000000001,0.18799996
2504.5,2495.179931640625,-0.0060916709571443,-0.0061103008814476,0.0092144060699517,32.99074009486607,31.69606078371112,-16.23721267221663,-3.783906328643153,557784633,10776836338403,-0.2412463768584357,-108020298645,-186280989507,-6884108879,-29293162299,4369.7099609375,1339.0799560546875,103.37999725341795,17.299999237060547,28074.846,20777.2,4.63,3.7,563912300000000.0,3.914,3.729,-0.3700000000000001,0.18499994
2508.800048828125,2511.699951171875,0.0017169290589438,0.0017154568211581,0.0091630914186555,32.18931361607143,26.52483491083656,-19.493871898996986,-6.92589944271392,399458711,8524817791134,-0.2838477660247768,-34008655799,36200932204,13796593680,-23363288732,4399.77001953125,1339.1700439453125,103.33000183105467,17.1299991607666,28074.846,20777.2,4.7,3.7,563912300000000.0,3.973,3.795,-0.3600000000000003,0.17799997
2515.739990234375,2528.389892578125,0.0027662393459739,0.0027624203471364,0.0089830524334538,31.403599330357142,17.950810009244833,-21.269619592425897,-9.794643472656317,471808571,9270272191698,0.1811197453145538,-14806143234,-13252495253,33334206,-28011446799,4387.5498046875,1339.739990234375,103.55999755859376,16.969999313354492,28074.846,20777.2,4.75,3.7,563912300000000.0,3.986,3.802,-0.4100000000000001,0.18400002
2505.5,2510.0,-0.0040703690660103,-0.0040786755661869,0.0089064056980027,28.712175641741077,21.65231610892204,-23.235351398368493,-12.482785057798752,547169704,8577994375668,0.1597281983247396,20622541049,40541331832,-63778763073,-51835317928,4436.009765625,1339.68994140625,103.36000061035156,15.979999542236328,28074.846,20777.2,4.64,3.7,563912300000000.0,3.92,3.771,-0.4499999999999993,0.14900017
2537.679931640625,2531.780029296875,0.0128437164799939,0.0127619354572735,0.0088631304488062,28.69717843191964,34.38640028103804,-21.943604261909968,-14.374948898620996,441140168,10099466159245,-0.1937781555244878,110643114880,121686813555,28619640312,47429944502,4376.31005859375,1327.780029296875,103.9800033569336,17.200000762939453,28074.846,20777.2,4.69,3.7,563912300000000.0,3.878,3.759,-0.4599999999999999,0.11899996
2519.139892578125,2505.389892578125,-0.0073059012806685,-0.0073327200809397,0.0088703361170936,30.247872488839285,32.03023069468509,-22.16045957295364,-15.932051033487523,577383852,8302851242350,0.3088444305983036,-191547704041,-180057268570,-19674114025,28197277830,4405.7099609375,1326.6199951171875,104.08000183105467,15.68000030517578,28074.846,20777.2,4.72,3.7,563912300000000.0,3.935,3.789,-0.4699999999999997,0.14599991
2543.409912109375,2519.139892578125,0.0096342484205638,0.0095881349914959,0.0091961102927708,30.077863420758927,42.06247525709245,-20.141749673723552,-16.773990761534733,483587568,8221905557756,-0.1624504801703391,-13515475702,166541233018,80218616141,25465344457,4433.31005859375,1323.6099853515625,104.05999755859376,15.079999923706056,28074.846,20777.2,4.69,3.7,563912300000000.0,3.872,3.759,-0.4900000000000002,0.112999916
2552.159912109375,2550.760009765625,0.0034402633874863,0.0034343592187873,0.0089340051753122,28.67143903459821,45.39622590970576,-17.632598046991006,-16.94571221862599,441365852,8275017288825,-0.0873093495240555,-161237154885,-5316486785,8275556226,21964499226,4497.6298828125,1322.8199462890625,103.5500030517578,14.449999809265137,28074.846,20777.2,4.56,3.7,563912300000000.0,3.844,3.74,-0.4399999999999995,0.10400009
2561.219970703125,2575.419921875,0.0035499572541526,0.0035436710287277,0.0083533047556776,28.061453683035715,39.78591983240762,-14.743057505212164,-16.505181275943226,364003001,7765444580940,-0.1752805538748385,-16495437008,222793338622,-11821751819,1330609779,4514.8701171875,1321.0699462890625,103.16000366210938,13.880000114440918,28074.846,20777.2,4.57,3.7,563912300000000.0,3.85,3.732,-0.4500000000000002,0.11799979
2556.27001953125,2564.449951171875,-0.0019326536683672,-0.001934523653212,0.0073180913671239,28.435738699776785,39.53025315941322,-12.706028313766184,-15.745350683507818,473168805,11334960549622,0.299903582388322,-215735589708,300528170691,-51354930376,-29397802841,4507.66015625,1323.030029296875,103.62000274658205,13.56999969482422,28074.846,20777.2,4.54,3.7,563912300000000.0,3.821,3.711,-0.4500000000000002,0.11000013
2563.7099609375,2551.929931640625,0.002910467732049,0.0029062405209608,0.0073343407420293,27.755719866071427,43.54587976101824,-10.371767629214446,-14.670634072649143,493367317,10029746225521,0.0426877507277767,369057565880,-118803255584,-32221966497,-90160555822,4515.77001953125,1324.6400146484375,104.23999786376952,13.09000015258789,28074.846,20747.8,4.57,3.7,563912300000000.0,3.778,3.689,-0.3900000000000005,0.089000225
2584.550048828125,2566.929931640625,0.0081288789325466,0.00809601756016,0.0075989725563104,27.270002092633927,53.198037105061,-6.762276974780889,-13.088962653075496,342072516,8699609485382,-0.3066575263233336,412832088423,25012921633,2769282705,-101863540232,4515.77001953125,1317.4599609375,104.23999786376952,13.09000015258789,28074.846,20747.8,4.57,3.7,563912300000000.0,3.856,3.738,-0.3900000000000005,0.11800003
2582.179931640625,2578.909912109375,-0.0009170328075382,-0.0009174535393596,0.0073549061347455,24.51714215959821,66.53023991503188,-4.046334648232914,-11.28043705210698,384579023,7590068827455,0.1242616843266064,161803980386,-111408717496,12306602839,-67695462635,4496.830078125,1317.949951171875,104.80999755859376,14.010000228881836,28074.846,20747.8,4.65,3.7,563912300000000.0,3.886,3.765,-0.3800000000000008,0.12099981
2563.340087890625,2577.409912109375,-0.0072961002907453,-0.007322847007701,0.0075175662427799,23.25357491629464,61.813433498993966,-3.3752410488204987,-9.699397851449683,422126144,7626693242222,0.0976317447246726,-69319515554,-198330877385,923068801,-56426406209,4465.47998046875,1331.72998046875,104.86000061035156,14.449999809265137,28074.846,20747.8,4.73,3.7,563912300000000.0,3.893,3.765,-0.4300000000000006,0.12799978
2548.260009765625,2554.8701171875,-0.005882979865309,-0.0059003527611299,0.0070355223999151,22.816423688616077,61.90424323731977,-4.0139603749357775,-8.562310356146902,377270533,8325826544902,-0.1062611535380286,-5894909225,-63791459498,-31645708178,-57030681436,4451.14013671875,1333.4599609375,105.05999755859376,14.399999618530272,28074.846,20747.8,4.66,3.7,563912300000000.0,3.969,3.847,-0.3900000000000005,0.12200022
2547.679931640625,2546.070068359375,-0.0002276369455145,-0.0002276628587366,0.0070378867251006,22.88785226004464,60.79516491144348,-4.514912399670266,-7.752830764851575,396289098,7718992573949,0.050410947414226,-355191007089,228982376829,-33738752044,-23745563866,4457.490234375,1334.02001953125,105.08999633789062,13.84000015258789,28074.846,20747.8,4.68,3.7,563912300000000.0,3.895,3.795,-0.4199999999999999,0.099999905
2556.8798828125,2549.8798828125,0.0036111094873485,0.0036046050855187,0.007076054851399,22.303571428571427,61.28108828235357,-4.122044947792801,-7.026673601439821,411070381,8340732785019,0.0372992420800837,23838762297,56398227660,6427668743,-27693064065,4487.4599609375,1335.3199462890625,104.56999969482422,13.800000190734863,28074.846,20747.8,4.64,3.7,563912300000000.0,3.961,3.865,-0.3499999999999996,0.095999956
2536.580078125,2566.419921875,-0.0079392875762199,-0.0079709715299318,0.0070798980127458,23.43071637834821,58.07694747928484,-5.386625580819782,-6.698663997315814,359409844,8927207173581,-0.125673216528826,-298118389282,123283453028,-43959317160,-20577765339,4461.89990234375,1320.43994140625,104.70999908447266,14.229999542236328,28074.846,20747.8,4.66,3.7,563912300000000.0,3.965,3.863,-0.3900000000000005,0.102
2534.699951171875,2536.219970703125,-0.0007412054400879,-0.0007414802686514,0.005832021576831,22.520717075892858,49.080820890352165,-6.4659894738297226,-6.652129092618596,417576035,9270998787030,0.1618380575018418,113314755213,81462358506,16126457450,-45074081410,4467.43994140625,1324.0999755859375,104.7699966430664,13.479999542236328,28074.846,20747.8,4.64,3.7,563912300000000.0,3.949,3.853,-0.3899999999999997,0.095999956
2572.889892578125,2544.889892578125,0.015066848992755,0.014954471401611,0.0066631430900463,22.703578404017858,64.78679504814306,-4.191467403481056,-6.159996754791088,412509123,9577502570729,-0.0121341063071304,-517264544411,994284683103,94019052355,40530016080,4505.10009765625,1329.77001953125,105.41000366210938,12.81999969482422,28074.846,20747.8,4.68,3.7,563912300000000.0,3.917,3.836,-0.3899999999999997,0.08100009
2601.280029296875,2574.97998046875,0.0110343380028214,0.0109739038560395,0.0067918774043943,23.729282924107142,65.56735371536953,-0.0969281810166649,-4.947383040036204,441729809,11995227354645,0.0708364600217581,47799868129,943236330232,38932624094,-2066687615,4450.31982421875,1327.06005859375,105.31999969482422,13.789999961853027,28074.846,20747.8,4.72,3.7,563912300000000.0,3.928,3.85,-0.3899999999999997,0.07800007
2574.719970703125,2588.68994140625,-0.0102103803875852,-0.0102628638779875,0.0073164817118752,24.761422293526785,55.53810858303147,0.9933976260390408,-3.759226906821155,416289507,8772091336958,-0.0575924501395829,-374504179360,-60941190277,25277139127,-10653468979,4453.52978515625,1328.4200439453125,105.1999969482422,14.0,28074.846,20747.8,4.74,3.7,563912300000000.0,3.982,3.891,-0.4199999999999999,0.09100008
2559.2099609375,2579.360107421875,-0.0060239598644156,-0.0060421771074447,0.007486562934068,24.856410435267858,49.5217226118953,0.5990549850098432,-2.8875705284549555,462342076,7827324888504,0.1106263026706555,-1648570533,-291724601015,-458974483,-29168014311,4443.9501953125,1329.6600341796875,105.1999969482422,14.109999656677246,28074.846,20747.8,4.79,3.7,563912300000000.0,3.952,3.887,-0.4199999999999999,0.06499982
2559.739990234375,2556.550048828125,0.0002071066090572,0.0002070851654441,0.0073986861240259,24.510689871651785,50.84341238729678,0.3255517772872736,-2.24494606730651,414667757,7571716473907,-0.1031148179556991,-167630100530,137388048006,991289389,-37567212618,4402.2001953125,1328.530029296875,105.16000366210938,15.140000343322754,28074.846,20747.8,4.82,3.7,563912300000000.0,3.963,3.89,-0.4700000000000006,0.072999954
2514.969970703125,2544.81005859375,-0.0174900652808689,-0.0176448236164275,0.0079717861389973,26.467843191964285,39.97285766951651,-3.463838923874846,-2.488724638620177,394676191,7803096968952,-0.0482110452585778,-68589734691,-611773313423,-49558658730,-16541773482,4330.0,1332.3399658203125,105.36000061035156,17.540000915527344,28074.846,20747.8,4.85,3.7,563912300000000.0,4.031,3.93,-0.3599999999999994,0.10100007
2508.1298828125,2491.449951171875,-0.0027197493291392,-0.002723454567083,0.0078276423573057,26.796421595982142,33.31730887097892,-6.938908861372056,-3.378761483170553,433184441,7063027557662,0.0975692247926858,-127823596333,-564065051,3799839379,-79461316737,4320.06005859375,1341.1700439453125,105.58000183105467,17.200000762939453,28074.846,20747.8,4.8,3.7,563912300000000.0,4.001,3.876,-0.3599999999999994,0.125
2495.760009765625,2504.10009765625,-0.0049319108757653,-0.0049441128842197,0.0075385152069442,27.616420200892858,31.923546738459905,-10.569236618291145,-4.816856510194672,438614599,7459544543909,0.0125354409947517,-132155489270,328953388694,-23986723292,-160438365030,4337.43994140625,1334.6600341796875,106.0,16.899999618530273,28074.846,20747.8,4.83,3.7,563912300000000.0,4.012,3.876,-0.2800000000000002,0.13600016
2462.969970703125,2493.639892578125,-0.0131382981273023,-0.0132253690495191,0.0079388642986639,28.20785086495536,30.1632427758606,-15.908792972792073,-7.035243802714152,427476174,7060836784874,-0.0253945605672828,-42589254898,-315819353060,-15192809548,-38308362599,4273.52978515625,1338.449951171875,106.2300033569336,18.940000534057617,28074.846,20747.8,4.84,3.7,563912300000000.0,4.054,3.891,-0.2800000000000002,0.16299987
2465.070068359375,2447.989990234375,0.0008526688027992,0.0008523054872661,0.007866379681752,28.2156982421875,32.669502645760986,-19.74338012726912,-9.576871067625149,366240767,6761281210971,-0.1432487018563051,-28216151255,-111375678148,39597810867,-22779748824,4274.509765625,1353.75,106.66999816894533,18.21999931335449,28074.846,20747.8,4.89,3.7,563912300000000.0,4.03,3.884,-0.2799999999999993,0.14600015
2405.68994140625,2435.780029296875,-0.0240886162690886,-0.0243834920488653,0.0093342482618884,31.167131696428573,26.240780700156137,-27.25956674168356,-13.11341020243683,424858687,10244656479390,0.1600529631918339,-423020397616,-340373546941,-31506596796,13924326296,4263.75,1359.219970703125,106.8000030517578,18.57999992370605,28424.722,20732.9,4.85,3.9,563912300000000.0,4.351,4.108,-0.1199999999999992,0.24300003
2403.60009765625,2423.35009765625,-0.0008687086868636,-0.0008690862329224,0.0092455141813946,31.714285714285715,23.726485683007425,-33.00437778726064,-17.09160371940159,451722351,9141360528268,0.0632296451078566,-272074189365,127213157765,-1387675662,68030280875,4258.18994140625,1351.1600341796875,106.33000183105467,18.489999771118164,28424.722,20732.9,4.82,3.9,563912300000000.0,4.322,4.081,-0.1000000000000005,0.24100018
2408.72998046875,2408.81005859375,0.0021342497104663,0.0021319754348928,0.0089527169503978,30.584263392857142,26.88316435177829,-36.7199584357918,-21.017274662679636,289391533,6522751201215,-0.3593597209450457,-326292992970,209017332668,-11469949318,2768252958,4308.5,1346.06005859375,106.04000091552734,17.450000762939453,28424.722,20732.9,4.87,3.9,563912300000000.0,4.24,4.015,-0.0899999999999998,0.2249999
2402.580078125,2436.580078125,-0.0025531721669164,-0.0025564370693961,0.0089350995549791,32.34141322544643,26.47438567082581,-39.70315533102848,-24.754450796349403,416004097,9505946256101,0.4375130215022567,-207849178935,616440392286,-11463561654,-15338673947,4358.240234375,1346.8900146484375,105.83000183105467,17.030000686645508,28424.722,20732.9,4.74,3.9,563912300000000.0,4.219,3.997,-0.08,0.22199988
2450.080078125,2436.52001953125,0.019770412829307,0.0195775164991816,0.0102707671366894,33.969273158482146,28.8339304093021,-37.798786456002745,-27.363317928280075,446948721,9140842858822,0.0743853827958813,-119608607595,452762534467,26281767162,61435564790,4376.9501953125,1341.8900146484375,105.81999969482422,16.09000015258789,28424.722,20732.9,4.73,3.9,563912300000000.0,4.142,3.953,-0.1500000000000003,0.18900013
2479.820068359375,2465.18994140625,0.0121383747820742,0.0120652954924176,0.0107117519855751,33.334280831473215,29.163525489604798,-33.50358328500943,-28.591370999625944,515451710,8929118335738,0.1532681173060119,-57984808125,112937299012,39077522626,58458289216,4349.60986328125,1338.260009765625,106.56999969482422,16.690000534057617,28424.722,20732.9,4.82,3.9,563912300000000.0,4.101,3.932,-0.1200000000000001,0.16899991
2456.14990234375,2460.85009765625,-0.0095451143079444,-0.0095909608853148,0.010863145682341,33.260707310267854,29.45558438657747,-31.64480677012125,-29.20205815372501,582883748,7164460134351,0.1308212519073803,-161143598642,-215288982296,-44677591430,13460559607,4327.77978515625,1348.3399658203125,106.6500015258789,19.31999969482422,28424.722,20732.9,4.8,3.9,563912300000000.0,4.169,3.957,-0.1699999999999999,0.21200013
2436.239990234375,2442.429931640625,-0.0081061469783975,-0.0081391804249107,0.010871352402163,33.67783900669643,29.013212444948152,-31.4161309022802,-29.64487270343605,788356048,8393099868062,0.3525099142067691,-210561334134,30844524784,-3895866712,7677329,4373.6298828125,1352.0699462890625,106.23999786376952,17.209999084472656,28424.722,20732.9,4.87,3.9,563912300000000.0,4.191,3.973,-0.1600000000000001,0.21799994
2460.169921875,2454.139892578125,0.0098224853612729,0.009774558338038,0.0111155832052626,34.75856236049107,34.26366148577267,-28.970009896004285,-29.5099001419497,509375162,7711249611593,-0.353876762546255,428197231319,-125328213663,6290701834,-3265771520,4373.2001953125,1347.760009765625,106.25,17.8799991607666,28424.722,20732.9,5.01,3.9,563912300000000.0,4.224,3.991,-0.1799999999999997,0.23300004
2462.60009765625,2452.050048828125,0.0009878081020509,0.0009873205406792,0.0111287464364632,32.599278041294646,40.444501067775455,-26.529530584935856,-28.91382623054693,911545886,8897570511380,0.7895373665667664,346054496522,-16998260843,12624213597,-33366749309,4314.60009765625,1352.989990234375,106.56999969482422,19.21999931335449,28424.722,20732.9,5.03,3.9,563912300000000.0,4.287,4.031,-0.1200000000000001,0.25600004
2415.800048828125,2431.919921875,-0.0190043234679745,-0.0191872266313527,0.0110996375688619,34.114990234375,35.297328441034665,-28.048480540217497,-28.740757092481047,756946720,9054474474683,-0.1696010791935053,-138060396256,-165687461602,-18619309272,-25972480849,4278.0,1354.56005859375,106.25,21.399999618530277,28424.722,20732.9,5.01,3.9,563912300000000.0,4.362,4.07,-0.0299999999999993,0.29199982
2375.0,2391.5400390625,-0.0168888351699125,-0.017033077914426,0.0109901270152242,36.17571149553572,32.366691312199976,-32.17360499243796,-29.427326672472432,521208061,9295958394523,-0.3114336224351431,210262201578,-33484841601,-23356612466,-15807856229,4224.16015625,1356.22998046875,106.16000366210938,21.709999084472656,28424.722,20732.9,4.93,3.9,563912300000000.0,4.327,4.033,0.0,0.29400015
2357.02001953125,2370.070068359375,-0.0075705180921052,-0.007599319919445,0.0109332506173863,35.24143763950893,33.82987142770911,-36.47318977168561,-30.83649929231507,395930159,7117567308934,-0.2403606378605107,-258377348505,137787308251,-12535026557,-29639933856,4217.0400390625,1349.3399658203125,105.54000091552734,20.3700008392334,28424.722,20732.9,4.89,3.9,563912300000000.0,4.374,4.055,-0.0299999999999993,0.31900024
2383.510009765625,2371.550048828125,0.0112387633600341,0.0111760776947473,0.0114635978808119,37.617152622767854,38.41476440429688,-37.31299982480141,-32.13179939881234,444165247,7949284788809,0.1218272639847068,-154286881163,-34645073508,24992630141,29204055296,4247.68017578125,1334.43994140625,106.2699966430664,18.96999931335449,28424.722,20732.9,4.91,3.9,563912300000000.0,4.269,4.004,-0.08,0.26499987
2363.169921875,2389.22998046875,-0.0085336700107355,-0.0085702902582346,0.0114799453604986,35.11572265625,43.20679562269285,-39.16832240669646,-33.539104000389166,440806736,7832203371912,-0.0075613997778624,-345705352463,-59644597356,59667258939,-40605774771,4186.77001953125,1343.6400146484375,106.52999877929688,20.190000534057617,28424.722,20732.9,4.98,3.9,563912300000000.0,4.281,4.038,-0.0300000000000002,0.24300003
2299.080078125,2325.820068359375,-0.0271202858316466,-0.0274948281089248,0.0122797760904486,37.97141810825893,36.0625092783344,-45.28814019984293,-35.88891124027992,531072827,9251519468286,0.2047747541680034,-479956349898,176971543463,-42161800785,-1442681989,4137.22998046875,1352.6800537109375,106.5999984741211,20.68000030517578,28424.722,20732.9,4.89,3.9,563912300000000.0,4.392,4.104,-0.0299999999999993,0.2880001
2302.81005859375,2311.590087890625,0.0016223795352929,0.0016210648993149,0.0123508466752628,38.77214704241072,35.8229059239188,-49.26921677873406,-38.564972347970745,514875992,8009947757095,-0.0304983312580592,-380132598990,183019531733,8392948190,55811842429,4117.3701171875,1350.3399658203125,106.55999755859376,21.270000457763672,28424.722,20732.9,4.84,3.9,563912300000000.0,4.28,4.073,0.0,0.20700026
2310.550048828125,2292.340087890625,0.0033611066642211,0.0033554707702467,0.0124659116488631,37.315708705357146,37.73424052218675,-51.20938619616391,-41.09385511760938,444842306,6954632697493,-0.1360204924839455,-66328418195,52459625770,1395609395,11140504061,4166.81982421875,1355.219970703125,106.12000274658205,19.75,28424.722,20732.9,4.87,3.9,563912300000000.0,4.312,4.089,0.0099999999999997,0.22299957
2277.989990234375,2318.389892578125,-0.0140919079464493,-0.0141921416515299,0.012505967665238,36.4228515625,26.112546859506537,-54.74326279340994,-43.8237366527695,394982283,8233073267951,-0.1120847148022832,-327330060695,-32180808742,-5614830315,-27733226134,4193.7998046875,1348.0699462890625,106.66000366210938,18.13999938964844,28424.722,20732.9,4.9,3.9,563912300000000.0,4.325,4.085,-0.0200000000000004,0.23999977
2301.56005859375,2292.889892578125,0.0103468709083089,0.0102937084352179,0.0128679028712059,36.738560267857146,24.824897303656385,-55.00788130909768,-46.06056558403514,358157301,6739277694118,-0.0932319842811785,-127321127007,370087710828,36155663302,27148167996,4237.85986328125,1350.1600341796875,106.87999725341795,16.8700008392334,28424.722,20746.5,4.76,3.7,563912300000000.0,4.288,4.071,0.0099999999999997,0.21700001
2343.1201171875,2334.9599609375,0.0180573426439905,0.017896245268834,0.0127167448830319,38.40712193080357,34.80497247651019,-51.273000756256806,-47.103052618479474,377461502,7679304707201,0.053898666720185,140098215614,232919149444,43251095939,-26207914278,4317.77978515625,1347.8399658203125,106.12000274658205,15.65999984741211,28424.722,20746.5,4.78,3.7,563912300000000.0,4.168,3.979,-0.1100000000000003,0.18900013
2368.340087890625,2365.590087890625,0.0107634135007117,0.0107059002898768,0.0129985066144275,37.944981166294646,41.0004426680197,-45.75065507322597,-46.83257310942878,578661884,8040958355185,0.5330355041081778,133973051936,64326363211,46721279590,46060022904,4358.33984375,1333.6800537109375,105.0199966430664,14.90999984741211,28424.722,20746.5,4.62,3.7,563912300000000.0,4.105,3.949,-0.0499999999999998,0.15600014
2502.3701171875,2399.800048828125,0.0565923914315233,0.0550490047298393,0.0180267372195083,45.3306884765625,54.32964322248974,-30.21080178707507,-43.50821884495804,528584832,15225479879466,-0.0865393995779407,711542082199,317813942118,-40670034237,-26369617725,4365.97998046875,1307.8399658203125,105.22000122070312,14.890000343322754,28424.722,20746.5,4.72,3.7,563912300000000.0,4.056,3.877,-0.0499999999999998,0.17900014
2443.9599609375,2476.35009765625,-0.0233419332531229,-0.0236186710565255,0.0188954963031981,50.26497977120536,48.28460888633259,-22.350920061036504,-39.276759088173726,457675546,12086569930572,-0.1341493015070095,411153564934,-273785493453,22198230036,-91882947671,4378.3798828125,1297.1099853515625,105.54000091552734,14.8100004196167,28424.722,20746.5,4.64,3.7,563912300000000.0,4.055,3.887,-0.0599999999999996,0.16799974
2421.6201171875,2460.219970703125,-0.0091408386827378,-0.0091828724942519,0.0184854941812076,50.28212193080357,50.56085140061104,-17.72027752569511,-34.965462775678006,467217484,7667332335588,0.020848695289479,-13714797057,232626919138,-2639601913,-138541348838,4382.77978515625,1304.550048828125,105.58999633789062,14.449999809265137,28424.722,20746.5,4.65,3.7,563912300000000.0,4.022,3.868,-0.1600000000000001,0.1539998
2427.080078125,2425.929931640625,0.0022546727699972,0.0022521348094784,0.0182609399594189,48.35853794642857,55.38551414846165,-13.454788313239987,-30.663327883190405,395030998,7288448335831,-0.1545029637632311,283213236683,45294106275,20197957420,-66663851463,4347.35009765625,1308.1199951171875,105.91000366210938,15.289999961853027,28424.722,20746.5,4.77,3.7,563912300000000.0,3.945,3.847,-0.1499999999999994,0.09800005
2409.659912109375,2406.39990234375,-0.0071774170834456,-0.0072032986576996,0.018210068567713,49.240687779017854,55.44971325014344,-11.34919276269693,-26.800500859091716,312467956,5825602011829,-0.2090039577096681,50419710381,-74056490487,5027214236,-75164072675,4415.240234375,1315.199951171875,105.86000061035156,14.170000076293944,28424.722,20746.5,4.8,3.7,563912300000000.0,3.969,3.862,-0.1899999999999995,0.10700011
2403.760009765625,2431.239990234375,-0.0024484377708658,-0.0024514400962973,0.018136238905734,47.727120535714285,52.18980414685712,-10.040821589406278,-23.448565005154627,307123090,5934172518663,-0.0171053251937296,13789995380,16204094102,-27512021026,37279199726,4411.5498046875,1319.6199951171875,105.66000366210938,14.760000228881836,28424.722,20746.5,4.8,3.7,563912300000000.0,4.005,3.877,-0.1699999999999999,0.12800002
2433.25,2424.929931640625,0.012268275582657,0.0121936301832147,0.0182174538969294,48.541416713169646,57.431294030173774,-6.548841288622498,-20.068620261848203,306963703,6382101015771,-0.0005189678184078,-91051423175,568362717408,24327135840,35544981079,4495.7001953125,1319.0699462890625,104.11000061035156,14.15999984741211,28424.722,20746.5,4.56,3.7,563912300000000.0,3.98,3.857,-0.1199999999999992,0.12299991
2486.669921875,2482.2099609375,0.0219541444056303,0.0217166222872504,0.0188869158664251,47.83285086495536,70.35258804370744,0.5230896526022661,-15.95027827895811,419843260,9328219011281,0.3677293305260916,554363163844,1096206965141,33571058162,-47933820931,4502.8798828125,1304.239990234375,104.38999938964844,14.18000030517578,28424.722,20746.5,4.68,3.7,563912300000000.0,3.815,3.744,-0.1499999999999994,0.0710001
2488.179931640625,2483.47998046875,0.0006072417381741,0.0006070574415145,0.0183115883717029,47.15427943638393,70.20908158371168,6.178271771303116,-11.524568268905869,407440839,6806413707780,-0.029540598079388,457124771783,-161164421687,186561962,60383627461,4508.240234375,1301.8599853515625,104.37000274658205,14.31999969482422,28424.722,20746.5,4.59,3.7,563912300000000.0,3.799,3.701,-0.1399999999999996,0.09800005
2469.85009765625,2477.429931640625,-0.0073667638546899,-0.0073940324630055,0.0179214897680077,47.095703125,66.97498601662396,9.07635337812644,-7.404383939499406,388973752,8129523115949,-0.0453245851479311,-75238474139,-81675366334,-37321048424,-19315939507,4514.02001953125,1292.449951171875,103.81999969482422,13.800000190734863,28424.722,20746.5,4.64,3.7,563912300000000.0,3.796,3.681,-0.1999999999999993,0.11500001
2491.199951171875,2464.719970703125,0.008644189999986,0.0086070429071283,0.0178327775923472,46.183558872767854,73.275700316843,12.946618126848534,-3.3341835262298187,323806345,6586444840432,-0.1675367725069531,99964854525,354642393309,9466020611,39970751088,4547.3798828125,1294.5,103.47000122070312,13.40999984741211,28424.722,20746.5,4.62,3.7,563912300000000.0,3.755,3.667,-0.2000000000000001,0.08800006
2510.419921875,2504.699951171875,0.0077151457449586,0.0076855362051221,0.0177631057665569,45.6392822265625,73.01944365215613,17.364554061545732,0.8055639913252914,345054695,7713376763040,0.0656205486029002,352944596175,115083789166,6089359018,2598939340,4538.18994140625,1288.1500244140625,103.58999633789062,13.350000381469728,28424.722,20746.5,4.6,3.7,563912300000000.0,3.726,3.644,-0.1899999999999995,0.08200002
2511.699951171875,2493.169921875,0.0005098865276367,0.0005097565796717,0.0175778190197273,43.920724051339285,70.39043753170766,20.730123822536825,4.790475957567599,439485471,7755315532472,0.2736690077496264,142986688363,-93440363943,-21130474454,-14890996375,4556.6201171875,1295.18994140625,103.91999816894533,12.850000381469728,28424.722,20746.5,4.62,3.7,563912300000000.0,3.762,3.666,-0.2000000000000001,0.096000195
2514.9599609375,2515.830078125,0.001297929620974,0.0012970880384547,0.0160580839832106,43.045009068080354,68.72924144942633,23.390783259630552,8.51053741798019,360873812,6577868002160,-0.1788720314715477,118534036045,-7730491623,-9415175381,-61286809145,4556.6201171875,1298.7900390625,103.91999816894533,12.850000381469728,28424.722,20746.5,4.62,3.7,563912300000000.0,3.712,3.644,-0.2000000000000001,0.06799984
2496.6298828125,2517.8798828125,-0.0072884174737187,-0.0073151077540331,0.0162650247032251,35.252162388392854,48.95904539610465,23.746555409666144,11.55774101631738,359382702,6537960544304,-0.004131942940764,-214753070468,104016378133,-14552541225,-36743353134,4559.33984375,1300.1800537109375,103.4000015258789,12.460000038146973,28424.722,20746.5,4.67,3.7,563912300000000.0,3.779,3.677,-0.2000000000000001,0.102
2495.659912109375,2501.830078125,-0.0003885120136558,-0.0003885875040014,0.0162948438849813,30.863595145089285,61.84260121936352,23.677301677282685,13.981653148510444,364743731,8376475664368,0.0149173262100967,-106312974140,227072477853,-6079973448,-3053823423,4550.43017578125,1289.7900390625,103.1999969482422,12.6899995803833,28424.722,20746.5,4.6,3.7,563912300000000.0,3.767,3.689,-0.2099999999999999,0.07800007
2521.760009765625,2506.139892578125,0.0104581948564417,0.0104038862550693,0.0157812962559274,29.185023716517858,72.54998763022623,25.435275327597992,16.272377584327955,443089715,8753423571555,0.214797342192017,-94681286706,481503494233,38553770729,456656053,4554.89013671875,1302.530029296875,102.75,12.6899995803833,28424.722,20746.5,4.49,3.7,563912300000000.0,3.726,3.648,-0.1500000000000003,0.07800007
2519.81005859375,2518.800048828125,-0.0007732500968862,-0.0007735492089446,0.015783009491326,29.019321986607142,71.2167829667813,26.36719276267968,18.2913406199983,579271100,9428200342491,0.307344947061116,79866148864,-243514726125,6570736938,51627599035,4550.580078125,1287.530029296875,102.7699966430664,12.979999542236328,28424.722,20746.5,4.4,3.7,563912300000000.0,3.641,3.554,-0.1300000000000007,0.08700013
2535.2900390625,2512.110107421875,0.006143312435775,0.0061245192210515,0.015474796800034,28.594308035714285,79.00188355759053,28.03171691288435,20.239415878575517,664284035,11992488473054,0.1467584607621543,125286003802,249428954882,-8125593408,1778071116,4567.7998046875,1288.3599853515625,103.5,12.920000076293944,28424.722,20746.5,4.48,3.7,563912300000000.0,3.699,3.583,-0.1100000000000003,0.11599994
2505.010009765625,2520.489990234375,-0.0119434182402546,-0.0120153138864786,0.0157829943107041,28.233590262276785,71.00886311412627,26.60088059761938,21.51170882238429,516596238,8837749634076,-0.2223262779452467,-176685634680,-298975062863,-49335911087,-32095023693,4594.6298828125,1296.6600341796875,103.2699966430664,12.630000114440918,28424.722,20777.9,4.31,3.8,563912300000000.0,3.699,3.587,-0.0899999999999998,0.11199999
2514.949951171875,2522.219970703125,0.0039680246256501,0.0039601727799595,0.009932317357604,26.94857352120536,68.44911708115797,25.9696408548466,22.40329522887675,498860818,8772366761173,-0.0343312991760501,257073620970,134669829553,14744581721,9682279634,4569.77978515625,1299.18994140625,103.63999938964844,13.079999923706056,28424.722,20777.9,4.4,3.8,563912300000000.0,3.626,3.531,-0.1200000000000001,0.09500003
2494.280029296875,2507.449951171875,-0.0082188203647426,-0.0082527810748271,0.0084763557816138,24.67928641183036,52.01678073373007,23.530246822989284,22.628685547699256,427066848,8300521654842,-0.1439158326521447,29410123845,-229485849079,5375995538,95674873924,4567.18017578125,1307.800048828125,104.0500030517578,12.850000381469728,28424.722,20777.9,4.33,3.8,563912300000000.0,3.579,3.484,-0.1500000000000003,0.09500003
2495.3798828125,2503.570068359375,0.0004409502953583,0.0004408531053465,0.008132936091791,24.400704520089285,51.91224090954479,21.438627314114,22.390673900982208,390989432,7685319935995,-0.0844772104623771,-145740273723,243898760883,-2897283516,-30786894530,4549.33984375,1313.3699951171875,104.1500015258789,12.970000267028809,28424.722,20777.9,4.33,3.8,563912300000000.0,3.533,3.463,-0.2099999999999999,0.06999993
2492.070068359375,2493.139892578125,-0.0013263769880978,-0.0013272574046507,0.0081548723397891,23.982142857142858,56.41307855674201,19.291548456892546,21.770848812164274,446877270,8127635646232,0.1429395104469217,36060258561,-202986955797,-19525997049,30629380367,4585.58984375,1313.719970703125,103.54000091552734,13.0600004196167,28424.722,20777.9,4.31,3.8,563912300000000.0,3.576,3.511,-0.1699999999999999,0.06500006
2517.85009765625,2510.239990234375,0.0103448252214861,0.010291683696039,0.0081306253414432,23.539289202008927,57.499914117089325,19.446044014582185,21.305887852647857,431796634,7916793470777,-0.0337467063384091,203839352110,277014165519,33774736433,83565047318,4604.3701171875,1312.760009765625,104.01000213623048,12.350000381469728,28424.722,20777.9,4.45,3.8,563912300000000.0,3.534,3.461,-0.2199999999999997,0.072999954
2525.360107421875,2524.7900390625,0.0029827072599022,0.0029782678141238,0.008057600456874,22.817853655133927,54.501148180784405,19.94456930160186,21.033624142438654,435003610,8260507908287,0.00742705187461,5342310158,157320811611,-23683207663,27083471747,4622.43994140625,1316.510009765625,104.0999984741211,12.630000114440918,28424.722,20777.9,4.42,3.8,563912300000000.0,3.566,3.48,-0.1899999999999995,0.085999966
2535.27001953125,2535.110107421875,0.0039241580162172,0.0039164785917764,0.0077379771652459,22.204275948660715,56.75013529216815,20.898397551705784,21.006578824292085,378033628,7732529685587,-0.1309643890081739,74912663432,657593447208,-16138043973,-55948709324,4643.7001953125,1313.6199951171875,103.87000274658205,12.06999969482422,28424.722,20777.9,4.42,3.8,563912300000000.0,3.527,3.446,-0.2199999999999997,0.08099985
2510.659912109375,2531.22998046875,-0.0097070951939175,-0.0097545161719709,0.0066527640164322,22.952863420758927,48.902711168759325,19.444341058142527,20.69413127106217,377934427,7513616958089,-0.000262413162884,-130864026577,64103027249,-26289983091,57100772435,4707.08984375,1310.1400146484375,102.87000274658205,12.1899995803833,28424.722,20777.9,4.18,3.8,563912300000000.0,3.525,3.465,-0.1399999999999996,0.06000018
2544.179931640625,2547.739990234375,0.0133510792798248,0.013262739043875,0.0072413235088652,23.957135881696427,61.26086539228734,20.75749674735198,20.70680436632013,530123485,12960670969677,0.4026864109947834,625199591344,322736997346,145556951118,159791041181,4719.5498046875,1292.010009765625,101.95999908447266,12.479999542236328,28424.722,20777.9,4.09,3.8,563912300000000.0,3.332,3.258,-0.1699999999999999,0.07400012
2563.56005859375,2558.43994140625,0.0076174356664417,0.0075885695014677,0.0070883251470524,24.5185546875,64.79049558868107,23.095762793592712,21.18459605177465,465313553,12873295143562,-0.12225440644268,856547128458,227748688975,56582565051,32437027401,4719.18994140625,1291.9200439453125,102.5500030517578,12.279999732971191,28424.722,20777.9,4.13,3.8,563912300000000.0,3.358,3.281,-0.2199999999999997,0.07700014
2566.860107421875,2568.77001953125,0.0012872914044133,0.0012864635552126,0.0069084175526809,23.824968610491077,60.90745696180707,24.92778979852028,21.933234801123778,384828383,10181567999906,-0.1729697522908816,59377574402,-184339190353,17396007377,43159464303,4740.56005859375,1276.469970703125,102.51000213623048,12.5600004196167,28424.722,20777.9,4.15,3.8,563912300000000.0,3.336,3.277,-0.2000000000000001,0.059000015
2568.550048828125,2564.81005859375,0.0006583691107138,0.0006581524808472,0.0067540244550591,23.182111467633927,61.8026086000324,26.21387135560235,22.789362112019493,392497373,8418110713633,0.0199283377702419,-92128963587,133439163151,-25045227011,20169403822,4768.3701171875,1302.9300537109375,102.16999816894533,12.529999732971191,28424.722,20777.9,4.15,3.8,563912300000000.0,3.328,3.296,-0.2200000000000002,0.032000065
2614.300048828125,2586.989990234375,0.0178116054311936,0.0176548375748637,0.0076921290459246,24.56352887834821,66.68639730563345,30.57232418402145,24.345954526419888,570423377,11202542825393,0.4533176939250496,480437624933,1096667203226,33337206710,9714347547,4698.35009765625,1297.760009765625,102.41000366210938,13.670000076293944,28424.722,20777.9,4.06,3.8,563912300000000.0,3.28,3.232,-0.1999999999999997,0.04799986
2600.02001953125,2598.3701171875,-0.0054622763378963,-0.0054772491178242,0.0078718469578705,24.27139718191964,71.51984481154977,32.499516237488024,25.97666686863352,578334789,9467808991589,0.0138693684708506,13090104788,179404321003,-34617536391,-64993753419,4746.75,1296.97998046875,101.83999633789062,13.649999618530272,28424.722,20777.9,4.06,3.8,563912300000000.0,3.297,3.236,-0.1699999999999994,0.06099987
2599.510009765625,2617.719970703125,-0.0001961560917969,-0.0001961753329192,0.0076007896411972,24.3599853515625,70.00760196218428,33.59837514437049,27.50100852378092,465967201,8848287882829,-0.1942950521691684,-37303203376,377386297887,-49297684267,13269625657,4754.6298828125,1291.7099609375,101.6999969482422,13.029999732971191,28424.722,20777.9,4.04,3.8,563912300000000.0,3.301,3.234,-0.1400000000000001,0.06700015
2602.590087890625,2609.43994140625,0.0011848687304256,0.0011841673274637,0.0075826833972809,24.00927734375,77.95387124173617,34.32212125922888,28.86523107087051,440428129,9582765574870,-0.0548087332009447,82263319958,958563425351,-798990823,-28109502226,4774.75,1294.5799560546875,101.47000122070312,12.989999771118164,28424.722,20777.9,4.05,3.8,563912300000000.0,3.271,3.221,-0.1599999999999997,0.049999952
2613.5,2599.35009765625,0.0041919440791451,0.0041831823587904,0.0073479903425137,24.58285086495536,79.01643276958139,35.368329907695625,30.16585083823553,349733378,10359763878782,-0.2059240657628387,224943524117,-285766148894,-474021395,-13529290475,4781.580078125,1293.9200439453125,100.98999786376952,12.43000030517578,28424.722,20777.9,3.97,3.8,563912300000000.0,3.26,3.22,-0.1800000000000001,0.03999996
2655.280029296875,2616.27001953125,0.015986236578104,0.0158598023894386,0.0079588793546116,26.356427873883927,83.71963755732523,39.11783098749629,31.956246868087685,460086621,9418929602384,0.3155353476155771,701651627032,785403465107,45360139712,29680611113,4783.35009765625,1294.760009765625,101.2300033569336,12.470000267028809,28424.722,20777.9,4.02,3.8,563912300000000.0,3.183,3.154,-0.1799999999999997,0.029000044
2669.81005859375,2645.469970703125,0.005472126908107,0.0054572092179094,0.0079447932570075,26.67143903459821,82.92593901357816,42.76877769207658,34.118753032885465,409871688,9628190129018,-0.1091423456106105,228169008331,207003722486,-45651530761,-48757352917,4742.830078125,1293.5400390625,102.1999969482422,13.199999809265137,28708.161,20843.9,4.09,3.7,563912300000000.0,3.306,3.24,-0.1399999999999996,0.065999985
2607.31005859375,2643.5400390625,-0.0234099050600327,-0.0236882697980172,0.0093740315160658,29.961443219866077,64.33943677254487,40.1560575581484,35.32621393793805,463131608,10121578328315,0.1299429103285612,-97306133000,-1026322831153,-82922074334,-23322437270,4704.81005859375,1307.6199951171875,102.45999908447266,14.039999961853027,28708.161,20843.9,4.07,3.7,563912300000000.0,3.338,3.278,-0.1600000000000001,0.059999943
2587.02001953125,2592.43994140625,-0.0077819816617603,-0.0078124192939476,0.0096111762442228,30.64144461495536,58.73770559380024,36.03285709999227,35.4675425703489,770176172,8992273956601,0.6629747542517115,114904769078,-573620655840,-101652149900,-51803099856,4688.68017578125,1309.530029296875,102.41999816894533,14.130000114440918,28708.161,20843.9,4.14,3.7,563912300000000.0,3.288,3.227,-0.1499999999999994,0.06100011
2578.080078125,2586.889892578125,-0.0034556908484495,-0.0034616755395421,0.009415300734046,30.235002790178573,62.01956013632032,31.678640821451157,34.709762220569345,522289892,8384472928787,-0.3218565946493603,-51007262023,-225719711532,-47365153570,-120251638647,4697.240234375,1311.25,102.41000366210938,13.350000381469728,28708.161,20843.9,4.17,3.7,563912300000000.0,3.344,3.283,-0.1200000000000001,0.06100011
2567.820068359375,2584.22998046875,-0.0039797094949381,-0.0039876496120111,0.0094970084060689,29.259992327008927,54.59566850056764,27.0877453419007,33.18535884483562,320143990,6763632029996,-0.3870377449311234,170001896263,-252660239524,-60224900997,-69842222660,4763.5400390625,1313.1300048828125,102.20999908447266,13.079999923706056,28708.161,20843.9,4.11,3.7,563912300000000.0,3.344,3.297,-0.1000000000000005,0.04700017
2561.239990234375,2598.31005859375,-0.0025625152658005,-0.0025658041277516,0.009519949996857,30.21142578125,49.52535454811536,22.6572911375024,31.079745303368977,791214273,8896714487368,1.4714325357161946,65561520138,144537343691,-30452817222,-123929980993,4756.5,1311.800048828125,102.56999969482422,12.760000228881836,28708.161,20843.9,4.09,3.7,563912300000000.0,3.323,3.255,-0.0700000000000002,0.06799984
2541.97998046875,2563.969970703125,-0.007519798940771,-0.0075482151746996,0.0094755778020473,31.017857142857142,45.2219778983248,17.391523775117548,28.342100997718696,570021066,8795834820834,-0.2795616997167087,-23772970820,17558623393,-40309700084,-88601071428,4783.4501953125,1319.7900390625,102.36000061035156,12.6899995803833,28708.161,20843.9,4.1,3.7,563912300000000.0,3.346,3.269,-0.0599999999999996,0.0769999
2540.27001953125,2543.030029296875,-0.000672688593395,-0.0006729149498842,0.0094600087837459,31.26714215959821,44.56947240409669,12.931321421823212,25.2599450825396,788422596,13669889824902,0.3831464186623587,2296215818155,-424099929438,92631377706,-56890552755,4780.240234375,1317.5,102.29000091552734,12.4399995803833,28708.161,20843.9,4.02,3.7,563912300000000.0,3.307,3.227,-0.0399999999999995,0.07999992
2525.050048828125,2536.550048828125,-0.0059914775146358,-0.0060094984333811,0.0095201606332397,29.7843017578125,30.58517248631389,8.075366685268818,21.82302940308545,790177187,8368765827550,0.0022254448425269,-211917387709,-53291793982,-44027256870,-65731730497,4783.830078125,1311.989990234375,102.4000015258789,12.699999809265137,28708.161,20843.9,3.92,3.7,563912300000000.0,3.306,3.204,0.04,0.102
2525.989990234375,2525.68994140625,0.000372246643858,0.000372177377265,0.0092508508407621,29.290004185267858,32.90378597806783,4.25379785359155,18.309183093186668,802102006,8182706743844,0.0150913228022615,-49758040039,189454428492,-38977120453,-75262965119,4783.830078125,1312.8499755859375,102.4000015258789,12.699999809265137,28708.161,20843.9,3.92,3.7,563912300000000.0,3.293,3.191,0.04,0.102
2497.590087890625,2516.27001953125,-0.0112430779431216,-0.0113067591087199,0.0090690411364602,30.218575613839285,29.14894382166139,-1.0543043850143476,14.436485597546469,659578602,8828509480164,-0.1776873800761944,-183870174147,-287720521078,-31179346966,-83150626229,4765.97998046875,1319.7099609375,103.36000061035156,13.84000015258789,28708.161,20843.9,4.02,3.7,563912300000000.0,3.322,3.235,0.0500000000000007,0.08700013
2435.89990234375,2501.22998046875,-0.0246998840386079,-0.0250100441059977,0.0103038983235286,33.867135184151785,22.494277387765493,-10.122213482989082,9.524745781439355,965595357,11281597951689,0.4639579787338219,-905570812638,89850072093,-26931353592,-81359132204,4739.2099609375,1337.7900390625,103.4499969482422,14.789999961853027,28708.161,20843.9,4.12,3.7,563912300000000.0,3.369,3.277,-0.0200000000000004,0.09200001
2440.0400390625,2439.9599609375,0.0016996333530645,0.001698190610821,0.0103123829738222,33.969273158482146,20.723092137794623,-16.781080491211014,4.263580526909284,571507487,8300177532644,-0.4081294168857524,-132614594405,-11955621903,11780753905,-38692383388,4780.93994140625,1344.050048828125,103.54000091552734,14.130000114440918,28708.161,20843.9,4.13,3.7,563912300000000.0,3.38,3.285,0.0099999999999997,0.09500003
2472.739990234375,2468.429931640625,0.0134013994231172,0.0133123949775241,0.0108905017446543,33.640694754464285,18.216335886169787,-19.19836103959733,-0.4288077863920394,518806918,9174537029762,-0.092213260891191,702835503195,-105263100052,-38034751727,-75358587043,4839.81005859375,1337.6600341796875,103.29000091552734,13.300000190734863,28708.161,20843.9,4.18,3.7,563912300000000.0,3.422,3.307,-0.0299999999999993,0.11500001
2464.35009765625,2489.570068359375,-0.0033929538128794,-0.0033987229339381,0.0098705261378056,33.0992431640625,13.44389248847581,-21.5427362499554,-4.651593479104711,388045571,8419915774574,-0.2520424120481754,300054481529,-21916102074,20482718153,1845425801,4850.43017578125,1333.2099609375,103.33000183105467,13.1899995803833,28708.161,20843.9,4.14,3.7,563912300000000.0,3.372,3.278,-0.0299999999999993,0.09399986
2478.610107421875,2478.320068359375,0.0057865194475359,0.0057698418497782,0.0100381352511627,29.96353585379464,22.355886464869783,-21.996445550271343,-8.120563893338037,472284165,8029400288499,0.2170842815778459,141101944737,137826000283,9801457112,62362891350,4864.60009765625,1338.739990234375,103.62000274658205,12.550000190734863,28708.161,20843.9,4.16,3.7,563912300000000.0,3.372,3.286,-0.0200000000000004,0.085999966
2469.68994140625,2476.219970703125,-0.0035988580813556,-0.0036053495503641,0.0100278425293983,29.752825055803573,23.503907835077012,-22.812824250622725,-11.059015964794977,395463694,7446526589060,-0.1626573082330634,72596902146,-35392768573,-30480446493,-6129803897,4868.5498046875,1336.780029296875,103.23999786376952,13.140000343322754,28708.161,20843.9,4.19,3.7,563912300000000.0,3.4,3.3,-0.0100000000000006,0.10000014
2470.340087890625,2467.72998046875,0.0002632502459012,0.0002632156016351,0.0100118388977043,29.892822265625,24.723205806577997,-23.14059845014299,-13.475332461864578,357233504,8124338284896,-0.0966718072481263,45736559913,122082416451,2018862992,35308436380,4894.16015625,1329.8900146484375,103.56999969482422,13.449999809265137,28708.161,20843.9,4.12,3.7,563912300000000.0,3.419,3.313,0.0199999999999995,0.10599995
2478.56005859375,2458.050048828125,0.0033274652115384,0.0033219414491977,0.0099829042122097,31.594273158482142,28.85638774672242,-22.47796691561325,-15.275859352614315,292662412,7144493302087,-0.1807531804183741,378937746349,-107631918798,36249499311,37543912204,4890.97021484375,1336.030029296875,103.47000122070312,13.260000228881836,28708.161,20843.9,4.15,3.7,563912300000000.0,3.386,3.263,0.0,0.12299991
2500.64990234375,2490.929931640625,0.0089123697743007,0.0088728890115112,0.0094066709936011,31.236397879464285,36.63002242183872,-19.94049921003443,-16.20878732409834,427439639,8958520572993,0.4605211379177727,546796241753,-5753762947,70986827780,88985971442,4927.93017578125,1336.760009765625,103.61000061035156,13.600000381469728,28708.161,20843.9,4.1,3.7,563912300000000.0,3.436,3.304,-0.0199999999999995,0.13200021
2498.81005859375,2523.679931640625,-0.000735746234719,-0.0007360170288119,0.0092135697576203,31.33354840959821,39.6806573602876,-17.871980717514816,-16.541426002781634,481808939,8734431084623,0.1271976088300972,-13424075615,80957806616,21539683447,59507512094,4924.97021484375,1333.2099609375,103.4000015258789,13.3100004196167,28708.161,20843.9,4.14,3.7,563912300000000.0,3.35,3.268,-0.08,0.08200002
2497.090087890625,2487.89990234375,-0.0006883159034876,-0.0006885529016384,0.0078741396400685,31.222830636160715,39.67875854486631,-16.184882915163143,-16.470117385257936,454574443,9000429911787,-0.0565255100009673,89167046947,27968112155,-280576421,8363215432,4845.64990234375,1326.6199951171875,103.2699966430664,14.350000381469728,28708.161,20843.9,4.05,3.7,563912300000000.0,3.345,3.261,-0.0599999999999996,0.08400011
2542.4599609375,2491.929931640625,0.0181690974093771,0.0180060118088421,0.0089425355524458,32.969970703125,53.63722144864556,-11.059390400576376,-15.387971988321624,751074606,13462481624148,0.652258761058417,1045216260522,64529536631,146513087376,-44509005586,4906.18994140625,1333.9100341796875,103.0500030517578,13.880000114440918,28708.161,20927.4,3.96,3.9,563912300000000.0,3.339,3.267,-0.0899999999999998,0.07200003
2615.31005859375,2559.39990234375,0.0286533903288637,0.0282505588339628,0.01102708635804,36.731410435267854,64.34906682334004,-1.1062543963357712,-12.531628469924454,596121129,14368149719486,-0.2063090347645171,1934414924457,410083967699,65644912089,132048261589,4958.60986328125,1328.949951171875,103.91999816894533,13.850000381469728,28708.161,20927.4,4.14,3.9,563912300000000.0,3.287,3.248,-0.1099999999999994,0.039000034
2591.31005859375,2612.77001953125,-0.0091767321894157,-0.0092190977805583,0.0112051650201736,38.0135498046875,65.27179374562884,4.789863605805749,-9.067330054778417,511677820,12476233311073,-0.1416546149633289,179461153528,-968004647963,67433199407,123946876000,4942.81005859375,1337.72998046875,104.4499969482422,13.670000076293944,28708.161,20927.4,4.27,3.9,563912300000000.0,3.374,3.312,-0.0999999999999996,0.062000036
2576.199951171875,2584.199951171875,-0.0058310688725821,-0.0058481359331573,0.0112755589646072,35.63783482142857,76.95382378462044,8.14937924213973,-5.623988195394786,411617635,10386506269960,-0.1955531021454086,337846675502,-36523993515,-58257628092,-53133920957,4954.22998046875,1333.3900146484375,104.18000030517578,13.0600004196167,28708.161,20927.4,4.14,3.9,563912300000000.0,3.382,3.292,-0.0499999999999998,0.089999914
2609.580078125,2592.590087890625,0.0129571180753811,0.0128738927568967,0.0114515941152874,37.36570521763393,79.28152660837651,13.351410118808417,-1.8289085325541456,518182343,11491680255121,0.2588924743226806,538978673981,622454091628,-25330361669,-4488688516,4995.06005859375,1326.7900390625,104.04000091552734,12.829999923706056,28708.161,20927.4,4.16,3.9,563912300000000.0,3.378,3.286,-0.0700000000000002,0.09200001
2620.320068359375,2620.260009765625,0.0041156009445364,0.0041071550243967,0.0114578605982854,36.006417410714285,77.58093305251478,18.131673871432668,2.1632079482432167,430009355,12493447627224,-0.1701582255572918,411334368377,170359845697,19339886087,56020020407,4997.91015625,1327.6199951171875,104.1500015258789,12.789999961853027,28708.161,20927.4,4.22,3.9,563912300000000.0,3.4,3.305,-0.0699999999999994,0.09500003
2649.639892578125,2644.169921875,0.0111894056656627,0.0111272673635452,0.0115033603885741,36.7357177734375,82.11595898010533,24.00916935465466,6.532400229525505,559385295,13294428567621,0.300867733447334,960754764596,775036364488,-110219709029,-90423236839,4953.169921875,1328.5,104.95999908447266,15.850000381469728,28708.161,20927.4,4.44,3.9,563912300000000.0,3.453,3.353,-0.1300000000000007,0.10000014
2620.419921875,2609.60009765625,-0.0110279026161149,-0.0110891607160781,0.0118891428563879,38.810703822544646,73.36780252468321,26.00949813180523,10.42781980998145,543525036,10107666432067,-0.0283530138202864,107712265234,-470713672239,-37644681117,10495829718,5000.6201171875,1340.7900390625,104.72000122070312,14.380000114440918,28708.161,20927.4,4.38,3.9,563912300000000.0,3.502,3.425,-0.1100000000000003,0.07700014
2613.800048828125,2643.81005859375,-0.0025262642035396,-0.0025294605933709,0.0115352365002059,39.224278041294646,73.92825031396264,26.752221709801688,13.692700189945498,621363093,10691023734593,0.1432096993596445,-9300908897,109423964906,-32521350908,-16150453454,5029.72998046875,1326.0,104.3000030517578,14.010000228881836,28708.161,20927.4,4.36,3.9,563912300000000.0,3.477,3.405,-0.1200000000000001,0.07200003
2648.760009765625,2635.6298828125,0.0133751474039394,0.0132864897841564,0.0098186211699372,40.17499651227679,76.59495181810242,29.818087816240222,16.917777715204444,593841761,10221803977167,-0.0442918678467438,564332004874,276995926045,14433252751,5759449020,5005.56982421875,1327.6600341796875,104.27999877929688,14.239999771118164,28708.161,20927.4,4.43,3.9,563912300000000.0,3.482,3.405,-0.1299999999999999,0.07700014
2680.260009765625,2653.1201171875,0.0118923571346076,0.0118221987401809,0.0099436375650302,39.137119838169646,78.1138829999013,34.39313291027338,20.41284875421823,422699048,9820891305363,-0.2881958195594128,615818658989,308694635234,39642375053,92021674096,5005.56982421875,1331.5799560546875,104.27999877929688,14.239999771118164,28708.161,20927.4,4.43,3.9,563912300000000.0,3.467,3.397,-0.1299999999999999,0.06999993
2657.7900390625,2671.550048828125,-0.0083835040709687,-0.0084188432908249,0.0101378454447732,38.992135184151785,71.87974208496729,35.79314911976235,23.48890882732705,612668186,9999238286778,0.4494193656192005,108100424187,-235238168186,-52939992009,4490071306,4975.509765625,1333.3399658203125,104.08000183105467,15.420000076293944,28708.161,20927.4,4.38,3.9,563912300000000.0,3.489,3.405,-0.1100000000000003,0.08400011
2653.31005859375,2656.919921875,-0.0016856036040868,-0.0016870258322752,0.0100826519636169,38.79070172991072,71.35513192403789,36.124751421771634,26.01607734621597,562144348,9150151196628,-0.0824652546917132,-64775807045,82532801604,-23285416426,50767809671,4981.7998046875,1333.75,104.01000213623048,15.34000015258789,28708.161,20927.4,4.43,3.9,563912300000000.0,3.474,3.402,-0.1099999999999994,0.07200003
2664.27001953125,2671.68994140625,0.0041306747780953,0.004122166961669,0.0100715231112143,38.997837611607146,72.53221878037529,36.84717459446483,28.182296795865746,456396847,10278918996172,-0.1881144965278561,169401662585,120718578274,-15650718952,-48461557762,5087.02978515625,1332.8699951171875,103.95999908447266,14.539999961853027,28708.161,20927.4,4.49,3.9,563912300000000.0,3.424,3.342,-0.1600000000000001,0.08200002
2667.699951171875,2681.030029296875,0.0012873813898293,0.001286553424936,0.0099456439884147,37.56926618303572,69.03113121379606,37.266877614551504,29.9992129596029,415376166,10282074497042,-0.0898794136498493,146513959251,88295019877,-11939678140,4438819180,5088.7998046875,1327.1700439453125,103.94000244140624,13.75,28708.161,20927.4,4.45,3.9,563912300000000.0,3.468,3.374,-0.1900000000000004,0.09399986
2647.080078125,2657.35009765625,-0.0077294573693781,-0.0077594844537801,0.0102551586316063,35.072108677455354,55.73860569477127,35.526120847466245,31.10459453717557,531661427,10950640820454,0.2799516932322015,119241482008,57616042097,-68806104315,-18713777280,5069.52978515625,1330.0,103.83000183105467,13.739999771118164,28708.161,20927.4,4.48,3.9,563912300000000.0,3.402,3.34,-0.2000000000000001,0.062000036
2625.050048828125,2654.760009765625,-0.0083223886874171,-0.008357213113689,0.0105901876303577,33.827113560267854,56.138123887956674,32.0000427430482,31.2836841783501,574301706,12634501574691,0.0802019421281055,35893174343,96777588677,-39228185895,38556958308,5078.18017578125,1331.719970703125,103.83000183105467,13.43000030517578,28708.161,20927.4,4.5,3.9,563912300000000.0,3.43,3.364,-0.1900000000000004,0.065999985
2652.2900390625,2629.110107421875,0.0103769412878567,0.0103234704238365,0.0106383133885088,33.74571010044643,63.25752258540938,31.045763759787405,31.236100094637564,421552569,10266442750037,-0.2659736779538663,477877464276,76639185114,4945486310,-1281253923,5069.759765625,1331.7900390625,103.9800033569336,13.84000015258789,28708.161,20927.4,4.44,3.9,563912300000000.0,3.442,3.359,-0.1700000000000008,0.082999945
2642.360107421875,2643.47998046875,-0.003743908657944,-0.0037509346258337,0.0107142882526574,31.933558872767858,56.21966415749856,29.152180109150777,30.81931609754021,496064469,12975398337140,0.1767558911496041,179490233297,-445242401174,-37925464817,16723307982,5096.27001953125,1333.3800048828125,104.16000366210938,13.399999618530272,28708.161,20927.4,4.43,3.9,563912300000000.0,3.475,3.385,-0.1799999999999997,0.089999914
2674.27001953125,2664.52001953125,0.0120762919557202,0.0120039553318174,0.0108719622572521,33.3985595703125,59.4752364103193,29.881904652457703,30.63183380852371,404014324,12680157695305,-0.1855608509627001,770225637938,-43513838625,11319634698,73931939075,5130.9501953125,1330.9000244140625,103.83000183105467,13.489999771118164,28708.161,20973.9,4.39,3.9,563912300000000.0,3.434,3.36,-0.1699999999999999,0.07400012
2649.39990234375,2660.800048828125,-0.0092997778855028,-0.0093432908036246,0.0106596967777734,33.32212611607143,49.95718122664678,28.12915066257028,30.131297179333025,457237152,12207053152140,0.1317350025441177,85533627777,-407198329961,-72997670191,34085214971,5078.64990234375,1328.93994140625,103.8000030517578,14.460000038146973,28708.161,20973.9,4.32,3.9,563912300000000.0,3.409,3.349,-0.1900000000000004,0.059999943
2641.489990234375,2638.840087890625,-0.0029855485773883,-0.0029900142180151,0.0087350337872308,31.319998604910715,54.068689154468096,25.804360095813536,29.26590976262913,378993989,10533005950271,-0.1711216218055701,-377379623759,-132125741387,-51006404764,-24711028395,5104.759765625,1333.4300537109375,103.37000274658205,14.5,28708.161,20973.9,4.32,3.9,563912300000000.0,3.381,3.325,-0.2099999999999999,0.055999994
2647.6201171875,2653.97998046875,0.0023207080003286,0.0023180193164805,0.0084353583955818,31.079275948660715,56.54312567248805,24.17788917970529,28.248305646044365,462910823,10871921043030,0.2214199603044364,-324588467680,41853533217,-26515067376,-14115908194,5157.35986328125,1327.0899658203125,102.81999969482422,14.4399995803833,28708.161,20973.9,4.28,3.9,563912300000000.0,3.399,3.321,-0.1900000000000004,0.07799983
2680.35009765625,2676.7900390625,0.0123620379888631,0.0122862519380552,0.008624548970255,31.466413225446427,56.16488872583818,25.238995716675163,27.64644366017053,454259855,11479440624975,-0.0186881955879437,182117355683,672494732816,-13318613139,-15234742937,5123.68994140625,1321.1800537109375,102.73999786376952,14.739999771118164,28708.161,20973.9,4.25,3.9,563912300000000.0,3.334,3.271,-0.1600000000000001,0.0630002
2659.840087890625,2665.580078125,-0.0076519891127503,-0.0076814157926464,0.008481806652031,30.53642926897321,45.83640309830549,24.14659697411844,26.94647432296011,391384816,8856058910332,-0.1384120527225546,-106181568240,-38700956515,-54255192239,27596986702,5117.93994140625,1315.97998046875,102.87000274658205,15.220000267028809,28708.161,20973.9,4.26,3.9,563912300000000.0,3.342,3.275,-0.1600000000000001,0.06699991
2681.81005859375,2673.469970703125,0.0082598840445886,0.0082259578917386,0.0086114121377629,29.828560965401785,54.90765903277426,24.76814437465373,26.51080833329884,403969278,9731030845026,0.03215367966651,-372260034957,475106035607,-48028409585,-23520120205,5175.27001953125,1310.5400390625,102.95999908447266,13.84000015258789,28708.161,20973.9,4.33,3.9,563912300000000.0,3.335,3.273,-0.1699999999999999,0.062000036
2693.570068359375,2694.7099609375,0.0043851016696505,0.0043755151264178,0.0083277681519859,29.471418108258927,57.98810491469118,25.91097409284748,26.390841485208565,498759769,10957571435594,0.2346477719030901,334780333474,40228954152,-176396213000,48287264219,5165.31005859375,1311.1500244140625,102.79000091552734,13.75,28708.161,20973.9,4.37,3.9,563912300000000.0,3.331,3.251,-0.1799999999999997,0.08000016
2718.760009765625,2698.3701171875,0.0093518790181659,0.0093084209306597,0.0080361539298899,29.95785086495536,60.23364087458974,28.520525760958208,26.816778340358493,609288045,14142602900461,0.2216062378519547,472611203728,-186256274148,-37065139151,136617262166,5150.47998046875,1313.6500244140625,103.36000061035156,14.399999618530272,28708.161,20973.9,4.46,3.9,563912300000000.0,3.354,3.273,-0.1699999999999999,0.08100009
2666.840087890625,2701.909912109375,-0.0190969124485084,-0.0192816137447937,0.0092908656170716,31.485700334821427,49.8633922171575,26.098265912487022,26.6730758547842,584947718,13235768120641,-0.0399488012275047,-1035477088374,14606140982,-106124077599,75833319845,5117.08984375,1321.9200439453125,103.43000030517578,14.40999984741211,28708.161,20973.9,4.51,3.9,563912300000000.0,3.41,3.308,-0.2000000000000001,0.102
2685.840087890625,2678.52001953125,0.0071245366702989,0.0070992770632854,0.0089574077883561,30.404994419642858,56.18972020114515,25.41873735983881,26.42220815579513,408182483,9523805666900,-0.3021898018584971,-86899513299,306873060469,-899914637,1395248889,5149.419921875,1329.3399658203125,103.58000183105467,14.329999923706056,28708.161,20973.9,4.52,3.9,563912300000000.0,3.435,3.348,-0.1799999999999997,0.08699989
2656.169921875,2673.570068359375,-0.0110468847901242,-0.0111083547421101,0.0089256771025593,30.78499930245536,54.85126176878267,22.22982012378452,25.583730549393007,695865617,10702804612977,0.7047904944024754,-241440907481,-538775798395,-35396996074,18301934161,5178.509765625,1336.0899658203125,103.80999755859376,13.81999969482422,28708.161,20973.9,4.47,3.9,563912300000000.0,3.472,3.383,-0.1699999999999999,0.08899999
2690.139892578125,2680.699951171875,0.0127890804061003,0.0127079907600996,0.0091796687592284,30.940708705357142,55.77913349342475,22.18790462315019,24.90456536414444,720451805,12739395278981,0.035331804588931,853830013360,555424568367,23926904692,10218348100,5224.6201171875,1337.02001953125,103.41000366210938,13.039999961853027,28708.161,20973.9,4.41,3.9,563912300000000.0,3.451,3.371,-0.1400000000000005,0.07999992
2754.860107421875,2731.179931640625,0.0240583082769441,0.0237734666729035,0.010513593169892,33.915004185267854,64.71510559237879,27.065077370893505,25.33666776549425,825226939,14013557214292,0.1454297612593253,1878339613411,1096862478120,10202996486,-15368975587,5241.52978515625,1330.1099853515625,104.0,12.920000076293944,28708.161,20973.9,4.42,3.9,563912300000000.0,3.411,3.306,-0.1500000000000003,0.10500002
2748.56005859375,2751.14990234375,-0.002286885207402,-0.0022895041229125,0.0105392816507162,32.8035888671875,60.41496673146956,30.075222182741072,26.284378648943623,509545275,11532687277699,-0.3825392132527074,666788249828,-26332545579,-72132530851,-17959564694,5234.18017578125,1334.6800537109375,104.43000030517578,13.0600004196167,28708.161,20973.9,4.36,3.9,563912300000000.0,3.362,3.284,-0.1400000000000005,0.07800007
2737.570068359375,2756.590087890625,-0.0039984537358073,-0.0040064689246548,0.0106126406027586,32.550013950892854,62.8614082609027,31.214165795176086,27.27033607819012,489620187,9979717463873,-0.0391036655182407,-43286028618,-141536486321,-79833518248,10313948958,5218.18994140625,1343.5999755859375,104.2300033569336,13.1899995803833,28708.161,20973.9,4.39,3.9,563912300000000.0,3.37,3.29,-0.1399999999999996,0.07999992
2757.090087890625,2756.419921875,0.0071304182336229,0.0071051170025737,0.0104648005336072,34.136422293526785,66.31017221685627,33.307936100343795,28.477856082620853,448300913,12188273305400,-0.0843904624381837,623038803749,709984907492,-45568972334,-83112767384,5203.580078125,1339.1300048828125,104.29000091552734,13.239999771118164,28708.161,20973.9,4.38,3.9,563912300000000.0,3.397,3.301,-0.1399999999999996,0.095999956
2755.110107421875,2745.0,-0.0007181413757374,-0.0007183993627767,0.0102016001374139,33.44642857142857,65.34561877894214,34.41082965132546,29.664450796361777,510644016,12461944297042,0.139065304558057,292897572586,172526141112,-68364828056,85111846153,5248.490234375,1343.06005859375,104.3499984741211,12.779999732971191,28708.161,20973.9,4.36,3.9,563912300000000.0,3.373,3.288,-0.1600000000000001,0.0849998
2745.820068359375,2753.219970703125,-0.0033719302315627,-0.0033776280002305,0.0101023280256221,31.575020926339285,60.017123223708346,34.14168809623925,30.559898256337277,419277948,11925008942773,-0.1789232129178617,73487346552,-189842652476,-34140067486,-671097806,5254.35009765625,1349.800048828125,104.5500030517578,13.010000228881836,28708.161,20973.9,4.4,3.9,563912300000000.0,3.377,3.293,-0.2000000000000001,0.08400011
2746.6298828125,2757.27001953125,0.0002949262635438,0.0002948827813425,0.0100269670260622,31.347865513392858,64.13099906903973,33.606343722033216,31.169187349476463,495495575,11190102648960,0.1817830567134906,782349262630,-117410797384,-82278583086,-77790551674,5254.35009765625,1349.800048828125,104.5500030517578,13.010000228881836,28708.161,20973.9,4.4,3.9,563912300000000.0,3.413,3.322,-0.2000000000000001,0.09100008
2747.860107421875,2766.239990234375,0.0004479033076401,0.0004478030288959,0.0097452132640488,31.120744977678573,61.5330836369279,32.90207366866525,31.51576461331422,397600506,10066834746484,-0.1975700166444473,270726587745,127609421735,-43473379591,-4839075428,5243.77001953125,1345.31005859375,105.0199966430664,13.649999618530272,29147.044,20959.7,4.51,3.9,563912300000000.0,3.381,3.291,-0.1799999999999997,0.09000015
2753.159912109375,2744.14990234375,0.0019287025104317,0.0019268449518133,0.0094141141941676,31.2086181640625,60.64522037978769,32.39811917265206,31.69223552518179,630392908,13116888253006,0.5854932236932313,1006459481239,-253080099477,19967817486,-116722698136,5205.81005859375,1355.530029296875,104.81999969482422,14.609999656677246,29147.044,20959.7,4.51,3.9,563912300000000.0,3.425,3.333,-0.1499999999999994,0.09200001
2706.969970703125,2730.679931640625,-0.0167770644934536,-0.016919393595408,0.0102726540413751,32.7086181640625,48.04080665603199,27.949406003223885,30.94366962079021,640806255,13257039663440,0.016518820037233,531578062,-595525754823,-99269272338,56271725959,5211.490234375,1350.72998046875,104.25,14.329999923706056,29147.044,20959.7,4.48,3.9,563912300000000.0,3.452,3.341,-0.1200000000000001,0.11099982
2742.0,2738.239990234375,0.0129406789421369,0.0128576637711416,0.0105969333070363,31.81576102120536,63.232367517289696,26.939853509510613,30.142906398534294,477952756,11978193544511,-0.2541384353372143,586429000048,-33795731478,-4016363006,-43559657516,5147.2099609375,1344.8399658203125,104.12000274658205,16.350000381469727,29147.044,20959.7,4.46,3.9,563912300000000.0,3.457,3.338,-0.1500000000000003,0.11899996
2714.2099609375,2713.9599609375,-0.010134952247447,-0.0101866605467519,0.0106125148173416,32.80861118861607,54.84474292256366,23.625017487974677,28.83932861642237,621030559,11293864180906,0.2993555350479033,-113075128415,-383323957165,-62186516304,60407304303,5204.33984375,1351.3599853515625,104.3000030517578,16.030000686645508,29147.044,20959.7,4.54,3.9,563912300000000.0,3.433,3.329,-0.1500000000000003,0.10400009
2717.64990234375,2718.760009765625,0.0012673822054141,0.0012665797545232,0.0104308444969189,31.247174944196427,61.53210664663913,21.0331040506544,27.278083703268777,620652526,10560913230739,-0.0006087188376183,206097245883,-204863192855,35816006554,51208702671,5202.39013671875,1350.27001953125,104.13999938964844,15.1899995803833,29147.044,20959.7,4.6,3.9,563912300000000.0,3.488,3.383,-0.1799999999999997,0.10500002
2705.159912109375,2733.22998046875,-0.0045958790437294,-0.0046064725659812,0.010362277513984,31.312883649553573,53.06430854073525,17.766356648864985,25.37573829238802,470183666,10037704753832,-0.2424365545883559,303574082588,53173111089,16762606397,-3594160472,5209.91015625,1354.219970703125,104.1500015258789,14.979999542236328,29147.044,20959.7,4.52,3.9,563912300000000.0,3.503,3.391,-0.1599999999999992,0.11199999
2706.9599609375,2665.39990234375,0.0006654130944596,0.0006651918053268,0.0103211194738649,30.65860421316964,36.85217127915221,15.148067204705058,23.33020407485143,561333352,12789892903761,0.1938597458636515,1065090769092,-1302702364100,104126540855,98875013081,5199.06005859375,1363.760009765625,105.27999877929688,14.90999984741211,29147.044,20959.7,4.77,3.9,563912300000000.0,3.585,3.466,-0.2099999999999999,0.11899996
2681.820068359375,2710.889892578125,-0.0092871312989122,-0.0093305255840453,0.0103014273466203,31.327165876116077,33.39799221421241,10.918611768379378,20.847885613557025,514575252,11903471260891,-0.0832982751397247,14607221018,-556272267872,-38180264801,38901923580,5123.41015625,1367.8399658203125,106.04000091552734,17.309999465942383,29147.044,20959.7,4.7,3.9,563912300000000.0,3.538,3.403,-0.2000000000000001,0.13499999
2670.429931640625,2661.360107421875,-0.0042471666362456,-0.0042562114674854,0.0093804677533979,31.950753348214285,33.33163622786793,6.571892337644385,17.992686958374495,561950019,10506647345531,0.0920657703919269,-238067563594,-31416184970,-9752284617,52468571584,5061.81982421875,1379.6099853515625,106.20999908447266,19.229999542236328,29147.044,20959.7,4.78,3.9,563912300000000.0,3.561,3.44,-0.1500000000000003,0.12100005
2609.6298828125,2644.169921875,-0.0227678877126618,-0.0230310786082525,0.0105395555484993,33.890049525669646,19.618376748083776,-1.7586967791371535,14.042410210872166,570212078,12257738700180,0.0147024801506412,-270261774041,-79588663622,-91530079344,22980198501,5051.41015625,1387.6700439453125,106.26000213623048,18.399999618530277,29147.044,20959.7,4.83,3.9,563912300000000.0,3.618,3.469,-0.1600000000000001,0.14899993
2584.179931640625,2619.14990234375,-0.0097523220972801,-0.0098001874435069,0.0104802835837275,35.705758231026785,17.88836398660736,-10.295665020763408,9.174795164545053,414348111,9779317782734,-0.2733438540037378,-169244660806,-129364889953,-26296801166,-39210361102,5022.2099609375,1387.3399658203125,105.9499969482422,18.209999084472656,29147.044,20959.7,4.77,3.9,563912300000000.0,3.632,3.475,-0.1799999999999997,0.15700006
2634.699951171875,2595.4599609375,0.0195497298437636,0.0193610885026283,0.0110413499820374,38.82503836495536,31.924627569839583,-12.836756358339244,4.772484859968193,478786204,10571079673653,0.1555168016682475,574595483298,-81879476001,44505115327,18849862974,5011.1201171875,1379.5400390625,106.1500015258789,18.0,29147.044,20959.7,4.83,3.9,563912300000000.0,3.562,3.427,-0.1900000000000004,0.13499999
2591.860107421875,2600.68994140625,-0.0162598567366069,-0.0163934988550854,0.0098823962445556,43.30503627232143,27.852692492853805,-18.0987754962307,0.1982327887284145,809473426,14044807236711,0.6906782593927874,-348922412029,-630395611944,-7212402476,65608826735,4967.22998046875,1379.4000244140625,106.1500015258789,18.709999084472656,29147.044,20959.7,4.81,3.9,563912300000000.0,3.583,3.468,-0.1899999999999995,0.11500001
2629.43994140625,2615.719970703125,0.0144991752744541,0.0143950673454562,0.0106261627864121,44.32929338727679,34.651037833110024,-19.017364696723234,-3.6448867083619154,401892185,11021071197748,-0.503514047414819,-750441480764,631278289048,7751327836,147385476380,5010.60009765625,1373.9300537109375,106.08000183105467,16.940000534057617,29147.044,20959.7,4.81,3.9,563912300000000.0,3.65,3.512,-0.1899999999999995,0.13800001
2623.02001953125,2632.14990234375,-0.002441554862655,-0.0024445403181543,0.01061804250057,44.25214494977679,33.180829440277066,-20.03246550540825,-6.922402467771184,430275765,9948338030037,0.0706248617399714,-25292878480,42341247741,17371773643,36406688137,5070.5498046875,1378.8399658203125,105.69000244140624,15.6899995803833,29147.044,20959.7,4.76,3.9,563912300000000.0,3.625,3.489,-0.1499999999999994,0.13599992
2675.75,2662.840087890625,0.0201027746933373,0.0199033817235538,0.0115491881735483,44.869297572544646,46.03223065977349,-16.393101993276105,-8.816542372872167,325739636,10227694656817,-0.2429514685773669,492409326963,222341751341,41659091754,56511371856,5071.6298828125,1370.47998046875,105.86000061035156,15.970000267028809,29147.044,20959.7,4.78,3.9,563912300000000.0,3.645,3.509,-0.1299999999999999,0.13599992
2628.6201171875,2646.800048828125,-0.0176137093571895,-0.0177706766511963,0.0121047362136521,45.420009068080354,36.02041651816246,-17.114581608491335,-10.476150219996,334062359,8987958983331,0.0255502311668329,-289241084594,-408177723698,-54408070716,43689175152,5048.419921875,1376.969970703125,105.5999984741211,15.369999885559082,29147.044,20959.7,4.85,3.9,563912300000000.0,3.707,3.543,-0.1499999999999994,0.16400003
2656.330078125,2650.93994140625,0.0105416377042524,0.0104864620638485,0.012435251180876,45.190726143973215,42.86208059349183,-15.274324233848349,-11.43578502276647,450520678,10148866094724,0.3486125145874337,473101745658,21394724435,-31278545362,68613364520,5099.9599609375,1371.699951171875,105.94000244140624,15.029999732971191,29147.044,20959.7,4.84,3.9,563912300000000.0,3.694,3.531,-0.1699999999999999,0.1630001
2687.43994140625,2675.4599609375,0.0117115954592545,0.0116435455253538,0.0127830531991093,46.067138671875,46.51243280782135,-11.176762277047146,-11.383980473622607,470546033,10491387518238,0.0444493582156955,345192338843,253652931479,24783141696,81079168766,5116.169921875,1377.0899658203125,105.58000183105467,14.670000076293944,29147.044,20959.7,4.8,3.9,563912300000000.0,3.704,3.552,-0.1699999999999999,0.15199995
2692.06005859375,2693.219970703125,0.0017191517906378,0.0017176757406587,0.0127942385931088,45.04356166294643,48.45970876935734,-7.470494845484609,-10.601283347995007,460083516,11347130197832,-0.0222348426429088,238400241471,173358046832,59908474116,11678673739,5035.68994140625,1374.6400146484375,106.22000122070312,15.649999618530272,29147.044,20959.7,4.87,3.9,563912300000000.0,3.656,3.529,-0.1799999999999997,0.12699986
2683.64990234375,2679.0400390625,-0.0031240596669277,-0.0031289497285477,0.0127827710634425,42.006399972098215,47.30113700606493,-5.15248587664837,-9.51152385372568,351087270,9059052787751,-0.2369053491583906,2674010328,-145513004804,19372105745,-2122962625,5064.2001953125,1375.0,105.3000030517578,14.68000030517578,29147.044,21020.6,4.71,3.9,563912300000000.0,3.638,3.509,-0.1299999999999999,0.12899995
2676.6298828125,2704.31005859375,-0.0026158477397215,-0.002619275047602,0.012250721013938,41.60569545200893,49.37275652543877,-3.837665753965666,-8.376752233773678,338612027,7850446650277,-0.0355331681493321,94476971612,57001136004,-13838084914,12629640424,5127.7900390625,1364.6400146484375,105.02999877929688,13.489999771118164,29147.044,21020.6,4.63,3.9,563912300000000.0,3.614,3.5,-0.1299999999999999,0.11400008
2734.360107421875,2718.169921875,0.0215682507992902,0.0213389473355763,0.0128708509931592,42.824986049107146,56.94787751944073,1.8414581372480825,-6.333110159569325,532203424,11153672379482,0.571720380741231,1115541775806,792709519219,-23927915909,-41010585708,5187.7001953125,1352.1700439453125,105.41000366210938,13.229999542236328,29147.044,21020.6,4.6,3.9,563912300000000.0,3.536,3.448,-0.1299999999999999,0.08800006
2745.050048828125,2732.110107421875,0.0039094855784482,0.0039018633991123,0.0126760867928914,39.12071010044643,66.51627714470327,7.12268775807388,-3.641950576040685,436315210,10293632989622,-0.1801721102793957,400078362230,90059882225,3997296237,-11754431659,5187.669921875,1357.72998046875,105.5500030517578,13.0,29147.044,21020.6,4.63,3.9,563912300000000.0,3.53,3.439,-0.1499999999999994,0.09100008
2712.139892578125,2743.2900390625,-0.0119889093694482,-0.0120613559627063,0.0129838546676122,38.86642020089285,65.32748609155013,8.55392143241761,-1.202776174349026,423810541,11102793125978,-0.0286597136964351,-358695409642,84720280682,68042480247,-178895760745,5214.080078125,1361.93994140625,105.2300033569336,12.6899995803833,29147.044,21020.6,4.6,3.9,563912300000000.0,3.556,3.453,-0.1499999999999994,0.102999926
2727.6298828125,2737.949951171875,0.0057113537088422,0.0056951057640664,0.013000057547457,36.97999790736607,62.15120135813197,10.813446507282151,1.2004683619772094,586133434,11566879277171,0.383008154108182,148283671541,399905368913,-4277000835,30362348178,5222.68017578125,1365.4000244140625,105.30999755859376,12.550000190734863,29147.044,21020.6,4.65,3.9,563912300000000.0,3.538,3.44,-0.1500000000000003,0.09800005
2727.2099609375,2735.199951171875,-0.0001539511931754,-0.0001539630448767,0.0130005135719736,32.930716378348215,69.90614836300023,12.427001484657012,3.44577498651317,625277713,13054660270065,0.0667839040214177,20102584195,73704563018,-12863342247,-47682492630,5221.419921875,1370.1099853515625,105.22000122070312,13.600000381469728,29147.044,21020.6,4.66,3.9,563912300000000.0,3.554,3.452,-0.1799999999999997,0.102
2730.340087890625,2732.97998046875,0.0011477396305963,0.0011470814810079,0.0127984640445147,31.180733816964285,66.51284030586274,13.799261221201505,5.516472233450838,443295551,9491099959143,-0.2910421373038767,84516691286,113661803101,10175792200,-12775451031,5246.68017578125,1363.7900390625,105.01000213623048,13.420000076293944,29147.044,21020.6,4.62,3.9,563912300000000.0,3.546,3.454,-0.1699999999999999,0.09200001
2753.0,2770.27001953125,0.0082993002263249,0.0082650504034276,0.0128393276436893,32.685006277901785,70.19826546174683,16.524765271706656,7.718130841102001,521841311,13253185991139,0.1771859875940871,425686479323,680881393070,20138752277,-68611125297,5297.10009765625,1353.5999755859375,104.45999908447266,12.420000076293944,29147.044,21020.6,4.58,3.9,563912300000000.0,3.458,3.375,-0.2000000000000001,0.082999945
2724.6201171875,2751.469970703125,-0.0103087115192517,-0.0103622142999545,0.0118376281161306,30.79570661272321,58.21594625477758,16.207893004048856,9.416083273691372,575936318,11008339216044,0.1036617949934592,-241485968936,-18961498104,-6162987108,-85629787897,5303.27001953125,1346.0400390625,104.4499969482422,11.989999771118164,29147.044,21020.6,4.6,3.9,563912300000000.0,3.454,3.379,-0.1799999999999997,0.07500005
2742.139892578125,2741.239990234375,0.0064301717806847,0.0064095864239159,0.0115267722790636,29.699986049107142,71.19487578276775,17.172514842554392,10.967369587463978,582071105,12502253995995,0.0106518495331284,-16080521471,464617447809,50160158193,-152220019292,5308.1298828125,1353.3900146484375,104.56999969482422,12.149999618530272,29147.044,21020.6,4.62,3.9,563912300000000.0,3.497,3.412,-0.1799999999999997,0.08500004
2724.179931640625,2733.030029296875,-0.0065496151330974,-0.0065711579787126,0.011033500211816,28.908551897321427,63.1466461300336,16.299871081782385,12.03386988632766,560818982,10490361130914,-0.0365112145534178,-106647594020,29634389785,-68433902903,-222971668307,5321.41015625,1360.1600341796875,104.66000366210938,11.859999656677246,29147.044,21020.6,4.61,3.9,563912300000000.0,3.491,3.411,-0.2000000000000001,0.07999992
2723.4599609375,2723.4599609375,-0.0002642889681268,-0.0002643238986107,0.010201835549375,28.48641531808036,57.91091865273417,15.37298875065153,12.701693659192433,484723878,12378510253371,-0.1356856783424638,294146319727,114018945972,-9654005532,-82718762426,5307.009765625,1363.4200439453125,104.94000244140624,12.289999961853027,29147.044,21020.6,4.64,3.9,563912300000000.0,3.478,3.409,-0.2099999999999999,0.069000006
2721.81005859375,2719.030029296875,-0.0006058111253385,-0.0006059947030443,0.0098238844846256,29.009992327008927,56.620234046483326,14.339991993703734,13.029353326094697,428079461,11449262184318,-0.1168591430521605,361785770316,-265533032179,-18517954611,-120026660392,5267.83984375,1365.81005859375,105.11000061035156,12.770000457763672,29147.044,21020.6,4.71,3.9,563912300000000.0,3.472,3.402,-0.2400000000000002,0.06999993
2687.60009765625,2693.64990234375,-0.012568827435069,-0.0126484833043495,0.0103050783028558,30.93929617745536,50.78849441426269,10.638245605141035,12.551131781903964,501638731,12363444691766,0.1718355508768498,-313508413753,-750502624066,-56139454255,19663305533,5304.72021484375,1367.6199951171875,104.72000122070312,11.93000030517578,29147.044,21020.6,4.71,3.9,563912300000000.0,3.515,3.423,-0.25,0.09200001
2722.989990234375,2697.159912109375,0.0131678416774083,0.0130818992786788,0.0097520697104728,31.571428571428573,58.31244544562335,10.439908718850802,12.128887169293332,556709910,15847767781392,0.1097825498645557,-136693600243,376043691372,24060689470,-31889385495,5304.72021484375,1365.7099609375,104.72000122070312,11.93000030517578,29147.044,21020.6,4.71,3.9,563912300000000.0,3.498,3.413,-0.25,0.0849998
2722.85009765625,2715.52001953125,-5.1374620775979096e-05,-5.137594049700934e-05,0.0087191597401229,28.574986049107142,47.39909457928169,10.154383730837708,11.733986481602209,440956718,11586995502162,-0.207923713806352,44235878679,-15319724316,-9950412122,91413317565,5306.0400390625,1360.9300537109375,104.61000061035156,12.920000076293944,29147.044,21020.6,4.75,3.9,563912300000000.0,3.481,3.394,-0.2099999999999999,0.08699989
2677.300048828125,2719.56005859375,-0.0167288125289502,-0.0168703194955169,0.0093977159202272,30.62212262834821,36.77426303919719,6.181340215696764,10.62345722842112,438980914,13076460910800,-0.0044807209400538,-1027365764660,-227779199187,-28666562594,19495675617,5266.9501953125,1362.760009765625,105.0999984741211,14.279999732971191,29147.044,21020.6,4.79,3.9,563912300000000.0,3.536,3.425,-0.1799999999999997,0.11100006
2635.43994140625,2666.6298828125,-0.0156351946582145,-0.015758713499954,0.0096648910683581,30.83428083147321,35.53264288312849,-0.3411536171784064,8.430535059301214,372741998,11132062547655,-0.1508924736531939,-784858278876,-346763215076,-35263388378,-11311011216,5235.47998046875,1370.550048828125,104.72000122070312,14.470000267028809,29147.044,21020.6,4.74,3.9,563912300000000.0,3.564,3.44,-0.1900000000000004,0.123999834
2636.52001953125,2657.8701171875,0.0004098283964018,0.0004097444396823,0.0096501122385603,30.662841796875,31.826690638933627,-5.361321714249243,5.672163704591123,613717789,16353906904146,0.6464948739154421,-1336890482643,1016862679550,1846432380,35726932921,5277.509765625,1375.6199951171875,104.66999816894533,12.920000076293944,29147.044,21020.6,4.69,3.9,563912300000000.0,3.578,3.452,-0.1800000000000006,0.12600017
2682.52001953125,2657.81005859375,0.0174472409309367,0.0172967853253419,0.0104641689434183,32.787841796875,42.45738142369037,-5.563888494412822,3.424953264790334,782329142,13995552060921,0.2747376009333828,189037408029,239275400050,14675655173,-87898380882,5283.39990234375,1382.0999755859375,104.13999938964844,13.109999656677246,29147.044,21068.4,4.62,4.1,563912300000000.0,3.532,3.434,-0.2099999999999999,0.09800005
2662.10009765625,2668.72998046875,-0.007612216023114,-0.0076413368161453,0.0105893061436653,33.502842494419646,39.11779340116504,-7.288128161271288,1.2823369795780095,773459815,12649033157359,-0.0113370786333305,-211346468561,-145614010159,-51292937456,-56759701617,5291.33984375,1370.7900390625,104.11000061035156,13.15999984741211,29147.044,21068.4,4.55,4.1,563912300000000.0,3.47,3.39,-0.2199999999999997,0.07999992
2689.5,2681.110107421875,0.0102925890607468,0.0102399810398556,0.0096459440929854,32.9464111328125,40.024484686332144,-6.370225398069124,-0.2481754959514173,881481171,13624987518166,0.1396599460050811,591569475086,-278081999524,23426254515,-28481749691,5354.02978515625,1373.719970703125,104.2699966430664,12.630000114440918,29147.044,21068.4,4.5,4.1,563912300000000.0,3.43,3.345,-0.2099999999999999,0.08500004
2722.669921875,2718.25,0.0123331183770216,0.0122576850579967,0.0100346718589032,33.785696847098215,49.69817697076685,-2.9324419964368644,-0.7850287960485068,783870642,12465269602613,-0.1107346727432252,286091533818,250291257713,7850912166,-75792233751,5346.990234375,1365.25,104.88999938964844,12.220000267028809,29147.044,21068.4,4.65,4.1,563912300000000.0,3.385,3.308,-0.2200000000000006,0.0769999
2701.169921875,2698.7099609375,-0.007896660490227,-0.007928004229967,0.0098223819451978,33.906424386160715,43.73642780093984,-1.9207035251133675,-1.012163741861479,506891681,11327687402104,-0.3533477925558028,16955223849,-469019250768,2815508326,-42084005040,5360.7900390625,1379.050048828125,105.1500015258789,12.739999771118164,29147.044,21068.4,4.62,4.1,563912300000000.0,3.433,3.353,-0.1500000000000003,0.08000016
2705.320068359375,2716.719970703125,0.0015364255505607,0.0015352464563969,0.0097345724295845,33.57142857142857,46.98954817892021,-0.7750767579423155,-0.9647463450776464,558892980,11776520079436,0.1025885824312828,-223954814991,-161349036409,6004198584,55170078788,5375.31982421875,1373.9599609375,105.2300033569336,12.850000381469728,29147.044,21068.4,4.57,4.1,563912300000000.0,3.425,3.341,-0.1800000000000006,0.08399987
2728.169921875,2709.64990234375,0.0084462662229398,0.008410796103153,0.0099328276242166,33.555716378348215,50.70220445316719,1.9541071920330069,-0.3809756376555158,511008858,11839575564352,-0.0856767283067323,234248937013,75504916231,-31391354851,-39944640603,5421.02978515625,1377.3599853515625,104.6500015258789,12.039999961853027,29147.044,21068.4,4.48,4.1,563912300000000.0,3.382,3.307,-0.1700000000000008,0.07500005
2754.889892578125,2764.179931640625,0.0097941006126045,0.0097464492911353,0.010167641164171,34.86143275669643,54.58881669185247,6.201595332096986,0.9355385562949844,700027275,19135858383663,0.3698926428394711,1544900451947,-365296485696,93869481202,145754851993,5433.740234375,1370.4100341796875,105.1999969482422,11.9399995803833,29147.044,21068.4,4.42,4.1,563912300000000.0,3.345,3.277,-0.1799999999999997,0.06800008
2758.419921875,2759.219970703125,0.0012813685608217,0.0012805483087494,0.0100036288927816,33.265694754464285,60.73809354584599,9.740323758027898,2.696495596641568,644979251,16187046354733,-0.0786369702523376,731514243231,-387073670154,-30296646285,26248186801,5431.60009765625,1373.739990234375,105.5500030517578,12.65999984741211,29147.044,21068.4,4.41,4.1,563912300000000.0,3.302,3.252,-0.2099999999999999,0.049999952
2744.10009765625,2754.830078125,-0.0051913140944168,-0.0052048357826183,0.009783847537719,31.933558872767858,53.4193087117692,11.2595087835939,4.409098234032035,593985068,12457645927392,-0.0790632922236439,-137445870011,69937951278,-38586060425,-104814523216,5473.22998046875,1382.280029296875,105.31999969482422,12.75,29147.044,21068.4,4.5,4.1,563912300000000.0,3.283,3.212,-0.2199999999999997,0.0710001
2763.919921875,2765.699951171875,0.0072227045346042,0.0071967457244724,0.0098110259240049,32.824271065848215,56.25359664892692,13.90250856998,6.307780301221628,561975111,13269477858739,-0.0538901711919802,649277308961,4851659863,-61083195488,-86674294484,5487.02978515625,1379.06005859375,105.26000213623048,12.300000190734863,29147.044,21068.4,4.43,4.1,563912300000000.0,3.279,3.214,-0.2099999999999999,0.06500006
2797.330078125,2786.159912109375,0.0120879610098598,0.0120154850820565,0.0099949525336123,32.082850864955354,68.9782957622192,18.47999940182126,8.742224121341554,646706151,14069563614982,0.150773652322834,275707341054,737353180003,-33536889816,-40867759683,5487.02978515625,1378.6099853515625,105.26000213623048,12.300000190734863,29147.044,21068.4,4.43,4.1,563912300000000.0,3.231,3.162,-0.2099999999999999,0.069000006
2807.6298828125,2802.10009765625,0.0036820126334193,0.0036752506183699,0.0100008024898786,30.253557477678573,80.24384094078418,22.677391175037883,11.52925753208082,758165860,13576969980405,0.1723498513624002,496594265759,238199196419,-54302043687,-12058234062,5473.169921875,1381.1500244140625,105.58999633789062,13.279999732971191,29147.044,21068.4,4.45,4.1,563912300000000.0,3.269,3.196,-0.2000000000000001,0.072999954
2784.260009765625,2794.8701171875,-0.008323701492828,-0.0083585369373438,0.010235116574211,30.343540736607142,74.06508365114271,23.84325079789187,13.99205618524303,631143373,14492984699807,-0.1675391806747932,-342445470613,130975705710,-20531474845,-55625807230,5464.6201171875,1391.8199462890625,105.8000030517578,13.199999809265137,29147.044,21068.4,4.45,4.1,563912300000000.0,3.255,3.176,-0.2000000000000001,0.078999996
2764.72998046875,2772.85009765625,-0.0070144416212475,-0.0070391584679451,0.0099092255017396,28.340680803571427,64.65474321167324,22.927004566498,15.779045861494026,594166310,11082706901587,-0.058587421783798,-529881015279,69441491634,-18088421801,-40610700848,5447.8701171875,1388.3900146484375,105.47000122070312,13.329999923706056,29147.044,21068.4,4.46,4.1,563912300000000.0,3.264,3.194,-0.2099999999999999,0.06999993
2774.389892578125,2765.760009765625,0.0034939803082458,0.0034878905399465,0.0095400400048742,27.81209891183036,70.81527971752635,22.718462706564424,17.166929230508106,714242157,11767747562752,0.2020913084082467,60954213464,245808229654,1104857609,-69786241878,5469.2998046875,1386.1099853515625,105.61000061035156,12.84000015258789,29147.044,21068.4,4.45,4.1,563912300000000.0,3.271,3.201,-0.2199999999999997,0.06999993
2792.050048828125,2767.429931640625,0.0063654197621045,0.0063452460419372,0.0096121816342975,27.366402762276785,69.72195955177727,23.70496274272364,18.474535932951213,535034373,11325142857725,-0.2509061979101298,433534373080,-199815635146,25277874885,-57566702430,5477.89990234375,1390.8900146484375,106.0500030517578,12.550000190734863,29147.044,21068.4,4.53,4.1,563912300000000.0,3.278,3.215,-0.2099999999999999,0.0630002
2784.06005859375,2767.6201171875,-0.0028616930551543,-0.0028657955272719,0.0086879782854752,26.67855398995536,63.07232423215289,23.570341467539947,19.49369703986896,397169222,10271109212108,-0.2576753157502275,513619005559,-667570008216,-8276939954,-49150461166,5482.8701171875,1393.3800048828125,105.91000366210938,12.239999771118164,29147.044,21068.4,4.49,4.1,563912300000000.0,3.3,3.22,-0.2000000000000001,0.07999992
2797.820068359375,2792.7900390625,0.0049424256215848,0.0049302519313009,0.0076358232370778,25.388567243303573,71.28205514167107,24.29392567520836,20.45374276693684,610550442,11020137988129,0.5372551753267527,32153817876,307069087195,-8248546170,-67354281714,5460.47998046875,1386.949951171875,105.87000274658205,12.4399995803833,29147.044,21068.4,4.52,4.1,563912300000000.0,3.266,3.182,-0.1599999999999992,0.08400011
2804.31005859375,2792.9599609375,0.0023196596192052,0.0023169733621633,0.0076137871042047,25.692853655133927,71.57496160849497,25.10170254407103,21.38333472236368,459218341,9945336827186,-0.2478617499715117,-63341087773,125994819722,-18725047300,31781348253,5475.08984375,1380.2900390625,105.9000015258789,12.220000267028809,29511.664,21095.3,4.58,4.2,563912300000000.0,3.312,3.21,-0.0999999999999996,0.102
2780.860107421875,2798.64990234375,-0.0083621107088401,-0.0083972692937735,0.0072485126497822,25.9656982421875,61.45391399600263,23.57786549549064,21.822240876989078,538842197,11648477198292,0.1733899735507298,-33276899038,-194928606513,-59832305081,-2260295343,5509.009765625,1383.4200439453125,105.72000122070312,12.029999732971191,29511.664,21095.3,4.54,4.2,563912300000000.0,3.289,3.169,-0.1100000000000003,0.120000124
2794.010009765625,2797.139892578125,0.0047287176757486,0.0047175724117143,0.006920638730883,24.2828369140625,59.03719645902704,23.16427750484536,22.09064820256033,340337982,10243957490730,-0.3683902561922039,101432171198,124207281720,15688502665,31642026271,5537.02001953125,1383.4200439453125,105.4000015258789,12.09000015258789,29511.664,21095.3,4.48,4.2,563912300000000.0,3.274,3.16,-0.1200000000000001,0.11399984
2824.93994140625,2817.06005859375,0.0110700861960117,0.0110092612715777,0.0069683727907927,25.184988839285715,63.640131922792726,25.04360593359388,22.68123974876704,393738620,13067110367346,0.1569047265491514,321797560335,1014506279391,-5162319581,73082580326,5537.02001953125,1385.77001953125,105.4000015258789,12.09000015258789,29511.664,21095.3,4.48,4.2,563912300000000.0,3.234,3.128,-0.1200000000000001,0.10599995
2862.22998046875,2836.2099609375,0.0132002944614593,0.0131139297705474,0.0070340784620991,27.198556082589285,72.13748979733761,29.205320998896696,23.98605599879297,378159145,13142275173526,-0.0395680642147828,1313046071755,1279220993011,-7108346526,-9650906892,5567.18994140625,1380.25,104.87999725341795,12.479999542236328,29511.664,21095.3,4.39,4.2,563912300000000.0,3.227,3.115,-0.1099999999999994,0.11199999
2857.760009765625,2862.580078125,-0.001561709133657,-0.0015629298724909,0.0066721454102647,26.142124720982142,68.659069748024,31.776520939851707,25.544148987004725,425055594,9938577085762,0.124012468348478,528365149893,-205357170635,-28226073262,-47534558080,5572.85009765625,1376.5699462890625,105.01000213623048,12.369999885559082,29511.664,21095.3,4.4,4.2,563912300000000.0,3.212,3.119,-0.1200000000000001,0.092999935
2867.3798828125,2872.6298828125,0.0033662284495554,0.0033605753853528,0.0066661618361407,25.13070242745536,65.38410395760368,34.196265513400704,27.27457229228392,456429222,11241863704494,0.0738106460492789,327440465551,134507037139,-53028077615,-65384088183,5576.97998046875,1382.75,105.12000274658205,12.510000228881836,29511.664,21095.3,4.37,4.2,563912300000000.0,3.191,3.114,-0.0700000000000002,0.0769999
2867.989990234375,2863.050048828125,0.0002127752327245,0.0002127525992852,0.0065612694614873,24.876412527901785,63.84534829673684,35.75104529540931,28.969866892909,472472909,11841458957088,0.0351504378481708,526916178849,170882373801,-67403242003,-71942289050,5633.91015625,1382.4200439453125,105.0500030517578,12.850000381469728,29511.664,21095.3,4.38,4.2,563912300000000.0,3.198,3.12,-0.0999999999999996,0.07800007
2891.35009765625,2888.760009765625,0.0081451146975468,0.0081121222810976,0.0064758783906662,24.74356515066964,74.56533061530794,38.42524263638688,30.860942041604577,462216873,14649701388722,-0.0217071408849813,610465724200,-218632389860,192199677423,-24089116123,5584.5400390625,1382.989990234375,104.44000244140624,12.920000076293944,29511.664,21095.3,4.26,4.2,563912300000000.0,3.234,3.163,-0.0599999999999996,0.07099986
2857.0,2867.75,-0.0118802969187628,-0.0119514316083665,0.0072301164793955,26.193586077008927,69.81829203320791,37.34233825988622,32.15722128526091,408178316,14085702513511,-0.1169116926633702,-550065832517,243498669699,-39330074671,-15959715340,5615.35009765625,1371.27001953125,104.08999633789062,12.460000038146973,29511.664,21095.3,4.22,4.2,563912300000000.0,3.177,3.101,-0.04,0.075999975
2860.919921875,2869.14990234375,0.0013720412583129,0.0013711008697752,0.0070440484297165,26.785016741071427,69.05527652239738,36.38105551322724,33.00198813085417,424457898,12165673099287,0.0398835052276516,-76964828774,207102525851,-31056527583,-72565329112,5631.22021484375,1374.1099853515625,104.19000244140624,13.119999885559082,29511.664,21095.3,4.23,4.2,563912300000000.0,3.177,3.076,0.0,0.10100007
2866.090087890625,2861.7099609375,0.0018071690773633,0.001805538111984,0.0069405114108622,25.78857421875,67.25391937990847,35.625749732752865,33.52674045123391,677904823,12660325755248,0.5971073366621629,188336561052,192344330530,2143664276,-51740833718,5667.2001953125,1383.68994140625,104.2699966430664,13.1899995803833,29511.664,21095.3,4.21,4.2,563912300000000.0,3.137,3.035,-0.04,0.102
2843.2900390625,2865.89990234375,-0.0079551054324692,-0.0079869161008194,0.0068336003910423,25.556431361607142,62.91144225651943,32.809187180761455,33.38322979713942,549094120,13923509175223,-0.1900129614507846,-256583993492,352402488989,4754932181,-196991401688,5588.27001953125,1382.6400146484375,103.75,14.479999542236328,29511.664,21095.3,4.19,4.2,563912300000000.0,3.139,3.05,-0.0300000000000002,0.08899999
2824.35009765625,2805.639892578125,-0.0066612766007139,-0.0066835619246265,0.006996022322699,27.617135184151785,55.655515620104566,28.717706240887765,32.45012508588909,658374570,15548196201712,0.199019523283185,-349460754250,383194615015,-65524507563,-85407403428,5544.58984375,1378.6500244140625,104.16999816894533,15.93000030517578,29511.664,21095.3,4.24,4.2,563912300000000.0,3.138,3.058,-0.04,0.07999992
2795.4599609375,2800.2099609375,-0.0102289502787646,-0.0102816255067343,0.0071331172200462,29.43071637834821,48.277857379036696,22.8802364074013,30.53614735019153,426207952,9585234666046,-0.3526360655151064,-420230986166,-73813572200,-102271310006,-108266329889,5505.0,1385.239990234375,104.4000015258789,16.520000457763672,29511.664,21095.3,4.28,4.2,563912300000000.0,3.156,3.074,-0.0300000000000002,0.08200002
2763.510009765625,2790.989990234375,-0.0114292286844845,-0.0114950442802035,0.0074343733549637,30.432878766741077,46.73194859852624,15.497262667655376,27.528370413684303,463878258,10499644345892,0.0883848032943317,-85368275960,151951322199,-83764592286,-93564874878,5564.41015625,1388.81005859375,104.30999755859376,14.90999984741211,29511.664,21095.3,4.29,4.2,563912300000000.0,3.145,3.071,-0.0300000000000002,0.07399988
2774.2900390625,2788.830078125,0.0039008468428849,0.0038932582680161,0.0074449912201824,31.0343017578125,46.25210077794905,10.396219907574505,24.101940312462343,423403234,11526841676052,-0.0872535483221548,247048340465,-106391604649,25867469004,13683039498,5555.740234375,1387.0999755859375,104.4499969482422,14.720000267028809,29511.664,21095.3,4.26,4.2,563912300000000.0,3.171,3.084,-0.0099999999999997,0.08699989
2758.7099609375,2755.5,-0.0056158793441312,-0.0056317076823768,0.0073890690850915,30.943603515625,36.63265346347309,5.038345758991909,20.28922140176826,469221275,11053910300885,0.1082137246972467,-263538687756,6181282757,16199577051,-12685965214,5427.1298828125,1384.5699462890625,104.38999938964844,18.040000915527344,29511.664,21095.3,4.24,4.2,563912300000000.0,3.131,3.046,0.04,0.08500004
2710.64990234375,2721.2900390625,-0.0174212074753293,-0.0175747425003811,0.0083019967571337,31.502877371651785,20.68089133354364,-3.050686761011548,15.621239769212297,440318335,13673708697212,-0.0615976758513348,-676696224483,-267899826,-45715442104,-21567374341,5399.22021484375,1382.6500244140625,104.36000061035156,18.459999084472656,29511.664,21095.3,4.26,4.2,563912300000000.0,3.128,3.024,0.0099999999999997,0.10400009
2731.89990234375,2724.989990234375,0.0078394483852843,0.0078088795676342,0.0084401577121787,32.523594447544646,27.139663109984586,-7.658325495931422,10.965326716183554,516467609,12971731709664,0.1729414106728033,-47288785165,285735021515,66778146327,5130738888,5459.10009765625,1381.4300537109375,104.31999969482422,16.389999389648438,29511.664,21095.3,4.2,4.2,563912300000000.0,3.108,3.024,0.0,0.08400011
2765.530029296875,2748.320068359375,0.0123101607508653,0.0122350068643673,0.0089341022282866,34.21787806919643,32.98479886124015,-8.498279329070556,7.0726055071327325,456515695,10963602971959,-0.116080685323288,447442245546,-95649741562,31245544893,21975444038,5463.5400390625,1382.0899658203125,104.55999755859376,16.600000381469727,29511.664,21095.3,4.19,4.2,563912300000000.0,3.046,2.978,-0.0200000000000004,0.06800008
2738.18994140625,2744.39990234375,-0.0098860209800636,-0.0099352121573204,0.0090101693846735,35.647879464285715,30.093284238730377,-11.240492000677932,3.4099860055706,392868090,10199651173207,-0.1394204091931603,-244858044756,-177360619374,-7090627249,-100431742352,5436.43994140625,1381.3599853515625,104.5500030517578,17.690000534057617,29511.664,21095.3,4.16,4.2,563912300000000.0,3.052,2.994,-0.0099999999999997,0.058000088
2770.68994140625,2745.580078125,0.0118691546954221,0.0117992687268854,0.0093692952517141,36.264317103794646,31.99965326794957,-10.668259854493954,0.5943368335576893,557090057,12197991898146,0.4180079043833771,149324995700,62441095900,4047743517,-53944809039,5522.2998046875,1383.5,104.0999984741211,16.360000610351562,29511.664,21095.3,4.1,4.2,563912300000000.0,3.064,3.004,-0.0099999999999997,0.059999943
2777.679931640625,2787.27001953125,0.0025228338003158,0.0025196567973688,0.0090096901078315,34.617885044642854,37.11502112629695,-9.540748155972778,-1.4326801643484044,480833975,10904975425060,-0.1368828630879692,440977425320,-214045251761,7930266188,25173277491,5446.68017578125,1367.9200439453125,104.41999816894533,18.59000015258789,29511.664,21186.8,3.96,4.2,563912300000000.0,3.01,2.976,0.0300000000000002,0.03399992
2676.18994140625,2719.389892578125,-0.036537683510004,-0.0372219029564075,0.011571753053021,40.854317801339285,27.21467985386636,-16.64471116692812,-4.475086364864348,531785136,13102123147549,0.1059641449005346,-847870930180,-327569958503,-132459647824,-109462612619,5346.56005859375,1368.969970703125,103.20999908447266,23.38999938964844,29511.664,21186.8,3.7,4.2,563912300000000.0,2.976,2.939,0.0999999999999996,0.03700018
2441.550048828125,2611.300048828125,-0.0876768457080552,-0.0917610158234955,0.0228828445677945,60.432181222098215,16.563242941407665,-40.73852306303161,-11.7277737044978,763777757,18781701096636,0.436252548811368,-1523813795537,-419456771548,23447557100,235844512918,5186.330078125,1357.1700439453125,102.69000244140624,38.56999969482422,29511.664,21186.8,3.71,4.2,563912300000000.0,2.878,2.806,0.0699999999999998,0.07200003
2522.14990234375,2533.340087890625,0.0330117556075946,0.0324785701381842,0.0245038878812726,68.28717912946429,26.81767777419817,-52.72156659790016,-19.926532283178275,567266430,15535848582551,-0.2572886225069788,-174155455632,-767265394740,140198858431,237212419816,5240.02978515625,1367.4000244140625,102.97000122070312,27.709999084472656,29511.664,21186.8,3.76,4.2,563912300000000.0,2.993,2.935,0.1400000000000001,0.058000088
2568.409912109375,2515.27001953125,0.0183414989420878,0.0181753225243683,0.0250819401646992,71.12574986049107,32.22539358830936,-57.8189182567603,-27.50500947789468,476990686,13081659609896,-0.1591416999592237,-18716243874,-445931439311,64953210444,32426918201,5199.5,1370.31005859375,103.1999969482422,27.850000381469727,29511.664,21186.8,3.81,4.2,563912300000000.0,3.001,2.929,0.1499999999999999,0.07200003
2556.72998046875,2530.2099609375,-0.0045475340931979,-0.0045579055814379,0.0248787912771947,71.44431849888393,33.014586946371395,-62.0853972285463,-34.421087028025006,495299005,11463675279196,0.0383829695995363,-519634723615,-418736729101,43335833798,85226342980,5319.31005859375,1375.3299560546875,103.20999908447266,23.790000915527344,29511.664,21186.8,3.86,4.2,563912300000000.0,2.997,2.911,0.1300000000000003,0.085999966
2588.429931640625,2603.080078125,0.012398630834713,0.0123223972923357,0.0251712339262587,71.69574846540179,37.53878447508897,-62.19178325565372,-39.97522627355075,475012051,9721686771659,-0.0409590041474038,152537242,-115612868875,37718158055,34021210450,5344.16015625,1373.760009765625,103.13999938964844,20.3700008392334,29511.664,21186.8,3.86,4.2,563912300000000.0,3.012,2.941,0.08,0.0710001
2618.300048828125,2602.159912109375,0.0115398592878144,0.011473782966726,0.0254047532003789,71.76862444196429,39.19123247033715,-59.18359448978936,-43.81689991679848,293083794,7601221663229,-0.3829971400030859,78501696596,89921761727,26044643926,3960511024,5344.39013671875,1363.8399658203125,103.13999938964844,20.709999084472656,29511.664,21186.8,3.82,4.2,563912300000000.0,3.0,2.946,0.08,0.0539999
2621.5,2624.5,0.0012221483833785,0.0012214021679717,0.0253975408255612,71.69290597098214,40.32656276033383,-55.89702776219883,-46.23292548587855,378532151,8965946240835,0.2915492386453822,133323314718,-28516764667,-7649488765,-2248875325,5434.43017578125,1369.5400390625,102.55999755859376,18.1200008392334,29511.664,21186.8,3.75,4.2,563912300000000.0,2.974,2.918,0.1,0.055999994
2644.5,2649.110107421875,0.0087736028991036,0.0087353384934472,0.0255501221999209,70.07577078683036,45.16554032112446,-50.85032132021525,-47.15640465274589,328748140,8867077142812,-0.1315185800426236,391761625312,-95053747571,-3977404730,-29044198714,5455.2099609375,1362.1700439453125,102.56999969482422,16.190000534057617,29511.664,21186.8,3.76,4.2,563912300000000.0,2.945,2.888,0.0700000000000002,0.05699992
2697.22998046875,2695.489990234375,0.0199394896837776,0.0197433016970175,0.0260617855151203,72.03006417410714,47.577663907860895,-42.11047798702111,-46.147219319600936,385851899,11192930297117,0.1737006299107881,1210790821913,233178847732,-15559717124,-2357676377,5554.25,1363.510009765625,102.45999908447266,14.800000190734863,29511.664,21186.8,3.87,4.2,563912300000000.0,2.973,2.928,0.02,0.045000076
2674.360107421875,2697.969970703125,-0.0084790222607937,-0.0085151736674802,0.0260363025893281,71.35862513950893,43.53285216611837,-36.60750823413173,-44.239277102507096,395636824,9262568374795,0.0253592765134997,-119587392119,96704917440,-22660691972,-37701027259,5608.25,1348.97998046875,101.88999938964844,14.649999618530272,29511.664,21186.8,3.86,4.2,563912300000000.0,2.985,2.927,0.0,0.05799985
2696.6298828125,2699.739990234375,0.0083271416324308,0.0082926622660213,0.0260410398777265,71.2857666015625,47.03057307863792,-30.102378815560314,-41.41189744511775,484188400,8954162720335,0.223820359047266,292913410407,890635336,-13108035045,14505808864,5597.1201171875,1330.8800048828125,101.44000244140624,15.880000114440918,29511.664,21186.8,3.8,4.2,563912300000000.0,2.999,2.944,0.02,0.055000067
2701.1298828125,2687.199951171875,0.0016687495858003,0.0016673587702771,0.0260227644318002,70.0928955078125,44.82285431861874,-24.303746036730445,-37.990267163440286,417329635,9378558424607,-0.1380841940864341,31111966566,163606793874,-49926784595,-64132505607,5620.85009765625,1327.5799560546875,101.04000091552734,16.270000457763672,29511.664,21186.8,3.74,4.2,563912300000000.0,2.997,2.94,0.0499999999999998,0.05699992
2707.669921875,2710.949951171875,0.0024212234680438,0.002418297029259,0.0260150830854603,69.92215401785714,44.78587354132794,-18.961979392641297,-34.18460960928049,441756204,8946316911575,0.0585306361001658,68658227680,79186890455,-5964946296,7471486834,5570.64013671875,1333.6600341796875,101.51000213623048,17.549999237060547,29511.664,21186.8,3.82,4.2,563912300000000.0,2.98,2.907,0.04,0.072999954
2701.68994140625,2690.800048828125,-0.0022085337730564,-0.0022109761805253,0.0257230312232148,63.63786969866072,52.214159188480814,-15.037779131757816,-30.35524351377596,330591762,8285767864758,-0.2516420618282929,-295195213081,336610989652,-28194176229,14509555932,5634.60986328125,1339.5400390625,100.72000122070312,15.859999656677246,29511.664,21186.8,3.73,4.2,563912300000000.0,3.005,2.92,0.08,0.08500004
2698.010009765625,2716.8798828125,-0.0013620851098514,-0.001363013590984,0.0256550483755361,45.098580496651785,87.18110809230468,-12.085448355882365,-26.70128448219724,333687885,9087411201066,0.0093653967094315,-466658102426,343377625793,7719858795,31745801309,5616.83984375,1323.8800048828125,100.8499984741211,16.149999618530273,29511.664,21186.8,3.74,4.2,563912300000000.0,2.974,2.89,0.0799999999999996,0.08399987
2689.25,2696.239990234375,-0.0032468410917371,-0.003252123517505,0.0254796148258339,36.6014404296875,80.59998032851382,-10.333446978811937,-23.427716981520184,264056855,8050720479398,-0.2086711359029411,-407466927604,380792485410,8339642979,-18214989888,5625.7998046875,1326.6400146484375,100.5500030517578,15.43000030517578,29511.664,21186.8,3.72,4.2,563912300000000.0,3.073,2.94,0.1099999999999998,0.1329999
2689.830078125,2690.590087890625,0.0002157025657711,0.0002156793053175,0.025401598288249,32.309291294642854,76.70222761512566,-8.796762209267854,-20.50152602706972,280773871,10567478196675,0.0633083962164133,-343506502999,242472851414,6498887162,-32766656648,5592.18017578125,1326.3599853515625,101.08999633789062,17.110000610351562,29511.664,21186.8,3.72,4.2,563912300000000.0,3.054,2.919,0.1199999999999996,0.13499999
2662.280029296875,2657.179931640625,-0.0102423008249388,-0.0102951141172754,0.02530089567636,31.48428780691964,71.69760375962717,-9.690283595951769,-18.33927754084613,288835634,11464719820380,0.0287126539634452,-420834592800,-85314301143,-55602532288,-28011649724,5591.9599609375,1336.68994140625,101.33999633789062,15.649999618530272,29511.664,21186.8,3.76,4.2,563912300000000.0,3.075,2.939,0.1100000000000003,0.13600016
2674.31005859375,2676.719970703125,0.0045186941886246,0.0045085155413171,0.0253234752802754,29.904279436383927,69.20741595782903,-9.320244925415407,-16.535471017759985,278845310,10340760628054,-0.0345882669033835,-378965676136,421571523709,-12734537738,64139996341,5648.39990234375,1332.8800048828125,101.6999969482422,15.0,29511.664,21186.8,3.79,4.2,563912300000000.0,3.088,2.953,0.1200000000000001,0.13499999
2681.0,2683.800048828125,0.0025015578820983,0.0024984341944853,0.0239262179897662,29.49283272879464,65.64529000737127,-8.390444431187007,-14.906465700445391,266992573,8669962668666,-0.0425064958058645,238731457949,-410571724502,12931563638,1896520545,5648.39990234375,1336.5799560546875,101.6999969482422,15.0,29511.664,21269.5,3.79,4.1,563912300000000.0,3.121,2.989,0.1200000000000001,0.13199997
2664.6298828125,2683.1201171875,-0.0061059743332712,-0.0061246920266167,0.0105436062240521,29.661411830357142,60.09831942380245,-8.872228954299317,-13.699618351216175,303460408,8978417447396,0.1365874510674123,-290652841877,-182763415085,-33003480658,3211590973,5528.93017578125,1337.550048828125,101.83000183105467,20.71999931335449,29511.664,21269.5,3.73,4.1,563912300000000.0,3.12,2.981,0.1099999999999998,0.13899994
2580.800048828125,2589.93994140625,-0.031460216867302,-0.031965719918635,0.0113205243159338,33.543544224330354,38.39200469097992,-15.83586764262236,-14.126868209497417,455469305,11370290372994,0.5009183833958333,-988766131139,-566755340047,-68018071389,30786041031,5520.06982421875,1340.4100341796875,101.36000061035156,21.31999969482422,29511.664,21269.5,3.63,4.1,563912300000000.0,3.052,2.931,0.1400000000000001,0.12100005
2575.5,2598.360107421875,-0.0020536456633017,-0.0020557572850675,0.0106000418393772,33.54640415736607,23.18128715363613,-21.534040109590023,-15.608302589515937,379002653,10189751207176,-0.1678854121684445,-585847610166,56112367418,-2909730265,52350112512,5503.41015625,1331.010009765625,101.11000061035156,19.899999618530277,29511.664,21269.5,3.61,4.1,563912300000000.0,3.03,2.905,0.1200000000000001,0.125
2544.280029296875,2576.659912109375,-0.0121219066989419,-0.0121959761942214,0.0109111549899043,34.408534458705354,22.358651487671565,-28.243500074448093,-18.13534208650237,374782188,8685310141898,-0.0111357136067329,-266149669649,126555897823,-29159169767,852444260,5408.419921875,1332.7900390625,101.18000030517578,22.3799991607666,29511.664,21269.5,3.54,4.1,563912300000000.0,2.99,2.881,0.1800000000000001,0.10899997
2535.929931640625,2498.669921875,-0.003281909837007,-0.0032873071152518,0.0105160900420089,35.929251534598215,13.704973571114266,-33.8444408847422,-21.27716184615033,270230978,7454380686929,-0.2789652586157589,-542156068272,-8601764591,14212301153,35738313274,5471.0498046875,1337.77001953125,101.5500030517578,19.450000762939453,29511.664,21269.5,3.54,4.1,563912300000000.0,3.032,2.897,0.1600000000000001,0.13499999
2523.429931640625,2542.68994140625,-0.0049291582720951,-0.0049413466414941,0.0101224993205111,36.07069614955357,11.265181615278095,-38.84410173742572,-24.79054982440541,347650170,8421866699897,0.2864926611041609,-670845780327,-102991665738,11857202176,37065925984,5495.52001953125,1341.27001953125,101.62999725341795,19.07999992370605,29511.664,21269.5,3.42,4.1,563912300000000.0,3.01,2.877,0.2299999999999999,0.1329999
2513.3701171875,2524.860107421875,-0.003986563814191,-0.0039945313421354,0.0101065090607111,36.90855189732143,8.286842816979373,-43.12103943607508,-28.456647746739343,302560681,9623015977525,-0.1296978770354118,-1035105982553,80077198047,-39489199510,19281845159,5554.1298828125,1343.3399658203125,101.68000030517578,17.690000534057617,29511.664,21269.5,3.45,4.1,563912300000000.0,2.943,2.82,0.1999999999999997,0.123000145
2572.090087890625,2572.090087890625,0.0233630416394197,0.0230943034276068,0.0113506404648843,39.438546316964285,27.314118776287827,-41.29629450643552,-31.024577098678577,340478891,11282356523795,0.1253243146950744,278183297163,-166884101034,143592997803,-43818934496,5595.759765625,1339.1800537109375,101.37000274658205,17.06999969482422,29511.664,21269.5,3.47,4.1,563912300000000.0,2.97,2.866,0.2099999999999999,0.10400009
2575.409912109375,2571.81005859375,0.0012907107081434,0.0012898784571306,0.010237985393511,38.83285086495536,28.5123054567114,-39.13120871782712,-32.64590342250829,358262872,8422029131843,0.052232257182722,-957724977076,275817408201,36853809822,71033961638,5626.02001953125,1335.68994140625,101.11000061035156,16.559999465942383,29511.664,21269.5,3.42,4.1,563912300000000.0,2.928,2.822,0.2400000000000002,0.10599995
2580.800048828125,2594.669921875,0.0020929238073543,0.0020907366934328,0.0101741835272682,40.999267578125,30.765140473351156,-36.558994316506414,-33.428521601307914,385081293,12871058979763,0.0748568246837477,-1175565506726,887828400832,-1173328275,10738731739,5713.64013671875,1322.260009765625,100.61000061035156,16.329999923706055,29511.664,21269.5,3.47,4.1,563912300000000.0,2.979,2.843,0.2599999999999998,0.13600016
2593.3701171875,2603.830078125,0.0048706091605519,0.0048587861184908,0.0100230993936155,42.058558872767854,33.58965753845695,-33.12435941140211,-33.36768916332675,495964133,14276592945661,0.2879465765167668,-33693633654,234291374250,28014301786,14036438593,5702.5498046875,1327.6099853515625,100.72000122070312,16.149999618530273,29511.664,21269.5,3.46,4.1,563912300000000.0,2.989,2.838,0.27,0.15100002
2602.010009765625,2596.469970703125,0.0033315308605061,0.0033259936065156,0.0100614129239217,40.25927734375,39.0414060183352,-29.366698360870032,-32.56749100283541,339140017,9526459225941,-0.3162005184757988,-702262983894,280795869464,9944915232,28082208914,5718.56982421875,1331.5,100.91999816894533,15.890000343322754,29511.664,21269.5,3.47,4.1,563912300000000.0,3.022,2.864,0.2799999999999998,0.15799999
2631.679931640625,2612.449951171875,0.0114026932116499,0.011338172515302,0.0104516031110902,40.947841099330354,42.71602713474181,-23.72116732144013,-30.798226266556355,355097005,10338360663397,0.0470513274757546,-377330205723,552063035808,208412350,6470306187,5732.93017578125,1333.6199951171875,100.37000274658205,15.390000343322754,29511.664,21269.5,3.44,4.1,563912300000000.0,3.026,2.854,0.3000000000000002,0.17199993
2596.320068359375,2652.7099609375,-0.0134362324445762,-0.0135273154104565,0.0107970947777193,43.688563755580354,36.82227708365152,-21.84843360846571,-29.00826773493823,454471748,11671496763447,0.2798523828721113,-570117330908,707251053912,-81369236152,-46333782707,5722.259765625,1324.8900146484375,100.91999816894533,15.40999984741211,29511.664,21269.5,3.49,4.1,563912300000000.0,2.997,2.812,0.2999999999999998,0.18499994
2671.570068359375,2630.909912109375,0.0289833294889372,0.0285712560296568,0.0127809673425442,46.852120535714285,50.91275128996317,-14.129358094215604,-26.032485806793705,324888966,11602405999054,-0.2851283552173632,495327991835,698914065041,51972990585,4125029205,5745.3701171875,1335.050048828125,100.55999755859376,15.369999885559082,29511.664,21269.5,3.54,4.1,563912300000000.0,3.001,2.807,0.25,0.194
2649.780029296875,2674.580078125,-0.0081562671032174,-0.0081897114277877,0.0128843496978113,42.93141392299107,60.84114803161692,-9.65886776644993,-22.75776219872495,413004129,11987017925748,0.2712162376114675,265886003578,-421965660834,3161310152,2057999664,5738.169921875,1313.300048828125,100.41999816894533,16.959999084472656,29511.664,21269.5,3.49,4.1,563912300000000.0,3.0,2.826,0.2599999999999998,0.17400002
2593.27001953125,2665.239990234375,-0.0213263022367257,-0.0215569935786292,0.0136938046134703,44.377110072544646,52.40558255379229,-10.554195294188505,-20.317048817817664,358915798,10806867445787,-0.1309631725255705,-1003233969611,-171834281314,4061327531,-23375912575,5762.47998046875,1309.300048828125,100.77999877929688,16.729999542236328,29511.664,21269.5,3.58,4.1,563912300000000.0,2.992,2.811,0.2299999999999999,0.181
2561.68994140625,2566.550048828125,-0.012177705324611,-0.0122524611005599,0.0137643160571079,43.675694056919646,52.35453807654998,-13.654595511998195,-18.98455815665377,351004351,9607877432678,-0.0220426268336062,-307355643556,-622606164267,-32708753832,-21190827398,5709.5400390625,1324.8399658203125,101.68000030517578,18.899999618530277,29825.182,21331.9,3.54,4.1,563912300000000.0,2.932,2.78,0.25,0.15199995
2569.7099609375,2563.699951171875,0.0031307534146178,0.0031258628110036,0.0137337365343398,42.035696847098215,54.572535375573615,-15.288302437852051,-18.245307012893427,414328553,10016557160951,0.1804085955618253,42753532722,-169478439905,-7709625782,-65243575899,5751.06982421875,1334.4100341796875,102.5199966430664,19.209999084472656,29825.182,21331.9,3.84,4.1,563912300000000.0,2.996,2.824,0.1400000000000001,0.17200017
2610.3798828125,2579.199951171875,0.0158266584529884,0.0157027228415787,0.0142680974968225,44.044259207589285,60.93573730181784,-13.149722330610984,-17.22619007643694,343671145,10378943872137,-0.1705347301999724,29180864802,-63788114571,25309093861,86903623202,5695.93994140625,1345.8800048828125,102.54000091552734,22.63999938964844,29825.182,21331.9,3.89,4.1,563912300000000.0,3.101,2.96,0.1400000000000001,0.14100003
2594.360107421875,2592.64990234375,-0.0061369517502428,-0.006155860238649,0.0142686499028398,43.746407645089285,60.035697538987456,-12.602273020422672,-16.301406665234087,318240024,9168276247124,-0.0739984178770667,-381045764410,-324303967814,-17553266100,4681380222,5751.1298828125,1342.3699951171875,102.5500030517578,21.420000076293945,29825.182,21331.9,3.86,4.1,563912300000000.0,3.077,2.932,0.1800000000000001,0.14499998
2599.159912109375,2611.64990234375,0.0018500919258543,0.001848382613719,0.0123183682215896,40.9271240234375,53.87166024870139,-11.646853693831416,-15.370496070953552,618559988,13867594373662,0.9436901123411175,162645782446,-439356259957,23804233192,118421130458,5780.0498046875,1343.02001953125,102.98999786376952,20.93000030517578,29825.182,21331.9,3.88,4.1,563912300000000.0,3.088,2.962,0.2099999999999999,0.12600017
2596.909912109375,2612.02001953125,-0.0008656643208128,-0.0008660392245471,0.012308985721189,41.377110072544646,53.08447562793513,-10.94506529044702,-14.485409914852248,491276237,9548436311434,-0.2057743039790669,-599057026811,175059218591,-14539617289,71242141360,5815.02978515625,1349.739990234375,102.88999938964844,20.459999084472656,29825.182,21331.9,3.85,4.1,563912300000000.0,3.085,2.947,0.2299999999999999,0.13800001
2623.2900390625,2602.6298828125,0.0101582757376814,0.0101070272268198,0.0121152074225249,40.16570172991072,55.74951222686851,-8.166103390788521,-13.221548610039504,401705670,8525414408760,-0.1823222054194329,91477689688,247611965348,-9158474001,89708652791,5859.85009765625,1348.3299560546875,103.3000030517578,19.700000762939453,29825.182,21331.9,3.85,4.1,563912300000000.0,3.087,2.938,0.2299999999999999,0.14899993
2633.449951171875,2632.3701171875,0.0038729656111551,0.0038654849884179,0.0120710394613945,38.815708705357146,55.45898982402026,-5.085315712635747,-11.594302030558753,438292799,10054355841679,0.09107944381268,290378190889,-84716024327,228325772,71140727656,5815.259765625,1357.27001953125,103.26000213623048,20.63999938964844,29825.182,21331.9,3.86,4.1,563912300000000.0,3.05,2.906,0.1700000000000003,0.14400005
2610.360107421875,2606.699951171875,-0.0087679068059467,-0.0088065710698417,0.0122161817658383,40.031406947544646,51.09423569866383,-4.4555657145087935,-10.166554767348762,437552776,10053097319299,-0.0016884215339344,-659709200287,-146469435495,-8520262010,163445418653,5842.47021484375,1363.1800537109375,103.58999633789062,19.57999992370605,29825.182,21331.9,3.84,4.1,563912300000000.0,3.008,2.88,0.1799999999999997,0.12799978
2609.300048828125,2620.739990234375,-0.0004060966878616,-0.0004061791674521,0.0121544410221052,38.98284040178572,46.82950112061094,-3.995959242377921,-8.932435662354594,331265227,9953645240876,-0.2429136662590846,-404864432100,159491320158,15592590772,18201444337,5841.47021484375,1364.199951171875,103.83000183105467,19.11000061035156,29825.182,21331.9,3.89,4.1,563912300000000.0,3.028,2.897,0.1999999999999997,0.13100004
2593.820068359375,2616.0400390625,-0.0059326180121378,-0.0059502859029312,0.0111816382350958,36.362845284598215,49.62469176345025,-4.825200941294042,-8.110988718142483,265201103,8274853556430,-0.1994296974611222,-478458966024,140610191264,-15970324584,35681143792,5864.669921875,1370.050048828125,103.48999786376952,18.030000686645508,29825.182,21331.9,3.86,4.1,563912300000000.0,3.072,2.908,0.2200000000000002,0.16400003
2604.919921875,2600.77001953125,0.004279345992818,0.0042702156304734,0.0112136457039084,32.765694754464285,37.60732414365389,-4.534445286020855,-7.395680031718157,240675023,7757213527460,-0.0924810633234809,22102494346,197493862642,3003491522,-31017212887,5853.97998046875,1369.010009765625,104.01000213623048,18.3700008392334,29825.182,21331.9,3.95,4.1,563912300000000.0,3.054,2.902,0.2400000000000002,0.15199995
2570.699951171875,2600.8701171875,-0.0131366689685008,-0.0132237182027452,0.0116198291672973,33.3935546875,35.9457845858,-6.98476891377959,-7.313497808130444,343318170,8958061448792,0.4264802625571993,-281396426842,-277651438158,-46752818001,16006775432,5851.2001953125,1376.5,104.08000183105467,18.200000762939453,29825.182,21331.9,3.98,4.1,563912300000000.0,3.13,2.943,0.2200000000000002,0.18700004
2599.6201171875,2575.25,0.0112499189189472,0.0111871092115225,0.0118486305573464,30.89214215959821,51.25125317744223,-6.517917841246799,-7.154381814753716,352421162,9430154792746,0.0265147399568161,211550408971,204759613915,15210770999,71854236317,5797.419921875,1376.6300048828125,104.43000030517578,19.239999771118164,29825.182,21331.9,4.03,4.1,563912300000000.0,3.128,2.936,0.2099999999999999,0.19199991
2581.030029296875,2591.68994140625,-0.0071510786394195,-0.0071767701569169,0.0119315313829599,29.72427804129464,54.016474150510426,-7.560843039611882,-7.235674059725349,343098218,9733937488291,-0.0264539846219563,-607437061970,-14263557786,2405545884,-20276440051,5809.85986328125,1377.3399658203125,104.05999755859376,19.07999992370605,29825.182,21331.9,4.02,4.1,563912300000000.0,3.074,2.891,0.1900000000000004,0.18299985
2583.27001953125,2597.43994140625,0.0008678667853334,0.0008674904067035,0.0116146624341958,30.027849469866077,52.88537064820318,-8.113097543399817,-7.411158756460243,462898403,10286877485946,0.3491716911219864,-390904273532,90701516255,5447350376,-8484599509,5808.1201171875,1376.3199462890625,104.26000213623048,20.32999992370605,29825.182,21331.9,4.05,4.1,563912300000000.0,3.054,2.882,0.2000000000000001,0.17199993
2612.429931640625,2588.449951171875,0.0112879845656499,0.0112247506783565,0.0115198601370627,28.543561662946427,50.45868652979086,-6.127171786435156,-7.154361362455226,333735957,9133006346665,-0.2790297939308294,-128277956084,349524976844,22124938772,82873506991,5823.52001953125,1387.6600341796875,104.31999969482422,19.799999237060547,29825.182,21331.9,4.09,4.1,563912300000000.0,3.117,2.932,0.1900000000000004,0.18500018
2617.800048828125,2606.93994140625,0.0020556023809326,0.0020534925212187,0.0094328096810278,28.068568638392858,55.50699200422159,-4.073036311902342,-6.538096352344649,363290058,9341171256858,0.0885553395734342,-117692502276,32617447526,-10134760932,25314403149,5832.919921875,1381.969970703125,104.27999877929688,19.34000015258789,29825.182,21331.9,4.08,4.1,563912300000000.0,3.118,2.936,0.2000000000000001,0.18199992
2593.7900390625,2606.989990234375,-0.0091718272281235,-0.0092141474031189,0.0094764912679244,28.90215192522321,48.84284955202836,-4.332582957752493,-6.096993673426217,487359045,9067046289191,0.3415149527708794,-335688800744,46821689654,-46166150285,8035688985,5813.669921875,1383.1800537109375,103.98999786376952,20.350000381469727,29825.182,21331.9,4.14,4.1,563912300000000.0,3.105,2.937,0.1500000000000003,0.16799998
2556.14990234375,2575.239990234375,-0.0145116359273068,-0.0146179595897689,0.0087889477486809,29.897147042410715,42.37903214762729,-7.489189293658001,-6.375432797472574,406613036,10980673439062,-0.1656807436496844,-858299287918,258450468848,-32653516665,49871877805,5705.4501953125,1378.5699462890625,103.9800033569336,23.15999984741211,29825.182,21331.9,4.12,4.1,563912300000000.0,3.1,2.936,0.1600000000000001,0.1639998
2542.360107421875,2542.9599609375,-0.0053947520484737,-0.0054093562710936,0.0084427776373012,29.242135184151785,34.12078947444057,-10.977007649816642,-7.295747767941387,319848769,7944318405637,-0.2133828955744547,-39017847667,-237272871543,-34987822855,14780765621,5728.7998046875,1372.9300537109375,104.27999877929688,21.8799991607666,29825.182,21452.2,4.18,4.2,563912300000000.0,3.09,2.939,0.1900000000000004,0.15100002
2588.969970703125,2549.0400390625,0.0183333050047405,0.0181672761368631,0.0093883718081255,31.153547014508927,42.36473268392282,-9.866369032920376,-7.809872020937185,373943470,8064748773264,0.1691258689821626,29716800648,183862669387,4963715143,102351659906,5712.68994140625,1379.3399658203125,103.88999938964844,21.979999542236328,29825.182,21452.2,4.1,4.2,563912300000000.0,3.096,2.935,0.2099999999999999,0.16100001
2576.8798828125,2570.239990234375,-0.0046698447751178,-0.0046807825653693,0.0087192145081213,30.597133091517858,44.02736172581307,-9.848224774115351,-8.21754257157282,310875315,7716007774972,-0.1686569229300888,-144415341105,-202008698614,-44763636469,-28910188732,5782.759765625,1372.8599853515625,103.41999816894533,20.489999771118164,29825.182,21452.2,4.11,4.2,563912300000000.0,3.073,2.918,0.1499999999999994,0.15499997
2563.510009765625,2591.89990234375,-0.0051883959109039,-0.0052019023751459,0.0086900462611066,32.70570591517857,42.175046393335386,-10.788321284213907,-8.731698314101038,548506117,11791887929674,0.7643926376077819,-103079533892,-43773444714,-9040870503,76337430691,5929.0400390625,1378.0,105.08999633789062,16.270000457763672,29825.182,21452.2,4.2,4.2,563912300000000.0,3.134,2.96,0.2199999999999997,0.17400002
2564.6298828125,2557.22998046875,0.0004368514429859,0.0004367560511747,0.0086748490769824,33.34641810825893,44.75430161921116,-11.31258569967804,-9.24787579121644,465146173,10809704016429,-0.1519763251792504,104649721048,-55393323792,4956478096,178899209668,5973.10009765625,1399.800048828125,104.51000213623048,15.199999809265137,29825.182,21452.2,4.13,4.2,563912300000000.0,3.098,2.922,0.1799999999999997,0.17600012
2561.14990234375,2586.699951171875,-0.0013569133277561,-0.0013578347682832,0.0086761348085669,34.406424386160715,41.912708021703,-11.872021097338347,-9.77270485244082,448734499,9921212340072,-0.0352828314036242,-13207813305,193834692237,-47770120168,-6441943082,5995.5400390625,1372.0799560546875,105.0,14.9399995803833,29825.182,21452.2,4.18,4.2,563912300000000.0,3.049,2.889,0.1200000000000001,0.16000009
2531.659912109375,2562.050048828125,-0.011514355410196,-0.0115811588949198,0.0086103081680236,34.122855050223215,42.65833152746812,-14.52750934955975,-10.723665751864608,572196827,11290168186878,0.2751344687674659,-481702712984,-220728871329,-17545700228,71860171483,6001.35009765625,1397.199951171875,105.54000091552734,14.970000267028809,29825.182,21452.2,4.18,4.2,563912300000000.0,3.038,2.901,0.1200000000000001,0.13700008
2482.570068359375,2527.93994140625,-0.0193903784292648,-0.0195808378911183,0.0093646316548457,34.875697544642854,29.540250192248777,-20.358463358000336,-12.650625273091752,735812780,12848018036593,0.2859434818222086,-306357985372,-26351345295,-87729325236,164830037963,5983.990234375,1400.550048828125,106.0199966430664,14.710000038146973,29825.182,21452.2,4.29,4.2,563912300000000.0,3.014,2.9,0.1399999999999996,0.11399984
2417.080078125,2468.27001953125,-0.0263799161478066,-0.0267341090784921,0.0107153211560624,38.11427525111607,25.379153678687103,-29.91914206299089,-16.10432863107158,619176261,11208360429193,-0.1585138532114106,-630824890951,69869273798,-32997618165,25758571687,5985.3798828125,1406.6500244140625,106.4800033569336,14.020000457763672,29825.182,21452.2,4.25,4.2,563912300000000.0,3.067,2.939,0.1900000000000004,0.12800002
2418.860107421875,2430.260009765625,0.0007364378669059,0.0007361668295999,0.0107376455034573,37.84498814174107,25.27592433090507,-36.92674677896821,-20.268812260650908,639989952,13017388247182,0.0336151307971415,-233309824306,-31985934413,96935139213,177648751466,5949.169921875,1399.0,106.66999816894533,14.3100004196167,29825.182,21452.2,4.3,4.2,563912300000000.0,3.074,2.929,0.1299999999999999,0.14499998
2416.860107421875,2413.050048828125,-0.0008268357454254,-0.0008271777626414,0.0107444854457579,38.7685546875,17.97398111351879,-42.15576190654019,-24.646202189828767,623327161,12365758546178,-0.0260360197030092,-59478559825,-96392962924,7134765771,103831072255,5870.6201171875,1400.8299560546875,106.69000244140624,16.139999389648438,29825.182,21452.2,4.27,4.2,563912300000000.0,3.084,2.941,0.1600000000000001,0.14300013
2469.070068359375,2440.31005859375,0.0216023926155963,0.0213723677612459,0.0120048293843763,41.71212332589285,28.883746532028734,-41.60726391852359,-28.03841453556773,443925881,10621301146512,-0.2878123900652549,-52987299865,-73025632748,14864147688,43784358580,5893.6201171875,1394.3499755859375,106.27999877929688,15.579999923706056,29825.182,21452.2,4.25,4.2,563912300000000.0,3.063,2.915,0.1699999999999999,0.148
2471.949951171875,2469.1298828125,0.0011663835908932,0.0011657038940262,0.0117684060834805,40.52068219866072,31.597338224416035,-40.47363793240174,-30.525459214934536,410856127,9085861075487,-0.0744938635375485,-329956823604,120453184433,27971023145,319487650799,5916.97998046875,1389.5,106.20999908447266,16.350000381469727,29825.182,21452.2,4.24,4.2,563912300000000.0,3.036,2.889,0.1499999999999994,0.14700007
2482.2900390625,2475.760009765625,0.0041829681404848,0.0041742438497443,0.0114564532429488,38.8013916015625,37.84156782808034,-38.2993810695798,-32.08024358586359,408789732,7820084740597,-0.0050294856622644,-182317438969,-32152100370,24153633173,181000588722,5917.10986328125,1392.1600341796875,106.68000030517578,17.15999984741211,29825.182,21452.2,4.26,4.2,563912300000000.0,3.017,2.873,0.1500000000000003,0.14400005
2480.6298828125,2474.6201171875,-0.0006688002706674,-0.0006690240173352,0.0114032205970731,38.793526785714285,39.41560556347656,-36.29187740418229,-32.922570349527334,451118534,8356409257842,0.1035466370275659,-259260058166,-288550286,14389628978,300695947782,5948.7099609375,1397.6199951171875,106.97000122070312,16.8700008392334,29825.182,21452.2,4.3,4.2,563912300000000.0,2.978,2.829,0.1299999999999999,0.14899993
2501.239990234375,2493.419921875,0.008308416972913,0.0082740920693009,0.0116189205869402,37.649972098214285,33.48518022166704,-32.661353115255224,-32.870326902672915,543517791,8017171405214,0.2048225688727742,117541103843,171518671341,49241716550,82570042348,5969.33984375,1399.5999755859375,107.48999786376952,15.239999771118164,29825.182,21452.2,4.32,4.2,563912300000000.0,2.976,2.816,0.0899999999999998,0.16000009
2534.340087890625,2524.110107421875,0.0132334753104392,0.0131466777926914,0.0117380271964727,38.80782645089285,42.579056980651536,-26.804252470551543,-31.657112016248643,564692445,13495227553966,0.0389585296942009,-74748556334,435726389515,-11709771039,54485875472,5987.3701171875,1403.510009765625,106.81999969482422,14.600000381469728,29825.182,21452.2,4.21,4.2,563912300000000.0,2.92,2.773,0.0599999999999996,0.14700007
2520.360107421875,2521.389892578125,-0.0055162211794493,-0.0055314917104749,0.0117391154406716,36.909266880580354,42.48861447657191,-23.025106504594987,-29.930710913917917,441708781,8709923196814,-0.2177887540181274,-68993373953,-232966094369,-76133135952,71949430369,6021.6298828125,1395.56005859375,107.01000213623048,14.100000381469728,29825.182,21452.2,4.21,4.2,563912300000000.0,2.903,2.773,0.0899999999999998,0.13000011
2503.06005859375,2518.820068359375,-0.0068641178604519,-0.00688778427902,0.0116741386098087,36.0999755859375,39.853697552560085,-21.181903657105067,-28.180949462555347,414339138,8586048743292,-0.0619630946390445,-334901892865,142961374664,-66310527177,201213816091,5998.740234375,1395.27001953125,106.08000183105467,14.100000381469728,29825.182,21452.2,4.17,4.2,563912300000000.0,2.88,2.741,0.08,0.13900018
2504.669921875,2499.68994140625,0.0006431580719459,0.0006429513344316,0.0112830725851204,34.547119140625,40.63474611127125,-19.367987504503617,-26.418357070945,342571105,7572752629681,-0.1732108469077329,-491859100546,280865845785,-32204512507,85666024663,5998.740234375,1388.469970703125,106.08000183105467,14.100000381469728,29825.182,21452.2,4.17,4.2,563912300000000.0,2.788,2.638,0.08,0.1500001
2455.909912109375,2496.929931640625,-0.019467638965027,-0.019659629265213,0.012002062731389,36.06283133370536,38.19394872903219,-21.615797708077025,-25.45784519837141,384278001,9106481521439,0.1217466838016008,-749351188353,99435592904,-40090877675,10157082431,6032.3798828125,1393.300048828125,105.73999786376952,13.510000228881836,29825.182,21452.2,4.1,4.2,563912300000000.0,2.751,2.607,0.08,0.14399981
2454.47998046875,2479.02001953125,-0.0005822410804136,-0.0005824106485743,0.0110615192529237,34.914986746651785,44.85812322413823,-23.24463731231572,-25.015203621160275,328109545,7591739683478,-0.1461662022125487,-130920289410,426966125180,-20717896897,-8074264978,6047.14990234375,1399.8599853515625,106.4499969482422,13.34000015258789,29825.182,21485.9,4.11,4.1,563912300000000.0,2.697,2.567,0.08,0.13000011
2500.10009765625,2472.06005859375,0.0185864694560626,0.0184158519087712,0.0120056073000154,33.442836216517854,66.38896278902988,-20.61668591820262,-24.135500080568747,324137730,9145172832624,-0.0121051492116756,565500381091,244015246982,-4024994759,-318937050,6049.8798828125,1401.06005859375,106.37000274658205,13.300000190734863,29825.182,21485.9,4.13,4.1,563912300000000.0,2.713,2.585,0.1000000000000005,0.12800002
2464.0,2450.760009765625,-0.0144394609200217,-0.0145447244638398,0.0123339959163346,35.381417410714285,57.84767714393159,-21.2025815231068,-23.54891636907636,670284268,13296925007005,1.0678995561547246,-407121454238,24347148909,-77409636642,111981588236,6086.490234375,1411.6700439453125,106.33999633789062,13.449999809265137,29825.182,21485.9,4.09,4.1,563912300000000.0,2.765,2.626,0.1000000000000005,0.13900018
2441.85009765625,2471.449951171875,-0.0089894084187297,-0.0090300569380517,0.0124177533866651,34.9564208984375,54.06010892114126,-23.186935457240907,-23.47652018670927,519351593,9720715707167,-0.2251771109746528,-317368769486,-4639211800,-58486425942,157457069756,6075.10986328125,1410.800048828125,105.70999908447266,13.539999961853027,29825.182,21485.9,4.1,4.1,563912300000000.0,2.738,2.603,0.0700000000000002,0.13499999
2428.159912109375,2451.60009765625,-0.0056064807418011,-0.0056222560452088,0.0124345606891753,34.839285714285715,42.40239107409718,-25.56948470331008,-23.895113090029437,630408602,10726880321289,0.2138378133366003,-284114671292,470508289470,-2680002790,344514468553,6090.27001953125,1399.989990234375,105.97000122070312,12.770000457763672,29825.182,21485.9,4.05,4.1,563912300000000.0,2.744,2.62,0.1000000000000005,0.12400007
2360.580078125,2392.3701171875,-0.0278317064899022,-0.0282263480376586,0.0135680382395577,38.6778564453125,33.32438939331573,-32.53574810906002,-25.623240093835552,591644435,10004534867179,-0.0614905426052546,102683814372,490092984663,-32970450079,228329146264,6052.85009765625,1424.219970703125,106.1500015258789,14.1899995803833,29825.182,21485.9,4.09,4.1,563912300000000.0,2.677,2.579,0.1100000000000003,0.09800005
2417.840087890625,2384.510009765625,0.0242567537937989,0.0239672313150237,0.0143245006454942,41.61500767299107,41.53867751991554,-33.05511896577718,-27.10961586822388,598770280,9303804224973,0.0120441342442441,-104694432233,364528755014,11505853560,20341073636,6034.91015625,1426.5999755859375,106.4000015258789,14.18000030517578,29825.182,21485.9,4.08,4.1,563912300000000.0,2.645,2.524,0.1399999999999996,0.12100005
2442.510009765625,2412.14990234375,0.0102032892905348,0.0101515871250479,0.013211638522739,42.30146135602679,45.28055973512448,-31.117365966443685,-27.91116588786784,617716470,7745860519277,0.0316418343275153,-137602911179,170913269638,9212492395,-26820336054,6084.18994140625,1433.949951171875,106.70999908447266,13.579999923706056,29825.182,21485.9,4.09,4.1,563912300000000.0,2.692,2.536,0.1699999999999999,0.1559999
2482.1201171875,2456.6298828125,0.0162169683086277,0.0160868778422873,0.0136628538441208,43.3614501953125,47.739220050403134,-26.08478891090272,-27.54589049247482,664187237,12259144225557,0.0752299303270964,-20895446529,-531546267616,168342655759,387787418198,6051.25,1429.1500244140625,106.95999908447266,13.920000076293944,29825.182,21485.9,4.14,4.1,563912300000000.0,2.7,2.549,0.1800000000000006,0.15100002
2494.4599609375,2473.75,0.0049714933876698,0.0049591763203626,0.0136769006069327,42.61574009486607,45.04101697570311,-20.860249107719028,-26.20876221552366,577737398,8849455236945,-0.1301588380265729,-173855549323,-147104375772,-14543519819,260846212030,6051.08984375,1427.8599853515625,107.0,13.8100004196167,29825.182,21485.9,4.21,4.1,563912300000000.0,2.676,2.541,0.1900000000000004,0.13500023
2488.969970703125,2511.080078125,-0.0022008732632901,-0.0022032987442882,0.0128736505197289,43.33431570870536,46.01253174182776,-16.967172994488465,-24.360444371316625,526708153,8466421567755,-0.0883260200510682,-433889326275,-60241181602,-54361564808,142276947620,6074.080078125,1434.449951171875,106.86000061035156,14.6899995803833,29825.182,21485.9,4.22,4.1,563912300000000.0,2.721,2.553,0.1699999999999999,0.16799998
2456.81005859375,2487.31005859375,-0.0129209723250658,-0.013005174187676,0.0132148185648789,43.75716727120536,44.338625730085376,-16.28914711399284,-22.74618491985187,559039721,9284835596090,0.061384217836476,-702048088822,47947415961,-14850160394,141467543105,6050.60986328125,1431.3499755859375,106.95999908447266,15.869999885559082,29825.182,21485.9,4.22,4.1,563912300000000.0,2.79,2.621,0.1800000000000006,0.16899991
2484.429931640625,2463.06005859375,0.0112421686610499,0.0111794451440635,0.0134309204443555,44.98573521205357,47.67077857238784,-13.369004233922167,-20.87074878266593,441677820,8338565732727,-0.2099348160629179,392377279981,85258693459,-17429787527,100327354911,5872.16015625,1436.4200439453125,108.02999877929688,27.6200008392334,29825.182,21485.9,4.35,4.1,563912300000000.0,2.738,2.536,0.1500000000000003,0.2019999
2435.929931640625,2426.550048828125,-0.0195215809398868,-0.0197146437255321,0.0141405106828216,45.209298270089285,47.69932372408303,-14.79773554744088,-19.65614613562092,504467068,8443749654047,0.1421607451331832,-433846681432,-559085781513,-30465188738,136641701243,5867.080078125,1451.5,108.41000366210938,24.09000015258789,29825.182,21485.9,4.35,4.1,563912300000000.0,2.814,2.603,0.2200000000000006,0.21099997
2404.14990234375,2429.6298828125,-0.0130463642997608,-0.0131322156264425,0.0142187509966991,46.01142229352679,44.58315246694743,-18.28363580197174,-19.381644068891084,617782376,9347347558007,0.2246237964536468,-822426007869,-194850504335,-25239156185,186998265857,5930.85009765625,1437.449951171875,107.62000274658205,18.36000061035156,29825.182,21485.9,4.32,4.1,563912300000000.0,2.873,2.629,0.1999999999999993,0.24399996
2442.010009765625,2423.360107421875,0.0157478148034637,0.015625104570034,0.0143675410743118,45.77071707589285,43.64176446600997,-17.786214203611962,-19.06255809583526,428166806,7375539570358,-0.306929393531291,144818363771,391894608673,-39824353595,76991963721,5974.06982421875,1445.4200439453125,108.04000091552734,16.780000686645508,29825.182,21485.9,4.36,4.1,563912300000000.0,2.844,2.616,0.2299999999999995,0.22800016
2440.52001953125,2450.550048828125,-0.000610149110125,-0.0006103353268438,0.0143433938850995,43.112862723214285,47.21932771651449,-17.312664147199484,-18.712579306108108,386777917,6740790173171,-0.096665337947753,-6185403456,149345005197,-91045365786,-24738114625,6040.0400390625,1442.699951171875,108.26000213623048,14.270000457763672,29825.182,21485.9,4.36,4.1,563912300000000.0,2.876,2.626,0.2299999999999995,0.25
2429.669921875,2449.52001953125,-0.0044458138304204,-0.0044557258496325,0.0143065519485414,41.97215053013393,48.5178658218492,-17.609888683588906,-18.492041181604268,322800054,6410407187557,-0.1654123986608057,20405643904,206347520236,-1019756878,-6761836838,6037.58984375,1457.6099853515625,108.12999725341795,14.729999542236328,29825.182,21485.9,4.35,4.1,563912300000000.0,2.904,2.648,0.2300000000000004,0.25600004
2404.77001953125,2419.4599609375,-0.0102482654617276,-0.0103011404960208,0.0144295284208053,40.53142438616072,47.22940540590563,-19.628391414066755,-18.719311228096764,311291279,6339606976315,-0.0356529525239794,-173913674129,-167118946067,22774506911,82250826237,5970.83984375,1466.989990234375,108.0,15.949999809265137,29825.182,21485.9,4.36,4.1,563912300000000.0,2.876,2.634,0.2599999999999998,0.24199986
2399.489990234375,2397.489990234375,-0.002195648338091,-0.0021980623080366,0.0138225081959148,38.48357282366072,55.4070109466739,-21.40735296830462,-19.256919576138337,303963509,5315451121758,-0.0235399142036356,-120749176406,30920329920,3854726549,18562954107,5906.93994140625,1472.800048828125,108.12999725341795,17.399999618530273,29825.182,21485.9,4.29,4.1,563912300000000.0,2.855,2.597,0.2599999999999998,0.25800014
2398.93994140625,2400.8701171875,-0.0002292357252431,-0.000229262003768,0.0138235131566314,36.03142438616072,46.88219141890798,-22.601046366395167,-19.925744934189705,350691927,6958648750080,0.1537303545209434,-238177921931,-267638420928,9774611646,9159869200,5868.5498046875,1473.52001953125,109.38999938964844,17.93000030517578,30042.113,21548.1,4.29,4.0,563912300000000.0,2.749,2.507,0.2800000000000002,0.2420001
2441.919921875,2402.580078125,0.017916238638119,0.0177576344269305,0.0137751924125926,37.72926548549107,49.908203221432665,-19.850112024185364,-19.91061835218884,407536387,8230070287923,0.1620922970376788,284263476147,272000014571,4593747827,40991978215,5942.47021484375,1471.6500244140625,108.9499969482422,16.1299991607666,30042.113,21548.1,4.32,4.0,563912300000000.0,2.754,2.482,0.2799999999999993,0.27199984
2488.639892578125,2453.300048828125,0.0191324745273593,0.0189517502336859,0.0140969447159114,37.853567940848215,50.99229572753615,-13.741660252413569,-18.676826732233785,302760981,8142307849602,-0.2570946039230602,370467928397,-30739910350,19649537894,39986219397,5975.3798828125,1465.530029296875,108.26000213623048,16.040000915527344,30042.113,21548.1,4.3,4.0,563912300000000.0,2.817,2.524,0.3200000000000003,0.29299998
2492.10009765625,2513.489990234375,0.0013904000689068,0.0013894343577773,0.0139177012850482,38.07786342075893,49.63085623328236,-8.523208342343423,-16.646103054255715,407692929,9405964049041,0.3465834588506635,162943070323,-149516816244,-5172925695,96854973661,5909.02978515625,1459.449951171875,108.54000091552734,17.81999969482422,30042.113,21548.1,4.33,4.0,563912300000000.0,2.794,2.508,0.3399999999999998,0.286
2521.050048828125,2481.25,0.0116166887514275,0.0115497330593913,0.0140157984545897,39.02999441964285,54.67503191403064,-2.0281492498907028,-13.722512293382714,362908922,10391057773317,-0.1098473969363349,222038928890,-109660168441,50831772028,138540031384,5918.25,1451.8800048828125,109.08999633789062,17.700000762939453,30042.113,21548.1,4.31,4.0,563912300000000.0,2.796,2.505,0.3600000000000003,0.2909999
2521.89990234375,2526.10009765625,0.0003371029924694,0.0003370461860217,0.0121130008234005,38.03928920200893,60.43808903352304,3.15147965569804,-10.347713903566564,404290371,11524453907612,0.1140270918993828,750956593550,-531971556086,87469936064,25261924759,5918.25,1457.969970703125,109.18000030517578,17.700000762939453,30042.113,21548.1,4.31,4.0,563912300000000.0,2.778,2.5,0.3700000000000001,0.27800012
2515.780029296875,2528.419921875,-0.0024266914960373,-0.0024296406839914,0.011142387477293,37.593575613839285,55.39978873500036,6.685484171657208,-6.941074288521808,377586658,9691007647524,-0.0660508261276398,-3813706835,-484759706338,-63878133168,264348170123,5827.0400390625,1455.22998046875,109.6500015258789,19.540000915527344,30042.113,21548.1,4.46,4.0,563912300000000.0,2.837,2.561,0.3099999999999996,0.27599978
2489.56005859375,2508.14990234375,-0.0104222032124379,-0.0104768947081469,0.0113003242574699,35.537161690848215,60.00524700551756,7.286481680245743,-4.0955630947682975,578565446,9049053425756,0.5322719533167404,-874307907172,-99274778032,-14359968392,259299892503,5836.22021484375,1472.25,109.95999908447266,19.190000534057617,30042.113,21548.1,4.49,4.0,563912300000000.0,2.871,2.664,0.2999999999999998,0.20700002
2497.39990234375,2501.489990234375,0.0031490880177553,0.0031441400251383,0.0107450502404011,33.82859584263393,69.10313991057407,8.299712486915269,-1.616507978431584,414487640,8199244671041,-0.2835942020637022,-296463429698,-53550157072,-20838579147,56996888787,5842.91015625,1458.8900146484375,109.2699966430664,18.709999084472656,30042.113,21548.1,4.46,4.0,563912300000000.0,2.841,2.646,0.3200000000000003,0.19500017
2496.81005859375,2511.070068359375,-0.0002361831396912,-0.0002362110353213,0.0106893138916901,33.002877371651785,63.24955640215288,8.951917606249935,0.4971771385047199,538534310,9176243659173,0.2992771268161338,56761084835,-209699835349,-25951915330,38649159979,5949.91015625,1460.43994140625,109.08999633789062,16.1200008392334,30042.113,21548.1,4.34,4.0,563912300000000.0,2.86,2.675,0.3200000000000003,0.18499994
2527.489990234375,2528.27001953125,0.0122876514114591,0.0122127710017462,0.0110107979481415,34.200718470982146,68.42666092841706,11.80829032228803,2.7593997752613824,451062578,9432261340912,-0.1624255509365781,626312550045,22148124041,-30806046569,75671702975,5937.33984375,1437.219970703125,108.95999908447266,16.600000381469727,30042.113,21548.1,4.29,4.0,563912300000000.0,2.802,2.626,0.3200000000000003,0.17600012
2523.550048828125,2520.85009765625,-0.0015588356121974,-0.0015600518605489,0.010544862271832,33.767857142857146,70.49074452019536,13.597324442648189,4.926984708738743,445884915,10011839897387,-0.0114788130351172,-233805998193,-119264693103,-41340992900,131439500314,5996.66015625,1453.3199462890625,109.3499984741211,15.970000267028809,30042.113,21548.1,4.33,4.0,563912300000000.0,2.813,2.588,0.2800000000000002,0.2249999
2520.050048828125,2533.679931640625,-0.0013869350447894,-0.0013878977294223,0.0102992634888174,32.27500697544643,77.75431873086033,14.564831808256258,6.854554128642247,437546001,8663518721587,-0.0187019424059232,-418480930745,40430285207,-22965953321,73572891647,5996.66015625,1457.3800048828125,109.3499984741211,15.970000267028809,30042.113,21548.1,4.33,4.0,563912300000000.0,2.868,2.623,0.2800000000000002,0.24500012
2518.030029296875,2533.22998046875,-0.0008015791322039,-0.000801900568539,0.0091265653810582,32.359287806919646,78.9943174625165,14.995728251088622,8.482788953131521,572011300,9323573978039,0.3073169419733765,-172883954122,55132666853,-32883396384,58850508084,6049.240234375,1435.530029296875,108.05999755859376,15.0600004196167,30042.113,21548.1,4.33,4.0,563912300000000.0,2.818,2.579,0.2400000000000002,0.23900008
2547.06005859375,2535.800048828125,0.0115288654063356,0.0114629144466954,0.0086747012733683,33.1014404296875,81.79916054828524,17.478219502048887,10.281875062914995,583737394,11074514904158,0.0204997593579008,350745580930,294905800290,13915740457,88094425479,6086.3701171875,1425.7900390625,108.16999816894533,15.100000381469728,30042.113,21548.1,4.34,4.0,563912300000000.0,2.827,2.577,0.2599999999999998,0.25
2515.489990234375,2541.239990234375,-0.0123947090500901,-0.0124721641440235,0.0087777822410633,31.375732421875,66.60802604877973,16.70559927966542,11.566619906265082,609742131,9907820760947,0.0445486913589778,-619576365599,-244685119458,-66489426772,150406685054,6118.7099609375,1434.3399658203125,108.0500030517578,15.020000457763672,30042.113,21548.1,4.35,4.0,563912300000000.0,2.837,2.578,0.3000000000000007,0.25899982
2536.800048828125,2529.2900390625,0.0084715338468766,0.0084358517835948,0.0088965419690653,29.95858328683036,62.280767286482345,17.609840539924335,12.775264032996931,602014660,10179284029760,-0.0126733427249428,273367287682,-15733717469,5258832601,65057805446,6101.240234375,1433.9300537109375,107.44000244140624,14.850000381469728,30042.113,21548.1,4.33,4.0,563912300000000.0,2.859,2.57,0.2999999999999998,0.28900003
2517.3701171875,2534.330078125,-0.0076592286607691,-0.0076887111913847,0.0090468664829382,30.516427176339285,55.95852416775468,16.56764366947982,13.533739960293511,454403356,13759431159982,-0.2451955306204669,-1175587454160,297700162881,8458144968,35463492151,6040.52978515625,1441.6600341796875,108.37000274658205,16.43000030517578,30042.113,21548.1,4.27,4.0,563912300000000.0,2.859,2.573,0.3100000000000005,0.286
2453.949951171875,2468.739990234375,-0.0251930240939224,-0.0255158010132801,0.0106187236851462,32.96214076450893,36.390510862159125,10.503144061252897,12.92762078048539,522848036,11649962821524,0.1506253840255529,-870658808784,-450580302545,-51138860199,209651399343,5994.56982421875,1456.780029296875,108.98999786376952,18.6200008392334,30042.113,21613.5,4.28,4.2,563912300000000.0,2.835,2.572,0.2599999999999998,0.263
2481.68994140625,2481.43994140625,0.0113042200478163,0.0112408048113941,0.0108280242272022,35.415719168526785,42.64657295474719,7.844938243745673,11.911084273137446,479377343,11000937680837,-0.083142117798832,77245571545,11570047283,-54871642961,138729974005,6037.8798828125,1459.050048828125,107.95999908447266,17.209999084472656,30042.113,21613.5,4.25,4.2,563912300000000.0,2.844,2.584,0.2699999999999996,0.26
2509.27001953125,2503.93994140625,0.011113426244284,0.0110521258761126,0.0110153237529101,35.70643833705357,48.89612158435221,7.873017544915456,11.10347092749305,437344153,9949594557748,-0.0876828882586551,65594890099,27625408313,-20727305064,90759040565,6061.47998046875,1450.1600341796875,107.58000183105467,15.770000457763672,30042.113,21613.5,4.19,4.2,563912300000000.0,2.818,2.578,0.2399999999999993,0.24000001
2536.75,2521.820068359375,0.0109513843687032,0.0108918522042924,0.0106059160499711,35.3800048828125,57.96777767884525,9.997431193824468,10.882262980759332,479697230,11863047995673,0.0968415301987586,355589916592,140353323355,-14760411027,47082490535,6083.56982421875,1443.8900146484375,107.69000244140624,15.5,30042.113,21613.5,4.23,4.2,563912300000000.0,2.796,2.582,0.2199999999999997,0.21399999
2521.919921875,2532.090087890625,-0.0058460936730068,-0.0058632489722895,0.0099371348527192,35.127859933035715,54.04460445561301,10.36490082680075,10.778790549967615,419872051,10240140504999,-0.1247144558245625,-239953778114,-179586951627,-61806450434,122428231580,6025.990234375,1442.1500244140625,108.04000091552734,16.540000915527344,30042.113,21613.5,4.31,4.2,563912300000000.0,2.836,2.635,0.1800000000000006,0.20099998
2521.27001953125,2510.639892578125,-0.0002577014195069,-0.0002577346302235,0.0099376336743286,34.905726841517854,54.03389846886762,10.482841795850163,10.719600799144123,393563727,10582465784194,-0.0626579548158589,-277002969463,182690426660,-35325072274,184842141637,6066.43994140625,1450.6199951171875,108.31999969482422,15.8100004196167,30042.113,21613.5,4.3,4.2,563912300000000.0,2.83,2.638,0.2099999999999999,0.19199991
2539.050048828125,2532.8701171875,0.0070520131358959,0.0070272639774004,0.0097240909636319,34.26072474888393,51.99118914572728,11.874133019831788,10.950507243281658,451092989,11023156462010,0.1461752139571541,140804771917,190385091111,-33982381205,58670737259,6068.5,1453.2099609375,107.95999908447266,16.020000457763672,30042.113,21613.5,4.28,4.2,563912300000000.0,2.849,2.633,0.2599999999999998,0.21600008
2548.389892578125,2534.7099609375,0.0036784795771593,0.0036717305169494,0.0097523019939105,34.70359584263393,54.20045809367636,13.57391700705557,11.47518919603644,464894178,13668983788526,0.0305949977865871,370608431762,52557311052,-29088098916,10160252896,6051.97021484375,1450.75,107.94000244140624,15.890000343322754,30042.113,21613.5,4.37,4.2,563912300000000.0,2.879,2.651,0.25,0.22799993
2583.169921875,2558.949951171875,0.0136478446246266,0.0135555515791186,0.0101447698516925,35.768607003348215,59.65253141919716,17.525443356830692,12.685240028195292,680341736,17104156094956,0.4634335472362056,-113368166295,371276033746,65668200903,68302874736,6115.06982421875,1452.1199951171875,107.30999755859376,15.100000381469728,30042.113,21613.5,4.31,4.2,563912300000000.0,2.872,2.631,0.2099999999999999,0.24099994
2591.050048828125,2588.199951171875,0.0030505646904579,0.0030459211591908,0.0097603736924599,34.142892020089285,60.96988627027535,21.05026252334983,14.3582445272262,499364641,13917625961701,-0.2660091031075594,-320363283217,271842713821,-59623833723,176009312830,6114.6298828125,1438.739990234375,106.56999969482422,14.770000457763672,30042.113,21613.5,4.26,4.2,563912300000000.0,2.846,2.611,0.2099999999999999,0.2349999
2610.419921875,2595.989990234375,0.0074756846382166,0.0074478801933354,0.0098341393765443,33.229317801339285,59.80316757122654,25.117159007714235,16.51002742332381,366339998,11017333473620,-0.2663877897594275,-223522947529,263450060744,-37806070744,82783939271,6114.6298828125,1432.5999755859375,106.56999969482422,14.770000457763672,30042.113,21613.5,4.26,4.2,563912300000000.0,2.869,2.623,0.2099999999999999,0.24600005
2626.81005859375,2613.25,0.0062787356859341,0.0062591065462997,0.0098562241075664,32.64003208705357,68.07260003472092,29.32471378063292,19.072964694785632,421993118,12618242477587,0.1519165810553944,18935648626,100158481502,-18134673779,120954696883,6129.580078125,1441.2900390625,107.0500030517578,15.350000381469728,30042.113,21613.5,4.33,4.2,563912300000000.0,2.878,2.641,0.2199999999999997,0.23699999
2671.52001953125,2633.909912109375,0.0170206295621675,0.016877401582586,0.0101480850335443,34.536446707589285,70.3271046972261,35.85365285094622,22.42910232601775,525798791,14851621874895,0.2459890187119118,395643678129,659810167894,64551134535,67712126648,6144.14990234375,1440.0799560546875,107.16999816894533,15.270000457763672,30042.113,21613.5,4.3,4.2,563912300000000.0,2.873,2.63,0.2300000000000004,0.24299979
2654.06005859375,2661.719970703125,-0.0065355905289317,-0.0065570410128457,0.0103203816178328,33.462158203125,70.74768169905964,39.16751247112416,25.77678435503903,529303324,14551190986281,0.0066651598672085,-288399183537,-8960609712,-81417208164,80847797720,6117.52001953125,1439.97998046875,106.33999633789062,15.65999984741211,30042.113,21613.5,4.27,4.2,563912300000000.0,2.888,2.628,0.2300000000000004,0.26
2654.580078125,2653.760009765625,0.0001959335959886,0.0001959144035085,0.0102948524643713,29.022164481026785,87.64026107866712,41.3589708544273,28.893221654916687,444704240,11381060470064,-0.1598310083539169,-216251303694,61015463799,-8634276479,74306429095,6013.1298828125,1431.699951171875,106.61000061035156,18.209999084472656,30042.113,21613.5,4.19,4.2,563912300000000.0,2.856,2.618,0.2299999999999995,0.23799992
2645.27001953125,2636.1201171875,-0.0035071681093629,-0.0035133326410228,0.0103596641021251,27.115025111607142,82.96920884605998,41.86191538823277,31.486960401579907,536354114,10802085081805,0.2060917476298405,-200116208520,-91866448407,-7354978147,17820189902,5983.25,1434.2900390625,106.5999984741211,18.979999542236328,30042.113,21613.5,4.17,4.2,563912300000000.0,2.825,2.61,0.2300000000000004,0.21500015
2630.2900390625,2617.639892578125,-0.0056629305734937,-0.0056790257575358,0.0102848743919448,26.767159598214285,75.69645608309159,40.58391718913981,33.30635175909189,410284831,10508475591510,-0.2350485988814472,-320603784686,-92082269066,-39077070571,13822369897,5955.25,1428.6500244140625,106.30999755859376,19.43000030517578,30042.113,21613.5,4.08,4.2,563912300000000.0,2.797,2.596,0.2199999999999997,0.20099998
2641.090087890625,2629.860107421875,0.0041060296270498,0.0040976228917467,0.0097441557690231,26.79717145647321,73.8437076338561,39.98168412270252,34.641418231814015,386762622,11218719900855,-0.0573314127716313,-322079848680,174246154437,-3608597829,57404901317,5956.06005859375,1429.5,106.41999816894533,19.100000381469727,30042.113,21613.5,4.04,4.2,563912300000000.0,2.752,2.591,0.2099999999999999,0.16100001
2621.75,2637.6298828125,-0.0073227672086231,-0.0073497102808961,0.0098710957378213,27.654331752232142,72.35234694613843,37.51141833723659,35.21541825289853,513909805,10802121046832,0.3287473394985929,-178554727804,-343067576358,20023507006,45851879957,5861.56982421875,1434.4200439453125,107.23999786376952,21.1299991607666,30042.113,21613.5,4.05,4.2,563912300000000.0,2.754,2.592,0.2400000000000002,0.16199994
2532.780029296875,2585.610107421875,-0.033935337352198,-0.0345245084511031,0.0126419160207165,32.108607700892854,51.84674214238541,28.051224764474227,33.78257955521367,588571521,15637224696362,0.1452817503647356,-1556162589217,-518474998164,-83318129055,5940831420,5954.5,1449.8599853515625,107.61000061035156,19.6299991607666,30042.113,21613.5,3.99,4.2,563912300000000.0,2.706,2.566,0.25,0.1400001
2528.919921875,2522.199951171875,-0.0015240594829495,-0.0015252220429605,0.0111080688408035,32.630039760044646,48.298659773777885,20.01179131894696,31.028421907960333,484081351,13115384134880,-0.1775318143536204,-194497716857,-263315706770,728396200,51526216282,5778.14990234375,1457.9300537109375,105.73999786376952,23.51000022888184,30042.113,21693.6,3.94,4.2,563912300000000.0,2.703,2.541,0.2799999999999998,0.16200018
2558.1298828125,2548.449951171875,0.0115503700551511,0.0114841737710355,0.0111194232344408,33.466465541294646,51.53346878750071,15.815174633630704,27.98577245309441,569412248,13021641663686,0.1762738779829591,-226478200361,-210132871638,97648839135,70907237311,5842.6298828125,1452.8499755859375,105.73999786376952,21.93000030517578,30042.113,21693.6,4.01,4.2,563912300000000.0,2.773,2.565,0.2700000000000004,0.20799994
2576.159912109375,2573.550048828125,0.0070481289546768,0.007023406988229,0.010973122500639,32.764317103794646,48.83488976230339,13.785290113164136,25.145675985108355,609615704,11319665264837,0.070605183048328,137481487402,69495382199,35205731675,-550366428,5738.52001953125,1443.030029296875,104.05999755859376,24.8700008392334,30042.113,21693.6,3.98,4.2,563912300000000.0,2.806,2.594,0.31,0.2119999
2563.47998046875,2553.43994140625,-0.0049220281633225,-0.0049341812388628,0.0108156918074082,33.974312918526785,45.4896350313653,11.026322906558562,22.3218053693984,567191412,12155164964202,-0.0695918620889071,59105655053,-135930660561,23426058917,46285802840,5770.2001953125,1446.5,103.83999633789062,23.3700008392334,30042.113,21693.6,4.01,4.2,563912300000000.0,2.773,2.565,0.3100000000000005,0.20799994
2570.389892578125,2555.39990234375,0.0026955202154967,0.0026918938161075,0.0107185186594132,34.547171456473215,43.17290196323361,9.290300871286943,19.715504469776107,435694828,9881353741270,-0.2318381082963223,-429168455871,74637735766,-5523898450,46122251900,5614.56005859375,1446.260009765625,103.91000366210938,27.86000061035156,30042.113,21693.6,3.91,4.2,563912300000000.0,2.801,2.596,0.3099999999999996,0.20500016
2537.60009765625,2516.68994140625,-0.0127567397524219,-0.0128388056327269,0.0111535957462188,37.48716517857143,35.59130219448295,5.20858713625239,16.814121003071364,399016248,10917540670799,-0.084184106954788,-1540341821814,-174056910849,-22418295696,-26885014630,5572.06982421875,1457.030029296875,103.44000244140624,26.920000076293945,30042.113,21693.6,3.92,4.2,563912300000000.0,2.76,2.56,0.3600000000000003,0.20000005
2574.820068359375,2552.60009765625,0.0146673901602942,0.0145608643668451,0.0115133472106549,36.64430454799107,33.994305429723454,4.920420623454447,14.435380927147982,401644557,12284769101722,0.0065869723681026,379614967742,38789074057,8035847301,-30632355371,5599.2998046875,1451.02001953125,103.61000061035156,24.229999542236328,30042.113,21693.6,3.98,4.2,563912300000000.0,2.763,2.55,0.3400000000000003,0.21300006
2573.639892578125,2598.06005859375,-0.0004583527197696,-0.0004584577954865,0.0114942543008741,37.57716587611607,35.93069414344497,4.544430893003664,12.45719092031912,427292042,13112911085717,0.0638561747022505,-480857460251,293805448495,147326809941,-46569214601,5521.52001953125,1448.75,103.83000183105467,24.65999984741211,30042.113,21693.6,3.93,4.2,563912300000000.0,2.77,2.57,0.3399999999999994,0.20000005
2566.360107421875,2565.179931640625,-0.0028285950871539,-0.0028326031220936,0.0110911051630783,37.57001604352679,34.922746333423746,3.617340055906425,10.689220747436584,362329393,9941799575184,-0.1520333697204686,-295408817434,50076864432,-53919251663,56115640598,5638.93994140625,1453.22998046875,103.72000122070312,21.770000457763672,30042.113,21693.6,4.0,4.2,563912300000000.0,2.813,2.596,0.3099999999999996,0.21700001
2610.68994140625,2588.320068359375,0.0172734270051089,0.0171259373765402,0.0117440686863381,38.75784737723215,44.72188146070179,6.386046640343011,9.828585926017867,396573940,11995073046698,0.0945121970825038,622329990144,501274955793,-10148042110,28916360145,5675.1201171875,1449.050048828125,103.37000274658205,20.51000022888184,30042.113,21693.6,4.03,4.2,563912300000000.0,2.805,2.601,0.2799999999999993,0.204
2612.340087890625,2627.27001953125,0.0006320729467728,0.0006318732728023,0.0116264043059938,39.007864815848215,47.14399918580884,8.61412135749697,9.58569301231369,555526574,12034578631086,0.4008146223627302,443656694237,134022354811,-23530910394,34156166372,5614.66015625,1442.489990234375,103.23999786376952,21.700000762939453,30042.113,21693.6,4.01,4.2,563912300000000.0,2.788,2.598,0.2800000000000002,0.19000006
2628.6201171875,2613.47998046875,0.0062319716228145,0.006212633190448,0.0116250998190921,39.19285365513393,48.04992009089708,11.56028911276735,9.980612232404422,653326938,11841495256564,0.1760498391567493,305237154545,270613484683,-7210762242,22957790839,5675.2900390625,1448.93994140625,103.43000030517578,19.899999618530277,30042.113,21693.6,3.95,4.2,563912300000000.0,2.811,2.621,0.2999999999999998,0.19000006
2637.10009765625,2648.159912109375,0.0032260197710969,0.0032208273335888,0.0109661167733081,38.584263392857146,52.484882976453015,14.41326469502792,10.867142724929122,455019267,11989258245357,-0.3035351207269522,551500529298,124188310758,-38124048864,-2992436037,5662.89013671875,1443.3900146484375,103.8499984741211,19.799999237060547,30042.113,21693.6,3.93,4.2,563912300000000.0,2.792,2.598,0.31,0.194
2643.1298828125,2633.89990234375,0.0022865211531444,0.0022839110416121,0.0108933506590268,34.122122628348215,74.42130867823563,16.965256748351294,12.086765529613556,497529180,14188127737060,0.093424424157406,850311733663,-342253263528,-37003018808,13372154676,5667.56005859375,1465.8199462890625,104.08999633789062,19.280000686645508,30042.113,21693.6,3.92,4.2,563912300000000.0,2.805,2.597,0.33,0.20800018
2632.070068359375,2636.429931640625,-0.0041843628362887,-0.0041931417805455,0.0109289723049277,32.977137974330354,72.12296195296456,17.88908006169322,13.24722843602949,372431632,6924064394711,-0.2514376101518306,6151772366,7830685905,-53815461430,4992047134,5767.56982421875,1464.780029296875,104.26000213623048,17.479999542236328,30042.113,21693.6,4.01,4.2,563912300000000.0,2.816,2.604,0.33,0.2119999
2615.81005859375,2653.0400390625,-0.0061776508008238,-0.0061968114381083,0.0109852005255835,33.64426967075893,63.09846161352059,17.111914299541695,14.020165608731933,439279423,8305059590006,0.1794901003467932,-75211633491,129648256530,-9151729684,-19561119151,5776.64990234375,1466.27001953125,104.18000030517578,17.149999618530273,30042.113,21693.6,3.98,4.2,563912300000000.0,2.821,2.612,0.3299999999999996,0.20900011
2643.93994140625,2628.090087890625,0.0107537941144024,0.0106963832931645,0.0111918930067239,34.202828543526785,64.71693332329683,18.551995430482748,14.926531573082094,507916080,7655330119639,0.1562482861848049,350794646922,240173140754,-7157583100,15570782366,5712.2001953125,1462.0899658203125,104.5500030517578,18.32999992370605,30042.113,21693.6,4.01,4.2,563912300000000.0,2.839,2.618,0.3399999999999998,0.22099996
2607.14990234375,2620.280029296875,-0.0139148542999552,-0.0140125734424912,0.0115904853118782,34.621407645089285,58.58329062609767,16.534027440558475,15.248030746577372,403313562,7676249317680,-0.2059444898850219,88668299283,-117485403632,-88333381166,-25460178838,5693.31005859375,1465.6800537109375,104.06999969482422,18.690000534057617,30042.113,21693.6,4.0,4.2,563912300000000.0,2.838,2.622,0.3799999999999999,0.21600008
2557.97998046875,2592.6298828125,-0.0188596450978126,-0.0190397563559933,0.0122237663944661,36.629970005580354,47.90831841655864,10.842189493289425,14.366862495919785,513561475,7150421589957,0.2733553328910869,-642171659484,21673555398,609806807,40065883283,5580.93994140625,1461.8900146484375,104.04000091552734,21.649999618530277,30042.113,21693.6,3.91,4.2,563912300000000.0,2.842,2.629,0.3599999999999994,0.21300006
2481.1201171875,2513.43994140625,-0.0300470933580823,-0.0305077585169839,0.0116683437521361,37.63282993861607,41.711653742585554,0.1279434381690407,11.519078684369635,391592782,8236353358064,-0.2374957993101021,-1577183849232,556015773568,-10678439502,60722289266,5611.85009765625,1469.4100341796875,104.20999908447266,22.280000686645508,30042.113,21693.6,3.89,4.2,563912300000000.0,2.771,2.569,0.3400000000000003,0.2019999
2521.389892578125,2511.239990234375,0.0162304819954759,0.0161001757869367,0.0122786350017388,38.161411830357146,42.22876857674078,-5.055463194233653,8.204170308648978,453393641,6939450184454,0.1578191985162791,-391239910471,-7425171231,28527835113,77428143593,5633.06982421875,1471.9599609375,104.26000213623048,21.770000457763672,30485.729,21775.6,3.85,4.2,563912300000000.0,2.787,2.581,0.3199999999999998,0.20599985
2505.860107421875,2525.6201171875,-0.006159216074421,-0.0061782622925352,0.0120305582700611,37.68068150111607,40.53668599601596,-10.297767910782568,4.503782664762669,515599740,7316124788243,0.1372010839472712,-727223417113,-22090030228,14073759070,173542042650,5670.97021484375,1469.969970703125,103.80999755859376,21.51000022888184,30485.729,21775.6,3.89,4.2,563912300000000.0,2.767,2.584,0.31,0.18299985
2486.699951171875,2437.429931640625,-0.0076461396201852,-0.0076755212120549,0.0119613184615663,41.31855119977679,39.23508560780618,-15.816078738154827,0.4398103841791694,480057159,8267470857840,-0.0689344432175237,-1377636843203,68855170698,92068244282,272206585424,5396.52001953125,1466.0400390625,102.06999969482422,30.020000457763672,30485.729,21775.6,3.68,4.2,563912300000000.0,2.738,2.529,0.3799999999999994,0.20899987
2465.419921875,2450.489990234375,-0.0085575379879855,-0.0085943639598062,0.0120400656308226,43.058558872767854,29.064656773888476,-21.656853618175774,-3.97952241629182,695074881,10742833732479,0.4479002509782381,-1789285142510,350212517269,63608384142,206742640335,5074.080078125,1450.6800537109375,103.0199966430664,45.310001373291016,30485.729,21775.6,3.66,4.2,563912300000000.0,2.692,2.461,0.3499999999999996,0.23099995
2328.199951171875,2359.25,-0.0556578493933668,-0.0572667308284102,0.0171876957269837,50.68425641741072,20.55658829851072,-36.93247999202367,-10.57011393143819,619500714,10505492820465,-0.1087280940022921,-2099175985969,-95673110432,-10723490389,430741943557,5062.25,1458.52001953125,103.26000213623048,46.97999954223633,30485.729,21775.6,3.72,4.2,563912300000000.0,2.648,2.405,0.4300000000000001,0.24300003
2334.22998046875,2381.199951171875,0.0025899963161839,0.0025866480558003,0.0171610529738169,52.29997907366072,18.83236990633857,-47.9986523923867,-18.05582162362789,557018146,9122473931623,-0.1008595576856752,-646788127624,-367430387319,86889851666,113166135559,4982.77001953125,1469.949951171875,102.95999908447266,52.33000183105469,30485.729,21775.6,3.71,4.2,563912300000000.0,2.686,2.413,0.5499999999999998,0.273
2293.699951171875,2329.989990234375,-0.0173633402175461,-0.0175158509852222,0.0168130825378127,54.497140066964285,15.954080256921287,-59.3549020244177,-26.315637703785853,699641582,9560332636518,0.2560480965013301,-1004811980763,40051769712,-44322370066,57856324113,5456.89990234375,1486.1300048828125,102.9000015258789,33.619998931884766,30485.729,21775.6,3.91,4.2,563912300000000.0,2.732,2.434,0.4299999999999997,0.2980001
2445.06005859375,2395.1298828125,0.0659894975995196,0.0639034735370708,0.0229316449065748,63.305716378348215,34.75563743064542,-55.501528898772,-32.152815942783086,670388052,11055426187398,-0.0418121660470431,328608746198,179206760707,308357822801,53966282574,5268.0498046875,1443.949951171875,100.87000274658205,40.720001220703125,30485.729,21775.6,3.85,4.2,563912300000000.0,2.702,2.437,0.5500000000000003,0.26499987
2432.719970703125,2400.739990234375,-0.0050469467395096,-0.0050597255894541,0.0229384316262822,65.54642159598214,34.68727871193845,-52.83440278991111,-36.28913331220869,369702818,7687103441531,-0.4485241541864472,-689834679872,-135473510577,21739159945,174907091560,5363.35986328125,1452.0400390625,99.77999877929688,37.560001373291016,30485.729,21775.6,3.98,4.2,563912300000000.0,2.696,2.411,0.5000000000000004,0.2850001
2455.889892578125,2454.280029296875,0.0095242864587916,0.0094792163900276,0.0226529907870072,64.90000697544643,37.8450486934364,-48.29435975972183,-38.69017860171133,488618364,6687793560550,0.3216517164875925,-243701630758,-64143907086,-334596020,111936074677,5405.97021484375,1419.050048828125,99.63999938964844,30.88999938964844,30485.729,21775.6,3.87,4.2,563912300000000.0,2.691,2.408,0.5099999999999998,0.283
2477.409912109375,2464.510009765625,0.008762615781874,0.0087244468751179,0.0227941707753988,64.42360142299107,37.21418725165768,-42.4702862007025,-39.44620012150956,560339502,6510808882534,0.1467835498708354,-118262630361,64528321115,-5848280889,94464244602,5396.6298828125,1419.4200439453125,100.22000122070312,30.1200008392334,30485.729,21775.6,3.85,4.2,563912300000000.0,2.664,2.399,0.4999999999999995,0.2650001
2447.429931640625,2472.780029296875,-0.0121013403241063,-0.0121751576732975,0.0227886476211106,64.00645228794643,37.60745704843604,-39.8148391340128,-39.51992792401021,613173904,6725688052971,0.0942899827897552,-458760818964,-47659695621,-31898896574,86849302137,5275.7001953125,1427.02001953125,99.37999725341795,32.63999938964844,30485.729,21775.6,3.77,4.2,563912300000000.0,2.629,2.351,0.52,0.27799988
2470.409912109375,2451.699951171875,0.0093894334508466,0.0093456267206765,0.0229254647736985,61.71718052455357,42.91767580774396,-35.44746946734358,-38.70543623267689,601738661,6606299171146,-0.0186492656086681,-351000742194,275056640685,-6456043288,56195835173,5282.7001953125,1414.22998046875,99.37999725341795,29.649999618530277,30485.729,21775.6,3.82,4.2,563912300000000.0,2.645,2.385,0.52,0.26
2483.419921875,2473.300048828125,0.0052663364496121,0.0052525177943716,0.0229728416041558,57.499337332589285,50.20742136924527,-30.583945793152907,-37.0811381447721,450985117,5649647492055,-0.2505299289719395,-104503068653,-12839946026,-16348640640,78362304973,5282.7001953125,1414.22998046875,99.37999725341795,29.649999618530277,30485.729,21775.6,3.82,4.2,563912300000000.0,2.62,2.362,0.52,0.2579999
2488.419921875,2486.3798828125,0.0020133526174763,0.0020113285394284,0.0229994124785945,55.365059988839285,46.824375962657705,-26.02609737840976,-34.87012999149963,428977098,5239732779307,-0.0487998786886796,-288341030090,-17446035020,-8928783020,56296074372,5158.2001953125,1414.22998046875,98.27999877929688,33.81999969482422,30485.729,21775.6,3.77,4.2,563912300000000.0,2.602,2.331,0.6499999999999999,0.2709999
2486.639892578125,2481.179931640625,-0.0007153251270926,-0.000715581094185,0.0229895377175837,54.37437220982143,48.09836537588239,-22.30053645745329,-32.35621128469036,416680149,6182470913439,-0.0286657470931001,-242055135758,-36492501044,4172620583,94348217496,5287.759765625,1421.6400146484375,98.91999816894533,30.56999969482422,30485.729,21775.6,3.82,4.2,563912300000000.0,2.621,2.33,0.5900000000000003,0.29100013
2525.56005859375,2520.56005859375,0.0156517098160413,0.0155304850859499,0.0231607126162904,52.349365234375,53.70011432460844,-16.022769940273065,-29.089523015806904,538116134,7764179609542,0.2914369338002709,-197009287338,546636747730,9302100838,63707325336,5375.85986328125,1429.219970703125,99.83999633789062,28.450000762939453,30485.729,21775.6,3.87,4.2,563912300000000.0,2.598,2.337,0.5300000000000002,0.26100016
2522.330078125,2525.340087890625,-0.0012789165150752,-0.001279735026748,0.0229959476897997,49.1143798828125,55.61166320006163,-11.179358490527193,-25.50749011075096,327935351,7272322115520,-0.3905862874574208,-7382931153,-168273280947,-21164137684,-16024864196,5484.77001953125,1426.449951171875,99.29000091552734,26.46999931335449,30485.729,21775.6,3.8,4.2,563912300000000.0,2.623,2.341,0.5200000000000005,0.28199983
2546.300048828125,2544.590087890625,0.009503106239348,0.0094582357737953,0.0227434819715035,41.44224330357143,77.69030579856772,-5.345128398420002,-21.47501776828477,403527737,8760600168638,0.2305100251299225,614624824761,440506512534,1231577048,84366161670,5525.2099609375,1430.06005859375,99.47000122070312,24.84000015258789,30485.729,21775.6,3.76,4.2,563912300000000.0,2.576,2.305,0.5300000000000002,0.2709999
2548.860107421875,2551.22998046875,0.0010054033478608,0.0010048982684255,0.0215981352212348,38.84294782366072,77.49198655304511,-0.5090160635249958,-17.281817427332815,454102177,7803354897543,0.1253307650571737,-85933648957,138775242413,-69430310652,30563085304,5528.75,1437.3599853515625,99.01000213623048,25.149999618530277,30485.729,21775.6,3.67,4.2,563912300000000.0,2.588,2.316,0.5600000000000005,0.27200007
2565.419921875,2550.25,0.0064969491283202,0.0064759349240343,0.0213580062672297,37.15007672991072,87.08170158720004,4.606772429459852,-12.90409945597428,547081468,9215174352275,0.2047541185868395,693140192065,391034236907,-1698955739,57434984612,5560.830078125,1435.8800048828125,99.23999786376952,24.170000076293945,30485.729,21775.6,3.65,4.2,563912300000000.0,2.603,2.31,0.5400000000000005,0.29299998
2556.610107421875,2561.0400390625,-0.0034340633196167,-0.003439973248985,0.0213192170392006,28.22222028459821,74.91849429596414,7.859592774660996,-8.751361009847226,487488833,8435602446234,-0.1089282647753661,-168644737257,-127311455667,22066889243,-8979589058,5569.06005859375,1431.1600341796875,99.47000122070312,24.700000762939453,30485.729,21775.6,3.58,4.2,563912300000000.0,2.563,2.267,0.5899999999999999,0.296
2559.7900390625,2556.52001953125,0.0012438078185617,0.0012430349304334,0.021221195842998,26.483642578125,79.59665046793594,10.572200494801107,-4.88664870891756,585492284,8327449263431,0.2010373250949935,-166759969583,200586548791,28242651524,45241556483,5686.669921875,1435.0999755859375,100.0,22.68000030517578,30485.729,21833.9,3.82,4.3,563912300000000.0,2.593,2.282,0.5100000000000002,0.31099987
2573.800048828125,2577.0400390625,0.0054731089471524,0.0054581859118818,0.0211034924156739,25.7579345703125,78.68723923931535,13.694589652911873,-1.1704010365516735,546755132,8935449197459,-0.0661616780589374,349803905065,126560897480,-19393639714,-8190873040,5631.27978515625,1374.77001953125,99.61000061035156,23.549999237060547,30485.729,21833.9,3.72,4.3,563912300000000.0,2.603,2.253,0.5399999999999996,0.3499999
2579.47998046875,2581.27001953125,0.0022068270778108,0.0022043956114952,0.0158188398975248,25.0743408203125,76.90732371631911,16.437942205066065,2.351267611771874,471635814,10270131237563,-0.1373911530107046,130458829745,-236612211857,34951277324,-8169018241,5663.93994140625,1397.2900390625,100.63999938964844,22.479999542236328,30485.729,21833.9,3.85,4.3,563912300000000.0,2.622,2.281,0.52,0.34100008
2577.27001953125,2587.929931640625,-0.0008567466908963,-0.0008571139080988,0.0158665903280989,23.909354073660715,90.09893823485504,18.223672338320284,5.525748557081556,485550305,8034852607528,0.0295026174581389,68061412101,-218056885944,2239074552,91176153599,5659.91015625,1403.8499755859375,100.33999633789062,21.899999618530277,30485.729,21833.9,3.85,4.3,563912300000000.0,2.67,2.331,0.52,0.339
2607.330078125,2593.93994140625,0.0116635270522478,0.011596032430544,0.0150090563441097,24.21078055245536,90.5137825963207,21.81302486799723,8.783203819264692,409749435,8527539580051,-0.1561133197105086,152136203,310187467679,20451042742,26107972247,5844.18994140625,1395.1700439453125,101.79000091552734,18.38999938964844,30485.729,21833.9,3.97,4.3,563912300000000.0,2.685,2.33,0.48,0.35500002
2608.419921875,2601.760009765625,0.0004179922439218,0.0004179049094997,0.0065244395046998,24.181466238839285,89.79381827904172,24.463553275943468,11.919273710600446,422459803,8746089121686,0.0310198548534912,170616066171,-41868800245,20350965676,-59954992500,5886.5498046875,1416.030029296875,101.0,18.21999931335449,30485.729,21833.9,4.0,4.3,563912300000000.0,2.722,2.37,0.4900000000000002,0.352
2640.570068359375,2625.360107421875,0.0123255255853378,0.0122501847401466,0.0065144805819508,25.465750558035715,91.29807838859784,28.826075215099536,15.300634011500264,390503815,8893191507759,-0.0756426712626194,476236151329,440114210099,15426535940,14148013174,5892.580078125,1416.0,101.04000091552734,18.6200008392334,30485.729,21833.9,4.05,4.3,563912300000000.0,2.718,2.351,0.4800000000000004,0.36699986
2621.360107421875,2634.5,-0.0072749294433361,-0.0073015207877989,0.0068567459882649,25.987165178571427,83.40618174245323,30.383084691331987,18.317124147466608,339578793,7254024641690,-0.1304085134225897,273686659421,-165487639846,-94146720606,4682821428,5916.93017578125,1407.3299560546875,100.87999725341795,17.829999923706055,30485.729,21833.9,3.95,4.3,563912300000000.0,2.727,2.362,0.5,0.365
2626.8701171875,2630.639892578125,0.0021019659794259,0.0020997599397426,0.0067378691595428,24.187151227678573,80.11067122548138,31.69626286978246,20.992951891929778,359706542,8025031996677,0.0592726913897712,169782129553,148771989334,-42173233757,15607601432,5958.3798828125,1397.02001953125,101.08999633789062,17.239999771118164,30485.729,21833.9,3.95,4.3,563912300000000.0,2.676,2.319,0.4799999999999995,0.3570001
2603.419921875,2613.699951171875,-0.008927047880695,-0.0089671327104091,0.0063885042193979,24.903581891741077,71.51498270478955,30.49322434797341,22.893006383138506,313296021,6752438008652,-0.1290232886562291,-113831410163,-91684923295,-18296727890,-24334665267,5963.60009765625,1398.1300048828125,100.43000030517578,18.13999938964844,30485.729,21833.9,3.95,4.3,563912300000000.0,2.747,2.366,0.5099999999999998,0.38100004
2601.800048828125,2622.679931640625,-0.0006222096686224,-0.0006224033213909,0.0062623151828456,24.46142578125,66.70684242089297,29.0739510254607,24.129195311602945,456989355,7661430134210,0.4586503637720953,-114454476002,138761917399,-28432106948,-20734981520,5940.4599609375,1388.550048828125,100.12000274658205,18.09000015258789,30485.729,21833.9,3.95,4.3,563912300000000.0,2.713,2.33,0.5300000000000002,0.38300014
2625.580078125,2615.89990234375,0.0091398373628233,0.0090983218211099,0.0064057437353679,25.52498953683036,70.47836394655795,29.527640063977746,25.20888426207791,371527419,7441128800151,-0.1870107805902831,195029010078,84013804591,-2278591515,-5217059205,5844.60986328125,1392.72998046875,99.55999755859376,20.8700008392334,30485.729,21833.9,4.0,4.3,563912300000000.0,2.76,2.345,0.5800000000000001,0.41499996
2593.669921875,2614.659912109375,-0.0121535642793222,-0.0122280227471876,0.0072338471218821,26.1199951171875,56.96946042576156,27.001057586303887,25.567318926923107,358064259,8965468020130,-0.0362373254610314,-226489103668,-262496613664,-61466479207,8343597962,5842.009765625,1373.8599853515625,99.95999908447266,20.280000686645508,30485.729,21833.9,3.99,4.3,563912300000000.0,2.755,2.336,0.5499999999999998,0.41900015
2592.090087890625,2603.570068359375,-0.0006091114258798,-0.000609297009609,0.0072317307745107,25.28140694754464,59.07695228863167,24.58781039750511,25.371417221039508,434024136,8659673623776,0.2121403493667319,-58284123298,-113547109394,7324322914,-10737535317,5802.81982421875,1381.3399658203125,99.11000061035156,22.290000915527344,30485.729,21833.9,3.96,4.3,563912300000000.0,2.766,2.338,0.5499999999999998,0.42799997
2644.39990234375,2598.449951171875,0.0201805541780739,0.0199796255311404,0.0077193609924783,27.12711007254464,67.29769065982003,26.5897493894654,25.615083654724685,380173138,8342809610327,-0.1240737404520747,101794830222,372625177844,-10817713212,47458975378,5802.81982421875,1364.72998046875,98.93000030517578,22.290000915527344,30485.729,21833.9,3.96,4.3,563912300000000.0,2.766,2.348,0.5499999999999998,0.41799998
2637.219970703125,2630.2900390625,-0.0027151459332083,-0.0027188386275782,0.0077610706906647,26.845668247767858,63.33809826018554,27.282444943008613,25.948555912381472,318285651,7908808324037,-0.1627876375631778,-75636719405,13003300666,4541113887,-20636821703,5921.5400390625,1368.0999755859375,99.5199966430664,18.959999084472656,30485.729,21833.9,3.93,4.3,563912300000000.0,2.709,2.34,0.4999999999999995,0.3690002
2670.14990234375,2648.860107421875,0.0124866078698189,0.0124092931158417,0.0079319552890828,29.5706787109375,67.10819441347783,30.141133214774527,26.787071372860083,405473857,11238813826664,0.2739306837303827,302587131960,756637251169,-33790635792,44791867826,5888.5498046875,1374.800048828125,99.87999725341795,19.309999465942383,30485.729,21833.9,3.95,4.3,563912300000000.0,2.706,2.314,0.5199999999999996,0.3920002
2720.639892578125,2691.06005859375,0.0189090470876023,0.0187324932280925,0.008721996799759,31.864240373883927,72.88281288357663,36.06504907927274,28.642666914142616,448340888,10895570257616,0.1057208257942015,294650285048,562079598228,-3392052032,68016030745,5912.169921875,1373.5999755859375,99.27999877929688,19.18000030517578,30485.729,21833.9,3.91,4.3,563912300000000.0,2.76,2.341,0.5199999999999996,0.4189999
2697.669921875,2713.239990234375,-0.0084428559493621,-0.0084786987439376,0.0090661176485422,31.914934430803573,64.75274935571943,38.46293365685824,30.60672026268574,525661026,14803606217765,0.1724583683297695,-611770427542,157544788077,-50512785457,14445323313,5911.68994140625,1370.4100341796875,99.33000183105467,18.56999969482422,30485.729,21833.9,3.87,4.3,563912300000000.0,2.786,2.347,0.54,0.43900013
2698.969970703125,2692.909912109375,0.0004819154551056,0.0004817993711463,0.0089725069016773,33.034249441964285,64.77693145589586,40.007001723513895,32.486776554851374,323603809,8062944006492,-0.3843869090648543,128471854863,-190777144404,-29530823675,-8952510266,5935.93994140625,1381.989990234375,98.6999969482422,18.36000061035156,30485.729,21938.8,3.91,4.1,563912300000000.0,2.793,2.34,0.5499999999999998,0.45300007
2770.840087890625,2737.919921875,0.026628720574011,0.0262803471544586,0.0103915646098087,35.496390206473215,68.81917179363828,46.49405013572505,35.288231271026106,489937474,12106350015702,0.5140040394271133,1054928521958,122400445298,35258802197,2869575028,5970.81005859375,1377.719970703125,98.79000091552734,17.610000610351562,30485.729,21938.8,3.84,4.1,563912300000000.0,2.894,2.414,0.5300000000000002,0.48000002
2812.050048828125,2790.330078125,0.014872731601365,0.0147632170472082,0.0106667705529235,37.96210588727679,75.90122683843377,54.3340530390451,39.09739562462991,556013446,13293000248477,0.1348661319178863,984230967116,336998200317,-51910439428,61586656480,5939.2998046875,1361.0899658203125,98.73999786376952,18.479999542236328,30485.729,21938.8,3.9,4.1,563912300000000.0,2.891,2.412,0.5000000000000004,0.4790001
2855.77001953125,2841.56005859375,0.0155473657808276,0.0154277437677215,0.0109283942031684,40.843540736607146,78.16745439185333,63.34494695911417,43.94690589152677,537617180,14030330524110,-0.0330860092185611,979948221379,-453683452737,-59587537114,-111388858666,6005.8798828125,1359.18994140625,98.94000244140624,17.15999984741211,30485.729,21938.8,3.99,4.1,563912300000000.0,2.867,2.405,0.5,0.46200013
2871.85009765625,2872.6201171875,0.0056307328724038,0.0056149395536347,0.0108385500825556,41.027099609375,83.64210714412476,70.96562567046021,49.350649847313456,508184663,14289817957640,-0.054746235974081,633238861194,182454383776,-52322298027,-9048493815,6038.81005859375,1353.8499755859375,99.0500030517578,16.950000762939453,30485.729,21938.8,3.95,4.1,563912300000000.0,2.831,2.385,0.5199999999999996,0.4460001
2907.0400390625,2887.320068359375,0.0122534046728166,0.0121789393947824,0.0108568247837449,41.84852818080357,85.28624673388647,78.934692628618,55.267458403574366,393929540,12475002592550,-0.2248299315558053,165558656584,384348516540,-68338670804,-27624097410,6022.240234375,1363.8800048828125,98.62999725341795,17.260000228881836,30485.729,21938.8,3.89,4.1,563912300000000.0,2.837,2.419,0.52,0.41799998
2920.030029296875,2909.989990234375,0.0044684593469046,0.0044585054238885,0.0107958674252306,41.538539341517854,84.90979243431622,85.31496148771066,61.276959020401634,713705710,17344655814990,0.8117598136966322,408051979101,-421589848969,151166733099,123979002638,6045.259765625,1365.68994140625,97.91999816894533,18.020000457763672,30485.729,21938.8,3.85,4.1,563912300000000.0,2.827,2.429,0.5100000000000002,0.398
2894.6201171875,2930.570068359375,-0.0087019352042395,-0.0087400181334683,0.0111346511155265,42.81138392857143,86.23901974388222,87.31449582171945,66.4844663806652,931657602,17462763974297,0.3053806196954765,121915601962,-340919910849,-75196282184,29296004837,5976.97021484375,1349.7900390625,98.18000030517578,20.81999969482422,30485.729,21938.8,3.9,4.1,563912300000000.0,2.819,2.462,0.5100000000000002,0.3570001
2946.659912109375,2903.5,0.0179781086343164,0.0178184136086197,0.0111391023382904,46.1192626953125,88.06934233096929,92.0373682330528,71.59504675114272,726351750,14401114308029,-0.2203662070263449,-322355864420,346634675783,-23042788392,-28386582974,6033.10986328125,1365.1400146484375,98.0,19.11000061035156,30485.729,21938.8,3.93,4.1,563912300000000.0,2.864,2.483,0.5299999999999998,0.38100004
2950.300048828125,2959.929931640625,0.0012353433471541,0.0012345809383879,0.0111560957259426,47.58499581473215,86.67693530814414,94.97914677524524,76.27186675596323,939594106,17915934818024,0.2935800127142256,-96735251099,227833276164,-45962319151,-111045256860,5982.72021484375,1357.780029296875,98.81999969482422,21.600000381469727,30485.729,21938.8,3.9,4.1,563912300000000.0,2.868,2.448,0.4899999999999997,0.42000008
2972.18994140625,2933.6298828125,0.0074195479157517,0.0073921584649075,0.0106019119970717,49.510009765625,88.79394242704419,97.94777784131202,80.60704897303299,576548034,14668323378767,-0.386386067858114,286445540395,174090903557,-21805385275,-47541758021,5980.8701171875,1380.5,98.91000366210938,20.13999938964844,30485.729,21938.8,3.89,4.1,563912300000000.0,2.876,2.472,0.4899999999999997,0.40400004
2977.739990234375,2989.56005859375,0.0018673264285051,0.0018655851418732,0.0105267443489326,48.532871791294646,88.03514273793833,99.60015333701222,84.40566984582884,433310535,13786565754695,-0.248439835977309,-87418957620,-91952282609,17086576619,-135587646491,5980.8701171875,1370.75,98.91000366210938,20.13999938964844,30485.729,21938.8,3.89,4.1,563912300000000.0,2.874,2.475,0.4899999999999997,0.39900017
3021.840087890625,2986.52001953125,0.0148099222231887,0.0147013262111428,0.0106662173969986,48.47572544642857,87.84302755017656,103.2776615488192,88.18006818642692,484864681,17974844407806,0.1189773657360997,562519271510,90759898596,-3765140423,11318992895,5967.83984375,1374.8900146484375,98.70999908447266,20.6200008392334,30485.729,21938.8,3.86,4.1,563912300000000.0,2.867,2.463,0.52,0.40400004
3014.469970703125,2992.199951171875,-0.0024389501009779,-0.0024419291846522,0.0099358162270495,49.883597237723215,91.42692224931632,104.39401719212856,91.42285798756726,625650915,17879769854238,0.2903619082124895,-368546797829,-856933503184,-6467508020,-16774804868,6025.169921875,1369.469970703125,98.41999816894533,19.82999992370605,30485.729,21938.8,3.8,4.1,563912300000000.0,2.873,2.498,0.54,0.375
3103.639892578125,3061.139892578125,0.029580630340199,0.0291515643219224,0.0108419029928948,53.872157505580354,93.02893676319869,111.19224951589376,95.37673629323255,579200567,19107339943731,-0.0742432351433546,443633576018,479218522081,-19710321056,-98400735170,6092.18017578125,1361.93994140625,97.86000061035156,17.479999542236328,30485.729,21938.8,3.75,4.1,563912300000000.0,2.823,2.461,0.5499999999999998,0.362
3108.25,3127.7900390625,0.001485387345645,0.0014842852490869,0.0106435689669557,51.88429478236607,91.86539154774276,115.61910962639011,99.42521095986407,644761399,19662628183278,0.1131919333911839,-111398445502,-212779071481,-152991294261,-51986541705,6092.16015625,1353.780029296875,97.68000030517578,16.760000228881836,30485.729,21938.8,3.74,4.1,563912300000000.0,2.82,2.46,0.5499999999999998,0.3599999
3079.56005859375,3108.340087890625,-0.009230255419046,-0.0092731181866747,0.0110853241241395,53.042149135044646,84.2566325034406,115.48119433438478,102.63640763476822,460611798,17030574191361,-0.2856089109639765,-580607453451,-155227462681,-100902012259,-46682955704,6141.02001953125,1357.030029296875,97.1500015258789,16.59000015258789,30485.729,21938.8,3.68,4.1,563912300000000.0,2.788,2.454,0.5799999999999996,0.3340001
3055.93994140625,3077.8701171875,-0.0076699647800621,-0.0076995302342784,0.011543255185028,52.79143415178572,77.02441867057274,112.17289016376073,104.54370414056672,381633939,13970283384996,-0.1714629528442951,-857924556453,266645074062,16764935778,-12772689265,6173.06982421875,1352.760009765625,97.4000015258789,16.31999969482422,30485.729,21938.8,3.72,4.1,563912300000000.0,2.785,2.453,0.5699999999999998,0.33200002
3071.699951171875,3072.75,0.0051571726106542,0.0051439199406625,0.0111953715629,52.367152622767854,77.00454526560674,109.55979918330696,105.54692314911478,464162919,13333814294163,0.2162516788109876,-651343796107,522088063840,-7359262542,-30096619860,6204.9501953125,1363.5899658203125,96.87999725341795,16.729999542236328,30485.729,21938.8,3.68,4.1,563912300000000.0,2.805,2.452,0.56,0.35300016
3089.64990234375,3089.639892578125,0.0058436538259627,0.0058266459077023,0.0106613034670907,54.18931361607143,75.88081338216284,107.69586589685332,105.97671169866248,576016844,15184804010768,0.2409798810318151,176452734541,520588891690,66074808160,-68827619645,6198.009765625,1348.5,96.81999969482422,16.829999923706055,31098.027,22020.0,3.75,4.3,563912300000000.0,2.784,2.454,0.5099999999999998,0.32999992
3075.06005859375,3083.820068359375,-0.0047221673041117,-0.0047333519605726,0.0108849743690302,56.394321986607146,71.87280627123116,103.8443538103511,105.5502401210002,696798456,14829869598196,0.2096841668053721,-327289545034,310321018399,-89442871071,-1877611701,6227.419921875,1355.5899658203125,96.77999877929688,16.639999389648438,31098.027,22020.0,3.77,4.3,563912300000000.0,2.832,2.483,0.5299999999999998,0.34899998
3116.27001953125,3100.330078125,0.0134013515678603,0.0133123477551125,0.0099960445057239,55.38718959263393,79.93732102792458,102.93078021268866,105.02634813933793,539120202,14883213548329,-0.2262896145108565,645640000938,326390714878,71712261182,-6743727442,6279.35009765625,1354.75,97.18000030517578,16.3799991607666,31098.027,22020.0,3.84,4.3,563912300000000.0,2.814,2.449,0.5099999999999998,0.365
3054.280029296875,3122.280029296875,-0.0198923680701134,-0.0200928848483433,0.0113161097195489,56.10076032366072,64.1553215238521,96.09694663214624,103.2404678378996,520763440,13571164280163,-0.0340494790065388,162119927354,-159666215725,-108288915733,-79484086820,6279.35009765625,1357.0999755859375,97.18000030517578,16.3799991607666,31098.027,22020.0,3.84,4.3,563912300000000.0,2.828,2.467,0.5099999999999998,0.36100006
3059.469970703125,3044.780029296875,0.0016992356157483,0.0016977935482865,0.0110069950025888,53.43003627232143,64.3008643970009,90.06169403441754,100.6047130772032,359404588,10204542570975,-0.3098505763000567,-91190609722,-93888968626,64972410071,-59254783951,6229.97998046875,1362.199951171875,97.4800033569336,17.790000915527344,31098.027,22020.0,3.85,4.3,563912300000000.0,2.84,2.482,0.5500000000000003,0.3579998
3114.949951171875,3071.739990234375,0.0181338535759512,0.0179713962980092,0.0114721586957568,54.19431849888393,67.18840296839423,88.73262911308393,98.23029628437936,745793067,13491404979089,1.075079428312696,243965487021,5061412717,4736677378,-2578060207,6225.52001953125,1374.6400146484375,97.51000213623048,16.809999465942383,31098.027,22020.0,3.86,4.3,563912300000000.0,2.847,2.477,0.56,0.3699999
3133.739990234375,3123.219970703125,0.006032212188652,0.0060140912331585,0.011324482135258,53.09287806919643,68.2021834324853,88.1790613749954,96.22004930250256,642960883,12654909764711,-0.1378829980461591,-412777806815,-139667668485,55748789432,3099022551,6263.259765625,1370.300048828125,97.47000122070312,15.9399995803833,31098.027,22020.0,3.8,4.3,563912300000000.0,2.854,2.478,0.54,0.37600017
3183.22998046875,3144.139892578125,0.0157926281020761,0.0156692221250412,0.0116343705664066,53.07859584263393,68.59716591786957,90.6883843182668,95.11371630565544,596571574,14124821031009,-0.072149504311291,472318860079,-131822842253,163928082878,44951482986,6280.4599609375,1373.0,97.6500015258789,15.779999732971191,31098.027,22020.0,3.82,4.3,563912300000000.0,2.814,2.433,0.5299999999999998,0.3809998
3175.77001953125,3186.35009765625,-0.002343519313173,-0.0023462696523808,0.0113409050221423,52.7750244140625,68.58296538770284,91.02579561706034,94.29613216793642,465292057,13342066116082,-0.2200566079938632,325589359244,62412074481,-50660170349,4610589498,6259.75,1372.6400146484375,97.8499984741211,16.399999618530273,31098.027,22020.0,3.86,4.3,563912300000000.0,2.823,2.448,0.5699999999999998,0.375
3202.030029296875,3175.590087890625,0.0082688638044077,0.0082348640477542,0.0109502877067832,48.5443115234375,63.25691586227224,92.34763378839216,93.90643249202758,444035800,11565586285784,-0.0456836876542683,371346638046,40976705347,-44884692933,-20497421543,6268.56005859375,1378.1700439453125,98.08000183105467,17.200000762939453,31098.027,22020.0,3.86,4.3,563912300000000.0,2.886,2.474,0.5699999999999998,0.41199994
3215.280029296875,3194.820068359375,0.0041379999184172,0.0041294619420809,0.0109287557162332,47.68359375,64.09292176217537,93.38784735523724,93.80271546466952,419651712,12238772420133,-0.0549146893110871,214192577764,-46441404870,-3029988153,28938628440,6243.759765625,1382.010009765625,98.62000274658205,17.3799991607666,31098.027,22020.0,3.93,4.3,563912300000000.0,2.877,2.463,0.5699999999999998,0.41400003
3186.3798828125,3207.47998046875,-0.0089883761977319,-0.0090290153543704,0.0112949621551147,44.853602818080354,64.05746179559115,90.83315573101754,93.20880351793912,531498719,11328776416006,0.2665234140638988,53420699064,-178239029522,-103405393558,-74792499649,6263.7001953125,1386.449951171875,98.38999938964844,17.15999984741211,31098.027,22020.0,3.86,4.3,563912300000000.0,2.877,2.459,0.6000000000000001,0.41799998
3192.2900390625,3201.419921875,0.0018548184671511,0.0018531004154993,0.0112950563796748,44.6600341796875,68.82092938301294,88.26794648718715,92.22063211178876,424787619,15365406027980,-0.2007739552049606,47171940790,245428192721,-21471232748,-13621028919,6297.35986328125,1384.9200439453125,98.7300033569336,16.520000457763672,31098.027,22020.0,3.89,4.3,563912300000000.0,2.905,2.479,0.5799999999999996,0.42599988
3188.070068359375,3200.43994140625,-0.0013219258436694,-0.0013228003584182,0.0110221212494316,45.017177036830354,66.59159608639777,84.91562880146193,90.7596314497234,393449261,11939229667870,-0.0737741793740932,189709505643,213767827608,-23131310118,-94179492988,6296.7900390625,1391.5799560546875,98.4800033569336,16.40999984741211,31098.027,22020.0,3.84,4.3,563912300000000.0,2.873,2.474,0.6000000000000005,0.39899993
3210.81005859375,3191.110107421875,0.007132838910933,0.0071075205387566,0.0109954849702087,42.249302455357146,67.04176928476161,83.13548591765084,89.23480234330889,343910781,10662279408140,-0.1259081790472597,896066666544,66864532439,24425218883,-9315945629,6305.60009765625,1390.5699462890625,97.8499984741211,16.649999618530273,31098.027,22020.0,3.81,4.3,563912300000000.0,2.855,2.456,0.5699999999999998,0.39899993
3169.93994140625,3210.1201171875,-0.0127289115337454,-0.0128106182268501,0.0097011890150316,42.74072265625,62.42663187716235,77.53307988355209,86.89445785135753,378485911,11604659217066,0.100535173394288,-128915846765,13953518426,-92985182958,-76046275704,6309.6201171875,1381.8199462890625,97.38999938964844,16.5,31098.027,22020.0,3.77,4.3,563912300000000.0,2.839,2.463,0.5799999999999996,0.37599993
3183.77001953125,3189.64990234375,0.004362883329223,0.0043533935456179,0.0097290157177034,43.935023716517854,59.52366517813471,73.36341666015778,84.18824961311758,664826146,12201364684336,0.7565413313363731,421943413975,379520198683,-61854811359,-103366398077,6358.91015625,1379.780029296875,97.20999908447266,15.369999885559082,31098.027,22020.0,3.84,4.3,563912300000000.0,2.83,2.458,0.5600000000000005,0.37199998
3190.449951171875,3209.429931640625,0.0020981200274032,0.0020959220474588,0.0094118287693198,42.79143415178572,72.765536427993,69.79340820677726,81.30928133184952,425499879,12993187344837,-0.3599832353765461,743076717686,60911740850,43247309316,-15722061203,6363.35009765625,1373.719970703125,97.37999725341795,15.390000343322754,31098.027,22020.0,3.87,4.3,563912300000000.0,2.849,2.467,0.5599999999999996,0.38199997
3196.050048828125,3184.3701171875,0.0017552689250597,0.0017537302408333,0.0091448903935644,41.792149135044646,72.80283563984504,66.64775799842482,78.37697666516458,389290718,9822238040874,-0.0850979348927147,268736536796,3963133357,44694186757,46425945691,6388.64013671875,1372.0,97.6500015258789,14.93000030517578,31098.027,22020.0,3.86,4.3,563912300000000.0,2.855,2.485,0.5400000000000005,0.37000012
3209.52001953125,3228.610107421875,0.0042145681379626,0.0042057117209298,0.009131614593825,41.223580496651785,68.365226972527,64.49822620468376,75.60122657306842,502719579,13872945078805,0.291373145454755,480153817970,522311031589,33332993907,-66818993971,6389.77001953125,1382.780029296875,98.66000366210938,15.029999732971191,31098.027,22020.0,3.87,4.3,563912300000000.0,2.829,2.464,0.5499999999999998,0.365
3230.570068359375,3192.169921875,0.0065586282995671,0.0065372140779313,0.009147857771894,43.875732421875,68.64049269825992,63.75830375194892,73.23264200884452,373203172,12769212511711,-0.2576315154815166,604734830584,136156069006,-53437379060,-11909538891,6370.85986328125,1388.2900390625,98.91000366210938,15.979999542236328,31098.027,22020.0,3.82,4.3,563912300000000.0,2.823,2.46,0.52,0.36299992
3254.469970703125,3233.31005859375,0.0073980448769177,0.0073708135660822,0.0090629258762262,43.34929547991072,65.21309352382958,64.35854698874391,71.4578230048244,338073688,12968500091756,-0.0941296501091903,580085060219,319625443286,-10192121085,-15700722147,6362.89990234375,1388.8599853515625,99.94000244140624,15.479999542236328,31098.027,22020.0,3.89,4.3,563912300000000.0,2.797,2.454,0.4899999999999997,0.34299994
3245.43994140625,3275.780029296875,-0.0027746543609754,-0.0027785108496542,0.0087941213070749,44.3900146484375,64.77870881539562,63.37504807663845,69.84126801918723,540323825,16455571940540,0.5982427623885358,344405446423,-367653571200,-102029177213,-142724625033,6339.39013671875,1392.52001953125,100.02999877929688,16.719999313354492,31098.027,22020.0,3.89,4.3,563912300000000.0,2.785,2.46,0.48,0.32500005
3119.409912109375,3210.320068359375,-0.0388329568786492,-0.0396070629305411,0.0119088760025083,51.260009765625,37.686299966233136,51.8286001750771,66.2387344503652,507776245,15281248640166,-0.0602371735134944,-656270109906,-461578941887,-255515475619,-19635300337,6238.009765625,1391.510009765625,98.69000244140624,20.3799991607666,31098.027,22087.0,3.67,4.3,563912300000000.0,2.832,2.478,0.5600000000000005,0.3540001
3147.75,3114.27001953125,0.0090850797712125,0.0090440586999292,0.0120422911591498,52.662876674107146,40.36855377359871,44.45234629276365,61.881456818844896,293453733,9724691307255,-0.4220806193877777,82772693376,117770202498,47615279959,10392347608,6329.93994140625,1390.1800537109375,98.77999877929688,17.520000457763672,31098.027,22087.0,3.66,4.3,563912300000000.0,2.778,2.421,0.5599999999999996,0.3570001
3198.0,3187.14990234375,0.0159637836549917,0.0158377025120896,0.0118965329034348,54.64144461495536,51.56217793783061,42.17519756681713,57.94020496843935,273439606,10950201163619,-0.0682019846719755,295269452789,-44602528461,42003566392,18927699525,6299.18994140625,1383.5899658203125,98.77999877929688,17.850000381469727,31098.027,22087.0,3.63,4.3,563912300000000.0,2.766,2.425,0.5899999999999999,0.34100008
3198.139892578125,3182.06005859375,4.37437705207433e-05,4.374281378991419e-05,0.0118472343456722,52.82285853794643,50.79883260621263,39.921637174466014,54.33649140964468,327358365,11128301636396,0.1971870856191915,281462744753,48345638704,-96530391390,-3897955063,6345.06005859375,1386.5799560546875,98.18000030517578,16.770000457763672,31098.027,22087.0,3.63,4.3,563912300000000.0,2.779,2.43,0.5899999999999999,0.34899998
3227.679931640625,3214.81005859375,0.0092366313090472,0.0091942344992456,0.0115094171075247,52.42857142857143,55.059115838105306,40.05755010083567,51.480703147882885,327047544,11201368337831,-0.0009494823814872,-17604897762,116428329911,-59278867324,40978001835,6340.0,1384.3900146484375,98.4000015258789,16.56999969482422,31098.027,22087.0,3.66,4.3,563912300000000.0,2.772,2.408,0.5700000000000003,0.36400008
3210.010009765625,3220.580078125,-0.0054744963098055,-0.005489536280687,0.0115743859916187,52.878574916294646,49.89647405217051,38.297971872482776,48.844156892802864,341443229,11401116948366,0.044017101684763,-159565860541,195900209547,-106220273346,-80220164964,6389.4501953125,1384.969970703125,98.18000030517578,15.149999618530272,31098.027,22087.0,3.7,4.3,563912300000000.0,2.776,2.409,0.5699999999999994,0.3670001
3206.77001953125,3220.719970703125,-0.0010093396047109,-0.0010098493309498,0.0114345030659142,49.90072195870536,55.279994847966,36.224480058097015,46.3202215258617,304968427,10338941285390,-0.1068253779898502,220245378308,41736260722,-72443713350,-90656602643,6373.4501953125,1387.81005859375,98.5199966430664,16.25,31098.027,22087.0,3.71,4.3,563912300000000.0,2.781,2.42,0.5599999999999996,0.36099982
3189.909912109375,3209.75,-0.0052576602996742,-0.0052715304332486,0.0114522293819153,49.51926967075893,50.87263952898493,32.84216901250966,43.62461102319129,373217178,10165450116361,0.2237895629766291,-59372183527,3495077882,-37712374821,21397450605,6445.759765625,1389.7900390625,98.0999984741211,14.729999542236328,31098.027,22087.0,3.69,4.3,563912300000000.0,2.801,2.431,0.6000000000000001,0.37000012
3224.3701171875,3225.39990234375,0.0108028772058135,0.0107449429918532,0.0115210614954741,48.20071847098215,54.4681143918583,32.5669027122276,41.41306936099856,320069786,10352059537799,-0.1424033917324138,636548599045,46540066807,-48483121091,-17067257225,6466.580078125,1383.0899658203125,97.83999633789062,14.489999771118164,31098.027,22087.0,3.64,4.3,563912300000000.0,2.809,2.417,0.6000000000000001,0.39199996
3225.659912109375,3226.52001953125,0.0004000145377232,0.0003999345532372,0.0115172753581707,48.720005580357146,53.94514106379131,32.08299506090589,39.54705450098003,441467896,10002172706811,0.3792863785024682,-79961068780,151846414725,-3734437885,-78836194555,6468.5400390625,1378.780029296875,98.25,14.829999923706056,31098.027,22087.0,3.7,4.3,563912300000000.0,2.787,2.404,0.5899999999999999,0.3829999
3177.280029296875,3202.6298828125,-0.0149984450099275,-0.0151120591411699,0.0120345157520357,48.71641322544643,46.07001857630839,27.47888308624169,37.13342021803237,326132755,8941932487220,-0.2612537447117106,-489617293124,139066475293,-13107388329,34778984795,6449.14990234375,1387.97998046875,98.16999816894533,14.989999771118164,31098.027,22087.0,3.73,4.3,563912300000000.0,2.837,2.426,0.6099999999999999,0.41099977
3151.56005859375,3185.0400390625,-0.0080949650222731,-0.0081279071489833,0.0120318366014261,47.26783970424107,40.47727640542012,21.506787630215968,34.00809370046909,285290653,8624169781604,-0.1252315241994015,-454581322574,312826333933,-3164080845,-22153850933,6411.3701171875,1386.9100341796875,98.2699966430664,15.56999969482422,31098.027,22087.0,3.7,4.3,563912300000000.0,2.858,2.444,0.5999999999999996,0.41400003
3130.090087890625,3121.52001953125,-0.0068124897840928,-0.0068358007233016,0.0117931660803568,49.4228515625,34.92072324646357,14.869999651254602,30.180474890626197,335285191,11773562869622,0.1752407149490453,-213683431178,619870011498,-44492370378,-72039799210,6395.77978515625,1391.3399658203125,98.22000122070312,15.6899995803833,31098.027,22087.0,3.69,4.3,563912300000000.0,2.853,2.441,0.6000000000000001,0.41199994
3141.739990234375,3140.7099609375,0.0037219064041702,0.0037149972487095,0.0117798170916619,47.683558872767854,37.5072279284213,10.43011524329313,26.23040296115958,276915481,10893275255572,-0.1740897348490407,-17115416031,-64360593619,53614094444,25171829060,6370.169921875,1396.9100341796875,98.62000274658205,16.600000381469727,31098.027,22087.0,3.75,4.3,563912300000000.0,2.845,2.438,0.5800000000000001,0.40700006
3168.72998046875,3165.409912109375,0.0085907778232028,0.0085540870763523,0.0119467993146311,41.44712611607143,57.80381431391409,8.985759270073686,22.7814742229424,236797098,8337524064582,-0.1448759125171481,181721291536,33597315183,81168550096,10958318950,6466.91015625,1399.6099853515625,97.72000122070312,14.220000267028809,31098.027,22087.0,3.64,4.3,563912300000000.0,2.86,2.456,0.6199999999999997,0.4039998
3209.860107421875,3195.139892578125,0.012980003725985,0.0128964854132616,0.0123041321532578,40.683558872767854,59.4452608294356,11.03277529563411,20.431734437480745,220165003,8091673150742,-0.0702377484372718,118752048163,67474555655,43580166224,27972826651,6439.31982421875,1382.8900146484375,98.43000030517578,14.789999961853027,31098.027,22087.0,3.68,4.3,563912300000000.0,2.852,2.434,0.6000000000000001,0.41799998
3179.360107421875,3199.919921875,-0.0095019717306301,-0.0095474034872393,0.0124528142525439,38.539986746651785,46.984224542532274,10.077784714001154,18.360944492784824,325353201,12954910480221,0.4777698388331046,-685982539317,-200436700478,-4860816787,-16108522489,6465.93994140625,1389.050048828125,98.2300033569336,14.619999885559082,31098.027,22087.0,3.63,4.3,563912300000000.0,2.86,2.422,0.6299999999999999,0.43799996
3187.159912109375,3185.8701171875,0.0024532624251314,0.0024502580894807,0.0123649628767331,38.540004185267854,48.26649974329364,9.83693281213482,16.656142156654823,281721035,8851872014319,-0.1341070746065904,-203714941517,-87202490780,33556798120,17119095887,6481.39990234375,1393.949951171875,98.2300033569336,14.850000381469728,31098.027,22087.0,3.59,4.3,563912300000000.0,2.825,2.402,0.6500000000000004,0.4230001
3196.320068359375,3175.330078125,0.0028740811577092,0.0028699588830711,0.0122512293284347,39.805716378348215,44.70844325655049,10.26685409628908,15.378284544581676,312188158,9875760133000,0.1081464257718634,-24298916158,137200308576,30739552714,74751901807,6501.85986328125,1392.75,97.80999755859376,14.43000030517578,31098.027,22087.0,3.6,4.3,563912300000000.0,2.815,2.416,0.6199999999999997,0.39900017
3186.010009765625,3208.800048828125,-0.003225602684728,-0.0032308161551427,0.0122552934421226,39.72286551339285,45.84717551834266,9.664231008347087,14.23547383733476,245132452,8969307869056,-0.2147925995322346,-372475556622,156318661666,-57929755210,-26994167382,6460.259765625,1384.4100341796875,97.7699966430664,15.359999656677246,31098.027,22087.0,3.58,4.3,563912300000000.0,2.815,2.426,0.6500000000000004,0.38899994
3142.929931640625,3164.580078125,-0.0135216392895668,-0.0136138891777576,0.0088392898845837,41.69857352120536,40.291958879240255,5.645369296901208,12.51745292924805,260138455,8003230744765,0.0612158972733647,-267420131640,-26371879503,-70714559789,14645842505,6460.259765625,1388.8399658203125,97.7699966430664,15.359999656677246,31098.027,22170.3,3.58,4.4,563912300000000.0,2.847,2.435,0.6500000000000004,0.41199994
3172.35009765625,3155.72998046875,0.0093607451185739,0.0093172048460145,0.0088535876426852,40.17286900111607,47.42796330453701,4.779261606309319,10.969814664660303,310678131,8676467905841,0.1942799114417743,402174742846,-147960614679,12643551131,17380132401,6415.5400390625,1392.93994140625,98.4000015258789,17.170000076293945,31098.027,22170.3,3.63,4.4,563912300000000.0,2.87,2.45,0.6500000000000004,0.41999984
3184.419921875,3177.75,0.0038046948940684,0.0037974753487671,0.0081274289900279,39.01499720982143,43.73761959433601,5.0090576655316,9.777663264834564,335816449,8811868562778,0.0809143466876334,436403099081,-261630665571,-30688242888,-64880315447,6448.259765625,1394.5699462890625,98.13999938964844,16.350000381469727,31098.027,22170.3,3.58,4.4,563912300000000.0,2.913,2.475,0.6399999999999997,0.4380002
3200.830078125,3188.840087890625,0.005153263907587,0.0051400312844667,0.0082153099965919,38.47715541294643,46.28396129003028,6.441086328277834,9.110347877523218,286255881,7977947156742,-0.1475823121457639,203491571929,4507024653,8947485987,-21218993136,6502.080078125,1389.6300048828125,98.3499984741211,15.300000190734863,31098.027,22170.3,3.55,4.4,563912300000000.0,2.883,2.472,0.6200000000000001,0.411
3205.1201171875,3208.830078125,0.0013402895367107,0.0013393921504384,0.0079378195133845,36.339303152901785,54.800011112598405,7.831868751902675,8.85465205239911,323844686,10942042116464,0.1313119048198698,-137984389367,164625326940,-29780160854,-13789367320,6481.5,1392.06005859375,97.7699966430664,15.18000030517578,31098.027,22170.3,3.48,4.4,563912300000000.0,2.855,2.46,0.6199999999999997,0.39499998
3219.590087890625,3209.81005859375,0.0045146422517925,0.0045044818234504,0.0079118224336766,34.412144252232146,62.20268515039487,9.98656069257686,9.08103378043466,372299882,8217818415298,0.1496247988457035,231557777407,112947125555,-6396260566,-12974057207,6495.14990234375,1385.510009765625,97.4499969482422,15.109999656677246,31098.027,22170.3,3.47,4.4,563912300000000.0,2.848,2.448,0.5799999999999996,0.4000001
3260.050048828125,3231.31005859375,0.0125668050382177,0.0124884981066133,0.0083702221901632,32.13856724330357,71.82438681999173,14.788477920967123,10.222522608541157,439945501,10628640888119,0.1816965899548686,684198310787,206376441621,6693625489,26981626354,6512.60986328125,1385.719970703125,97.79000091552734,15.039999961853027,31098.027,22170.3,3.48,4.4,563912300000000.0,2.818,2.425,0.6000000000000001,0.39300013
3314.530029296875,3272.199951171875,0.0167113938905121,0.016573294974171,0.0089389166147558,33.65785435267857,75.3677482623357,22.72811546868388,12.7236411805697,564706848,13703544856383,0.2835836409655659,1384837742063,907679402639,-6550243633,37276629176,6532.0400390625,1387.25,97.77999877929688,15.350000381469728,31098.027,22170.3,3.47,4.4,563912300000000.0,2.833,2.43,0.5699999999999998,0.40299988
3344.199951171875,3336.60009765625,0.0089514717358871,0.0089116448093871,0.0088525991369099,33.131417410714285,75.56006495238461,31.056450728647636,16.390203090185288,435588829,14947009019240,-0.2286461009943339,302374275459,1076123403232,-80618937466,-148903352372,6587.47021484375,1387.199951171875,97.54000091552734,14.710000038146973,31098.027,22170.3,3.47,4.4,563912300000000.0,2.813,2.42,0.5399999999999996,0.3929999
3395.5400390625,3374.64990234375,0.0153519791400733,0.0152353298582427,0.009335327456999,33.86070033482143,76.26603065535826,41.32308564178993,21.376779600506215,448857492,13932277217565,0.0304614400476279,1417201982747,711667672061,-204654107826,186316550089,6584.2900390625,1389.5,97.5500030517578,14.760000228881836,31098.027,22170.3,3.52,4.4,563912300000000.0,2.813,2.431,0.5399999999999996,0.38199997
3407.31005859375,3407.780029296875,0.0034663174033724,0.0034603235722225,0.008356680368614,33.457118443080354,84.04980106560276,49.83474605609717,27.06837289162441,378854245,12792738454649,-0.1559587357851208,266835798820,60345432689,-48987386118,-56689780119,6615.27978515625,1393.699951171875,97.3000030517578,15.6899995803833,31098.027,22170.3,3.5,4.4,563912300000000.0,2.821,2.443,0.5499999999999998,0.37800002
3449.6201171875,3421.1298828125,0.0124174371765897,0.0123409731444087,0.0081080316349956,35.0035400390625,85.54055153070367,59.31066990320551,33.51683229394063,406214278,14058944540679,0.0722178340643906,1798904780037,229252210476,-43433949486,13813197883,6606.759765625,1385.010009765625,96.62999725341795,16.360000610351562,31098.027,22170.3,3.47,4.4,563912300000000.0,2.804,2.417,0.5699999999999998,0.38699985
3413.39990234375,3433.830078125,-0.0104997691378494,-0.010555280627618,0.0084188668511818,34.689976283482146,77.3882840997088,63.169559825476426,39.44737780024779,326609906,11611597358894,-0.1959664549260378,-36144722867,-181507620562,-64053755185,43546933022,6600.35009765625,1377.6400146484375,96.87000274658205,15.720000267028809,31098.027,22170.3,3.51,4.4,563912300000000.0,2.787,2.418,0.5499999999999998,0.36899996
3461.300048828125,3432.77001953125,0.0140329723603394,0.0139354217609716,0.0086853901007612,36.09641810825893,81.72343710612553,69.29411991346797,45.41672622289183,391177053,12409116590064,0.197688881487875,287660931390,312933891456,-22387590211,46741024261,6631.9599609375,1378.68994140625,97.3499984741211,15.699999809265137,31098.027,22170.3,3.55,4.4,563912300000000.0,2.756,2.403,0.5600000000000005,0.35299993
3445.239990234375,3461.22998046875,-0.0046398920541972,-0.0046506897664271,0.0088879977040885,34.83140345982143,87.15063886778731,72.02174357135618,50.7377296925847,348844702,15111282864331,-0.1082178790277864,-306234559275,-89468626914,-67514766529,-59981201920,6664.35986328125,1386.75,97.63999938964844,15.449999809265137,31098.027,22170.3,3.56,4.4,563912300000000.0,2.815,2.441,0.5799999999999996,0.37400007
3468.64990234375,3463.840087890625,0.0067948567228208,0.0067718757268619,0.0086749400675987,35.2442626953125,86.95798343894114,75.20546741949374,55.63127723796652,287867235,11996187013111,-0.1747983175619505,568239270346,419609622645,-44861807877,-13659648631,6693.75,1396.22998046875,97.33000183105467,16.100000381469727,31098.027,22170.3,3.59,4.4,563912300000000.0,2.833,2.459,0.5600000000000005,0.37399983
3486.18994140625,3489.4599609375,0.0050567337599127,0.0050439914201137,0.0080796747331733,35.702113560267854,87.13356125287653,78.24200098732899,60.15342198783901,358335419,12152383322121,0.2447940419478445,336582925103,-33675933112,-34848083944,-29487174255,6656.919921875,1389.3900146484375,97.26000213623048,16.639999389648438,31098.027,22170.3,3.57,4.4,563912300000000.0,2.813,2.46,0.5500000000000003,0.35299993
3472.139892578125,3492.030029296875,-0.0040302017572965,-0.0040383449067862,0.0082981299750272,38.155674525669646,83.58040277687965,78.60860315262153,63.84445822079552,287145415,11806998240931,-0.1986686222608655,-246547067368,387230055069,-28677446668,-95845033859,6637.97021484375,1391.8499755859375,97.87000274658205,16.18000030517578,31098.027,22170.3,3.6,4.4,563912300000000.0,2.848,2.489,0.56,0.35899997
3471.110107421875,3458.97998046875,-0.0002965851573121,-0.0002966291473879,0.0083564949812636,38.64780970982143,83.18981983282855,77.91785443031358,66.65913746269914,293074983,12640781197188,0.0206500528660713,216448000623,212073887638,55903894523,-96224087517,6604.72021484375,1403.6500244140625,98.5500030517578,16.739999771118164,31098.027,22170.3,3.66,4.4,563912300000000.0,2.885,2.528,0.5199999999999996,0.35699987
3386.050048828125,3440.389892578125,-0.0245051456051123,-0.0248103937715426,0.0104795508863485,45.03069196428572,67.65964963536923,69.70329899731996,67.2679697696233,399149806,12606212195076,0.3619374875132211,-570417243815,-272432318968,-38953231022,-68660208836,6643.7001953125,1408.9200439453125,98.1500015258789,15.289999961853027,31098.027,22170.3,3.66,4.4,563912300000000.0,2.943,2.562,0.54,0.38100004
3431.2099609375,3414.429931640625,0.0133370480229624,0.0132488925554355,0.0099396424215824,45.93141392299107,67.97897314300633,66.0755542651259,67.02948666872382,416480046,10008858561135,0.0434178840613039,448397509717,112922323244,105593878339,12595246939,6661.2099609375,1408.7099609375,97.91000366210938,16.1200008392334,31098.027,22170.3,3.63,4.4,563912300000000.0,2.939,2.563,0.5200000000000005,0.37599993
3424.60009765625,3436.0,-0.0019263942913723,-0.0019282521752499,0.0099641607373676,43.343558175223215,62.854744554268,61.95302380846215,66.01419409667149,526401520,11157443411281,0.263929748989703,25972753484,-209210794907,46191261910,-1657623813,6688.4599609375,1399.3299560546875,97.7699966430664,16.280000686645508,31098.027,22170.3,3.61,4.4,563912300000000.0,2.951,2.582,0.5500000000000003,0.36899996
3455.830078125,3444.06005859375,0.0091193072411939,0.0090779774350235,0.0100330977488659,43.50784737723215,62.98960631496053,60.50838415692033,64.91303210872125,493641155,12344643388616,-0.0622345562376035,833323567803,149472145866,36645078234,-34906264253,6711.2001953125,1403.1500244140625,97.70999908447266,16.290000915527344,31422.526,22245.1,3.56,4.4,563912300000000.0,2.96,2.596,0.56,0.36400008
3549.2099609375,3525.47998046875,0.0270209705632182,0.0266623499815912,0.0112340223983402,47.707118443080354,66.2879113303654,66.13609719950773,65.15764512687855,402107231,19456116765360,-0.1854260388804089,3139971030860,-6638937582,-26153987489,45041145467,6715.35009765625,1401.8199462890625,97.8499984741211,16.6299991607666,31422.526,22245.1,3.56,4.4,563912300000000.0,2.959,2.581,0.5399999999999996,0.37800002
3610.60009765625,3598.110107421875,0.0172968456063202,0.0171489580620654,0.0115035950770298,50.54642159598215,69.49649956683604,74.68880525089935,67.06387715168272,407410846,19600845152565,0.013189553907823,1061358949960,-491977257404,-54935274671,83401703361,6552.509765625,1421.510009765625,98.9800033569336,21.65999984741211,31422.526,22245.1,3.52,4.4,563912300000000.0,2.964,2.591,0.5299999999999998,0.3729999
3584.550048828125,3550.080078125,-0.007214880663476,-0.0072410337853306,0.0118754134065345,53.60857282366072,63.35701638930632,78.46042384332577,69.34318649001133,408033131,14270855613049,0.0015274139265306,-823319556507,-380603662378,-12394052870,25232290956,6654.72021484375,1429.030029296875,99.2699966430664,19.030000686645508,31422.526,22245.1,3.52,4.4,563912300000000.0,2.904,2.554,0.5299999999999998,0.35000014
3561.81005859375,3604.1201171875,-0.0063438897280313,-0.0063640977065989,0.012027793860455,58.49285016741072,65.09430214229596,78.70724347575151,71.21599788715938,734084905,18926398057017,0.7990816167327353,555244952994,-421688734133,-51672435581,-35107716624,6644.31005859375,1426.0699462890625,99.0500030517578,20.809999465942383,31422.526,22245.1,3.47,4.4,563912300000000.0,2.871,2.533,0.56,0.33800006
3657.280029296875,3580.639892578125,0.0268037792955242,0.0264508506620718,0.0127348287651728,62.07854352678572,68.17390241251903,85.61951015581326,74.09670034089015,543606716,13879932193738,-0.2594770546330741,162900409409,515785019362,70549152613,82202888456,6671.06005859375,1429.4300537109375,98.79000091552734,20.63999938964844,31422.526,22245.1,3.51,4.4,563912300000000.0,2.856,2.52,0.54,0.33599997
3748.3701171875,3675.820068359375,0.0249065117138809,0.0246014003466426,0.0134564623731091,66.20785086495536,74.67643531707371,97.32582855276767,78.74252598326566,495790790,17664818382797,-0.0879605137181565,659143373911,676079145860,100184216363,98166933672,6629.06982421875,1420.0899658203125,98.38999938964844,25.309999465942383,31422.526,22245.1,3.42,4.4,563912300000000.0,2.908,2.569,0.5700000000000003,0.339
3748.889892578125,3732.760009765625,0.0001386670404401,0.0001386574270548,0.0133163988556916,68.7642822265625,73.69615345709927,105.4297828430499,84.07997735522252,420769792,17268693077595,-0.1513158362623073,442584235732,-23794686090,10539821316,-8032557205,6664.009765625,1415.719970703125,98.43000030517578,20.780000686645508,31422.526,22245.1,3.47,4.4,563912300000000.0,2.885,2.555,0.5499999999999994,0.32999992
3814.68994140625,3775.39990234375,0.0175518755454495,0.017399620372058,0.0135961799088739,73.02500697544643,75.68093206978767,115.8265625172462,90.42929438762728,410146751,14190573342156,-0.0252466816819397,-247669155513,870378007535,-114420787981,3168542569,6735.1298828125,1419.739990234375,98.58999633789062,18.229999542236328,31422.526,22245.1,3.47,4.4,563912300000000.0,2.892,2.569,0.5299999999999998,0.32299995
3823.840087890625,3851.010009765625,0.0023986606054282,0.0023957884111075,0.0135201177336883,74.65572684151786,77.70690493482195,123.38215300698266,97.01986611149836,526854280,19373490542844,0.2845506607463044,-18821013815,497025857192,-99873962571,49618162027,6735.35009765625,1419.739990234375,98.93000030517578,17.8700008392334,31422.526,22245.1,3.46,4.4,563912300000000.0,2.904,2.6,0.52,0.30400014
3883.679931640625,3827.22998046875,0.0156491491209325,0.0155279638492777,0.0131791919558122,79.21430315290179,79.74592101344325,132.66925955299303,104.14974479979728,597215988,15451168656133,0.133550605302096,-701059858751,539876116156,157630633988,31725550553,6699.39990234375,1430.739990234375,98.9000015258789,18.600000381469727,31422.526,22245.1,3.44,4.4,563912300000000.0,2.869,2.572,0.5300000000000002,0.29699993
3845.56005859375,3835.7900390625,-0.0098154002692935,-0.0098638888613711,0.0135376644725122,77.39285714285714,85.5355596697765,135.3926806829886,110.39833197643554,423588471,16255705645739,-0.290728179567758,-409076104352,-179989530225,13488058741,-100712586238,6738.43994140625,1430.4000244140625,98.94000244140624,17.299999237060547,31422.526,22245.1,3.49,4.4,563912300000000.0,2.912,2.605,0.5199999999999996,0.30699992
3941.590087890625,3893.22998046875,0.0249716628615055,0.024664966219439,0.0139872865770887,81.13856724330357,86.59060270647487,143.6439938121316,117.04746434357476,426896560,17800793870343,0.0078096766708271,584872062761,1082560655270,49696911063,73033574655,6791.68994140625,1435.8399658203125,98.9499969482422,16.3700008392334,31422.526,22245.1,3.49,4.4,563912300000000.0,2.913,2.591,0.5299999999999994,0.32200003
4042.830078125,3999.7900390625,0.0256850631285594,0.025360743612888,0.0145946682048651,86.83499581473214,89.02721626910002,156.54785381734018,124.94754223832786,516998547,20122806110920,0.2110628087516095,649464882211,691299793261,-105279586288,-88648147441,6875.16015625,1436.969970703125,98.77999877929688,15.789999961853027,31422.526,22245.1,3.5,4.4,563912300000000.0,2.959,2.62,0.5099999999999998,0.33900023
4010.409912109375,4010.469970703125,-0.008019176020047,-0.008051502549474,0.0150061195481563,89.34429059709821,84.95662351947963,162.2874704490373,132.41552788046974,408224732,19719872621077,-0.2103948176086459,-1641029874681,311248691665,-102059417027,-66622546139,6890.89013671875,1430.969970703125,98.69000244140624,16.420000076293945,31422.526,22245.1,3.5,4.4,563912300000000.0,2.935,2.633,0.4900000000000002,0.30200005
4081.14990234375,4061.5400390625,0.0176390922086984,0.0174853289514337,0.0149441797105621,86.74074009486607,84.51465572247685,170.57796736779255,140.0480157779343,466898421,22033182304082,0.1437288934272604,-101819764222,1067949298707,-133683747668,-312267068433,6890.58984375,1425.969970703125,99.22000122070312,16.920000076293945,31422.526,22245.1,3.6,4.4,563912300000000.0,2.984,2.677,0.48,0.30699992
4086.889892578125,4105.9501953125,0.0014064639554354,0.0014054758114238,0.0148987403667744,87.2607421875,83.3093102629903,175.58735343545322,147.15588330943808,566538268,24198286552685,0.2134079759502978,-117758829064,-193009083672,-229680282217,-173382474859,6822.33984375,1424.010009765625,99.52999877929688,16.90999984741211,31422.526,22245.1,3.61,4.4,563912300000000.0,3.05,2.732,0.5000000000000004,0.31799984
4107.5,4083.25,0.0050429808396119,0.0050303076011458,0.0127637931513262,85.42429896763393,86.85289453101747,179.15520176216978,153.55574699998442,408275232,22950424588062,-0.2793510075827746,1316368148105,1165995852185,-62375553323,-156746749642,6840.2001953125,1424.02001953125,99.8000030517578,17.440000534057617,31422.526,22245.1,3.6,4.4,563912300000000.0,3.061,2.716,0.5100000000000002,0.34500003
4221.8701171875,4123.35986328125,0.0278442159920877,0.0274636146857686,0.0133563111052451,85.65072195870536,91.19504368469008,189.0324119161537,160.65107998321827,472676323,22728714597138,0.1577394021295908,-796379882407,427711049045,-56410667374,-33198223741,6851.97021484375,1427.1700439453125,99.87000274658205,17.170000076293945,31422.526,22277.5,3.61,4.5,563912300000000.0,3.086,2.741,0.52,0.34500003
4121.740234375,4219.240234375,-0.0237169500797442,-0.024002724449667,0.0152094606760995,86.41786411830357,78.8198173823388,186.6291823604015,165.84670045865494,423542560,20785686586392,-0.1039480096827274,-2234934617588,-51385373466,-116612441052,-119546921220,6771.5498046875,1428.969970703125,100.22000122070312,19.0,31422.526,22277.5,3.59,4.5,563912300000000.0,3.082,2.729,0.5099999999999998,0.35299993
4004.419921875,4055.469970703125,-0.0284637812741224,-0.0288767296183171,0.0174384929236561,98.04929896763392,65.38704857634809,173.26059658469376,167.3294796838627,594162840,29186234065822,0.402840932915927,-2069958063489,87405093093,-57809224195,58251975721,6796.2900390625,1439.81005859375,100.1999969482422,18.010000228881836,31422.526,22277.5,3.65,4.5,563912300000000.0,3.125,2.767,0.52,0.35800004
4026.449951171875,4092.4599609375,0.0055014283533381,0.0054863507699268,0.0168377965654582,101.89714704241072,66.25933682712918,162.5695348914005,166.37749072537025,423420832,21483948611420,-0.2873656790788195,-1700015366201,587946882913,189469448322,-36805466458,6720.31982421875,1439.739990234375,99.7300033569336,19.5,31422.526,22277.5,3.58,4.5,563912300000000.0,3.203,2.834,0.5300000000000002,0.36899996
3953.760009765625,3963.719970703125,-0.0180531093861215,-0.0182180549681269,0.0174840925695724,106.46714564732144,58.081424432437096,146.54207487830536,162.41040755595728,377049668,18794295713216,-0.1095155469346392,-462509716457,163971892947,-137386155262,-68751991674,6728.7998046875,1447.9000244140625,99.5999984741211,19.07999992370605,31422.526,22277.5,3.57,4.5,563912300000000.0,3.226,2.894,0.5400000000000005,0.33200002
4073.239990234375,3991.8701171875,0.0302193305040365,0.029771721809493,0.0181188357416451,110.80855887276786,62.84559711526031,141.84611946523046,158.29754993781194,339514007,16685675541574,-0.0995509721546817,-145213646845,922250865130,132992066054,64813593813,6832.43017578125,1454.0,99.62000274658205,17.600000381469727,31422.526,22277.5,3.56,4.5,563912300000000.0,3.23,2.865,0.5699999999999998,0.365
4106.39013671875,4124.2998046875,0.0081385203336539,0.0081055811737073,0.0178699265346889,113.0742710658482,61.79520977068788,139.19492825470616,154.47702560119075,377553974,20118818678387,0.1120424083121849,74380943249,367029232195,22061694723,-89869861481,6846.60986328125,1456.0899658203125,99.45999908447266,17.280000686645508,31422.526,22277.5,3.56,4.5,563912300000000.0,3.201,2.831,0.5699999999999998,0.3699999
4150.39013671875,4097.43994140625,0.0107150072289912,0.0106580083398729,0.0173106592788957,112.06570870535714,66.04452122565985,139.04148866521064,151.38991821399475,334584453,15670659198860,-0.113810273388885,-426301595451,868654880931,13870437898,-45197406554,6850.919921875,1459.8399658203125,99.4800033569336,17.510000228881836,31422.526,22277.5,3.55,4.5,563912300000000.0,3.282,2.923,0.5300000000000002,0.35899997
4170.6298828125,4127.56982421875,0.0048765888090105,0.0048647367658803,0.0167679425481442,109.15072195870536,63.10055882304477,138.9513207132245,148.9021987138407,424188608,17517048400982,0.2678072881049258,999717743685,-743483081034,1421739128,27502984530,6737.490234375,1468.02001953125,99.18000030517578,20.0,31422.526,22277.5,3.57,4.5,563912300000000.0,3.267,2.932,0.5400000000000005,0.33500004
4011.570068359375,4061.909912109375,-0.0381380796000678,-0.0388843725062092,0.0194591400589529,113.29286411830356,48.32292526492571,124.60865326497196,144.04348962406695,399992380,17968602377429,-0.0570412018231286,-2366775352924,-655162016974,-44878847933,-6664717015,6734.10986328125,1468.7099609375,99.2699966430664,19.82999992370605,31422.526,22277.5,3.61,4.5,563912300000000.0,3.317,2.944,0.5299999999999998,0.3729999
4089.25,4078.570068359375,0.0193639722893819,0.0191788762248832,0.0195305146919425,113.8671351841518,54.03381404150871,118.14816871969606,138.86442544319277,344096599,14352976610800,-0.1397421145872829,518284632949,5964690486,30020117961,-46707925574,6672.41015625,1446.530029296875,99.58999633789062,22.3799991607666,31422.526,22277.5,3.6,4.5,563912300000000.0,3.301,2.914,0.5299999999999998,0.38700008
3953.6201171875,4044.469970703125,-0.0331674225866601,-0.0337299345958315,0.0212320215738444,118.31783621651786,43.88129122580803,100.9206398206088,131.275668318676,319659628,14077477816697,-0.0710177638227688,-552107137897,-428743183336,-43108537347,-59361695503,6617.31982421875,1461.68994140625,99.5500030517578,24.690000534057617,31422.526,22277.5,3.58,4.5,563912300000000.0,3.268,2.872,0.54,0.3959999
3929.510009765625,3966.639892578125,-0.0060982357199826,-0.0061169059015754,0.0210391775531491,120.87210518973214,42.57992065947666,84.3498819449851,121.89051104393782,338241537,14586911018135,0.0581302966416517,-1051156432270,461082915142,88744183243,5891802893,6642.16015625,1456.550048828125,100.2300033569336,23.65999984741211,31422.526,22277.5,3.59,4.5,563912300000000.0,3.281,2.869,0.54,0.41199994
4004.85009765625,4030.969970703125,0.0191728962907309,0.0189914123608191,0.021272897247568,125.69426618303572,45.39781461485618,76.41587772094226,112.79558437933872,360281733,15143579448126,0.0651611159158136,744766288223,747613113921,17378732171,-31443822134,6538.759765625,1466.1300048828125,100.16000366210938,26.420000076293945,31422.526,22277.5,3.56,4.5,563912300000000.0,3.325,2.908,0.5399999999999996,0.41700006
3853.260009765625,3908.699951171875,-0.0378516259520773,-0.0385866052323712,0.0224023412637796,129.40642438616072,34.00754379628148,57.23628474819907,101.68372445311078,319324121,14166906140808,-0.1136821777195126,-2830804343064,411542019338,-59779950043,85078446938,6602.990234375,1473.25,100.18000030517578,23.43000030517578,31422.526,22277.5,3.5,4.5,563912300000000.0,3.271,2.872,0.5599999999999996,0.39899993
3846.06005859375,3915.159912109375,-0.0018685349946869,-0.0018702828838676,0.0215173968313309,127.27214704241072,36.99032719064545,40.98291768463832,89.54356309941629,373120108,21411253137675,0.1684682849248335,-795650963505,1109492115017,63408149900,-22807985903,6705.1201171875,1467.72998046875,100.13999938964844,20.520000457763672,31422.526,22277.5,3.49,4.5,563912300000000.0,3.289,2.904,0.5499999999999998,0.385
3857.780029296875,3942.360107421875,0.0030472666896965,0.003042633183191,0.0215096072260818,117.22427804129464,42.31382389938717,28.716682831275648,77.37818704578815,279293988,13275808347538,-0.2514635850180446,-1710358096,19658363074,7340226117,-61109799874,6765.8798828125,1474.8599853515625,99.66000366210938,18.559999465942383,31422.526,22277.5,3.46,4.5,563912300000000.0,3.264,2.902,0.5499999999999998,0.362
3960.8701171875,3891.8798828125,0.026722645435389,0.0263718316056815,0.0220177800800418,115.54000418526786,46.83183005026565,27.00283993936,67.30311762450252,295326951,15777742925834,0.0574053280373509,523499974267,1037618840943,105237568665,36174018808,6812.60986328125,1464.9200439453125,99.5999984741211,17.190000534057617,31422.526,22277.5,3.47,4.5,563912300000000.0,3.251,2.895,0.5299999999999998,0.35599995
3986.909912109375,3989.449951171875,0.0065742612485271,0.0065527450436629,0.0220834620503233,109.27284458705356,51.67706717902632,27.42960946294488,59.328415992191,257854943,13008961064052,-0.1268831302836293,157740133135,326073228376,72932154287,-562761869,6812.60986328125,1470.5899658203125,99.5999984741211,17.190000534057617,31422.526,22277.5,3.47,4.5,563912300000000.0,3.351,3.013,0.5299999999999998,0.33800006
3926.590087890625,3995.300048828125,-0.015129467569744,-0.0152450856060317,0.0222453342467094,104.5771484375,42.1085489340436,22.639547078355463,51.99064220942389,241922807,11927326021478,-0.0617872041336047,-2041033195605,839176462564,-70695237508,-136734168080,6849.08984375,1461.4000244140625,99.45999908447266,16.350000381469727,31422.526,22277.5,3.49,4.5,563912300000000.0,3.344,2.991,0.5299999999999994,0.35300016
3920.3701171875,3967.919921875,-0.0015840641788168,-0.0015853201349968,0.0211230336310484,102.03072684151786,39.69120341857769,18.132468663076,45.21900750015432,296914679,11805572699555,0.2273116482151267,223581849965,-68894937864,29097125833,-96241820989,6812.6298828125,1465.6199951171875,99.41000366210938,17.239999771118164,31422.526,22353.6,3.55,4.4,563912300000000.0,3.387,3.045,0.54,0.342
3994.929931640625,3939.090087890625,0.0190185651416541,0.0188399730556389,0.0211286012633904,102.65928431919644,41.66700473337007,20.34243551730242,40.24369310358394,319034908,12439175118986,0.0745002876735507,1220591037011,247529075306,33839413485,70784814352,6829.3701171875,1470.1700439453125,99.36000061035156,16.59000015258789,31422.526,22353.6,3.54,4.4,563912300000000.0,3.346,3.022,0.5499999999999998,0.32399988
4036.300048828125,4010.260009765625,0.0103556552669024,0.0103024027961935,0.0202613117534767,102.68570382254464,42.95913157312156,25.142248691356144,37.22340422113838,290896486,13375747628074,-0.0881985679134522,282946826479,487271055069,38087894573,62672496011,6849.72021484375,1467.3599853515625,98.8499984741211,16.079999923706055,31422.526,22353.6,3.5,4.4,563912300000000.0,3.368,3.041,0.5599999999999996,0.32700014
4028.510009765625,4018.909912109375,-0.0019299950371037,-0.0019318598773333,0.0202311085338943,95.15213448660714,51.05523810914276,27.994837108306,35.377690798571905,352043273,13716192682125,0.210201188198609,-697837340420,107091350008,-27535762591,52221708705,6857.1201171875,1465.030029296875,98.98999786376952,15.779999732971191,31422.526,22353.6,3.55,4.4,563912300000000.0,3.376,3.025,0.5600000000000005,0.35099983
4100.0498046875,4023.5,0.0177583758631487,0.017602538151561,0.0201162688153816,96.46998814174108,50.67793721709194,35.61761979788025,35.425676598433576,478512573,16308814953657,0.3592436205988802,1000558523985,849019994846,85404353976,5782407832,6870.39990234375,1472.3800048828125,98.98999786376952,15.40999984741211,31422.526,22353.6,3.59,4.4,563912300000000.0,3.358,2.994,0.5499999999999998,0.36400008
4154.85009765625,4109.25,0.0133657627539298,0.0132772289556385,0.0192283714046442,92.01285226004464,64.05846085201057,45.55551997898101,37.45164527454307,395582936,15207838759256,-0.1733071222770148,322692525385,-140825644214,40683727865,-15317346495,6846.509765625,1471.81005859375,99.08999633789062,16.65999984741211,31422.526,22353.6,3.59,4.4,563912300000000.0,3.401,3.034,0.5800000000000001,0.3670001
4143.5498046875,4129.77001953125,-0.0027197835549168,-0.0027234888862006,0.019169892588547,86.4378662109375,65.22591027361264,51.92102501249019,40.34552122213249,400643400,13328759163343,0.0127924223708173,-90993089901,-98306205656,12330272182,99608405445,6840.509765625,1468.510009765625,99.22000122070312,16.93000030517578,31422.526,22353.6,3.62,4.4,563912300000000.0,3.453,3.084,0.5599999999999996,0.36899996
4135.0,4159.0498046875,-0.0020634009703052,-0.0020655327150215,0.01902387939195,80.66500418526786,60.23046536763306,55.63451576153602,43.4033201300132,317901549,12625782614479,-0.2065224361614343,373684431659,-102262097829,-95850854610,15652810287,6886.68017578125,1467.9300537109375,98.79000091552734,15.770000457763672,31422.526,22353.6,3.56,4.4,563912300000000.0,3.371,3.095,0.5699999999999998,0.27600002
4110.6201171875,4163.31982421875,-0.0058959813331318,-0.0059134312544858,0.0190259410376118,73.60641043526786,75.28693308436934,55.96510030339232,45.91567616468903,539843372,20308402514420,0.6981464031809421,364975815461,-688190644318,-20114981877,-17402709778,6901.0,1469.0400390625,98.3499984741211,14.850000381469728,31422.526,22353.6,3.55,4.4,563912300000000.0,3.378,3.101,0.5899999999999999,0.27699995
4167.16015625,4123.830078125,0.0137546252026774,0.0136608889058099,0.0169991830057983,72.07711356026786,78.76108478229304,60.09664287190162,48.75186950613155,426616335,16545774986825,-0.2097405337783789,46940837270,1438748075767,-83159725562,89195037509,6827.41015625,1470.8499755859375,98.4000015258789,15.739999771118164,31422.526,22353.6,3.58,4.4,563912300000000.0,3.409,3.093,0.6100000000000003,0.31599998
4090.590087890625,4053.739990234375,-0.018374640159806,-0.018545550711137,0.0170741002324418,72.16641671316964,68.68250150660594,56.54059079438002,50.30961376378125,346844575,15438300438426,-0.186987120406442,-959903866429,-391976021436,-52542669797,116583090458,6816.509765625,1472.9100341796875,98.1500015258789,16.5,31422.526,22353.6,3.56,4.4,563912300000000.0,3.325,3.0,0.6199999999999997,0.32500005
3999.1298828125,4093.320068359375,-0.0223586825159711,-0.0226124272557552,0.0160689996318508,72.14425223214286,53.12866097175516,45.814202114370346,49.410531433899074,373989521,16525587865207,0.0782625647236949,-1035036843780,148109819904,-245897055311,13731755436,6800.259765625,1467.47998046875,98.1500015258789,16.479999542236328,31422.526,22353.6,3.52,4.4,563912300000000.0,3.313,2.999,0.6300000000000003,0.3139999
4056.409912109375,4019.429931640625,0.0143231230230991,0.0142215161655972,0.0162657486294283,72.36141531808036,55.40704401808527,41.45758423645657,47.81994199441058,360955505,12968279650414,-0.0348512866487508,-27789783436,379394905728,-19550443221,-28662042049,6721.43017578125,1471.739990234375,98.37000274658205,17.6200008392334,31422.526,22353.6,3.53,4.4,563912300000000.0,3.324,2.996,0.6300000000000003,0.32799983
3994.510009765625,3989.60009765625,-0.0152597749450723,-0.0153774035018628,0.0161455280286794,72.89711216517857,55.27115567530288,32.633944581194555,44.782742511767374,581445413,13077588489472,0.6108506587259279,-346770479725,156281357049,-70579014311,-84632417818,6774.759765625,1474.0,98.43000030517578,16.8700008392334,31422.526,22353.6,3.5,4.4,563912300000000.0,3.312,2.967,0.6200000000000001,0.34500003
4020.550048828125,4055.780029296875,0.0065189570182171,0.0064978005137006,0.0134089599148568,71.18568638392857,57.542757124533054,27.426207858197813,41.311435581053466,442664473,16470368044849,-0.2386826637498987,-747130781598,964183805227,-25140822642,-41242101262,6834.5,1474.3599853515625,98.5999984741211,14.90999984741211,31422.526,22353.6,3.53,4.4,563912300000000.0,3.342,3.01,0.6300000000000003,0.33200002
4105.93017578125,4096.259765625,0.0212359318790251,0.0210135917033385,0.0140128490398046,71.95856584821429,58.22345086244973,29.844473169965568,39.01804309883589,315627058,13013701888375,-0.2869835343664455,1114028873793,1622102177879,-34261909288,22809936437,6878.490234375,1473.719970703125,98.29000091552734,14.079999923706056,31422.526,22353.6,3.56,4.4,563912300000000.0,3.359,2.999,0.6099999999999999,0.3599999
4117.31982421875,4127.39990234375,0.0027739508344981,0.0027701105331142,0.0140132133970098,69.80425153459821,56.281380212621706,32.307593467134666,37.675953172495646,385848331,13460733860454,0.222481790518733,954342814280,533261642263,-121145645194,-37383279005,6909.7900390625,1476.8399658203125,97.94000244140624,14.0,31422.526,22353.6,3.58,4.4,563912300000000.0,3.379,2.963,0.5999999999999996,0.4159999
4108.6201171875,4136.240234375,-0.0021129539124157,-0.0021151893490051,0.0129471361315772,68.14854213169643,56.2021064378247,33.17521714513441,36.7758059670234,363613812,12114977293960,-0.057625023133766,521577461274,252283200550,-26143810406,32658143047,6932.0498046875,1478.6700439453125,97.9800033569336,13.470000267028809,31422.526,22353.6,3.56,4.4,563912300000000.0,3.345,2.939,0.5900000000000003,0.40600014
4129.68017578125,4130.3701171875,0.005125822780658,0.0051127304712489,0.0129234793417948,63.70284598214285,52.48848292881765,35.15691880751183,36.45202853512109,510161651,16273592100742,0.4030315520577638,1780689598930,529332486432,-23628157217,-97501817252,6929.93994140625,1446.52001953125,98.0199966430664,13.600000381469728,31422.526,22353.6,3.54,4.4,563912300000000.0,3.374,2.958,0.5999999999999996,0.41600013
4220.56005859375,4146.47998046875,0.0220065184092148,0.021767869852381,0.0130101481134942,64.93783133370536,55.20326825284882,43.55856268407524,37.87333536491192,502393980,14535157883542,-0.0152259014074737,335560894891,-363551566199,23932814520,37891796466,6905.740234375,1441.3299560546875,98.04000091552734,14.199999809265137,31422.526,22353.6,3.51,4.4,563912300000000.0,3.354,2.939,0.6100000000000003,0.4150002
4214.169921875,4193.75,-0.0015140494697472,-0.0015151968008692,0.0130086837287867,65.34994070870536,55.63590707592167,49.13489882992599,40.12564805791473,408198125,13213491562311,-0.1874939962457352,-488565460858,-228968627322,-24765470947,-108410543534,6896.240234375,1434.7099609375,98.23999786376952,14.329999923706056,31422.526,22353.6,3.5,4.4,563912300000000.0,3.385,2.952,0.6399999999999997,0.4330001
4309.6298828125,4224.52978515625,0.0226521385485631,0.022399388623114,0.0132500706513606,68.94564383370536,62.23875918483558,60.55892091265923,44.21230262886363,406339246,17521809108064,-0.0045538646214996,644674371630,-113813243883,-72899009835,-19584573734,6858.47021484375,1443.6400146484375,98.41999816894533,14.510000228881836,31856.257,22429.3,3.55,4.3,563912300000000.0,3.386,2.935,0.6400000000000006,0.45099998
4457.52001953125,4385.919921875,0.0343162036509352,0.0337405355758556,0.0148018811991902,74.68280901227679,70.72430082383683,80.61673919535406,51.49318994216172,513869696,22783803354664,0.2646322034076915,2180760737270,-50824024231,-258788899504,-156431485960,6902.0498046875,1440.47998046875,98.2699966430664,14.899999618530272,31856.257,22429.3,3.53,4.3,563912300000000.0,3.396,2.933,0.6400000000000001,0.46299982
4525.47998046875,4446.080078125,0.0152461370088579,0.0151310826116117,0.0148751021866763,79.89210728236607,71.11838617829325,100.8341522358378,61.36138240089694,498391270,25518237182834,-0.0301213053046038,-630215831305,169737206700,-102987604363,-72388513137,6944.81982421875,1445.56005859375,98.58000183105467,14.75,31856.257,22429.3,3.54,4.3,563912300000000.0,3.398,2.948,0.6399999999999997,0.45000005
4551.06005859375,4566.33984375,0.0056524563660429,0.0056365411796575,0.0146144549132293,80.53566196986607,78.87430201893616,117.56547464236064,72.60220084918969,553653981,29139900200735,0.1108821809820224,1252139858579,-359416748224,-208993695878,-94664134975,6920.93017578125,1444.9599609375,98.68000030517578,15.380000114440918,31856.257,22429.3,3.53,4.3,563912300000000.0,3.354,2.91,0.6200000000000006,0.444
4552.3701171875,4531.4599609375,0.0002878579005514,0.000287816477415,0.0145258104856955,79.96709333147321,89.11374454047471,129.43878918324208,83.96951851600016,440086040,27476981855641,-0.2051244006136749,-106596250337,-854694939307,-185254969602,-150976414148,6921.4599609375,1446.1400146484375,98.93000030517578,15.449999809265137,31856.257,22429.3,3.56,4.3,563912300000000.0,3.341,2.902,0.6300000000000003,0.43900013
4586.31982421875,4530.02978515625,0.0074575893781292,0.0074299190426399,0.0144346851823718,81.67850167410714,88.74236892543975,139.9743964165309,95.17049409610632,399219985,23478838394919,-0.092859239525071,-1611323391804,1165449432026,30207520740,52729192651,6966.27978515625,1450.0799560546875,99.12999725341795,14.489999771118164,31856.257,22429.3,3.59,4.3,563912300000000.0,3.386,2.942,0.5899999999999999,0.444
4624.7900390625,4639.89013671875,0.0083880357930126,0.0083530517164324,0.0143511370381186,81.96995326450893,97.71525145800211,149.70248877867743,106.07689303262056,394752880,23073767861614,-0.0111895826056904,-352281938034,568207867418,68006389349,-50105642889,6977.27001953125,1455.239990234375,98.86000061035156,15.119999885559082,31856.257,22429.3,3.59,4.3,563912300000000.0,3.392,2.98,0.6000000000000005,0.41199994
4692.64013671875,4662.43994140625,0.0146709574019936,0.0145643800365743,0.0142165524868335,82.47065080915179,97.85127535332036,161.03074569847922,117.06766356579227,429151090,25240608214513,0.087138591617115,-278947839683,776853379777,115892533581,2228284302,6963.740234375,1464.9300537109375,99.12999725341795,15.979999542236328,31856.257,22429.3,3.57,4.3,563912300000000.0,3.412,3.003,0.6099999999999999,0.40899992
4723.10009765625,4685.10986328125,0.0064910072049118,0.0064700313383822,0.0141197422604842,80.21351841517857,97.66898079006044,170.5009068848085,127.75431222959554,550416487,24217478031620,0.2825704042834891,-378050341745,604532431486,-9543628245,14937573779,6926.60009765625,1473.010009765625,99.12999725341795,16.75,31856.257,22429.3,3.56,4.3,563912300000000.0,3.418,2.996,0.5900000000000003,0.42199993
4797.5498046875,4710.27978515625,0.0157628899434492,0.0156399458799523,0.0129819841496505,84.29924665178571,97.8758954965878,181.9165265303245,138.58675508974133,545175207,23826144317448,-0.0095223891794505,353033261109,1457733569084,5505542209,-31187586300,6944.47021484375,1462.9000244140625,99.31999969482422,15.84000015258789,31856.257,22429.3,3.62,4.3,563912300000000.0,3.493,3.09,0.5499999999999998,0.40300012
4840.740234375,4820.66015625,0.0090026016291275,0.0089623197914654,0.0108042562932816,86.26210239955357,99.1421488296726,192.23265566891587,149.31593520557624,720905827,26948188036284,0.3223378791691824,436760079560,511408132413,20716797370,-90074934450,6940.009765625,1468.8399658203125,99.38999938964844,15.859999656677246,31856.257,22429.3,3.67,4.3,563912300000000.0,3.488,3.08,0.5700000000000003,0.408
4904.66015625,4829.39990234375,0.0132045759078525,0.0131181554279723,0.010781938884618,90.18352399553572,99.18882214645086,203.2234326003609,160.09743468453317,570841030,25214738198401,-0.2081614427011698,549073286677,205387076855,-40148109337,-118799615626,6940.009765625,1471.5799560546875,99.38999938964844,15.859999656677246,31856.257,22429.3,3.67,4.3,563912300000000.0,3.565,3.13,0.5700000000000003,0.43499994
4885.75,4900.27978515625,-0.0038555487327501,-0.0038630005207534,0.0096298302412016,91.66353934151786,96.46540545002212,208.0100011210052,169.6799479718276,667709207,27148846770961,0.1696937884790796,115994205744,-208878217381,-87352942950,-172940172593,6796.85986328125,1471.52001953125,98.63999938964844,20.09000015258789,31856.257,22429.3,3.68,4.3,563912300000000.0,3.653,3.191,0.6199999999999997,0.46200013
4909.93017578125,4808.93994140625,0.004949122607839,0.0049369159587805,0.0096665603681601,96.23500279017856,97.4222113949066,211.31858021094197,178.00767441965047,600101467,30093031855585,-0.1012532690746617,445736993639,294640214273,-911081273,-56424073332,6875.6201171875,1477.780029296875,98.76000213623048,16.899999618530273,31856.257,22429.3,3.66,4.3,563912300000000.0,3.602,3.138,0.5999999999999996,0.464
4952.52978515625,4987.06005859375,0.0086762149052805,0.0086387928514795,0.0093135598321029,96.96571568080356,97.22203691947938,214.90084229467084,185.38630799465452,568624077,32919611108208,-0.0524534461769612,-247775912152,316129491147,-19319038527,-204909507250,6913.35009765625,1464.8299560546875,98.36000061035156,15.640000343322754,31856.257,22429.3,3.68,4.3,563912300000000.0,3.558,3.109,0.5799999999999996,0.44900012
4990.06982421875,4984.080078125,0.0075799723961307,0.007551388756628,0.0091957646446286,93.181396484375,96.68458152344198,218.2530924302746,191.95966488177856,612601752,30017138130375,0.0773405080418359,145084754379,928967908641,-85111772219,-271899106665,6915.60986328125,1463.260009765625,97.5999984741211,16.09000015258789,31856.257,22429.3,3.67,4.3,563912300000000.0,3.59,3.137,0.5700000000000003,0.45299983
4949.58984375,4997.5400390625,-0.0081121070234899,-0.0081451891958902,0.0096862814645016,89.78853934151786,89.06037654732384,215.1631122719973,196.60035435982232,446903055,22842956876465,-0.270483550624909,-166444499866,-952833978169,-194989658689,-173034023370,6950.22998046875,1444.81005859375,97.04000091552734,16.149999618530273,31856.257,22429.3,3.66,4.3,563912300000000.0,3.544,3.096,0.5599999999999996,0.44799995
5084.85009765625,4932.89013671875,0.027327568177603,0.0269608364466475,0.0103940435983125,94.83210100446428,90.89904404458332,221.080178131715,201.49631911420087,476155582,28496381114727,0.0654560909188683,845296898631,569523393402,-210511730480,-57240611682,6978.60009765625,1440.97998046875,96.22000122070312,16.350000381469727,31856.257,22429.3,3.65,4.3,563912300000000.0,3.53,3.094,0.5900000000000003,0.43599987
5170.81005859375,5145.39013671875,0.0169051121049017,0.0167638109484507,0.0101637568629786,95.10138811383928,91.94404392026372,230.0538285737257,207.20782100610583,593108778,30856467311072,0.2456197100719908,393157976391,-571014215725,-145127377238,-90013754751,6978.02978515625,1432.510009765625,96.4499969482422,16.350000381469727,31856.257,22429.3,3.66,4.3,563912300000000.0,3.518,3.067,0.5999999999999996,0.45099998
5221.25,5243.419921875,0.0097547465164418,0.0097074761351023,0.0097885262065255,101.52566964285714,92.12029808259788,238.48646936185375,213.46355067725543,699659390,35870200939592,0.1796476733311811,-1492298861393,156904534645,-117544820046,-119679535308,6969.009765625,1429.27001953125,96.27999877929688,16.8799991607666,31856.257,22429.3,3.63,4.3,563912300000000.0,3.557,3.106,0.6100000000000003,0.45099998
5224.35986328125,5210.35009765625,0.0005956166207805,0.0005954393116031,0.0096315413018335,104.162109375,91.73242449433482,242.623524949212,219.29554553164675,862540604,35493399111211,0.2328007260790139,-1979215185544,-30925756867,-127842732376,-30656185831,6939.02978515625,1428.760009765625,96.98999786376952,17.440000534057617,31856.257,22429.3,3.6,4.3,563912300000000.0,3.607,3.138,0.6599999999999997,0.4690001
4949.669921875,5122.6201171875,-0.0525786792247742,-0.0540113842331204,0.0159693822635637,120.05496651785714,63.89064956573001,221.18727944309197,219.67389231393585,572544402,32090618217805,-0.336211652709627,-2533014907412,-2175531513438,25161573975,-39924652613,6976.43994140625,1448.800048828125,97.61000061035156,16.34000015258789,31856.257,22627.3,3.64,4.4,563912300000000.0,3.603,3.152,0.6499999999999999,0.45099998
5288.080078125,5114.81005859375,0.0683702472268708,0.0661343538940524,0.020933465910166,140.38567243303572,72.90818227570225,228.8675294232753,221.51261973580367,672610151,30015961619294,0.1747737793792978,717002674802,1451337083116,345242429507,95780604221,6917.81005859375,1452.5400390625,97.44000244140624,18.0,31856.257,22627.3,3.64,4.4,563912300000000.0,3.661,3.189,0.6400000000000001,0.47200012
5371.10009765625,5260.7099609375,0.0156994633789067,0.0155775016368095,0.0209976496958899,143.3642578125,73.09517059027779,238.8993219410304,224.98996017684908,789920328,30433498214654,0.1744103576575371,-937831352151,1494469828390,97387857906,29002873357,6882.72021484375,1446.6800537109375,97.62000274658205,18.63999938964844,31856.257,22627.3,3.64,4.4,563912300000000.0,3.712,3.212,0.6499999999999999,0.5
5163.56982421875,5251.02978515625,-0.0386383179728969,-0.0394045807477043,0.0235177228811884,155.56710379464286,61.480015738346175,227.48136752042865,225.488241645565,911910087,32385641184187,0.154432991120593,-5038456296204,-1882856942800,-37381490389,-98472024855,6798.39990234375,1460.1099853515625,97.81999969482422,21.770000457763672,31856.257,22627.3,3.55,4.4,563912300000000.0,3.687,3.204,0.6600000000000001,0.48300004
5089.14013671875,5013.14990234375,-0.0144143857900209,-0.0145192822814219,0.0239699553050013,168.056396484375,56.51154814614381,210.0058855097532,222.39177041840267,745763942,29912342148788,-0.1821957530337089,-3327690968863,578178706600,156410280177,132299560821,6932.2998046875,1470.6800537109375,97.62999725341795,20.3700008392334,31856.257,22627.3,3.57,4.4,563912300000000.0,3.71,3.233,0.6499999999999999,0.477
5298.0400390625,5299.10009765625,0.0410481725265359,0.0402280638037949,0.025217726005631,176.74281529017858,62.83153618579217,210.58541875946867,220.0305000866159,617657784,26454138847440,-0.1717784285151185,438874177525,2424431310218,195359684938,-86295633100,6964.81982421875,1462.4000244140625,96.81999969482422,17.360000610351562,31856.257,22627.3,3.56,4.4,563912300000000.0,3.754,3.267,0.6599999999999997,0.487
5301.68994140625,5350.2099609375,0.0006889155832796,0.0006886783898704,0.0251835846981341,174.85281808035714,62.35040798382349,208.9307954952492,217.8105591683425,712267871,23275929869547,0.1531755762670028,146938560431,744201659557,-42186713608,-97722886851,6941.81005859375,1458.5400390625,96.8000030517578,17.790000915527344,31856.257,22627.3,3.5,4.4,563912300000000.0,3.681,3.224,0.6600000000000001,0.45700002
5354.490234375,5293.75,0.0099591438866273,0.0099098784375814,0.025197976146984,175.35927036830358,62.5910086052286,209.4654496932089,216.14153727331583,753767377,25625896916781,0.0582639027950764,857204769953,522333048487,98025004975,-26289554822,6941.47021484375,1455.3299560546875,96.83000183105467,17.649999618530273,31856.257,22627.3,3.55,4.4,563912300000000.0,3.639,3.2,0.6299999999999999,0.4389999
5522.27001953125,5425.39013671875,0.0313344086574534,0.0308535061365069,0.0257198424577987,180.56427873883928,65.41304772059425,220.8814100636955,217.08951183139175,750614562,32322625268341,-0.0041827427084311,3007885576558,1081586711727,149066188232,72185511544,6832.759765625,1444.18994140625,96.93000030517578,20.81999969482422,31856.257,22627.3,3.49,4.4,563912300000000.0,3.618,3.154,0.5999999999999996,0.464
5507.009765625,5513.7099609375,-0.0027634023422029,-0.0027672275872079,0.0258071455563067,181.9814453125,66.38275155418555,226.09102930088648,218.88981532529075,1290658558,30820998931626,0.7194691168274989,-926809147120,180956042302,-93212124766,56325913582,6836.169921875,1440.9000244140625,96.87999725341795,20.600000381469727,31856.257,22627.3,3.43,4.4,563912300000000.0,3.571,3.142,0.6099999999999999,0.42900014
5677.25,5642.08984375,0.0309133707075748,0.0304451769726289,0.026328430584429,180.58932059151783,67.06004507029262,241.17652142488623,223.34715654520983,1185838197,28945961371804,-0.081214632909907,-934502198708,1669060708622,59738858025,15370491816,6861.89013671875,1440.1600341796875,97.93000030517578,20.229999542236328,31856.257,22627.3,3.5,4.4,563912300000000.0,3.588,3.178,0.5800000000000001,0.4100001
5808.52978515625,5696.89013671875,0.0231238337498349,0.0228605292524085,0.0264093261794999,183.02291434151783,67.89799029434351,260.7196502931929,230.82165529480645,1749302679,33119679281825,0.475161352894083,-744055197623,1935071752512,-52697642592,-142174379045,6909.509765625,1447.75,97.8000030517578,19.09000015258789,31856.257,22627.3,3.5,4.4,563912300000000.0,3.54,3.143,0.5800000000000001,0.39700007
5846.08984375,5903.10986328125,0.0064663623985772,0.006445545170212,0.026400314789758,180.15150669642856,67.66421439251553,276.0562983793361,239.8685839117124,1477788942,32044129428372,-0.1552125542706037,-1110923642136,532967355668,-168726798972,-268530289236,6837.75,1443.43994140625,97.6999969482422,21.01000022888184,31856.257,22627.3,3.45,4.4,563912300000000.0,3.578,3.154,0.5800000000000001,0.42400002
5969.64013671875,5853.47998046875,0.0211338341132127,0.0209136119958463,0.0265404960961987,185.3036411830357,69.725796471225,294.78211385881514,250.85128990113293,1602004836,31372730942186,0.0840552331051345,-190307431241,2666864872798,-145061004425,-71765712033,6890.06982421875,1442.199951171875,97.87999725341795,19.549999237060547,31856.257,22627.3,3.47,4.4,563912300000000.0,3.593,3.158,0.5699999999999998,0.43499994
6083.85986328125,6022.7001953125,0.0191334358431329,0.0189526935019501,0.0266223881999952,177.03864397321428,82.80602841336804,315.2055416228359,263.7221402454735,1415254864,35284562768622,-0.1165726643287111,-1305695440999,1993704788763,-307439923182,74951696394,6946.1298828125,1439.989990234375,97.6999969482422,17.93000030517578,31856.257,22627.3,3.49,4.4,563912300000000.0,3.556,3.124,0.5599999999999996,0.43199992
6307.27001953125,6121.02978515625,0.0367217788165006,0.036063598955438,0.026878504660847,169.2529296875,81.58065067638208,345.4366095533624,280.06503410705125,1409623229,38930015318333,-0.0039792373396853,-2110563257707,1637144482088,53949815743,-98071995959,6908.85986328125,1426.9300537109375,97.79000091552734,18.6299991607666,31856.257,22627.3,3.46,4.4,563912300000000.0,3.47,3.062,0.5599999999999996,0.408
6244.1298828125,6197.490234375,-0.0100106918719554,-0.0100611357824825,0.0270767337617185,173.51935686383928,77.38916133910499,360.148499623323,296.0817272103056,1166057975,54939339254580,-0.1727874860382284,-7081170551941,1104325496799,-225711725187,-228320503254,6878.8798828125,1432.3199462890625,97.61000061035156,19.86000061035156,31856.257,22627.3,3.39,4.4,563912300000000.0,3.446,3.041,0.5800000000000001,0.4050002
5791.91015625,6165.14990234375,-0.0724231774562014,-0.0751796603900745,0.033060086578612,189.4893624441964,67.08895454998174,331.4961447144788,303.1646107111402,1227193147,52800572976931,0.0524289300452665,-5173689099740,-728288917342,-49526905291,41182772768,6816.6298828125,1452.27001953125,99.0500030517578,23.56999969482422,31856.257,22686.0,3.5,4.3,563912300000000.0,3.594,3.18,0.5599999999999996,0.41400003
5093.5400390625,5592.58984375,-0.1205768215230159,-0.1284890654335964,0.0446001590924249,222.93150111607144,50.089342458935285,249.5595479622289,292.44359816135795,1637605952,62882735183204,0.3344321193475503,236681289846,-583022482538,-128662133609,-72745993641,6869.5,1483.0699462890625,98.7699966430664,21.149999618530277,31856.257,22686.0,3.55,4.3,563912300000000.0,3.632,3.223,0.54,0.40899992
5583.89990234375,5250.919921875,0.0962709352475226,0.0919143616690205,0.0492316691308915,250.68505859375,55.20911985920168,221.63725130455623,278.2823287899976,1660710447,45308989750851,0.0141087023845893,-156997516744,-1223411293323,-109227373024,-87153061190,6830.7099609375,1460.75,99.31999969482422,23.75,31856.257,22686.0,3.59,4.3,563912300000000.0,3.589,3.189,0.54,0.4000001
5584.8701171875,5491.02001953125,0.0001737521912494,0.0001737370980857,0.0473657420571055,261.52504185267856,55.16533345731138,197.3124234685083,262.0883477256998,1223019737,31402462335366,-0.2635563055502353,-1951123731453,-597543066797,-178422364893,-174753455417,6740.02001953125,1479.510009765625,98.98999786376952,29.489999771118164,31856.257,22686.0,3.59,4.3,563912300000000.0,3.616,3.227,0.5600000000000005,0.38899994
5251.8701171875,5265.3701171875,-0.0596253794649921,-0.0614769506270138,0.0474391409885475,288.09716796875,48.3017564069372,149.44183273122326,239.55904472680453,1026237730,33163873061508,-0.1608984720742899,-3197930670343,-1171340012465,-199264312747,-101980601882,6795.990234375,1483.8900146484375,99.18000030517578,25.5,31856.257,22686.0,3.58,4.3,563912300000000.0,3.739,3.42,0.54,0.319
5532.58984375,5523.2099609375,0.0534513840400974,0.0520718061067391,0.048767044462692,300.68502371651783,50.1646272413958,132.62693973997466,218.17262372943856,923209866,28713302920559,-0.1003937596408582,1034421231804,744752642955,68223391071,-9321369642,6781.47998046875,1464.469970703125,98.83000183105467,24.93000030517578,31856.257,22686.0,3.58,4.3,563912300000000.0,3.629,3.283,0.5700000000000003,0.34599996
5609.9501953125,5658.72021484375,0.0139826652159822,0.0138858095751133,0.047863020384052,308.61000279017856,51.610255554801945,124.11265629893842,199.36063024333856,1050946314,26619233612152,0.1383612250088324,-254749372563,725399301344,34574324791,-89339267070,6775.7998046875,1472.780029296875,99.2300033569336,24.229999542236328,31856.257,22686.0,3.64,4.3,563912300000000.0,3.608,3.253,0.5699999999999998,0.35500002
5583.25,5567.64990234375,-0.0047594353573423,-0.0047707975358406,0.0477123379824393,303.392822265625,48.46046020493716,113.89760205326728,182.26802460532437,801306208,23698184161863,-0.2375384000823471,-2391114073755,-74636557600,75972781322,-37404675330,6672.6201171875,1475.3399658203125,99.73999786376952,27.290000915527344,31856.257,22686.0,3.75,4.3,563912300000000.0,3.649,3.271,0.5199999999999996,0.37800002
5487.240234375,5412.39013671875,-0.0171960355751578,-0.017345604536938,0.0471856374665568,307.54066685267856,44.67638884955967,96.937477371579,165.2019151585753,907655536,23719675922031,0.1327199601578526,-1459638491125,-949955662583,-117276098998,28454594636,6632.18994140625,1470.5799560546875,100.36000061035156,27.190000534057617,31856.257,22686.0,3.74,4.3,563912300000000.0,3.701,3.338,0.54,0.36299992
5549.85009765625,5510.81982421875,0.0114100824106493,0.0113454783807666,0.047233115840697,305.6392299107143,45.13186356613929,87.5394488101092,149.66942188888208,1073859802,21760269884108,0.1831138129035772,-851909352425,-104005428212,61546304743,41194926054,6699.3798828125,1501.75,99.70999908447266,23.51000022888184,31856.257,22686.0,3.69,4.3,563912300000000.0,3.68,3.3,0.5400000000000005,0.3800001
5640.47998046875,5711.7998046875,0.0163301496829209,0.0161982468466349,0.047307399785748,303.72848074776783,44.5317141435966,86.4084547049979,137.01722845210526,1135071024,22303803944214,0.0570011298364998,-173310717762,427378666973,235288506367,84333393783,6716.08984375,1488.9100341796875,99.58000183105467,22.3700008392334,31856.257,22686.0,3.68,4.3,563912300000000.0,3.692,3.324,0.52,0.36800003
5925.02978515625,5767.10009765625,0.0504477997746306,0.0492165492302395,0.0480568367397849,312.21421595982144,47.5027108397661,107.23676619651997,131.0611360009882,1143771673,26851759232736,0.0076652903792211,888713948775,3098423604966,5529959875,95952881532,6624.7001953125,1484.8699951171875,100.08999633789062,25.09000015258789,31856.257,22686.0,3.76,4.3,563912300000000.0,3.606,3.261,0.5,0.34500003
5763.22021484375,5761.39990234375,-0.0273094948345872,-0.0276893304729689,0.0485490315862635,309.11917550223217,41.27691736302224,109.42528650031544,126.73396610085366,1184170077,22994678385098,0.035320339674123,-1883867735296,-665488615393,22655097073,-64937808613,6606.490234375,1505.25,99.2300033569336,24.059999465942383,31856.257,22686.0,3.79,4.3,563912300000000.0,3.693,3.329,0.4599999999999999,0.36400008
5781.2001953125,5813.35009765625,0.0031197802267628,0.0031149238104439,0.0480968819083725,300.32774135044644,42.468497461748285,111.32722778426978,123.6526184375369,1490805229,34025853798776,0.2589451954206068,-1245543539906,456599009237,-79235923848,60613196498,6506.47998046875,1489.8399658203125,99.6500015258789,26.780000686645508,31856.257,22686.0,3.9,4.3,563912300000000.0,3.736,3.41,0.4899999999999997,0.32599998
5405.75,5580.14990234375,-0.0649432959642051,-0.0671481055047579,0.0501037829667554,295.3834751674107,43.55652195450712,81.59822343441283,115.2417394369121,1125619649,27243225200168,-0.244958612229284,-3698318791892,-3023873847851,-301285844637,-161666973423,6581.0,1504.2099609375,98.9499969482422,26.149999618530277,31856.257,22686.0,3.85,4.3,563912300000000.0,3.879,3.617,0.4899999999999997,0.26199985
5553.919921875,5638.2001953125,0.0274096881792536,0.0270407688092308,0.0505307870487809,260.76705496651783,59.4096440323493,69.19619700293606,106.0326309501169,1170517963,24932387802374,0.0398876423664846,-1979348249942,1017820107822,9836232482,43456766681,6556.3701171875,1485.3599853515625,99.43000030517578,26.950000762939453,31856.257,22686.0,3.93,4.3,563912300000000.0,3.835,3.523,0.4599999999999995,0.31200004
5642.2099609375,5680.330078125,0.0158968872984206,0.0157718551264381,0.0504180092163659,229.71637834821428,51.42619719998673,65.7340290174152,97.97291056357656,763223598,24642071803976,-0.3479607984452606,-1286627268211,2335148890289,36931488486,14664870051,6591.89990234375,1497.31005859375,99.5999984741211,25.32999992370605,31856.257,22686.0,3.88,4.3,563912300000000.0,3.859,3.558,0.4500000000000002,0.30099988
5460.4599609375,5594.06005859375,-0.0322125552324892,-0.0327427976689296,0.0505679240545444,227.24351283482144,47.204302963005226,47.77382300007048,87.93309305087536,925092573,25615327461870,0.2120859148278064,-2950111589245,318459843457,-250293585577,-242275676127,6477.16015625,1500.969970703125,99.9000015258789,27.440000534057617,31856.257,22686.0,4.0,4.3,563912300000000.0,3.865,3.552,0.4199999999999999,0.31299996
5438.8701171875,5300.60986328125,-0.0039538507569778,-0.0039616878896048,0.0496235809429174,209.650634765625,54.88602972321139,31.435738750013115,76.63362219070291,900080937,23659342023182,-0.0270369006626972,-3439997082871,418058302579,185451992980,-22801624440,6368.85009765625,1508.3599853515625,100.1500015258789,31.049999237060547,31856.257,22686.0,3.94,4.3,563912300000000.0,3.915,3.582,0.5000000000000004,0.33299994
5277.2998046875,5181.7998046875,-0.0297065951233911,-0.0301567739680993,0.0498829307655621,205.6249302455357,42.886755477576784,5.388203497119321,62.3845384519862,727391077,20827490324014,-0.1918603682193083,-2098111803864,744049604476,73020339258,-81150069311,6343.72021484375,1507.02001953125,100.51000213623048,30.61000061035156,31856.257,22686.0,3.85,4.3,563912300000000.0,3.891,3.542,0.4999999999999995,0.34899998
5052.4599609375,5143.75,-0.0426050920113139,-0.0435393206208195,0.0481246960876771,207.092041015625,35.64611708194288,-33.0167555727794,43.30427964703309,1163312408,29837663141391,0.5992943064381309,-3848066500095,947686034923,35211304974,-29135483347,6528.52001953125,1516.1300048828125,99.95999908447266,25.25,31856.257,22686.0,3.81,4.3,563912300000000.0,3.879,3.552,0.4899999999999997,0.3269999
5478.7001953125,5330.0400390625,0.0843629118628206,0.0809926365292884,0.0427484839607011,232.68279157366072,47.76745068680832,-28.727781668024363,28.897867384021595,958953275,28902428321499,-0.1756700363502011,-627809383597,3430797338931,355241026138,-19186659596,6575.31982421875,1503.3299560546875,99.6500015258789,24.540000915527344,31856.257,22686.0,3.84,4.3,563912300000000.0,3.689,3.37,0.4900000000000002,0.319
5234.0498046875,5551.68994140625,-0.0446548235718975,-0.0456825625196019,0.0386728762453937,247.94137137276783,44.91612000974158,-44.55636282762589,14.2070213416921,1428159621,33290077738020,0.4892901022732312,-140611375508,-1690035116954,-21279690102,9098014731,6582.68994140625,1512.0899658203125,100.02999877929688,23.8700008392334,31856.257,22686.0,3.82,4.3,563912300000000.0,3.804,3.477,0.4899999999999997,0.3269999
5377.2998046875,5375.5,0.027368864520874,0.0270010334729521,0.0392581567198117,253.13640485491072,46.643995930055766,-45.022557607057024,2.3611055519422752,1185178392,22234606978211,-0.1701359045775737,799477699669,283864512021,226640243232,-55740810705,6582.68994140625,1509.219970703125,100.02999877929688,23.8700008392334,31856.257,22686.0,3.88,4.3,563912300000000.0,3.747,3.448,0.4699999999999997,0.29900002
5450.330078125,5423.35009765625,0.0135812166124413,0.013489818492036,0.0367698022175259,250.35285295758928,46.27620033532911,-39.04895554912309,-5.920906668270799,1110507448,21761181854619,-0.0630039701230057,-156381357738,759719011947,88929822132,-85005052024,6611.830078125,1509.260009765625,99.9800033569336,24.170000076293945,31856.257,22686.0,3.88,4.3,563912300000000.0,3.725,3.432,0.4599999999999999,0.29299998
5494.77978515625,5552.18994140625,0.0081554156159551,0.008122339923015,0.0348751815721185,241.53641183035717,40.69959097925174,-30.37793507902734,-10.812312350422108,990449091,23719394259706,-0.1081112578004069,395027373159,-391764181933,73901897443,-81802493190,6616.85009765625,1507.8499755859375,99.63999938964844,25.780000686645508,31856.257,22686.0,3.82,4.3,563912300000000.0,3.754,3.451,0.5100000000000002,0.30299997
5872.33984375,5804.7001953125,0.068712500474305,0.0664546533777559,0.0378574666053001,258.58932059151783,52.15751999652445,6.880537884554542,-7.273742303426778,932610471,36306960525424,-0.0583963583040938,1945306289772,2995996949472,-85300447664,-208288245502,6782.81005859375,1499.1300048828125,99.12999725341795,21.040000915527344,31856.257,22686.0,3.78,4.3,563912300000000.0,3.628,3.315,0.5100000000000002,0.31299996
5778.009765625,5826.4501953125,-0.0160634569243121,-0.0161938727535917,0.038055182121238,261.760009765625,49.938767362835705,28.468331975571346,-0.1253274476271535,1026732958,33473404312827,0.1009236867124989,1718944157547,503974975279,-4949986854,4883453765,6824.66015625,1477.5999755859375,98.81999969482422,19.489999771118164,31856.257,22686.0,3.77,4.3,563912300000000.0,3.66,3.338,0.52,0.32200003
5858.8701171875,5876.1201171875,0.0139944989438336,0.0138974800495749,0.0378724154679245,244.4257114955357,59.80532832354551,51.50781884416756,10.20130181073179,1002353584,23746054636099,-0.0237446103293393,1063584203406,86835035681,-205943859866,-41563952931,6816.89013671875,1473.280029296875,98.6500015258789,19.229999542236328,31856.257,22686.0,3.8,4.3,563912300000000.0,3.686,3.36,0.5099999999999998,0.3260002
5808.6201171875,5737.27978515625,-0.008576739029013,-0.008613730920267,0.0379115525730077,235.9121442522321,55.75551745216296,64.96316817034312,21.153675082654058,1083211365,21456576328531,0.0806679222688349,-461464327798,-481439821219,62410818785,-173326010056,6886.240234375,1482.1800537109375,98.37000274658205,19.1200008392334,31856.257,22686.0,3.79,4.3,563912300000000.0,3.715,3.382,0.5099999999999998,0.33299994
5967.75,5960.0,0.0273954708006536,0.0270269306323719,0.038197058786591,238.11568777901783,57.12809064685744,87.45890922665876,34.414721911455004,889490621,27128583999285,-0.178839283134737,836734708260,1351331305031,-35274451186,-25564504203,6967.3798828125,1476.8399658203125,98.12000274658205,18.36000061035156,31856.257,22686.0,3.76,4.3,563912300000000.0,3.658,3.339,0.5,0.319
6091.39013671875,6141.60009765625,0.020718048966319,0.0205063492006492,0.0368783536598551,239.6421247209821,64.1757143725394,113.95012569875324,50.32180266891466,923846153,31615609364413,0.0386238271533163,489048666184,821351956688,-288473385315,-111564805874,7022.9501953125,1469.4200439453125,98.05999755859376,18.170000076293945,31856.257,22686.0,3.79,4.3,563912300000000.0,3.655,3.328,0.5,0.3269999
6226.0498046875,6149.490234375,0.0221065577719319,0.0218657503111116,0.0364847856469768,232.30140904017856,66.83114895948523,144.1488571236987,69.08721355987146,925694636,27046822836317,0.0020008558719408,474574932591,1246045634316,-58335460213,-29881550978,7041.27978515625,1474.06005859375,98.22000122070312,17.940000534057617,31856.257,22686.0,3.8,4.3,563912300000000.0,3.675,3.34,0.5200000000000005,0.33500004
6191.919921875,6227.330078125,-0.0054817876315098,-0.0054968677653049,0.0365448384461226,216.78641183035717,70.68321198188231,163.44349813399913,87.958470474697,689739734,24619562398516,-0.2548949651686217,-2003090430867,434298138202,-36835894694,-75665160462,7126.06005859375,1477.9200439453125,98.0999984741211,17.479999542236328,31856.257,22686.0,3.72,4.3,563912300000000.0,3.717,3.371,0.5399999999999996,0.34599996
6219.08984375,6213.919921875,0.0043879640269592,0.0043783649827382,0.0325564815247241,207.307861328125,78.9723481583628,178.8651793243016,106.13981224461791,692878455,23576476166973,0.0045505874829012,-236993461938,518318395372,-42265612859,8038782666,7109.14013671875,1465.1500244140625,98.0500030517578,18.8700008392334,31856.257,22686.0,3.73,4.3,563912300000000.0,3.688,3.348,0.5299999999999998,0.3399999
6388.47021484375,6302.5400390625,0.0272355562227442,0.0268712680573119,0.0325510137747933,186.55859375,75.89737616591142,202.4211679301725,125.39608338172886,792021737,31105972365121,0.1430889953130381,1151610013772,975293071942,-17252123240,62175597531,7064.009765625,1469.260009765625,98.41000366210938,19.5,31856.257,22686.0,3.8,4.3,563912300000000.0,3.655,3.33,0.5,0.32500005
6417.93017578125,6387.56982421875,0.0046114265147623,0.0046008264625939,0.0324883479122164,165.16074916294642,88.40524706621052,220.92000297616687,144.50086730061648,900140335,31029074886506,0.1365096347096848,-682178430219,-410154874539,28171950706,99531346289,7137.89990234375,1485.800048828125,98.58999633789062,18.920000076293945,31856.257,22686.0,3.81,4.3,563912300000000.0,3.697,3.365,0.4899999999999997,0.33200002
6475.81005859375,6488.830078125,0.0090184656465905,0.008978042142159,0.0311519181541937,169.67926897321428,87.72537557705303,237.5129840146119,163.10329064341556,1042392099,40604234649000,0.1580328738407217,-85974429987,17672946443,-231502108676,19704265462,7108.39990234375,1477.9599609375,98.8000030517578,19.309999465942383,31856.257,22686.0,3.84,4.3,563912300000000.0,3.791,3.458,0.5,0.33299994
6475.6298828125,6496.10009765625,-2.7822894683393606e-05,-2.78232817473074e-05,0.0310812532212506,168.57139369419642,87.06581494823742,247.7921091645794,180.04105434764833,878200671,30202932730976,-0.1575140757086648,-1949589492746,1038275706034,44552649569,-20150505393,7165.080078125,1479.949951171875,98.51000213623048,18.709999084472656,31856.257,22686.0,3.8,4.3,563912300000000.0,3.817,3.496,0.5099999999999998,0.32099986
6615.02978515625,6533.60009765625,0.0215268483323518,0.0212984181727765,0.0297965817428699,169.36785016741072,87.89672038971842,264.1419332249998,196.86123012311864,842664190,33410304671355,-0.0404651034478655,867495472272,1549227091713,-57967572105,-177050956389,7173.91015625,1474.68994140625,98.4800033569336,18.020000457763672,31856.257,22686.0,3.83,4.3,563912300000000.0,3.82,3.492,0.5199999999999996,0.32799983
6641.02001953125,6646.7998046875,0.0039289670975208,0.0039212688637773,0.0269538514812442,146.00212751116072,84.11927051297556,276.0147550090905,212.69193510031303,1139472198,37622678897537,0.3522257282583707,-193508813895,683874301264,-75276024272,-27744712124,7138.7998046875,1473.0,98.62000274658205,17.829999923706055,31856.257,22686.0,3.86,4.3,563912300000000.0,3.861,3.529,0.5000000000000004,0.33200002
6690.89990234375,6619.0,0.0075108767426996,0.0074828105548187,0.0218118511361453,145.39501953125,92.18491153032302,286.1503780556386,227.38362369137815,717859460,31453311079064,-0.3700070425061832,-613775499997,164610620676,107867683778,-2117024417,7135.9501953125,1471.989990234375,98.91999816894533,18.809999465942383,31856.257,22686.0,3.94,4.3,563912300000000.0,3.843,3.525,0.48,0.31799984
6598.8701171875,6739.39013671875,-0.0137544704747433,-0.0138499396330799,0.0184353302333301,146.24215262276786,83.84621981461763,283.48901293086146,238.60470153927483,685459295,35808593571542,-0.0451344125213589,-1462156445041,508919762215,-51584852115,35038595393,7209.009765625,1487.3800048828125,98.08000183105467,16.889999389648438,31856.257,22686.0,3.91,4.3,563912300000000.0,3.923,3.595,0.4900000000000002,0.32800007
6936.990234375,6782.93017578125,0.0512390926299379,0.049969556631634,0.0200875438320722,161.20570591517858,90.85189807629077,305.14579874343326,251.9129209801065,873008689,42696032755097,0.273611278405671,2945715815390,1915878838482,-48525429500,-50745653363,7200.75,1471.72998046875,98.47000122070312,18.290000915527344,31856.257,22686.0,3.98,4.3,563912300000000.0,3.932,3.615,0.4700000000000002,0.3169999
7384.56005859375,7093.009765625,0.0645193101182266,0.0625233452697486,0.0229700768410895,180.61356026785717,92.43242768962143,354.3394966967353,272.3982361234323,995691665,60000374667381,0.1405289289165368,3109634379342,-828365155253,-457384278596,-158999636629,7365.1201171875,1473.9599609375,98.0199966430664,17.389999389648438,31856.257,22686.0,3.89,4.3,563912300000000.0,3.932,3.595,0.4700000000000002,0.3369999
7490.0498046875,7499.06982421875,0.0142851768090079,0.0141841050852041,0.0229118888343362,184.79425920758928,92.34925012041894,397.25864724088296,297.37031834692243,767462258,51112463416097,-0.2292169504100448,-6717268677059,1761666899287,-283767139301,49415739537,7337.10986328125,1444.449951171875,98.25,17.079999923706055,31856.257,22686.0,3.94,4.3,563912300000000.0,3.888,3.546,0.4700000000000002,0.342
7498.0,7353.93994140625,0.0010614342387316,0.001060871315712,0.0196963448991741,188.537841796875,91.71340892801211,426.99180188312585,323.2946150541632,523090848,40792656487092,-0.3184148894003332,-5311725893278,1516640199386,-88730575062,-50195956799,7398.93017578125,1454.7900390625,97.83999633789062,17.190000534057617,31856.257,22686.0,3.92,4.3,563912300000000.0,3.909,3.569,0.4599999999999999,0.3399999
7822.240234375,7775.31005859375,0.0432435628667644,0.0423346702013916,0.0196004005405363,212.172119140625,94.91883415648977,471.28632291328086,352.8929566259867,731278789,51843448673413,0.3979957626786847,-2836466059054,1002753262680,-267766853790,-294813349492,7412.83984375,1460.550048828125,97.94000244140624,18.3799991607666,31856.257,22686.0,3.96,4.3,563912300000000.0,3.95,3.598,0.4599999999999999,0.352
7643.14990234375,7953.41015625,-0.0228950181361388,-0.0231611794225253,0.0213941968699741,246.19712611607144,86.20502760742366,486.3328149211575,379.5809282850208,1021136121,67114559549714,0.3963704901059286,-5625823919067,-620483676666,-35814357535,-185720447441,7400.9599609375,1474.449951171875,98.29000091552734,17.989999771118164,31856.257,22686.0,4.01,4.3,563912300000000.0,4.056,3.674,0.4500000000000002,0.3820002
7844.009765625,7513.64990234375,0.0262797231308595,0.0259403442209779,0.0209220317592713,266.4635532924107,86.42235907366005,508.6021317711748,405.3851689822516,738739332,50464007486110,-0.2765515617285661,-3758586567249,1885208750886,-11519487397,-236259974152,7444.25,1492.989990234375,98.4800033569336,17.8700008392334,31856.257,22686.0,4.0,4.3,563912300000000.0,4.044,3.635,0.4599999999999999,0.40900016
7981.41015625,7873.91015625,0.0175166011683378,0.0173649538460724,0.0207409694400415,269.5735212053572,87.11823767351463,531.2142814696645,430.5509914797343,849941546,51696927269084,0.1505297053819247,-2167987739496,1261787656543,-374807311896,-193335895684,7501.240234375,1489.8399658203125,98.87999725341795,17.260000228881836,31856.257,22686.0,4.0,4.3,563912300000000.0,4.085,3.654,0.4599999999999999,0.431
