Date,Close,High,Low,Open,Return,Log_Return,Volatility_20,ATR_14,RSI_14,MACD,MACD_Signal,Volume,Transaction_Value,Volume_ROC,Net_Purchase_Foreigner,Net_Purchase_Financial_Investment,Net_Purchase_Investment_Trust,Net_Purchase_Pension_Fund,S&P500,Nikkei225,TaiwanWeighted,USD_KRW,Dollar_Index,VIX,US_GDP,US_M2,US_Interest_Rate_10Y,US_Interest_Rate_3Y,US_CPI,US_UNRATE,KR_GDP,KR_CPI,KR_Interest_Rate_10Y,KR_Interest_Rate_3Y,US_Spread_10Y_3Y,KR_Spread_10Y_3Y
2023-05-04,2500.939941,2502.139893,2486.090088,2494.820068,-0.000183881,-0.000183898,0.00799513,25.55355399,32.78127401,9.374748545,17.98235375,810178245,1.00E+13,-0.089287632,39620053616,-2.61E+11,7450229244,-63699621016,4061.219971,29157.94922,15609.03027,1335.22998,101.4000015,20.09000015,27530.055,20829.6,3.37,3.47,303.334,3.6,5.52E+14,117.1504598,3.278,3.21,-0.1,0.06800008
2023-05-08,2513.209961,2525.840088,2511.129883,2518.530029,0.004906163,0.004894167,0.007269983,25.81713867,33.69876222,8.687238671,16.12333074,655536077,9.21E+12,-0.190874254,2.53E+11,4.46E+11,35558512859,-1.12E+11,4138.120117,28949.88086,15699.57031,1316.959961,101.3700027,16.97999954,27530.055,20829.6,3.52,3.7,303.334,3.6,5.52E+14,117.1504598,3.31,3.261,-0.18,0.049000025
2023-05-09,2510.060059,2514.810059,2495.629883,2512.340088,-0.001253338,-0.001254124,0.006757144,26.04856655,31.44964835,7.798317203,14.45832803,751646926,9.35E+12,0.146614126,1.15E+11,14371563962,7424806742,28258174569,4119.169922,29242.82031,15727.7002,1322.410034,101.6399994,17.70999908,27530.055,20829.6,3.53,3.67,303.334,3.6,5.52E+14,117.1504598,3.318,3.256,-0.14,0.062000036
2023-05-10,2496.51001,2510.129883,2488.419922,2505.959961,-0.005398297,-0.00541292,0.006581132,25.81070382,29.97524765,5.932083471,12.75307912,635635038,8.91E+12,-0.154343594,1.16E+11,-1.11E+11,-4684242130,-61461501851,4137.640137,29122.17969,15641.75977,1326.050049,101.4800034,16.94000053,27530.055,20829.6,3.43,3.55,303.334,3.6,5.52E+14,117.1504598,3.341,3.273,-0.12,0.06800008
2023-05-11,2491,2513.820068,2490.080078,2505.570068,-0.002207085,-0.002209524,0.005639354,26.53140695,27.60727819,3.962787506,10.9950208,648134386,9.00E+12,0.019664347,1829048943,13706685978,26152016461,17623274813,4130.620117,29126.7207,15514.63965,1318.050049,102.0599976,16.93000031,27530.055,20829.6,3.39,3.56,303.334,3.6,5.52E+14,117.1504598,3.292,3.22,-0.17,0.07200003
2023-05-12,2475.419922,2487.350098,2472.449951,2487.350098,-0.006254548,-0.006274189,0.005726608,26.21212333,27.0864247,1.131876601,9.022391957,798229990,8.59E+12,0.231580992,-2.47E+11,-61425594326,-13548821653,-34266627,4124.080078,29388.30078,15502.36035,1329.880005,102.6800003,17.03000069,27530.055,20829.6,3.46,3.65,303.334,3.6,5.52E+14,117.1504598,3.274,3.225,-0.19,0.049000025
2023-05-15,2479.350098,2479.350098,2455.98999,2469.800049,0.00158768,0.001586421,0.005612438,25.68141392,31.57958049,-0.785454122,7.060822741,484564791,6.92E+12,-0.392950908,-49794741705,91931794877,4991779430,48066738562,4136.279785,29626.33984,15475.0498,1341.52002,102.4300003,17.12000084,27530.055,20829.6,3.5,3.67,303.334,3.6,5.52E+14,117.1504598,3.332,3.279,-0.17,0.052999973
2023-05-16,2480.23999,2498.540039,2474.899902,2494.399902,0.000358922,0.000358857,0.005486875,25.53642927,36.18419103,-2.207696686,5.207118856,628743773,8.09E+12,0.297543248,2.28E+11,-12011852011,-1689197625,902871183,4109.899902,29842.99023,15673.90039,1335.400024,102.5599976,17.98999977,27530.055,20829.6,3.54,3.74,303.334,3.6,5.52E+14,117.1504598,3.303,3.242,-0.2,0.06099987
2023-05-17,2494.659912,2498.370117,2475.02002,2479.649902,0.005813922,0.005797086,0.005696606,22.98857771,52.06589841,-2.146523198,3.736390445,564411579,7.22E+12,-0.102318618,1.64E+11,39718012319,36099119311,57824376465,4158.77002,30093.58984,15925.29004,1342.430054,102.8799973,16.87000084,27530.055,20829.6,3.57,3.8,303.334,3.6,5.52E+14,117.1504598,3.319,3.274,-0.23,0.045000076
2023-05-18,2515.399902,2515.399902,2500.01001,2511.090088,0.008313755,0.008279386,0.006108668,23.24285017,59.98688769,-0.419661293,2.905180097,572764581,7.78E+12,0.014799487,5.38E+11,-84102266428,17219251298,10270990698,4198.049805,30573.92969,16101.87988,1334.150024,103.5800018,16.04999924,27530.055,20829.6,3.65,3.94,303.334,3.6,5.52E+14,117.1504598,3.367,3.316,-0.29,0.05100012
2023-05-19,2537.790039,2538.310059,2524.889893,2530.830078,0.008901223,0.008861841,0.006482632,22.50929478,62.76297897,2.724183427,2.868980763,570097445,9.20E+12,-0.004656601,5.58E+11,6.57E+11,16815142051,-1.16E+11,4191.97998,30808.34961,16174.91992,1334.73999,103.1999969,16.80999947,27530.055,20829.6,3.7,3.98,303.334,3.6,5.52E+14,117.1504598,3.419,3.34,-0.28,0.078999996
2023-05-22,2557.080078,2564.090088,2533.5,2540.030029,0.007601117,0.007572374,0.006666728,22.72645787,65.6013143,6.695071343,3.634198879,593619969,8.21E+12,0.041260532,2.99E+11,5.17E+11,-8779370836,17149190029,4192.629883,31086.82031,16180.88965,1324.209961,103.1999969,17.20999908,27530.055,20829.6,3.72,3.98,303.334,3.6,5.52E+14,117.1504598,3.398,3.321,-0.26,0.0769999
2023-05-23,2567.550049,2577.320068,2561.100098,2565.800049,0.004094502,0.004086143,0.006503656,22.53717913,63.02829046,10.56508009,5.020375122,576045359,7.44E+12,-0.029605827,-53533549246,3.54E+11,-16820874351,45130308340,4145.580078,30957.76953,16188.03027,1313.829956,103.4899979,18.53000069,27530.055,20829.6,3.7,3.99,303.334,3.6,5.52E+14,117.1504598,3.473,3.373,-0.29,0.10000014
2023-05-24,2567.449951,2572.209961,2555.040039,2557.110107,-3.90E-05,-3.90E-05,0.006176444,21.86647252,73.13482867,13.46875346,6.710050789,1072440018,7.90E+12,0.861728423,93525128152,-1.39E+11,-32629028741,39268859617,4115.240234,30682.67969,16159.32031,1319.839966,103.8899994,20.03000069,27530.055,20829.6,3.73,4.04,303.334,3.6,5.52E+14,117.1504598,3.502,3.378,-0.31,0.12400007
2023-05-25,2554.689941,2575.050049,2551.48999,2570.639893,-0.004969916,-0.004982307,0.005337878,22.40291922,67.3330856,14.57232864,8.282506359,917553486,9.42E+12,-0.144424424,2.24E+11,-4.85E+11,-12419225686,-83975340772,4151.279785,30801.13086,16292,1318.52002,104.2099991,19.13999939,27530.055,20829.6,3.83,4.21,303.334,3.6,5.52E+14,117.1504598,3.597,3.48,-0.38,0.116999865
2023-05-26,2558.810059,2567.5,2553.790039,2561.939941,0.001612766,0.001611467,0.005291487,21.60362026,65.52075439,15.59955696,9.745916479,634759104,9.40E+12,-0.308204793,9.11E+11,-3.16E+11,-35711185502,-1.03E+11,4205.450195,30916.31055,16505.05078,1330.890015,104.2099991,17.95000076,27530.055,20829.6,3.8,4.23,303.334,3.6,5.52E+14,117.1504598,3.639,3.524,-0.43,0.11500001
2023-05-30,2585.52002,2586.219971,2574.820068,2582.409912,0.01043843,0.010384326,0.00562455,22.19145857,72.13415525,18.35730188,11.46819356,641646565,1.11E+13,0.010850512,6.75E+11,52958933936,-70407557933,-23858403022,4205.52002,31328.16016,16622.74023,1324.589966,104.1699982,17.45999908,27530.055,20829.6,3.69,4.1,303.334,3.6,5.52E+14,117.1504598,3.651,3.56,-0.41,0.09100008
2023-05-31,2577.120117,2596.310059,2575.97998,2586.030029,-0.003248825,-0.003254114,0.005732931,22.09289551,74.38145297,19.63865054,13.10228496,686186797,1.51E+13,0.069415523,2.16E+11,-34180566216,-37316050290,-74439754507,4179.830078,30887.88086,16578.96094,1319.790039,104.3199997,17.94000053,27530.055,20829.6,3.64,4.04,303.334,3.6,5.52E+14,117.1504598,3.532,3.459,-0.4,0.072999954
2023-06-01,2569.169922,2580.149902,2565,2572.560059,-0.003084915,-0.003089683,0.005525589,21.4793178,73.2994618,19.78455029,14.43873802,675233437,9.17E+12,-0.01596265,-8205036565,-1.52E+11,-64976192345,-89826988954,4221.02002,31148.00977,16512.65039,1321.73999,103.5599976,15.64999962,27530.055,20799.3,3.61,3.98,304.014,3.6,5.52E+14,117.139918,3.549,3.478,-0.37,0.0710001
2023-06-02,2601.360107,2601.379883,2583.879883,2586.27002,0.012529411,0.012451567,0.005573151,22.45502581,84.15593909,22.2412723,15.99924488,569619542,9.38E+12,-0.156410938,3.73E+11,1.86E+11,50570760983,-41529220660,4282.370117,31524.2207,16706.91016,1312.849976,104.0199966,14.60000038,27530.055,20799.3,3.69,4.13,304.014,3.6,5.52E+14,117.139918,3.495,3.436,-0.44,0.058999777
2023-06-05,2615.409912,2618.620117,2608.01001,2617.429932,0.005400946,0.005386413,0.005599539,22.01930455,84.98037261,25.03337484,17.80607087,545879707,8.57E+12,-0.041676651,-19511906838,2.99E+11,39623511662,32891565367,4273.790039,32217.42969,16714.42969,1305.140015,104,14.72999954,27530.055,20799.3,3.69,4.1,304.014,3.6,5.52E+14,117.139918,3.561,3.502,-0.41,0.059000015
2023-06-07,2615.600098,2629.919922,2613.679932,2623.459961,7.27E-05,7.27E-05,0.005582915,21.49072266,84.92613941,26.95081044,19.63501878,537616723,1.02E+13,-0.015137005,-40297072056,4.03E+11,-5509195087,-27170606428,4267.52002,31913.74023,16922.48047,1299.199951,104.0999985,13.93999958,27530.055,20799.3,3.79,4.21,304.014,3.6,5.52E+14,117.139918,3.522,3.471,-0.42,0.05100012
2023-06-08,2610.850098,2612.389893,2595.330078,2609.209961,-0.001816027,-0.001817678,0.005601577,21.27071708,81.55445375,27.76702568,21.26142016,581325177,1.15E+13,0.081300399,-3.84E+11,2.29E+11,31205733976,22177453652,4293.930176,31641.26953,16733.68945,1308.339966,103.3399963,13.64999962,27530.055,20799.3,3.73,4.17,304.014,3.6,5.52E+14,117.139918,3.632,3.543,-0.44,0.08899999
2023-06-09,2641.159912,2644.699951,2618.449951,2624.149902,0.011609175,0.011542305,0.005707684,22.20713588,82.4658553,30.50795415,23.11072696,583219035,1.11E+13,0.003257829,4.81E+11,2.72E+11,94071048993,-2906622654,4298.859863,32265.16992,16886.40039,1296.329956,103.5599976,13.82999992,27530.055,20799.3,3.75,4.23,304.014,3.6,5.52E+14,117.139918,3.613,3.506,-0.48,0.106999874
2023-06-12,2629.350098,2650.449951,2623.429932,2647.48999,-0.00447145,-0.004481477,0.005834181,22.50069754,75.00273341,31.36564278,24.76171012,557056391,9.37E+12,-0.044859037,-3.42E+11,2.41E+11,-24320651857,-1.54E+11,4338.930176,32434,16955.36914,1286.689941,103.6299973,15.01000023,27530.055,20799.3,3.73,4.16,304.014,3.6,5.52E+14,117.139918,3.576,3.493,-0.43,0.082999945
2023-06-13,2637.949951,2645.620117,2633.52002,2644.429932,0.003270715,0.003265377,0.005438164,21.47783552,73.4527911,32.36620602,26.2826093,694320536,1.12E+13,0.246409784,1.37E+11,4.29E+11,-10779867124,-2.31E+11,4369.009766,33018.64844,17216.59961,1284.579956,103.3399963,14.60999966,27530.055,20799.3,3.84,4.3,304.014,3.6,5.52E+14,117.139918,3.578,3.484,-0.46,0.0940001
2023-06-14,2619.080078,2642.860107,2614.25,2640.810059,-0.007153234,-0.007178941,0.005906368,22.07570103,64.24978767,31.27598843,27.28128513,654404452,1.31E+13,-0.057489419,1.13E+11,-6524523412,27831824145,-1.68E+11,4372.589844,33502.42188,17238.14063,1267.619995,103.0100021,13.88000011,27530.055,20799.3,3.83,4.37,304.014,3.6,5.52E+14,117.139918,3.635,3.545,-0.54,0.089999914
2023-06-15,2608.540039,2634.219971,2602.52002,2629.23999,-0.004024329,-0.004032448,0.006078704,23.11356027,60.74252035,29.22460698,27.6699495,582437342,1.15E+13,-0.109973442,-64115208893,78906405394,-16651753314,-2.10E+11,4425.839844,33485.48828,17334.98047,1273.98999,102.1200027,14.5,27530.055,20799.3,3.72,4.23,304.014,3.6,5.52E+14,117.139918,3.685,3.626,-0.51,0.059000015
2023-06-16,2625.790039,2625.790039,2612.209961,2623.570068,0.006612894,0.006591125,0.006103764,22.6628418,68.16189585,28.66042372,27.86804434,673673049,1.26E+13,0.156644673,4.28E+11,-1.22E+11,6384164616,-1.08E+11,4409.589844,33706.07813,17288.91016,1270.050049,102.3000031,13.53999996,27530.055,20799.3,3.77,4.32,304.014,3.6,5.52E+14,117.139918,3.657,3.585,-0.55,0.07200003
2023-06-19,2609.5,2619.439941,2600.48999,2618.060059,-0.006203862,-0.006223186,0.006248461,23.49070522,62.19037621,26.59229499,27.61289447,719549044,1.11E+13,0.068098308,-3.60E+11,2.30E+11,-23908851758,-1.97E+11,4409.589844,33370.42188,17274.56055,1276.310059,102.3000031,13.53999996,27530.055,20799.3,3.77,4.32,304.014,3.6,5.52E+14,117.139918,3.633,3.583,-0.55,0.049999952
2023-06-20,2604.909912,2610.030029,2596.820068,2602.830078,-0.001758991,-0.00176054,0.00606873,22.47642299,55.21823402,24.30275925,26.95086743,722540797,1.09E+13,0.004157817,-2.81E+11,54014798597,-12371268810,-92494181083,4388.709961,33388.91016,17184.91016,1283.23999,102.5400009,13.88000011,27530.055,20799.3,3.74,4.29,304.014,3.6,5.52E+14,117.139918,3.642,3.567,-0.55,0.07500005
2023-06-21,2582.629883,2600.969971,2579.52002,2599.189941,-0.00855309,-0.008589878,0.006263239,22.83783831,51.37971848,20.45468465,25.65163087,659798470,1.07E+13,-0.086835688,-2.00E+11,49997720039,-21982924145,-96729857377,4365.689941,33575.14063,17202.40039,1287.540039,102.0699997,13.19999981,27530.055,20799.3,3.72,4.29,304.014,3.6,5.52E+14,117.139918,3.621,3.571,-0.57,0.049999952
2023-06-22,2593.699951,2597.76001,2575.649902,2575.649902,0.004286355,0.004277195,0.006269144,23.33499581,56.04814195,18.08979195,24.13926309,613221379,8.94E+12,-0.070592905,-1.07E+11,79027112090,13416725259,1.40E+11,4381.890137,33264.87891,17202.40039,1288.380005,102.3899994,12.90999985,27530.055,20799.3,3.8,4.37,304.014,3.6,5.52E+14,117.139918,3.647,3.592,-0.57,0.055000067
2023-06-23,2570.100098,2600.810059,2568.070068,2599.040039,-0.009098914,-0.009140562,0.006630752,23.37285505,41.95157152,14.14819491,22.14104945,528307350,8.55E+12,-0.138472062,-1.88E+11,-3.91E+11,-26957872725,-14954388654,4348.330078,32781.53906,17202.40039,1298.209961,102.9000015,13.43999958,27530.055,20799.3,3.74,4.32,304.014,3.6,5.52E+14,117.139918,3.663,3.609,-0.58,0.05400014
2023-06-26,2582.199951,2585.310059,2562.030029,2568.649902,0.004707931,0.004696883,0.006597148,23.80285645,41.36279706,11.86404657,20.08564888,481750510,8.44E+12,-0.088124536,15003253159,2.76E+11,-16122451726,-20915421468,4328.819824,32698.81055,17059.24023,1307.670044,102.6900024,14.25,27530.055,20799.3,3.72,4.3,304.014,3.6,5.52E+14,117.139918,3.611,3.568,-0.58,0.042999983
2023-06-27,2581.389893,2582,2568.52002,2581.02002,-0.000313709,-0.000313758,0.006594668,23.61999512,41.13125053,9.874648797,18.04344886,538509244,8.59E+12,0.117817694,-1.08E+11,-1.62E+11,10904615920,1.18E+11,4378.410156,32538.33008,16887.90039,1302.660034,102.4899979,13.73999977,27530.055,20799.3,3.77,4.38,304.014,3.6,5.52E+14,117.139918,3.603,3.538,-0.61,0.06499982
2023-06-28,2564.189941,2590.52002,2559.459961,2590.52002,-0.006663058,-0.006685356,0.00633948,24.39071219,38.63717437,6.831396328,15.80103835,488767961,8.81E+12,-0.092368485,-3.92E+11,87539481672,-8638474844,10069135500,4376.859863,33193.98828,16935.63086,1296.599976,102.9100037,13.43000031,27530.055,20799.3,3.71,4.32,304.014,3.6,5.52E+14,117.139918,3.611,3.557,-0.61,0.05400014
2023-06-29,2550.02002,2577.689941,2550.02002,2564.02002,-0.005526081,-0.005541406,0.006413607,23.9492885,25.91178752,3.238866907,13.28860406,604508630,8.82E+12,0.236800851,55313840334,-2.29E+11,16699257815,24163096986,4396.439941,33234.14063,16942.30078,1309.01001,103.3399963,13.53999996,27530.055,20799.3,3.85,4.49,304.014,3.6,5.52E+14,117.139918,3.626,3.584,-0.64,0.041999817
2023-06-30,2564.280029,2571.030029,2541.719971,2558.429932,0.005592117,0.005576539,0.00652328,24.11286272,33.02191957,1.524847577,10.93585277,510933786,8.21E+12,-0.154794885,-1.78E+11,1.90E+11,10497416523,48310428301,4450.379883,33189.03906,16915.53906,1323.069946,102.9100037,13.59000015,27530.055,20799.3,3.81,4.49,304.014,3.6,5.52E+14,117.139918,3.675,3.662,-0.68,0.013000011
2023-07-03,2602.469971,2604.629883,2580.48999,2580.889893,0.014893046,0.014783234,0.006775286,25.83285086,41.98082806,3.211068811,9.390895976,618006181,8.97E+12,0.209562174,-13324597690,8.76E+11,64401304737,-2.18E+11,4455.589844,33753.32813,17084.19922,1315.300049,102.9899979,13.56999969,28074.846,20791.2,3.86,4.56,304.609,3.5,5.64E+14,117.224252,3.607,3.613,-0.7,-0.005999804
2023-07-04,2593.310059,2607.659912,2591.860107,2604.719971,-0.003519699,-0.003525908,0.006696475,24.91782924,43.90807808,3.764883697,8.26569352,674410584,9.16E+12,0.091268348,-59437290111,-3805616772,-1532098821,-2.70E+11,4455.589844,33422.51953,17140.76953,1306.099976,102.9899979,13.56999969,28074.846,20791.2,3.86,4.56,304.609,3.5,5.64E+14,117.224252,3.623,3.619,-0.7,0.003999949
2023-07-05,2579,2601.98999,2578.659912,2593.469971,-0.005518067,-0.005533348,0.006791236,24.31998117,43.13915168,3.014336456,7.215422107,601088685,1.03E+13,-0.108719971,2.56E+11,-5.79E+11,3462530865,-56753342379,4446.819824,33338.69922,17056.42969,1295.5,103.3700027,14.18000031,28074.846,20791.2,3.95,4.59,304.609,3.5,5.64E+14,117.224252,3.644,3.618,-0.64,0.026000023
2023-07-06,2556.290039,2575.449951,2550.669922,2574.75,-0.008805724,-0.008844723,0.007029451,25.11141532,34.2574794,0.58032864,5.888403414,531900313,1.03E+13,-0.115105098,-1.68E+11,-5.60E+11,-54386264848,2.43E+11,4411.589844,32773.01953,16762.16992,1302.969971,103.1699982,15.43999958,28074.846,20791.2,4.05,4.68,304.609,3.5,5.64E+14,117.224252,3.713,3.676,-0.63,0.03699994
2023-07-07,2526.709961,2547.409912,2515.070068,2547.409912,-0.011571487,-0.011638958,0.006748358,26.24855259,32.31207216,-3.692935324,3.972135666,613265045,1.04E+13,0.152969889,-45069398717,-3.51E+11,-1.90E+11,16867127198,4398.950195,32388.41992,16664.21094,1309.219971,102.2699966,14.82999992,28074.846,20791.2,4.06,4.64,304.609,3.5,5.64E+14,117.224252,3.761,3.735,-0.58,0.026000023
2023-07-10,2520.699951,2539.629883,2517.669922,2528.080078,-0.002378591,-0.002381424,0.006727542,26.87355259,32.11720838,-7.478280402,1.682052453,561821159,9.70E+12,-0.083885241,-1.56E+11,-1.72E+11,29933482880,15771050352,4409.529785,32189.73047,16652.80078,1297.369995,101.9700012,15.06999969,28074.846,20791.2,4.01,4.54,304.609,3.5,5.64E+14,117.224252,3.863,3.795,-0.53,0.06799984
2023-07-11,2562.48999,2562.48999,2534.47998,2538.840088,0.016578744,0.016442817,0.007835704,28.04499163,46.05037752,-7.025105704,-0.059379179,594134894,1.06E+13,0.057516052,2.69E+11,82297714481,18476209359,69080511617,4439.259766,32203.57031,16898.91016,1299.540039,101.7300034,14.84000015,28074.846,20791.2,3.99,4.52,304.609,3.5,5.64E+14,117.224252,3.758,3.703,-0.53,0.05499983
2023-07-12,2574.719971,2574.72998,2554.26001,2557.610107,0.004772694,0.004761341,0.007831197,27.92783901,46.29470405,-5.614385141,-1.170380371,696924185,1.32E+13,0.173006656,2.19E+11,-74975559341,40968801970,29429726291,4472.160156,31943.92969,16962.0293,1291.51001,100.5199966,13.53999996,28074.846,20791.2,3.86,4.36,304.609,3.5,5.64E+14,117.224252,3.756,3.704,-0.5,0.052000046
2023-07-13,2591.22998,2602.209961,2587.75,2589.889893,0.006412352,0.00639188,0.007954458,27.55283901,54.24244088,-3.128100329,-1.561924363,585660777,1.33E+13,-0.159649228,2.17E+11,3.49E+11,1.31E+11,-52237443665,4510.040039,32419.33008,17061.40039,1274.699951,99.76999664,13.60999966,28074.846,20791.2,3.76,4.21,304.609,3.5,5.64E+14,117.224252,3.657,3.602,-0.45,0.055000067
2023-07-14,2628.300049,2628.300049,2603.360107,2607.469971,0.014305974,0.014204609,0.008468808,28.5378418,58.41242658,1.81264793,-0.887009904,569815109,1.43E+13,-0.027056051,6.15E+11,7.89E+11,14593734525,50471717790,4505.419922,32391.25977,17283.71094,1266.829956,99.91000366,13.34000015,28074.846,20791.2,3.83,4.35,304.609,3.5,5.64E+14,117.224252,3.685,3.614,-0.52,0.07099986
2023-07-17,2619,2627.120117,2611.550049,2617.669922,-0.003538427,-0.003544702,0.008385187,28.75713239,56.65689205,4.921063349,0.274604746,550569962,1.17E+13,-0.033774371,-1.65E+11,5687841480,-58337179548,-1.32E+11,4522.790039,32391.25977,17334.28906,1268.339966,99.83999634,13.47999954,28074.846,20791.2,3.81,4.34,304.609,3.5,5.64E+14,117.224252,3.66,3.611,-0.53,0.049000025
2023-07-18,2607.620117,2626.889893,2600.669922,2624.590088,-0.004345125,-0.004354593,0.008436715,28.41141183,57.8487346,6.392554141,1.498194625,493202186,1.20E+13,-0.104197068,-1.55E+11,-2.53E+11,-27827559934,-2606983094,4554.97998,32493.89063,17227.91016,1265.449951,99.94000244,13.30000019,28074.846,20791.2,3.8,4.35,304.609,3.5,5.64E+14,117.224252,3.651,3.596,-0.55,0.055000067
2023-07-19,2608.23999,2622.540039,2598.52002,2622.23999,0.000237716,0.000237688,0.008188057,28.15070452,61.0633929,7.522030485,2.702961797,440073850,1.12E+13,-0.107721209,-40280153577,-2.12E+11,-31643799987,48754019427,4565.720215,32896.03125,17116.43945,1264.939941,100.2799988,13.76000023,28074.846,20791.2,3.75,4.34,304.609,3.5,5.64E+14,117.224252,3.575,3.543,-0.59,0.032000065
2023-07-20,2600.22998,2611.340088,2589.290039,2595.379883,-0.00307104,-0.003075765,0.008174284,27.63213239,56.99769707,7.682251565,3.698819751,372364710,9.47E+12,-0.153858585,1.63E+11,-2.71E+11,-19656863803,44302897232,4534.870117,32490.51953,17164.89063,1265.089966,100.8799973,13.98999977,28074.846,20791.2,3.85,4.43,304.609,3.5,5.64E+14,117.224252,3.606,3.581,-0.58,0.024999857
2023-07-21,2609.76001,2609.76001,2570.580078,2581.060059,0.003665072,0.003658372,0.007907306,27.54856655,51.59722193,8.480464133,4.655148627,501871967,1.23E+13,0.347796807,-2.90E+11,17545949523,-7849825643,-7713771300,4536.339844,32304.25,17030.69922,1278.400024,101.0699997,13.60000038,28074.846,20791.2,3.84,4.44,304.609,3.5,5.64E+14,117.224252,3.636,3.602,-0.6,0.03399992
2023-07-24,2628.530029,2636.060059,2595.209961,2608.469971,0.00719224,0.007166499,0.007990769,29.33787319,57.40475161,10.50652438,5.825423778,529363268,1.91E+13,0.054777519,-1.71E+11,-2.23E+11,1892885189,-37238109281,4554.640137,32700.93945,17033.60938,1285.650024,101.3499985,13.90999985,28074.846,20791.2,3.86,4.48,304.609,3.5,5.64E+14,117.224252,3.64,3.617,-0.62,0.023000002
2023-07-25,2636.459961,2646.709961,2621.600098,2643.350098,0.003016869,0.003012328,0.007999024,29.4650007,62.41357922,12.60674819,7.181688659,723471549,1.92E+13,0.366682565,-1.35E+12,43905183219,-99706387904,-39124282022,4567.459961,32682.50977,17198.89063,1280.530029,101.3499985,13.85999966,28074.846,20791.2,3.91,4.53,304.609,3.5,5.64E+14,117.224252,3.684,3.645,-0.62,0.039000034
2023-07-26,2592.360107,2639.209961,2580.97998,2638.76001,-0.016726919,-0.016868394,0.008801503,31.60070801,57.13326979,10.590619,7.863474727,834106504,3.63E+13,0.15292233,-9.47E+11,2.48E+11,-1.32E+11,-18026845243,4566.75,32668.33984,17162.55078,1274.119995,100.8899994,13.18999958,28074.846,20791.2,3.86,4.47,304.609,3.5,5.64E+14,117.224252,3.658,3.627,-0.61,0.030999899
2023-07-27,2603.810059,2617.610107,2586.360107,2599.820068,0.004416806,0.00440708,0.00872009,30.88856724,66.425265,9.803726208,8.251525023,594162667,2.41E+13,-0.287665707,82278490784,4.93E+11,-38620439415,-68439674010,4537.410156,32891.16016,17241.82031,1275.170044,101.7699966,14.40999985,28074.846,20791.2,4.01,4.58,304.609,3.5,5.64E+14,117.224252,3.637,3.587,-0.57,0.05000019
2023-07-28,2608.320068,2609.540039,2586.330078,2593.669922,0.001732081,0.001730583,0.008657049,30.97785296,68.78649813,9.435264246,8.488272868,503267298,1.68E+13,-0.152980613,60211856009,-2.83E+11,-31609777270,-84250387368,4582.22998,32759.23047,17292.92969,1283.880005,101.6200027,13.32999992,28074.846,20791.2,3.96,4.52,304.609,3.5,5.64E+14,117.224252,3.728,3.635,-0.56,0.092999935
2023-07-31,2632.580078,2639.449951,2622.209961,2628.870117,0.00930101,0.009258021,0.008268502,30.21641323,66.24940711,10.97433028,8.98548435,454242638,1.57E+13,-0.097412767,-2.92E+11,-83756810865,-5869470172,-37728782982,4588.959961,33172.21875,17145.42969,1272.390015,101.8600006,13.63000011,28074.846,20791.2,3.97,4.51,304.609,3.5,5.64E+14,117.224252,3.761,3.681,-0.54,0.07999992
2023-08-01,2667.070068,2668.209961,2639.100098,2644.340088,0.013101212,0.013016134,0.008654999,31.29926409,69.40701445,14.8064259,10.14967266,493643248,1.59E+13,0.086739127,1.98E+11,2.66E+11,67499779327,-40045355102,4576.72998,33476.57813,17212.86914,1277.930054,102.3000031,13.93000031,28074.846,20777.2,4.05,4.57,306.082,3.7,5.64E+14,118.4154697,3.727,3.647,-0.52,0.07999992
2023-08-02,2616.469971,2660.899902,2611.77002,2651.530029,-0.018972167,-0.019154447,0.009702063,33.28569685,54.63936679,13.6035708,10.84045229,704673842,1.60E+13,0.427496162,-70146532016,-4.35E+11,-98655960387,-56359337376,4513.390137,32707.68945,16893.73047,1289.050049,102.5899963,16.09000015,28074.846,20777.2,4.08,4.54,306.082,3.7,5.64E+14,118.4154697,3.793,3.677,-0.46,0.11599994
2023-08-03,2605.389893,2625.449951,2591.300049,2624.76001,-0.004234743,-0.004243735,0.009516068,33.07711356,45.34402791,11.62225563,10.99681296,789416273,1.49E+13,0.120257665,-1.51E+11,-4.91E+11,-2610524450,-1.57E+11,4501.890137,32159.2793,16893.73047,1295.369995,102.5400009,15.92000008,28074.846,20777.2,4.2,4.58,306.082,3.7,5.64E+14,118.4154697,3.861,3.714,-0.38,0.14700007
2023-08-04,2602.800049,2612.300049,2598.379883,2606.169922,-0.000994033,-0.000994527,0.009061668,32.87498256,46.61541459,9.730898594,10.74363008,645750159,1.10E+13,-0.181990312,-2.45E+11,-1.48E+11,29789231937,-99918483580,4478.029785,32192.75,16843.67969,1296.400024,102.0199966,17.10000038,28074.846,20777.2,4.05,4.45,306.082,3.7,5.64E+14,118.4154697,3.876,3.738,-0.4,0.13800001
2023-08-07,2580.709961,2607.360107,2580.709961,2591.580078,-0.008487048,-0.008523268,0.009300465,32.9057094,44.61860989,6.376000476,9.870104162,504070760,1.19E+13,-0.219402809,2.81E+11,-1.69E+11,-27169783821,-1.11E+11,4518.439941,32254.56055,16996,1303.050049,102.0500031,15.77000046,28074.846,20777.2,4.09,4.44,306.082,3.7,5.64E+14,118.4154697,3.814,3.689,-0.35,0.125
2023-08-08,2573.97998,2601.409912,2568.149902,2598.290039,-0.002607802,-0.002611208,0.008604172,33.56570871,43.3122464,3.137993531,8.523682035,638418712,1.24E+13,0.266525977,-1.42E+11,-2.73E+11,-25243400368,-1.27E+11,4499.379883,32377.28906,16877.07031,1307.75,102.5299988,15.98999977,28074.846,20777.2,4.02,4.36,306.082,3.7,5.64E+14,118.4154697,3.74,3.647,-0.34,0.092999935
2023-08-09,2605.120117,2608.97998,2576.209961,2580.600098,0.012098049,0.012025453,0.008952085,34.49070522,50.87552125,3.049446363,7.428834901,467526732,1.03E+13,-0.267680093,3.66E+11,-1.59E+11,-64682010361,-26623506531,4467.709961,32204.33008,16870.93945,1316.670044,102.4899979,15.96000004,28074.846,20777.2,4,4.41,306.082,3.7,5.64E+14,118.4154697,3.774,3.672,-0.41,0.102
2023-08-10,2601.560059,2601.560059,2590.02002,2592.399902,-0.001366562,-0.001367497,0.008854877,32.77071708,48.49982625,2.661326998,6.47533332,568155109,1.13E+13,0.215235558,-2.33E+11,8214190140,-47709033284,-57959444574,4468.830078,32473.65039,16634.69922,1313.640015,102.5199966,15.85000038,28074.846,20777.2,4.09,4.47,306.082,3.7,5.64E+14,118.4154697,3.786,3.687,-0.38,0.09899998
2023-08-11,2591.26001,2616.840088,2589.939941,2611.25,-0.003959182,-0.00396704,0.008254039,31.77429199,42.96340888,1.505260044,5.481318665,675389953,1.05E+13,0.188742198,-1.91E+11,9618551605,52357085949,-61792240669,4464.049805,32473.65039,16601.25,1318.329956,102.8399963,14.84000015,28074.846,20777.2,4.16,4.56,306.082,3.7,5.64E+14,118.4154697,3.824,3.698,-0.4,0.12599993
2023-08-14,2570.870117,2592.909912,2561.879883,2586.51001,-0.007868717,-0.007899839,0.008389112,32.19716099,38.17306168,-1.044188515,4.176217229,624377647,1.00E+13,-0.075530152,-1.20E+11,-2.65E+11,-2502191745,-34198056616,4489.720215,32059.91016,16393.66016,1329.609985,103.1900024,14.81999969,28074.846,20777.2,4.19,4.64,306.082,3.7,5.64E+14,118.4154697,3.889,3.747,-0.45,0.14199996
2023-08-16,2525.639893,2550.530029,2520.870117,2550.129883,-0.017593353,-0.017749955,0.009175045,31.60930525,38.01808122,-6.637829225,2.013407938,685135617,1.20E+13,0.09730965,-1898044111,-1.76E+11,-1.02E+11,18237382266,4404.330078,31766.82031,16446.7793,1338.73999,103.4199982,16.78000069,28074.846,20777.2,4.28,4.68,306.082,3.7,5.64E+14,118.4154697,3.867,3.712,-0.4,0.15500021
2023-08-17,2519.850098,2520.560059,2482.060059,2512.919922,-0.002292407,-0.002295039,0.009165861,32.49000767,34.60920172,-11.40653047,-0.670579743,735132744,1.07E+13,0.072974059,-1229151556,-1.35E+11,34867160839,-21794190917,4370.359863,31626,16516.66016,1343.329956,103.4400024,17.88999939,28074.846,20777.2,4.3,4.67,306.082,3.7,5.64E+14,118.4154697,3.976,3.788,-0.37,0.18799996
2023-08-18,2504.5,2519.600098,2489.629883,2495.179932,-0.006091671,-0.006110301,0.009214406,32.99074009,31.69606078,-16.23721267,-3.783906329,557784633,1.08E+13,-0.241246377,-1.08E+11,-1.86E+11,-6884108879,-29293162299,4369.709961,31450.75977,16381.30957,1339.079956,103.3799973,17.29999924,28074.846,20777.2,4.26,4.63,306.082,3.7,5.64E+14,118.4154697,3.914,3.729,-0.37,0.18499994
2023-08-21,2508.800049,2524.409912,2505.590088,2511.699951,0.001716929,0.001715457,0.009163091,32.18931362,26.52483491,-19.4938719,-6.925899443,399458711,8.52E+12,-0.283847766,-34008655799,36200932204,13796593680,-23363288732,4399.77002,31565.64063,16381.49023,1339.170044,103.3300018,17.12999916,28074.846,20777.2,4.34,4.7,306.082,3.7,5.64E+14,118.4154697,3.973,3.795,-0.36,0.17799997
2023-08-22,2515.73999,2533.429932,2509.530029,2528.389893,0.002766239,0.00276242,0.008983052,31.40359933,17.95081001,-21.26961959,-9.794643473,471808571,9.27E+12,0.181119745,-14806143234,-13252495253,33334206,-28011446799,4387.549805,31856.71094,16437.60938,1339.73999,103.5599976,16.96999931,28074.846,20777.2,4.34,4.75,306.082,3.7,5.64E+14,118.4154697,3.986,3.802,-0.41,0.18400002
2023-08-23,2505.5,2517.51001,2499.889893,2510,-0.004070369,-0.004078676,0.008906406,28.71217564,21.65231611,-23.2353514,-12.48278506,547169704,8.58E+12,0.159728198,20622541049,40541331832,-63778763073,-51835317928,4436.009766,32010.25977,16576.90039,1339.689941,103.3600006,15.97999954,28074.846,20777.2,4.19,4.64,306.082,3.7,5.64E+14,118.4154697,3.92,3.771,-0.45,0.14900017
2023-08-24,2537.679932,2539.439941,2520.72998,2531.780029,0.012843716,0.012761935,0.00886313,28.69717843,34.38640028,-21.94360426,-14.3749489,441140168,1.01E+13,-0.193778156,1.11E+11,1.22E+11,28619640312,47429944502,4376.310059,32287.21094,16770.86914,1327.780029,103.9800034,17.20000076,28074.846,20777.2,4.23,4.69,306.082,3.7,5.64E+14,118.4154697,3.878,3.759,-0.46,0.11899996
2023-08-25,2519.139893,2526.370117,2502.050049,2505.389893,-0.007305901,-0.00733272,0.008870336,30.24787249,32.03023069,-22.16045957,-15.93205103,577383852,8.30E+12,0.308844431,-1.92E+11,-1.80E+11,-19674114025,28197277830,4405.709961,31624.2793,16481.58008,1326.619995,104.0800018,15.68000031,28074.846,20777.2,4.25,4.72,306.082,3.7,5.64E+14,118.4154697,3.935,3.789,-0.47,0.14599991
2023-08-28,2543.409912,2543.409912,2519.139893,2519.139893,0.009634248,0.009588135,0.00919611,30.07786342,42.06247526,-20.14174967,-16.77399076,483587568,8.22E+12,-0.16245048,-13515475702,1.67E+11,80218616141,25465344457,4433.310059,32169.99023,16509.25977,1323.609985,104.0599976,15.07999992,28074.846,20777.2,4.2,4.69,306.082,3.7,5.64E+14,118.4154697,3.872,3.759,-0.49,0.112999916
2023-08-29,2552.159912,2556.97998,2545.27002,2550.76001,0.003440263,0.003434359,0.008934005,28.67143903,45.39622591,-17.63259805,-16.94571222,441365852,8.28E+12,-0.08730935,-1.61E+11,-5316486785,8275556226,21964499226,4497.629883,32226.9707,16623.65039,1322.819946,103.5500031,14.44999981,28074.846,20777.2,4.12,4.56,306.082,3.7,5.64E+14,118.4154697,3.844,3.74,-0.44,0.10400009
2023-08-30,2561.219971,2578.620117,2561.219971,2575.419922,0.003549957,0.003543671,0.008353305,28.06145368,39.78591983,-14.74305751,-16.50518128,364003001,7.77E+12,-0.175280554,-16495437008,2.23E+11,-11821751819,1330609779,4514.870117,32333.46094,16719.82031,1321.069946,103.1600037,13.88000011,28074.846,20777.2,4.12,4.57,306.082,3.7,5.64E+14,118.4154697,3.85,3.732,-0.45,0.11799979
2023-08-31,2556.27002,2568.060059,2547.719971,2564.449951,-0.001932654,-0.001934524,0.007318091,28.4357387,39.53025316,-12.70602831,-15.74535068,473168805,1.13E+13,0.299903582,-2.16E+11,3.01E+11,-51354930376,-29397802841,4507.660156,32619.33984,16634.50977,1323.030029,103.6200027,13.56999969,28074.846,20777.2,4.09,4.54,306.082,3.7,5.64E+14,118.4154697,3.821,3.711,-0.45,0.11000013
2023-09-01,2563.709961,2568.419922,2551.040039,2551.929932,0.002910468,0.002906241,0.007334341,27.75571987,43.54587976,-10.37176763,-14.67063407,493367317,1.00E+13,0.042687751,3.69E+11,-1.19E+11,-32221966497,-90160555822,4515.77002,32710.61914,16644.93945,1324.640015,104.2399979,13.09000015,28074.846,20747.8,4.18,4.57,307.276,3.7,5.64E+14,119.1112251,3.778,3.689,-0.39,0.089000225
2023-09-04,2584.550049,2584.550049,2560.320068,2566.929932,0.008128879,0.008096018,0.007598973,27.27000209,53.19803711,-6.762276975,-13.08896265,342072516,8.70E+12,-0.306657526,4.13E+11,25012921633,2769282705,-1.02E+11,4515.77002,32939.17969,16789.68945,1317.459961,104.2399979,13.09000015,28074.846,20747.8,4.18,4.57,307.276,3.7,5.64E+14,119.1112251,3.856,3.738,-0.39,0.11800003
2023-09-05,2582.179932,2586.649902,2575.189941,2578.909912,-0.000917033,-0.000917454,0.007354906,24.51714216,66.53023992,-4.046334648,-11.28043705,384579023,7.59E+12,0.124261684,1.62E+11,-1.11E+11,12306602839,-67695462635,4496.830078,33036.76172,16791.60938,1317.949951,104.8099976,14.01000023,28074.846,20747.8,4.27,4.65,307.276,3.7,5.64E+14,119.1112251,3.886,3.765,-0.38,0.12099981
2023-09-06,2563.340088,2585.97998,2560.090088,2577.409912,-0.0072961,-0.007322847,0.007517566,23.25357492,61.8134335,-3.375241049,-9.699397851,422126144,7.63E+12,0.097631745,-69319515554,-1.98E+11,923068801,-56426406209,4465.47998,33241.01953,16738.16016,1331.72998,104.8600006,14.44999981,28074.846,20747.8,4.3,4.73,307.276,3.7,5.64E+14,119.1112251,3.893,3.765,-0.43,0.12799978
2023-09-07,2548.26001,2562.419922,2539.23999,2554.870117,-0.00588298,-0.005900353,0.007035522,22.81642369,61.90424324,-4.013960375,-8.562310356,377270533,8.33E+12,-0.106261154,-5894909225,-63791459498,-31645708178,-57030681436,4451.140137,32991.07813,16619.14063,1333.459961,105.0599976,14.39999962,28074.846,20747.8,4.27,4.66,307.276,3.7,5.64E+14,119.1112251,3.969,3.847,-0.39,0.12200022
2023-09-08,2547.679932,2550.959961,2530.050049,2546.070068,-0.000227637,-0.000227663,0.007037887,22.88785226,60.79516491,-4.5149124,-7.752830765,396289098,7.72E+12,0.050410947,-3.55E+11,2.29E+11,-33738752044,-23745563866,4457.490234,32606.83984,16576.01953,1334.02002,105.0899963,13.84000015,28074.846,20747.8,4.26,4.68,307.276,3.7,5.64E+14,119.1112251,3.895,3.795,-0.42,0.099999905
2023-09-11,2556.879883,2556.889893,2540.439941,2549.879883,0.003611109,0.003604605,0.007076055,22.30357143,61.28108828,-4.122044948,-7.026673601,411070381,8.34E+12,0.037299242,23838762297,56398227660,6427668743,-27693064065,4487.459961,32467.75977,16432.94922,1335.319946,104.5699997,13.80000019,28074.846,20747.8,4.29,4.64,307.276,3.7,5.64E+14,119.1112251,3.961,3.865,-0.35,0.095999956
2023-09-12,2536.580078,2568.550049,2535.149902,2566.419922,-0.007939288,-0.007970972,0.007079898,23.43071638,58.07694748,-5.386625581,-6.698663997,359409844,8.93E+12,-0.125673217,-2.98E+11,1.23E+11,-43959317160,-20577765339,4461.899902,32776.37109,16572.71094,1320.439941,104.7099991,14.22999954,28074.846,20747.8,4.27,4.66,307.276,3.7,5.64E+14,119.1112251,3.965,3.863,-0.39,0.102
2023-09-13,2534.699951,2549.379883,2528.179932,2536.219971,-0.000741205,-0.00074148,0.005832022,22.52071708,49.08082089,-6.465989474,-6.652129093,417576035,9.27E+12,0.161838058,1.13E+11,81462358506,16126457450,-45074081410,4467.439941,32706.51953,16581.50977,1324.099976,104.7699966,13.47999954,28074.846,20747.8,4.25,4.64,307.276,3.7,5.64E+14,119.1112251,3.949,3.853,-0.39,0.095999956
2023-09-14,2572.889893,2572.889893,2541.110107,2544.889893,0.015066849,0.014954471,0.006663143,22.7035784,64.78679505,-4.191467403,-6.159996755,412509123,9.58E+12,-0.012134106,-5.17E+11,9.94E+11,94019052355,40530016080,4505.100098,33168.10156,16807.56055,1329.77002,105.4100037,12.81999969,28074.846,20747.8,4.29,4.68,307.276,3.7,5.64E+14,119.1112251,3.917,3.836,-0.39,0.08100009
2023-09-15,2601.280029,2611,2572.370117,2574.97998,0.011034338,0.010973904,0.006791877,23.72928292,65.56735372,-0.096928181,-4.94738304,441729809,1.20E+13,0.07083646,47799868129,9.43E+11,38932624094,-2066687615,4450.319824,33533.08984,16920.91992,1327.060059,105.3199997,13.78999996,28074.846,20747.8,4.33,4.72,307.276,3.7,5.64E+14,119.1112251,3.928,3.85,-0.39,0.07800007
2023-09-18,2574.719971,2596.550049,2573.26001,2588.689941,-0.01021038,-0.010262864,0.007316482,24.76142229,55.53810858,0.993397626,-3.759226907,416289507,8.77E+12,-0.05759245,-3.75E+11,-60941190277,25277139127,-10653468979,4453.529785,33533.08984,16698.24023,1328.420044,105.1999969,14,28074.846,20747.8,4.32,4.74,307.276,3.7,5.64E+14,119.1112251,3.982,3.891,-0.42,0.09100008
2023-09-19,2559.209961,2583.25,2555.459961,2579.360107,-0.00602396,-0.006042177,0.007486563,24.85641044,49.52172261,0.599054985,-2.887570528,462342076,7.83E+12,0.110626303,-1648570533,-2.92E+11,-458974483,-29168014311,4443.950195,33242.58984,16636.32031,1329.660034,105.1999969,14.10999966,28074.846,20747.8,4.37,4.79,307.276,3.7,5.64E+14,119.1112251,3.952,3.887,-0.42,0.06499982
2023-09-20,2559.73999,2566.620117,2551.120117,2556.550049,0.000207107,0.000207085,0.007398686,24.51068987,50.84341239,0.325551777,-2.244946067,414667757,7.57E+12,-0.103114818,-1.68E+11,1.37E+11,991289389,-37567212618,4402.200195,33023.78125,16534.75,1328.530029,105.1600037,15.14000034,28074.846,20747.8,4.35,4.82,307.276,3.7,5.64E+14,119.1112251,3.963,3.89,-0.47,0.072999954
2023-09-21,2514.969971,2549.629883,2514.959961,2544.810059,-0.017490065,-0.017644824,0.007971786,26.46784319,39.97285767,-3.463838924,-2.488724639,394676191,7.80E+12,-0.048211045,-68589734691,-6.12E+11,-49558658730,-16541773482,4330,32571.0293,16316.66992,1332.339966,105.3600006,17.54000092,28074.846,20747.8,4.49,4.85,307.276,3.7,5.64E+14,119.1112251,4.031,3.93,-0.36,0.10100007
2023-09-22,2508.129883,2513.26001,2486.139893,2491.449951,-0.002719749,-0.002723455,0.007827642,26.7964216,33.31730887,-6.938908861,-3.378761483,433184441,7.06E+12,0.097569225,-1.28E+11,-564065051,3799839379,-79461316737,4320.060059,32402.41016,16344.48047,1341.170044,105.5800018,17.20000076,28074.846,20747.8,4.44,4.8,307.276,3.7,5.64E+14,119.1112251,4.001,3.876,-0.36,0.125
2023-09-25,2495.76001,2509.379883,2486.439941,2504.100098,-0.004931911,-0.004944113,0.007538515,27.6164202,31.92354674,-10.56923662,-4.81685651,438614599,7.46E+12,0.012535441,-1.32E+11,3.29E+11,-23986723292,-1.60E+11,4337.439941,32678.61914,16452.23047,1334.660034,106,16.89999962,28074.846,20747.8,4.55,4.83,307.276,3.7,5.64E+14,119.1112251,4.012,3.876,-0.28,0.13600016
2023-09-26,2462.969971,2495,2461.590088,2493.639893,-0.013138298,-0.013225369,0.007938864,28.20785086,30.16324278,-15.90879297,-7.035243803,427476174,7.06E+12,-0.025394561,-42589254898,-3.16E+11,-15192809548,-38308362599,4273.529785,32315.05078,16276.07031,1338.449951,106.2300034,18.94000053,28074.846,20747.8,4.56,4.84,307.276,3.7,5.64E+14,119.1112251,4.054,3.891,-0.28,0.16299987
2023-09-27,2465.070068,2469.719971,2445.51001,2447.98999,0.000852669,0.000852305,0.00786638,28.21569824,32.66950265,-19.74338013,-9.576871068,366240767,6.76E+12,-0.143248702,-28216151255,-1.11E+11,39597810867,-22779748824,4274.509766,32371.90039,16310.36035,1353.75,106.6699982,18.21999931,28074.846,20747.8,4.61,4.89,307.276,3.7,5.64E+14,119.1112251,4.03,3.884,-0.28,0.14600015
2023-10-04,2405.689941,2435.780029,2402.840088,2435.780029,-0.024088616,-0.024383492,0.009334248,31.1671317,26.2407807,-27.25956674,-13.1134102,424858687,1.02E+13,0.160052963,-4.23E+11,-3.40E+11,-31506596796,13924326296,4263.75,30526.88086,16273.37988,1359.219971,106.8000031,18.57999992,28424.722,20732.9,4.73,4.85,307.696,3.9,5.64E+14,119.5118116,4.351,4.108,-0.12,0.24300003
2023-10-05,2403.600098,2426.610107,2402.5,2423.350098,-0.000868709,-0.000869086,0.009245514,31.71428571,23.72648568,-33.00437779,-17.09160372,451722351,9.14E+12,0.063229645,-2.72E+11,1.27E+11,-1387675662,68030280875,4258.189941,31075.35938,16453.51953,1351.160034,106.3300018,18.48999977,28424.722,20732.9,4.72,4.82,307.696,3.9,5.64E+14,119.5118116,4.322,4.081,-0.1,0.24100018
2023-10-06,2408.72998,2421.179932,2403.919922,2408.810059,0.00213425,0.002131975,0.008952717,30.58426339,26.88316435,-36.71995844,-21.01727466,289391533,6.52E+12,-0.359359721,-3.26E+11,2.09E+11,-11469949318,2768252958,4308.5,30994.66992,16520.57031,1346.060059,106.0400009,17.45000076,28424.722,20732.9,4.78,4.87,307.696,3.9,5.64E+14,119.5118116,4.24,4.015,-0.09,0.2249999
2023-10-10,2402.580078,2448.23999,2402.439941,2436.580078,-0.002553172,-0.002556437,0.0089351,32.34141323,26.47438567,-39.70315533,-24.7544508,416004097,9.51E+12,0.437513022,-2.08E+11,6.16E+11,-11463561654,-15338673947,4358.240234,31746.5293,16520.57031,1346.890015,105.8300018,17.03000069,28424.722,20732.9,4.66,4.74,307.696,3.9,5.64E+14,119.5118116,4.219,3.997,-0.08,0.22199988
2023-10-11,2450.080078,2463.560059,2436.52002,2436.52002,0.019770413,0.019577516,0.010270767,33.96927316,28.83393041,-37.79878646,-27.36331793,446948721,9.14E+12,0.074385383,-1.20E+11,4.53E+11,26281767162,61435564790,4376.950195,31936.50977,16672.0293,1341.890015,105.8199997,16.09000015,28424.722,20732.9,4.58,4.73,307.696,3.9,5.64E+14,119.5118116,4.142,3.953,-0.15,0.18900013
2023-10-12,2479.820068,2479.820068,2464.840088,2465.189941,0.012138375,0.012065295,0.010711752,33.33428083,29.16352549,-33.50358329,-28.591371,515451710,8.93E+12,0.153268117,-57984808125,1.13E+11,39077522626,58458289216,4349.609863,32494.66016,16825.91016,1338.26001,106.5699997,16.69000053,28424.722,20732.9,4.7,4.82,307.696,3.9,5.64E+14,119.5118116,4.101,3.932,-0.12,0.16899991
2023-10-13,2456.149902,2466.620117,2452.830078,2460.850098,-0.009545114,-0.009590961,0.010863146,33.26070731,29.45558439,-31.64480677,-29.20205815,582883748,7.16E+12,0.130821252,-1.61E+11,-2.15E+11,-44677591430,13460559607,4327.779785,32315.99023,16782.57031,1348.339966,106.6500015,19.31999969,28424.722,20732.9,4.63,4.8,307.696,3.9,5.64E+14,119.5118116,4.169,3.957,-0.17,0.21200013
2023-10-16,2436.23999,2453.77002,2422.52002,2442.429932,-0.008106147,-0.00813918,0.010871352,33.67783901,29.01321244,-31.4161309,-29.6448727,788356048,8.39E+12,0.352509914,-2.11E+11,30844524784,-3895866712,7677329,4373.629883,31659.0293,16652.24023,1352.069946,106.2399979,17.20999908,28424.722,20732.9,4.71,4.87,307.696,3.9,5.64E+14,119.5118116,4.191,3.973,-0.16,0.21799994
2023-10-17,2460.169922,2466.870117,2449.419922,2454.139893,0.009822485,0.009774558,0.011115583,34.75856236,34.26366149,-28.9700099,-29.50990014,509375162,7.71E+12,-0.353876763,4.28E+11,-1.25E+11,6290701834,-3265771520,4373.200195,32040.28906,16642.55078,1347.76001,106.25,17.87999916,28424.722,20732.9,4.83,5.01,307.696,3.9,5.64E+14,119.5118116,4.224,3.991,-0.18,0.23300004
2023-10-18,2462.600098,2465.330078,2450.780029,2452.050049,0.000987808,0.000987321,0.011128746,32.59927804,40.44450107,-26.52953058,-28.91382623,911545886,8.90E+12,0.789537367,3.46E+11,-16998260843,12624213597,-33366749309,4314.600098,32042.25,16440.91016,1352.98999,106.5699997,19.21999931,28424.722,20732.9,4.91,5.03,307.696,3.9,5.64E+14,119.5118116,4.287,4.031,-0.12,0.25600004
2023-10-19,2415.800049,2433.449951,2412.550049,2431.919922,-0.019004323,-0.019187227,0.011099638,34.11499023,35.29732844,-28.04848054,-28.74075709,756946720,9.05E+12,-0.169601079,-1.38E+11,-1.66E+11,-18619309272,-25972480849,4278,31430.61914,16452.73047,1354.560059,106.25,21.39999962,28424.722,20732.9,4.98,5.01,307.696,3.9,5.64E+14,119.5118116,4.362,4.07,-0.03,0.29199982
2023-10-20,2375,2394.669922,2364.01001,2391.540039,-0.016888835,-0.017033078,0.010990127,36.1757115,32.36669131,-32.17360499,-29.42732667,521208061,9.30E+12,-0.311433622,2.10E+11,-33484841601,-23356612466,-15807856229,4224.160156,31259.35938,16440.7207,1356.22998,106.1600037,21.70999908,28424.722,20732.9,4.93,4.93,307.696,3.9,5.64E+14,119.5118116,4.327,4.033,0,0.29400015
2023-10-23,2357.02002,2375.790039,2354.699951,2370.070068,-0.007570518,-0.00759932,0.010933251,35.24143764,33.82987143,-36.47318977,-30.83649929,395930159,7.12E+12,-0.240360638,-2.58E+11,1.38E+11,-12535026557,-29639933856,4217.040039,30999.55078,16251.36035,1349.339966,105.5400009,20.37000084,28424.722,20732.9,4.86,4.89,307.696,3.9,5.64E+14,119.5118116,4.374,4.055,-0.03,0.31900024
2023-10-24,2383.51001,2384.139893,2326.669922,2371.550049,0.011238763,0.011176078,0.011463598,37.61715262,38.4147644,-37.31299982,-32.1317994,444165247,7.95E+12,0.121827264,-1.54E+11,-34645073508,24992630141,29204055296,4247.680176,31062.34961,16309.75977,1334.439941,106.2699966,18.96999931,28424.722,20732.9,4.83,4.91,307.696,3.9,5.64E+14,119.5118116,4.269,4.004,-0.08,0.26499987
2023-10-25,2363.169922,2389.899902,2362.689941,2389.22998,-0.00853367,-0.00857029,0.011479945,35.11572266,43.20679562,-39.16832241,-33.539104,440806736,7.83E+12,-0.0075614,-3.46E+11,-59644597356,59667258939,-40605774771,4186.77002,31269.91992,16358.88965,1343.640015,106.5299988,20.19000053,28424.722,20732.9,4.95,4.98,307.696,3.9,5.64E+14,119.5118116,4.281,4.038,-0.03,0.24300003
2023-10-26,2299.080078,2330.550049,2299.080078,2325.820068,-0.027120286,-0.027494828,0.012279776,37.97141811,36.06250928,-45.2881402,-35.88891124,531072827,9.25E+12,0.204774754,-4.80E+11,1.77E+11,-42161800785,-1442681989,4137.22998,30601.7793,16073.74023,1352.680054,106.5999985,20.68000031,28424.722,20732.9,4.86,4.89,307.696,3.9,5.64E+14,119.5118116,4.392,4.104,-0.03,0.2880001
2023-10-27,2302.810059,2321.840088,2293.050049,2311.590088,0.00162238,0.001621065,0.012350847,38.77214704,35.82290592,-49.26921678,-38.56497235,514875992,8.01E+12,-0.030498331,-3.80E+11,1.83E+11,8392948190,55811842429,4117.370117,30991.68945,16134.61035,1350.339966,106.5599976,21.27000046,28424.722,20732.9,4.84,4.84,307.696,3.9,5.64E+14,119.5118116,4.28,4.073,0,0.20700026
2023-10-30,2310.550049,2317.75,2292.340088,2292.340088,0.003361107,0.003355471,0.012465912,37.31570871,37.73424052,-51.2093862,-41.09385512,444842306,6.95E+12,-0.136020492,-66328418195,52459625770,1395609395,11140504061,4166.819824,30696.96094,16149.67969,1355.219971,106.1200027,19.75,28424.722,20732.9,4.88,4.87,307.696,3.9,5.64E+14,119.5118116,4.312,4.089,0.01,0.22299957
2023-10-31,2277.98999,2322.449951,2273.969971,2318.389893,-0.014091908,-0.014192142,0.012505968,36.42285156,26.11254686,-54.74326279,-43.82373665,394982283,8.23E+12,-0.112084715,-3.27E+11,-32180808742,-5614830315,-27733226134,4193.799805,30858.84961,16001.26953,1348.069946,106.6600037,18.13999939,28424.722,20732.9,4.88,4.9,307.696,3.9,5.64E+14,119.5118116,4.325,4.085,-0.02,0.23999977
2023-11-01,2301.560059,2312.149902,2288.639893,2292.889893,0.010346871,0.010293708,0.012867903,36.73856027,24.8248973,-55.00788131,-46.06056558,358157301,6.74E+12,-0.093231984,-1.27E+11,3.70E+11,36155663302,27148167996,4237.859863,31601.65039,16038.55957,1350.160034,106.8799973,16.87000084,28424.722,20746.5,4.77,4.76,308.148,3.7,5.64E+14,118.8476814,4.288,4.071,0.01,0.21700001
2023-11-02,2343.120117,2351.909912,2333.409912,2334.959961,0.018057343,0.017896245,0.012716745,38.40712193,34.80497248,-51.27300076,-47.10305262,377461502,7.68E+12,0.053898667,1.40E+11,2.33E+11,43251095939,-26207914278,4317.779785,31949.89063,16396.94922,1347.839966,106.1200027,15.65999985,28424.722,20746.5,4.67,4.78,308.148,3.7,5.64E+14,118.8476814,4.168,3.979,-0.11,0.18900013
2023-11-03,2368.340088,2370.280029,2351.830078,2365.590088,0.010763414,0.0107059,0.012998507,37.94498117,41.00044267,-45.75065507,-46.83257311,578661884,8.04E+12,0.533035504,1.34E+11,64326363211,46721279590,46060022904,4358.339844,31949.89063,16507.65039,1333.680054,105.0199966,14.90999985,28424.722,20746.5,4.57,4.62,308.148,3.7,5.64E+14,118.8476814,4.105,3.949,-0.05,0.15600014
2023-11-06,2502.370117,2502.370117,2395.030029,2399.800049,0.056592391,0.055049005,0.018026737,45.33068848,54.32964322,-30.21080179,-43.50821884,528584832,1.52E+13,-0.0865394,7.12E+11,3.18E+11,-40670034237,-26369617725,4365.97998,32708.48047,16649.35938,1307.839966,105.2200012,14.89000034,28424.722,20746.5,4.67,4.72,308.148,3.7,5.64E+14,118.8476814,4.056,3.877,-0.05,0.17900014
2023-11-07,2443.959961,2476.350098,2418.73999,2476.350098,-0.023341933,-0.023618671,0.018895496,50.26497977,48.28460889,-22.35092006,-39.27675909,457675546,1.21E+13,-0.134149302,4.11E+11,-2.74E+11,22198230036,-91882947671,4378.379883,32271.82031,16684.94922,1297.109985,105.5400009,14.81000042,28424.722,20746.5,4.58,4.64,308.148,3.7,5.64E+14,118.8476814,4.055,3.887,-0.06,0.16799974
2023-11-08,2421.620117,2468.429932,2418.139893,2460.219971,-0.009140839,-0.009182872,0.018485494,50.28212193,50.5608514,-17.72027753,-34.96546278,467217484,7.67E+12,0.020848695,-13714797057,2.33E+11,-2639601913,-1.39E+11,4382.779785,32166.48047,16740.83008,1304.550049,105.5899963,14.44999981,28424.722,20746.5,4.49,4.65,308.148,3.7,5.64E+14,118.8476814,4.022,3.868,-0.16,0.1539998
2023-11-09,2427.080078,2437.899902,2413.040039,2425.929932,0.002254673,0.002252135,0.01826094,48.35853795,55.38551415,-13.45478831,-30.66332788,395030998,7.29E+12,-0.154502964,2.83E+11,45294106275,20197957420,-66663851463,4347.350098,32646.46094,16745.65039,1308.119995,105.9100037,15.28999996,28424.722,20746.5,4.62,4.77,308.148,3.7,5.64E+14,118.8476814,3.945,3.847,-0.15,0.09800005
2023-11-10,2409.659912,2413.620117,2393.639893,2406.399902,-0.007177417,-0.007203299,0.018210069,49.24068778,55.44971325,-11.34919276,-26.80050086,312467956,5.83E+12,-0.209003958,50419710381,-74056490487,5027214236,-75164072675,4415.240234,32568.10938,16682.66992,1315.199951,105.8600006,14.17000008,28424.722,20746.5,4.61,4.8,308.148,3.7,5.64E+14,118.8476814,3.969,3.862,-0.19,0.10700011
2023-11-13,2403.76001,2435.320068,2399.040039,2431.23999,-0.002448438,-0.00245144,0.018136239,47.72712054,52.18980415,-10.04082159,-23.44856501,307123090,5.93E+12,-0.017105325,13789995380,16204094102,-27512021026,37279199726,4411.549805,32585.10938,16839.28906,1319.619995,105.6600037,14.76000023,28424.722,20746.5,4.63,4.8,308.148,3.7,5.64E+14,118.8476814,4.005,3.877,-0.17,0.12800002
2023-11-14,2433.25,2442.370117,2422.969971,2424.929932,0.012268276,0.01219363,0.018217454,48.54141671,57.43129403,-6.548841289,-20.06862026,306963703,6.38E+12,-0.000518968,-91051423175,5.68E+11,24327135840,35544981079,4495.700195,32695.92969,16915.71094,1319.069946,104.1100006,14.15999985,28424.722,20746.5,4.44,4.56,308.148,3.7,5.64E+14,118.8476814,3.98,3.857,-0.12,0.12299991
2023-11-15,2486.669922,2487.419922,2468.429932,2482.209961,0.021954144,0.021716622,0.018886916,47.83285086,70.35258804,0.523089653,-15.95027828,419843260,9.33E+12,0.367729331,5.54E+11,1.10E+12,33571058162,-47933820931,4502.879883,33519.69922,17128.7793,1304.23999,104.3899994,14.18000031,28424.722,20746.5,4.53,4.68,308.148,3.7,5.64E+14,118.8476814,3.815,3.744,-0.15,0.0710001
2023-11-16,2488.179932,2491.97998,2472.689941,2483.47998,0.000607242,0.000607057,0.018311588,47.15427944,70.20908158,6.178271771,-11.52456827,407440839,6.81E+12,-0.029540598,4.57E+11,-1.61E+11,186561962,60383627461,4508.240234,33424.41016,17171.17969,1301.859985,104.3700027,14.31999969,28424.722,20746.5,4.45,4.59,308.148,3.7,5.64E+14,118.8476814,3.799,3.701,-0.14,0.09800005
2023-11-17,2469.850098,2481.100098,2463.590088,2477.429932,-0.007366764,-0.007394032,0.01792149,47.09570313,66.97498602,9.076353378,-7.404383939,388973752,8.13E+12,-0.045324585,-75238474139,-81675366334,-37321048424,-19315939507,4514.02002,33585.19922,17208.94922,1292.449951,103.8199997,13.80000019,28424.722,20746.5,4.44,4.64,308.148,3.7,5.64E+14,118.8476814,3.796,3.681,-0.2,0.11500001
2023-11-20,2491.199951,2499.75,2464.040039,2464.719971,0.00864419,0.008607043,0.017832778,46.18355887,73.27570032,12.94661813,-3.334183526,323806345,6.59E+12,-0.167536773,99964854525,3.55E+11,9466020611,39970751088,4547.379883,33388.03125,17210.4707,1294.5,103.4700012,13.40999985,28424.722,20746.5,4.42,4.62,308.148,3.7,5.64E+14,118.8476814,3.755,3.667,-0.2,0.08800006
2023-11-21,2510.419922,2517.73999,2500.909912,2504.699951,0.007715146,0.007685536,0.017763106,45.63928223,73.01944365,17.36455406,0.805563991,345054695,7.71E+12,0.065620549,3.53E+11,1.15E+11,6089359018,2598939340,4538.189941,33354.14063,17416.69922,1288.150024,103.5899963,13.35000038,28424.722,20746.5,4.41,4.6,308.148,3.7,5.64E+14,118.8476814,3.726,3.644,-0.19,0.08200002
2023-11-22,2511.699951,2516.719971,2490.429932,2493.169922,0.000509887,0.000509757,0.017577819,43.92072405,70.39043753,20.73012382,4.790475958,439485471,7.76E+12,0.273669008,1.43E+11,-93440363943,-21130474454,-14890996375,4556.620117,33451.82813,17310.25977,1295.189941,103.9199982,12.85000038,28424.722,20746.5,4.42,4.62,308.148,3.7,5.64E+14,118.8476814,3.762,3.666,-0.2,0.096000195
2023-11-23,2514.959961,2522.199951,2507.300049,2515.830078,0.00129793,0.001297088,0.016058084,43.04500907,68.72924145,23.39078326,8.510537418,360873812,6.58E+12,-0.178872031,1.19E+11,-7730491623,-9415175381,-61286809145,4556.620117,33451.82813,17294.55078,1298.790039,103.9199982,12.85000038,28424.722,20746.5,4.42,4.62,308.148,3.7,5.64E+14,118.8476814,3.712,3.644,-0.2,0.06799984
2023-11-24,2496.629883,2521.560059,2496.629883,2517.879883,-0.007288417,-0.007315108,0.016265025,35.25216239,48.9590454,23.74655541,11.55774102,359382702,6.54E+12,-0.004131943,-2.15E+11,1.04E+11,-14552541225,-36743353134,4559.339844,33625.53125,17287.41992,1300.180054,103.4000015,12.46000004,28424.722,20746.5,4.47,4.67,308.148,3.7,5.64E+14,118.8476814,3.779,3.677,-0.2,0.102
2023-11-27,2495.659912,2511.370117,2489.179932,2501.830078,-0.000388512,-0.000388588,0.016294844,30.86359515,61.84260122,23.67730168,13.98165315,364743731,8.38E+12,0.014917326,-1.06E+11,2.27E+11,-6079973448,-3053823423,4550.430176,33447.67188,17137.41992,1289.790039,103.1999969,12.68999958,28424.722,20746.5,4.39,4.6,308.148,3.7,5.64E+14,118.8476814,3.767,3.689,-0.21,0.07800007
2023-11-28,2521.76001,2522.449951,2502.26001,2506.139893,0.010458195,0.010403886,0.015781296,29.18502372,72.54998763,25.43527533,16.27237758,443089715,8.75E+12,0.214797342,-94681286706,4.82E+11,38553770729,456656053,4554.890137,33408.39063,17341.25,1302.530029,102.75,12.68999958,28424.722,20746.5,4.34,4.49,308.148,3.7,5.64E+14,118.8476814,3.726,3.648,-0.15,0.07800007
2023-11-29,2519.810059,2523.97998,2501.439941,2518.800049,-0.00077325,-0.000773549,0.015783009,29.01932199,71.21678297,26.36719276,18.29134062,579271100,9.43E+12,0.307344947,79866148864,-2.44E+11,6570736938,51627599035,4550.580078,33321.21875,17370.56055,1287.530029,102.7699966,12.97999954,28424.722,20746.5,4.27,4.4,308.148,3.7,5.64E+14,118.8476814,3.641,3.554,-0.13,0.08700013
2023-11-30,2535.290039,2535.290039,2507.800049,2512.110107,0.006143312,0.006124519,0.015474797,28.59430804,79.00188356,28.03171691,20.23941588,664284035,1.20E+13,0.146758461,1.25E+11,2.49E+11,-8125593408,1778071116,4567.799805,33486.89063,17433.84961,1288.359985,103.5,12.92000008,28424.722,20746.5,4.37,4.48,308.148,3.7,5.64E+14,118.8476814,3.699,3.583,-0.11,0.11599994
2023-12-01,2505.01001,2520.48999,2504.060059,2520.48999,-0.011943418,-0.012015314,0.015782994,28.23359026,71.00886311,26.6008806,21.51170882,516596238,8.84E+12,-0.222326278,-1.77E+11,-2.99E+11,-49335911087,-32095023693,4594.629883,33431.51172,17438.34961,1296.660034,103.2699966,12.63000011,28424.722,20777.9,4.22,4.31,308.741,3.8,5.64E+14,118.8476814,3.699,3.587,-0.09,0.11199999
2023-12-04,2514.949951,2525.629883,2510.52002,2522.219971,0.003968025,0.003960173,0.009932317,26.94857352,68.44911708,25.96964085,22.40329523,498860818,8.77E+12,-0.034331299,2.57E+11,1.35E+11,14744581721,9682279634,4569.779785,33231.26953,17421.48047,1299.189941,103.6399994,13.07999992,28424.722,20777.9,4.28,4.4,308.741,3.8,5.64E+14,118.8476814,3.626,3.531,-0.12,0.09500003
2023-12-05,2494.280029,2509.73999,2492.550049,2507.449951,-0.00821882,-0.008252781,0.008476356,24.67928641,52.01678073,23.53024682,22.62868555,427066848,8.30E+12,-0.143915833,29410123845,-2.29E+11,5375995538,95674873924,4567.180176,32775.82031,17328.00977,1307.800049,104.0500031,12.85000038,28424.722,20777.9,4.18,4.33,308.741,3.8,5.64E+14,118.8476814,3.579,3.484,-0.15,0.09500003
2023-12-06,2495.379883,2509.669922,2495.379883,2503.570068,0.00044095,0.000440853,0.008132936,24.40070452,51.91224091,21.43862731,22.3906739,390989432,7.69E+12,-0.08447721,-1.46E+11,2.44E+11,-2897283516,-30786894530,4549.339844,33445.89844,17360.7207,1313.369995,104.1500015,12.97000027,28424.722,20777.9,4.12,4.33,308.741,3.8,5.64E+14,118.8476814,3.533,3.463,-0.21,0.06999993
2023-12-07,2492.070068,2499.72998,2481,2493.139893,-0.001326377,-0.001327257,0.008154872,23.98214286,56.41307856,19.29154846,21.77084881,446877270,8.13E+12,0.14293951,36060258561,-2.03E+11,-19525997049,30629380367,4585.589844,32858.30859,17278.74023,1313.719971,103.5400009,13.06000042,28424.722,20777.9,4.14,4.31,308.741,3.8,5.64E+14,118.8476814,3.576,3.511,-0.17,0.06500006
2023-12-08,2517.850098,2521.580078,2507.139893,2510.23999,0.010344825,0.010291684,0.008130625,23.5392892,57.49991412,19.44604401,21.30588785,431796634,7.92E+12,-0.033746706,2.04E+11,2.77E+11,33774736433,83565047318,4604.370117,32307.85938,17383.99023,1312.76001,104.0100021,12.35000038,28424.722,20777.9,4.23,4.45,308.741,3.8,5.64E+14,118.8476814,3.534,3.461,-0.22,0.072999954
2023-12-11,2525.360107,2528.889893,2512.449951,2524.790039,0.002982707,0.002978268,0.0080576,22.81785366,54.50114818,19.9445693,21.03362414,435003610,8.26E+12,0.007427052,5342310158,1.57E+11,-23683207663,27083471747,4622.439941,32791.80078,17418.33984,1316.51001,104.0999985,12.63000011,28424.722,20777.9,4.23,4.42,308.741,3.8,5.64E+14,118.8476814,3.566,3.48,-0.19,0.085999966
2023-12-12,2535.27002,2543.060059,2529.73999,2535.110107,0.003924158,0.003916479,0.007737977,22.20427595,56.75013529,20.89839755,21.00657882,378033628,7.73E+12,-0.130964389,74912663432,6.58E+11,-16138043973,-55948709324,4643.700195,32843.69922,17450.63086,1313.619995,103.8700027,12.06999969,28424.722,20777.9,4.2,4.42,308.741,3.8,5.64E+14,118.8476814,3.527,3.446,-0.22,0.08099985
2023-12-13,2510.659912,2531.22998,2509.889893,2531.22998,-0.009707095,-0.009754516,0.006652764,22.95286342,48.90271117,19.44434106,20.69413127,377934427,7.51E+12,-0.000262413,-1.31E+11,64103027249,-26289983091,57100772435,4707.089844,32926.35156,17468.92969,1310.140015,102.8700027,12.18999958,28424.722,20777.9,4.04,4.18,308.741,3.8,5.64E+14,118.8476814,3.525,3.465,-0.14,0.06000018
2023-12-14,2544.179932,2549.649902,2532.159912,2547.73999,0.013351079,0.013262739,0.007241324,23.95713588,61.26086539,20.75749675,20.70680437,530123485,1.30E+13,0.402686411,6.25E+11,3.23E+11,1.46E+11,1.60E+11,4719.549805,32686.25,17653.10938,1292.01001,101.9599991,12.47999954,28424.722,20777.9,3.92,4.09,308.741,3.8,5.64E+14,118.8476814,3.332,3.258,-0.17,0.07400012
2023-12-15,2563.560059,2574.22998,2555.300049,2558.439941,0.007617436,0.00758857,0.007088325,24.51855469,64.79049559,23.09576279,21.18459605,465313553,1.29E+13,-0.122254406,8.57E+11,2.28E+11,56582565051,32437027401,4719.189941,32970.55078,17673.86914,1291.920044,102.5500031,12.27999973,28424.722,20777.9,3.91,4.13,308.741,3.8,5.64E+14,118.8476814,3.358,3.281,-0.22,0.07700014
2023-12-18,2566.860107,2573.129883,2556.050049,2568.77002,0.001287291,0.001286464,0.006908418,23.82496861,60.90745696,24.9277898,21.9332348,384828383,1.02E+13,-0.172969752,59377574402,-1.84E+11,17396007377,43159464303,4740.560059,32758.98047,17652.0293,1276.469971,102.5100021,12.56000042,28424.722,20777.9,3.95,4.15,308.741,3.8,5.64E+14,118.8476814,3.336,3.277,-0.2,0.059000015
2023-12-19,2568.550049,2570.060059,2556.52002,2564.810059,0.000658369,0.000658152,0.006754024,23.18211147,61.8026086,26.21387136,22.78936211,392497373,8.42E+12,0.019928338,-92128963587,1.33E+11,-25045227011,20169403822,4768.370117,33219.39063,17576.55078,1302.930054,102.1699982,12.52999973,28424.722,20777.9,3.93,4.15,308.741,3.8,5.64E+14,118.8476814,3.328,3.296,-0.22,0.032000065
2023-12-20,2614.300049,2615.379883,2584.850098,2586.98999,0.017811605,0.017654838,0.007692129,24.56352888,66.68639731,30.57232418,24.34595453,570423377,1.12E+13,0.453317694,4.80E+11,1.10E+12,33337206710,9714347547,4698.350098,33675.94141,17635.19922,1297.76001,102.4100037,13.67000008,28424.722,20777.9,3.86,4.06,308.741,3.8,5.64E+14,118.8476814,3.28,3.232,-0.2,0.04799986
2023-12-21,2600.02002,2610.810059,2587.159912,2598.370117,-0.005462276,-0.005477249,0.007871847,24.27139718,71.51984481,32.49951624,25.97666687,578334789,9.47E+12,0.013869368,13090104788,1.79E+11,-34617536391,-64993753419,4746.75,33140.46875,17543.74023,1296.97998,101.8399963,13.64999962,28424.722,20777.9,3.89,4.06,308.741,3.8,5.64E+14,118.8476814,3.297,3.236,-0.17,0.06099987
2023-12-22,2599.51001,2621.370117,2599.51001,2617.719971,-0.000196156,-0.000196175,0.00760079,24.35998535,70.00760196,33.59837514,27.50100852,465967201,8.85E+12,-0.194295052,-37303203376,3.77E+11,-49297684267,13269625657,4754.629883,33169.05078,17596.63086,1291.709961,101.6999969,13.02999973,28424.722,20777.9,3.9,4.04,308.741,3.8,5.64E+14,118.8476814,3.301,3.234,-0.14,0.06700015
2023-12-26,2602.590088,2612.139893,2594.649902,2609.439941,0.001184869,0.001184167,0.007582683,24.00927734,77.95387124,34.32212126,28.86523107,440428129,9.58E+12,-0.054808733,82263319958,9.59E+11,-798990823,-28109502226,4774.75,33305.85156,17751.73047,1294.579956,101.4700012,12.98999977,28424.722,20777.9,3.89,4.05,308.741,3.8,5.64E+14,118.8476814,3.271,3.221,-0.16,0.049999952
2023-12-27,2613.5,2613.5,2590.080078,2599.350098,0.004191944,0.004183182,0.00734799,24.58285086,79.01643277,35.36832991,30.16585084,349733378,1.04E+13,-0.205924066,2.25E+11,-2.86E+11,-474021395,-13529290475,4781.580078,33681.23828,17891.5,1293.920044,100.9899979,12.43000031,28424.722,20777.9,3.79,3.97,308.741,3.8,5.64E+14,118.8476814,3.26,3.22,-0.18,0.03999996
2023-12-28,2655.280029,2655.280029,2611.719971,2616.27002,0.015986237,0.015859802,0.007958879,26.35642787,83.71963756,39.11783099,31.95624687,460086621,9.42E+12,0.315535348,7.02E+11,7.85E+11,45360139712,29680611113,4783.350098,33539.62109,17910.36914,1294.76001,101.2300034,12.47000027,28424.722,20777.9,3.84,4.02,308.741,3.8,5.64E+14,118.8476814,3.183,3.154,-0.18,0.029000044
2024-01-02,2669.810059,2675.800049,2641.879883,2645.469971,0.005472127,0.005457209,0.007944793,26.67143903,82.92593901,42.76877769,34.11875303,409871688,9.63E+12,-0.109142346,2.28E+11,2.07E+11,-45651530761,-48757352917,4742.830078,33464.17188,17853.75977,1293.540039,102.1999969,13.19999981,28708.161,20843.9,3.95,4.09,309.698,3.7,5.64E+14,118.8476814,3.306,3.24,-0.14,0.065999985
2024-01-03,2607.310059,2643.719971,2607.310059,2643.540039,-0.023409905,-0.02368827,0.009374032,29.96144322,64.33943677,40.15605756,35.32621394,463131608,1.01E+13,0.12994291,-97306133000,-1.03E+12,-82922074334,-23322437270,4704.810059,33464.17188,17559.31055,1307.619995,102.4599991,14.03999996,28708.161,20843.9,3.91,4.07,309.698,3.7,5.64E+14,118.8476814,3.338,3.278,-0.16,0.059999943
2024-01-04,2587.02002,2602.639893,2580.090088,2592.439941,-0.007781982,-0.007812419,0.009611176,30.64144461,58.73770559,36.0328571,35.46754257,770176172,8.99E+12,0.662974754,1.15E+11,-5.74E+11,-1.02E+11,-51803099856,4688.680176,33288.28906,17549.65039,1309.530029,102.4199982,14.13000011,28708.161,20843.9,3.99,4.14,309.698,3.7,5.64E+14,118.8476814,3.288,3.227,-0.15,0.06100011
2024-01-05,2578.080078,2592.290039,2572.600098,2586.889893,-0.003455691,-0.003461676,0.009415301,30.23500279,62.01956014,31.67864082,34.70976222,522289892,8.38E+12,-0.321856595,-51007262023,-2.26E+11,-47365153570,-1.20E+11,4697.240234,33377.42188,17519.14063,1311.25,102.4100037,13.35000038,28708.161,20843.9,4.05,4.17,309.698,3.7,5.64E+14,118.8476814,3.344,3.283,-0.12,0.06100011
2024-01-08,2567.820068,2591.679932,2566.340088,2584.22998,-0.003979709,-0.00398765,0.009497008,29.25999233,54.5956685,27.08774534,33.18535884,320143990,6.76E+12,-0.387037745,1.70E+11,-2.53E+11,-60224900997,-69842222660,4763.540039,33377.42188,17572.66016,1313.130005,102.2099991,13.07999992,28708.161,20843.9,4.01,4.11,309.698,3.7,5.64E+14,118.8476814,3.344,3.297,-0.1,0.04700017
2024-01-09,2561.23999,2599.370117,2556,2598.310059,-0.002562515,-0.002565804,0.00951995,30.21142578,49.52535455,22.65729114,31.0797453,791214273,8.90E+12,1.471432536,65561520138,1.45E+11,-30452817222,-1.24E+11,4756.5,33763.17969,17535.49023,1311.800049,102.5699997,12.76000023,28708.161,20843.9,4.02,4.09,309.698,3.7,5.64E+14,118.8476814,3.323,3.255,-0.07,0.06799984
2024-01-10,2541.97998,2568.189941,2539.820068,2563.969971,-0.007519799,-0.007548215,0.009475578,31.01785714,45.2219779,17.39152378,28.342101,570021066,8.80E+12,-0.2795617,-23772970820,17558623393,-40309700084,-88601071428,4783.450195,34441.71875,17465.63086,1319.790039,102.3600006,12.68999958,28708.161,20843.9,4.04,4.1,309.698,3.7,5.64E+14,118.8476814,3.346,3.269,-0.06,0.0769999
2024-01-11,2540.27002,2557.300049,2540.27002,2543.030029,-0.000672689,-0.000672915,0.009460009,31.26714216,44.5694724,12.93132142,25.25994508,788422596,1.37E+13,0.383146419,2.30E+12,-4.24E+11,92631377706,-56890552755,4780.240234,35049.85938,17545.32031,1317.5,102.2900009,12.43999958,28708.161,20843.9,3.98,4.02,309.698,3.7,5.64E+14,118.8476814,3.307,3.227,-0.04,0.07999992
2024-01-12,2525.050049,2543.830078,2517.76001,2536.550049,-0.005991478,-0.006009498,0.009520161,29.78430176,30.58517249,8.075366685,21.8230294,790177187,8.37E+12,0.002225445,-2.12E+11,-53291793982,-44027256870,-65731730497,4783.830078,35577.10938,17512.83008,1311.98999,102.4000015,12.69999981,28708.161,20843.9,3.96,3.92,309.698,3.7,5.64E+14,118.8476814,3.306,3.204,0.04,0.102
2024-01-15,2525.98999,2536.060059,2515.840088,2525.689941,0.000372247,0.000372177,0.009250851,29.29000419,32.90378598,4.253797854,18.30918309,802102006,8.18E+12,0.015091323,-49758040039,1.89E+11,-38977120453,-75262965119,4783.830078,35901.78906,17546.82031,1312.849976,102.4000015,12.69999981,28708.161,20843.9,3.96,3.92,309.698,3.7,5.64E+14,118.8476814,3.293,3.191,0.04,0.102
2024-01-16,2497.590088,2524.350098,2491.129883,2516.27002,-0.011243078,-0.011306759,0.009069041,30.21857561,29.14894382,-1.054304385,14.4364856,659578602,8.83E+12,-0.17768738,-1.84E+11,-2.88E+11,-31179346966,-83150626229,4765.97998,35619.17969,17346.86914,1319.709961,103.3600006,13.84000015,28708.161,20843.9,4.07,4.02,309.698,3.7,5.64E+14,118.8476814,3.322,3.235,0.05,0.08700013
2024-01-17,2435.899902,2503.909912,2435.340088,2501.22998,-0.024699884,-0.025010044,0.010303898,33.86713518,22.49427739,-10.12221348,9.524745781,965595357,1.13E+13,0.463957979,-9.06E+11,89850072093,-26931353592,-81359132204,4739.209961,35477.75,17161.78906,1337.790039,103.4499969,14.78999996,28708.161,20843.9,4.1,4.12,309.698,3.7,5.64E+14,118.8476814,3.369,3.277,-0.02,0.09200001
2024-01-18,2440.040039,2453.969971,2429.120117,2439.959961,0.001699633,0.001698191,0.010312383,33.96927316,20.72309214,-16.78108049,4.263580527,571507487,8.30E+12,-0.408129417,-1.33E+11,-11955621903,11780753905,-38692383388,4780.939941,35466.17188,17227.78906,1344.050049,103.5400009,14.13000011,28708.161,20843.9,4.14,4.13,309.698,3.7,5.64E+14,118.8476814,3.38,3.285,0.01,0.09500003
2024-01-19,2472.73999,2479,2455.5,2468.429932,0.013401399,0.013312395,0.010890502,33.64069475,18.21633589,-19.19836104,-0.428807786,518806918,9.17E+12,-0.092213261,7.03E+11,-1.05E+11,-38034751727,-75358587043,4839.810059,35963.26953,17681.51953,1337.660034,103.2900009,13.30000019,28708.161,20843.9,4.15,4.18,309.698,3.7,5.64E+14,118.8476814,3.422,3.307,-0.03,0.11500001
2024-01-22,2464.350098,2490.689941,2464.350098,2489.570068,-0.003392954,-0.003398723,0.009870526,33.09924316,13.44389249,-21.54273625,-4.651593479,388045571,8.42E+12,-0.252042412,3.00E+11,-21916102074,20482718153,1845425801,4850.430176,36546.94922,17815.09961,1333.209961,103.3300018,13.18999958,28708.161,20843.9,4.11,4.14,309.698,3.7,5.64E+14,118.8476814,3.372,3.278,-0.03,0.09399986
2024-01-23,2478.610107,2482.840088,2464.23999,2478.320068,0.005786519,0.005769842,0.010038135,29.96353585,22.35588646,-21.99644555,-8.120563893,472284165,8.03E+12,0.217084282,1.41E+11,1.38E+11,9801457112,62362891350,4864.600098,36517.57031,17874.58984,1338.73999,103.6200027,12.55000019,28708.161,20843.9,4.14,4.16,309.698,3.7,5.64E+14,118.8476814,3.372,3.286,-0.02,0.085999966
2024-01-24,2469.689941,2476.219971,2454.340088,2476.219971,-0.003598858,-0.00360535,0.010027843,29.75282506,23.50390784,-22.81282425,-11.05901596,395463694,7.45E+12,-0.162657308,72596902146,-35392768573,-30480446493,-6129803897,4868.549805,36226.48047,17875.83008,1336.780029,103.2399979,13.14000034,28708.161,20843.9,4.18,4.19,309.698,3.7,5.64E+14,118.8476814,3.4,3.3,-0.01,0.10000014
2024-01-25,2470.340088,2474.01001,2452.360107,2467.72998,0.00026325,0.000263216,0.010011839,29.89282227,24.72320581,-23.14059845,-13.47533246,357233504,8.12E+12,-0.096671807,45736559913,1.22E+11,2018862992,35308436380,4894.160156,36236.46875,18002.61914,1329.890015,103.5699997,13.44999981,28708.161,20843.9,4.14,4.12,309.698,3.7,5.64E+14,118.8476814,3.419,3.313,0.02,0.10599995
2024-01-26,2478.560059,2502.610107,2453.449951,2458.050049,0.003327465,0.003321941,0.009982904,31.59427316,28.85638775,-22.47796692,-15.27585935,292662412,7.14E+12,-0.18075318,3.79E+11,-1.08E+11,36249499311,37543912204,4890.970215,35751.07031,17995.0293,1336.030029,103.4700012,13.26000023,28708.161,20843.9,4.15,4.15,309.698,3.7,5.64E+14,118.8476814,3.386,3.263,0,0.12299991
2024-01-29,2500.649902,2516.919922,2483.810059,2490.929932,0.00891237,0.008872889,0.009406671,31.23639788,36.63002242,-19.94049921,-16.20878732,427439639,8.96E+12,0.460521138,5.47E+11,-5753762947,70986827780,88985971442,4927.930176,36026.94141,18119.63086,1336.76001,103.6100006,13.60000038,28708.161,20843.9,4.08,4.1,309.698,3.7,5.64E+14,118.8476814,3.436,3.304,-0.02,0.13200021
2024-01-30,2498.810059,2528.540039,2498.810059,2523.679932,-0.000735746,-0.000736017,0.00921357,31.33354841,39.68065736,-17.87198072,-16.541426,481808939,8.73E+12,0.127197609,-13424075615,80957806616,21539683447,59507512094,4924.970215,36065.85938,18034.63086,1333.209961,103.4000015,13.31000042,28708.161,20843.9,4.06,4.14,309.698,3.7,5.64E+14,118.8476814,3.35,3.268,-0.08,0.08200002
2024-01-31,2497.090088,2502.449951,2486.969971,2487.899902,-0.000688316,-0.000688553,0.00787414,31.22283064,39.67875854,-16.18488292,-16.47011739,454574443,9.00E+12,-0.05652551,89167046947,27968112155,-280576421,8363215432,4845.649902,36286.71094,17889.56055,1326.619995,103.2699966,14.35000038,28708.161,20843.9,3.99,4.05,309.698,3.7,5.64E+14,118.8476814,3.345,3.261,-0.06,0.08400011
2024-02-01,2542.459961,2542.459961,2491.929932,2491.929932,0.018169097,0.018006012,0.008942536,32.9699707,53.63722145,-11.0593904,-15.38797199,751074606,1.35E+13,0.652258761,1.05E+12,64529536631,1.47E+11,-44509005586,4906.189941,36011.46094,17968.10938,1333.910034,103.0500031,13.88000011,28708.161,20927.4,3.87,3.96,310.967,3.9,5.64E+14,118.8476814,3.339,3.267,-0.09,0.07200003
2024-02-02,2615.310059,2615.340088,2559.389893,2559.399902,0.02865339,0.028250559,0.011027086,36.73141044,64.34906682,-1.106254396,-12.53162847,596121129,1.44E+13,-0.206309035,1.93E+12,4.10E+11,65644912089,1.32E+11,4958.609863,36158.01953,18059.92969,1328.949951,103.9199982,13.85000038,28708.161,20927.4,4.03,4.14,310.967,3.9,5.64E+14,118.8476814,3.287,3.248,-0.11,0.039000034
2024-02-05,2591.310059,2612.77002,2562.5,2612.77002,-0.009176732,-0.009219098,0.011205165,38.0135498,65.27179375,4.789863606,-9.067330055,511677820,1.25E+13,-0.141654615,1.79E+11,-9.68E+11,67433199407,1.24E+11,4942.810059,36354.16016,18096.07031,1337.72998,104.4499969,13.67000008,28708.161,20927.4,4.17,4.27,310.967,3.9,5.64E+14,118.8476814,3.374,3.312,-0.1,0.062000036
2024-02-06,2576.199951,2599.179932,2563.870117,2584.199951,-0.005831069,-0.005848136,0.011275559,35.63783482,76.95382378,8.149379242,-5.623988195,411617635,1.04E+13,-0.195553102,3.38E+11,-36523993515,-58257628092,-53133920957,4954.22998,36160.66016,18096.07031,1333.390015,104.1800003,13.06000042,28708.161,20927.4,4.09,4.14,310.967,3.9,5.64E+14,118.8476814,3.382,3.292,-0.05,0.089999914
2024-02-07,2609.580078,2625.23999,2588.090088,2592.590088,0.012957118,0.012873893,0.011451594,37.36570522,79.28152661,13.35141012,-1.828908533,518182343,1.15E+13,0.258892474,5.39E+11,6.22E+11,-25330361669,-4488688516,4995.060059,36119.92188,18096.07031,1326.790039,104.0400009,12.82999992,28708.161,20927.4,4.09,4.16,310.967,3.9,5.64E+14,118.8476814,3.378,3.286,-0.07,0.09200001
2024-02-08,2620.320068,2629.51001,2610.209961,2620.26001,0.004115601,0.004107155,0.011457861,36.00641741,77.58093305,18.13167387,2.163207948,430009355,1.25E+13,-0.170158226,4.11E+11,1.70E+11,19339886087,56020020407,4997.910156,36863.28125,18096.07031,1327.619995,104.1500015,12.78999996,28708.161,20927.4,4.15,4.22,310.967,3.9,5.64E+14,118.8476814,3.4,3.305,-0.07,0.09500003
2024-02-13,2649.639893,2656.870117,2640.959961,2644.169922,0.011189406,0.011127267,0.01150336,36.73571777,82.11595898,24.00916935,6.53240023,559385295,1.33E+13,0.300867733,9.61E+11,7.75E+11,-1.10E+11,-90423236839,4953.169922,37963.96875,18096.07031,1328.5,104.9599991,15.85000038,28708.161,20927.4,4.31,4.44,310.967,3.9,5.64E+14,118.8476814,3.453,3.353,-0.13,0.10000014
2024-02-14,2620.419922,2627.310059,2601.98999,2609.600098,-0.011027903,-0.011089161,0.011889143,38.81070382,73.36780252,26.00949813,10.42781981,543525036,1.01E+13,-0.028353014,1.08E+11,-4.71E+11,-37644681117,10495829718,5000.620117,37703.32031,18096.07031,1340.790039,104.7200012,14.38000011,28708.161,20927.4,4.27,4.38,310.967,3.9,5.64E+14,118.8476814,3.502,3.425,-0.11,0.07700014
2024-02-15,2613.800049,2643.860107,2613.800049,2643.810059,-0.002526264,-0.002529461,0.011535237,39.22427804,73.92825031,26.75222171,13.69270019,621363093,1.07E+13,0.143209699,-9300908897,1.09E+11,-32521350908,-16150453454,5029.72998,38157.94141,18644.57031,1326,104.3000031,14.01000023,28708.161,20927.4,4.24,4.36,310.967,3.9,5.64E+14,118.8476814,3.477,3.405,-0.12,0.07200003
2024-02-16,2648.76001,2648.76001,2625.01001,2635.629883,0.013375147,0.01328649,0.009818621,40.17499651,76.59495182,29.81808782,16.91777772,593841761,1.02E+13,-0.044291868,5.64E+11,2.77E+11,14433252751,5759449020,5005.569824,38487.23828,18607.25,1327.660034,104.2799988,14.23999977,28708.161,20927.4,4.3,4.43,310.967,3.9,5.64E+14,118.8476814,3.482,3.405,-0.13,0.07700014
2024-02-19,2680.26001,2683.389893,2653.120117,2653.120117,0.011892357,0.011822199,0.009943638,39.13711984,78.113883,34.39313291,20.41284875,422699048,9.82E+12,-0.28819582,6.16E+11,3.09E+11,39642375053,92021674096,5005.569824,38470.37891,18635.80078,1331.579956,104.2799988,14.23999977,28708.161,20927.4,4.3,4.43,310.967,3.9,5.64E+14,118.8476814,3.467,3.397,-0.13,0.06999993
2024-02-20,2657.790039,2673.840088,2643.929932,2671.550049,-0.008383504,-0.008418843,0.010137845,38.99213518,71.87974208,35.79314912,23.48890883,612668186,1.00E+13,0.449419366,1.08E+11,-2.35E+11,-52939992009,4490071306,4975.509766,38363.60938,18753.16016,1333.339966,104.0800018,15.42000008,28708.161,20927.4,4.27,4.38,310.967,3.9,5.64E+14,118.8476814,3.489,3.405,-0.11,0.08400011
2024-02-21,2653.310059,2670.949951,2644.040039,2656.919922,-0.001685604,-0.001687026,0.010082652,38.79070173,71.35513192,36.12475142,26.01607735,562144348,9.15E+12,-0.082465255,-64775807045,82532801604,-23285416426,50767809671,4981.799805,38262.16016,18676.31055,1333.75,104.0100021,15.34000015,28708.161,20927.4,4.32,4.43,310.967,3.9,5.64E+14,118.8476814,3.474,3.402,-0.11,0.07200003
2024-02-22,2664.27002,2671.689941,2653.98999,2671.689941,0.004130675,0.004122167,0.010071523,38.99783761,72.53221878,36.84717459,28.1822968,456396847,1.03E+13,-0.188114497,1.69E+11,1.21E+11,-15650718952,-48461557762,5087.029785,39098.67969,18852.7793,1332.869995,103.9599991,14.53999996,28708.161,20927.4,4.33,4.49,310.967,3.9,5.64E+14,118.8476814,3.424,3.342,-0.16,0.08200002
2024-02-23,2667.699951,2694.800049,2665.209961,2681.030029,0.001287381,0.001286553,0.009945644,37.56926618,69.03113121,37.26687761,29.99921296,415376166,1.03E+13,-0.089879414,1.47E+11,88295019877,-11939678140,4438819180,5088.799805,39098.67969,18889.18945,1327.170044,103.9400024,13.75,28708.161,20927.4,4.26,4.45,310.967,3.9,5.64E+14,118.8476814,3.468,3.374,-0.19,0.09399986
2024-02-26,2647.080078,2659.600098,2629.780029,2657.350098,-0.007729457,-0.007759484,0.010255159,35.07210868,55.73860569,35.52612085,31.10459454,531661427,1.10E+13,0.279951693,1.19E+11,57616042097,-68806104315,-18713777280,5069.529785,39233.71094,18948.05078,1330,103.8300018,13.73999977,28708.161,20927.4,4.28,4.48,310.967,3.9,5.64E+14,118.8476814,3.402,3.34,-0.2,0.062000036
2024-02-27,2625.050049,2654.76001,2619.379883,2654.76001,-0.008322389,-0.008357213,0.010590188,33.82711356,56.13812389,32.00004274,31.28368418,574301706,1.26E+13,0.080201942,35893174343,96777588677,-39228185895,38556958308,5078.180176,39239.51953,18854.41016,1331.719971,103.8300018,13.43000031,28708.161,20927.4,4.31,4.5,310.967,3.9,5.64E+14,118.8476814,3.43,3.364,-0.19,0.065999985
2024-02-28,2652.290039,2657.320068,2623.149902,2629.110107,0.010376941,0.01032347,0.010638313,33.7457101,63.25752259,31.04576376,31.23610009,421552569,1.03E+13,-0.265973678,4.78E+11,76639185114,4945486310,-1281253923,5069.759766,39208.03125,18854.41016,1331.790039,103.9800034,13.84000015,28708.161,20927.4,4.27,4.44,310.967,3.9,5.64E+14,118.8476814,3.442,3.359,-0.17,0.082999945
2024-02-29,2642.360107,2647.560059,2628.620117,2643.47998,-0.003743909,-0.003750935,0.010714288,31.93355887,56.21966416,29.15218011,30.8193161,496064469,1.30E+13,0.176755891,1.79E+11,-4.45E+11,-37925464817,16723307982,5096.27002,39166.19141,18966.76953,1333.380005,104.1600037,13.39999962,28708.161,20927.4,4.25,4.43,310.967,3.9,5.64E+14,118.8476814,3.475,3.385,-0.18,0.089999914
2024-03-04,2674.27002,2682.800049,2662.320068,2664.52002,0.012076292,0.012003955,0.010871962,33.39855957,59.47523641,29.88190465,30.63183381,404014324,1.27E+13,-0.185560851,7.70E+11,-43513838625,11319634698,73931939075,5130.950195,40109.23047,19305.31055,1330.900024,103.8300018,13.48999977,28708.161,20973.9,4.22,4.39,312.345,3.9,5.64E+14,118.8476814,3.434,3.36,-0.17,0.07400012
2024-03-05,2649.399902,2684.830078,2649.350098,2660.800049,-0.009299778,-0.009343291,0.010659697,33.32212612,49.95718123,28.12915066,30.13129718,457237152,1.22E+13,0.131735003,85533627777,-4.07E+11,-72997670191,34085214971,5078.649902,40097.62891,19386.91992,1328.939941,103.8000031,14.46000004,28708.161,20973.9,4.13,4.32,312.345,3.9,5.64E+14,118.8476814,3.409,3.349,-0.19,0.059999943
2024-03-06,2641.48999,2649.780029,2630.159912,2638.840088,-0.002985549,-0.002990014,0.008735034,31.3199986,54.06868915,25.8043601,29.26590976,378993989,1.05E+13,-0.171121622,-3.77E+11,-1.32E+11,-51006404764,-24711028395,5104.759766,40090.78125,19499.44922,1333.430054,103.3700027,14.5,28708.161,20973.9,4.11,4.32,312.345,3.9,5.64E+14,118.8476814,3.381,3.325,-0.21,0.055999994
2024-03-07,2647.620117,2660.26001,2633.570068,2653.97998,0.002320708,0.002318019,0.008435358,31.07927595,56.54312567,24.17788918,28.24830565,462910823,1.09E+13,0.22141996,-3.25E+11,41853533217,-26515067376,-14115908194,5157.359863,39598.71094,19693.51953,1327.089966,102.8199997,14.43999958,28708.161,20973.9,4.09,4.28,312.345,3.9,5.64E+14,118.8476814,3.399,3.321,-0.19,0.07799983
2024-03-08,2680.350098,2688,2668.379883,2676.790039,0.012362038,0.012286252,0.008624549,31.46641323,56.16488873,25.23899572,27.64644366,454259855,1.15E+13,-0.018688196,1.82E+11,6.72E+11,-13318613139,-15234742937,5123.689941,39688.94141,19785.32031,1321.180054,102.7399979,14.73999977,28708.161,20973.9,4.09,4.25,312.345,3.9,5.64E+14,118.8476814,3.334,3.271,-0.16,0.0630002
2024-03-11,2659.840088,2677.209961,2658.73999,2665.580078,-0.007651989,-0.007681416,0.008481807,30.53642927,45.8364031,24.14659697,26.94647432,391384816,8.86E+12,-0.138412053,-1.06E+11,-38700956515,-54255192239,27596986702,5117.939941,38820.48828,19726.08008,1315.97998,102.8700027,15.22000027,28708.161,20973.9,4.1,4.26,312.345,3.9,5.64E+14,118.8476814,3.342,3.275,-0.16,0.06699991
2024-03-12,2681.810059,2686.139893,2659.719971,2673.469971,0.008259884,0.008225958,0.008611412,29.82856097,54.90765903,24.76814437,26.51080833,403969278,9.73E+12,0.03215368,-3.72E+11,4.75E+11,-48028409585,-23520120205,5175.27002,38797.51172,19914.55078,1310.540039,102.9599991,13.84000015,28708.161,20973.9,4.16,4.33,312.345,3.9,5.64E+14,118.8476814,3.335,3.273,-0.17,0.062000036
2024-03-13,2693.570068,2701.449951,2679.540039,2694.709961,0.004385102,0.004375515,0.008327768,29.47141811,57.98810491,25.91097409,26.39084149,498759769,1.10E+13,0.234647772,3.35E+11,40228954152,-1.76E+11,48287264219,5165.310059,38695.96875,19928.50977,1311.150024,102.7900009,13.75,28708.161,20973.9,4.19,4.37,312.345,3.9,5.64E+14,118.8476814,3.331,3.251,-0.18,0.08000016
2024-03-14,2718.76001,2718.76001,2696.310059,2698.370117,0.009351879,0.009308421,0.008036154,29.95785086,60.23364087,28.52052576,26.81677834,609288045,1.41E+13,0.221606238,4.73E+11,-1.86E+11,-37065139151,1.37E+11,5150.47998,38807.37891,19937.91992,1313.650024,103.3600006,14.39999962,28708.161,20973.9,4.29,4.46,312.345,3.9,5.64E+14,118.8476814,3.354,3.273,-0.17,0.08100009
2024-03-15,2666.840088,2705.590088,2666.840088,2701.909912,-0.019096912,-0.019281614,0.009290866,31.48570033,49.86339222,26.09826591,26.67307585,584947718,1.32E+13,-0.039948801,-1.04E+12,14606140982,-1.06E+11,75833319845,5117.089844,38707.64063,19682.5,1321.920044,103.4300003,14.40999985,28708.161,20973.9,4.31,4.51,312.345,3.9,5.64E+14,118.8476814,3.41,3.308,-0.2,0.102
2024-03-18,2685.840088,2688.070068,2665.280029,2678.52002,0.007124537,0.007099277,0.008957408,30.40499442,56.1897202,25.41873736,26.42220816,408182483,9.52E+12,-0.302189802,-86899513299,3.07E+11,-899914637,1395248889,5149.419922,39740.44141,19879.84961,1329.339966,103.5800018,14.32999992,28708.161,20973.9,4.34,4.52,312.345,3.9,5.64E+14,118.8476814,3.435,3.348,-0.18,0.08699989
2024-03-19,2656.169922,2673.570068,2645.139893,2673.570068,-0.011046885,-0.011108355,0.008925677,30.7849993,54.85126177,22.22982012,25.58373055,695865617,1.07E+13,0.704790494,-2.41E+11,-5.39E+11,-35396996074,18301934161,5178.509766,40003.60156,19857.19922,1336.089966,103.8099976,13.81999969,28708.161,20973.9,4.3,4.47,312.345,3.9,5.64E+14,118.8476814,3.472,3.383,-0.17,0.08899999
2024-03-20,2690.139893,2692.52002,2674.090088,2680.699951,0.01278908,0.012707991,0.009179669,30.94070871,55.77913349,22.18790462,24.90456536,720451805,1.27E+13,0.035331805,8.54E+11,5.55E+11,23926904692,10218348100,5224.620117,40003.60156,19784.44922,1337.02002,103.4100037,13.03999996,28708.161,20973.9,4.27,4.41,312.345,3.9,5.64E+14,118.8476814,3.451,3.371,-0.14,0.07999992
2024-03-21,2754.860107,2755.449951,2724.25,2731.179932,0.024058308,0.023773467,0.010513593,33.91500419,64.71510559,27.06507737,25.33666777,825226939,1.40E+13,0.145429761,1.88E+12,1.10E+12,10202996486,-15368975587,5241.529785,40815.66016,20199.08984,1330.109985,104,12.92000008,28708.161,20973.9,4.27,4.42,312.345,3.9,5.64E+14,118.8476814,3.411,3.306,-0.15,0.10500002
2024-03-22,2748.560059,2763.060059,2738.179932,2751.149902,-0.002286885,-0.002289504,0.010539282,32.80358887,60.41496673,30.07522218,26.28437865,509545275,1.15E+13,-0.382539213,6.67E+11,-26332545579,-72132530851,-17959564694,5234.180176,40888.42969,20228.42969,1334.680054,104.4300003,13.06000042,28708.161,20973.9,4.22,4.36,312.345,3.9,5.64E+14,118.8476814,3.362,3.284,-0.14,0.07800007
2024-03-25,2737.570068,2763.629883,2731.699951,2756.590088,-0.003998454,-0.004006469,0.010612641,32.55001395,62.86140826,31.2141658,27.27033608,489620187,9.98E+12,-0.039103666,-43286028618,-1.42E+11,-79833518248,10313948958,5218.189941,40414.12109,20192.25,1343.599976,104.2300034,13.18999958,28708.161,20973.9,4.25,4.39,312.345,3.9,5.64E+14,118.8476814,3.37,3.29,-0.14,0.07999992
2024-03-26,2757.090088,2779.399902,2752.27002,2756.419922,0.007130418,0.007105117,0.010464801,34.13642229,66.31017222,33.3079361,28.47785608,448300913,1.22E+13,-0.084390462,6.23E+11,7.10E+11,-45568972334,-83112767384,5203.580078,40398.03125,20126.49023,1339.130005,104.2900009,13.23999977,28708.161,20973.9,4.24,4.38,312.345,3.9,5.64E+14,118.8476814,3.397,3.301,-0.14,0.095999956
2024-03-27,2755.110107,2762.030029,2745,2745,-0.000718141,-0.000718399,0.0102016,33.44642857,65.34561878,34.41082965,29.6644508,510644016,1.25E+13,0.139065305,2.93E+11,1.73E+11,-68364828056,85111846153,5248.490234,40762.73047,20200.11914,1343.060059,104.3499985,12.77999973,28708.161,20973.9,4.2,4.36,312.345,3.9,5.64E+14,118.8476814,3.373,3.288,-0.16,0.0849998
2024-03-28,2745.820068,2756.860107,2742.679932,2753.219971,-0.00337193,-0.003377628,0.010102328,31.57502093,60.01712322,34.1416881,30.55989826,419277948,1.19E+13,-0.178923213,73487346552,-1.90E+11,-34140067486,-671097806,5254.350098,40168.07031,20146.55078,1349.800049,104.5500031,13.01000023,28708.161,20973.9,4.2,4.4,312.345,3.9,5.64E+14,118.8476814,3.377,3.293,-0.2,0.08400011
2024-03-29,2746.629883,2757.550049,2739.120117,2757.27002,0.000294926,0.000294883,0.010026967,31.34786551,64.13099907,33.60634372,31.16918735,495495575,1.12E+13,0.181783057,7.82E+11,-1.17E+11,-82278583086,-77790551674,5254.350098,40369.44141,20294.44922,1349.800049,104.5500031,13.01000023,28708.161,20973.9,4.2,4.4,312.345,3.9,5.64E+14,118.8476814,3.413,3.322,-0.2,0.09100008
2024-04-01,2747.860107,2769.870117,2747.399902,2766.23999,0.000447903,0.000447803,0.009745213,31.12074498,61.53308364,32.90207367,31.51576461,397600506,1.01E+13,-0.197570017,2.71E+11,1.28E+11,-43473379591,-4839075428,5243.77002,39803.08984,20222.33008,1345.310059,105.0199966,13.64999962,29147.044,20959.7,4.33,4.51,313.023,3.9,5.64E+14,118.8476814,3.381,3.291,-0.18,0.09000015
2024-04-02,2753.159912,2760.330078,2737.189941,2744.149902,0.001928703,0.001926845,0.009414114,31.20861816,60.64522038,32.39811917,31.69223553,630392908,1.31E+13,0.585493224,1.01E+12,-2.53E+11,19967817486,-1.17E+11,5205.810059,39838.91016,20466.57031,1355.530029,104.8199997,14.60999966,29147.044,20959.7,4.36,4.51,313.023,3.9,5.64E+14,118.8476814,3.425,3.333,-0.15,0.09200001
2024-04-03,2706.969971,2732.290039,2706.969971,2730.679932,-0.016777064,-0.016919394,0.010272654,32.70861816,48.04080666,27.949406,30.94366962,640806255,1.33E+13,0.01651882,531578062,-5.96E+11,-99269272338,56271725959,5211.490234,39451.85156,20337.59961,1350.72998,104.25,14.32999992,29147.044,20959.7,4.36,4.48,313.023,3.9,5.64E+14,118.8476814,3.452,3.341,-0.12,0.11099982
2024-04-04,2742,2746.389893,2727.100098,2738.23999,0.012940679,0.012857664,0.010596933,31.81576102,63.23236752,26.93985351,30.1429064,477952756,1.20E+13,-0.254138435,5.86E+11,-33795731478,-4016363006,-43559657516,5147.209961,39773.14063,20337.59961,1344.839966,104.1200027,16.35000038,29147.044,20959.7,4.31,4.46,313.023,3.9,5.64E+14,118.8476814,3.457,3.338,-0.15,0.11899996
2024-04-05,2714.209961,2730.469971,2705.310059,2713.959961,-0.010134952,-0.010186661,0.010612515,32.80861119,54.84474292,23.62501749,28.83932862,621030559,1.13E+13,0.299355535,-1.13E+11,-3.83E+11,-62186516304,60407304303,5204.339844,38992.07813,20337.59961,1351.359985,104.3000031,16.03000069,29147.044,20959.7,4.39,4.54,313.023,3.9,5.64E+14,118.8476814,3.433,3.329,-0.15,0.10400009
2024-04-08,2717.649902,2725.580078,2706.73999,2718.76001,0.001267382,0.00126658,0.010430844,31.24717494,61.53210665,21.03310405,27.2780837,620652526,1.06E+13,-0.000608719,2.06E+11,-2.05E+11,35816006554,51208702671,5202.390137,39347.03906,20417.69922,1350.27002,104.1399994,15.18999958,29147.044,20959.7,4.42,4.6,313.023,3.9,5.64E+14,118.8476814,3.488,3.383,-0.18,0.10500002
2024-04-09,2705.159912,2741.22998,2703.959961,2733.22998,-0.004595879,-0.004606473,0.010362278,31.31288365,53.06430854,17.76635665,25.37573829,470183666,1.00E+13,-0.242436555,3.04E+11,53173111089,16762606397,-3594160472,5209.910156,39773.12891,20796.19922,1354.219971,104.1500015,14.97999954,29147.044,20959.7,4.36,4.52,313.023,3.9,5.64E+14,118.8476814,3.503,3.391,-0.16,0.11199999
2024-04-11,2706.959961,2718.070068,2661.919922,2665.399902,0.000665413,0.000665192,0.010321119,30.65860421,36.85217128,15.1480672,23.33020407,561333352,1.28E+13,0.193859746,1.07E+12,-1.30E+12,1.04E+11,98875013081,5199.060059,39442.62891,20753.2207,1363.76001,105.2799988,14.90999985,29147.044,20959.7,4.56,4.77,313.023,3.9,5.64E+14,118.8476814,3.585,3.466,-0.21,0.11899996
2024-04-12,2681.820068,2712.449951,2678.209961,2710.889893,-0.009287131,-0.009330526,0.010301427,31.32716588,33.39799221,10.91861177,20.84788561,514575252,1.19E+13,-0.083298275,14607221018,-5.56E+11,-38180264801,38901923580,5123.410156,39523.55078,20736.57031,1367.839966,106.0400009,17.30999947,29147.044,20959.7,4.5,4.7,313.023,3.9,5.64E+14,118.8476814,3.538,3.403,-0.2,0.13499999
2024-04-15,2670.429932,2673.26001,2641.159912,2661.360107,-0.004247167,-0.004256211,0.009380468,31.95075335,33.33163623,6.571892338,17.99268696,561950019,1.05E+13,0.09206577,-2.38E+11,-31416184970,-9752284617,52468571584,5061.819824,39232.80078,20449.76953,1379.609985,106.2099991,19.22999954,29147.044,20959.7,4.63,4.78,313.023,3.9,5.64E+14,118.8476814,3.561,3.44,-0.15,0.12100005
2024-04-16,2609.629883,2647.600098,2601.449951,2644.169922,-0.022767888,-0.023031079,0.010539556,33.89004953,19.61837675,-1.758696779,14.04241021,570212078,1.23E+13,0.01470248,-2.70E+11,-79588663622,-91530079344,22980198501,5051.410156,38471.19922,19901.96094,1387.670044,106.2600021,18.39999962,29147.044,20959.7,4.67,4.83,313.023,3.9,5.64E+14,118.8476814,3.618,3.469,-0.16,0.14899993
2024-04-17,2584.179932,2626.629883,2584.179932,2619.149902,-0.009752322,-0.009800187,0.010480284,35.70575823,17.88836399,-10.29566502,9.174795165,414348111,9.78E+12,-0.273343854,-1.69E+11,-1.29E+11,-26296801166,-39210361102,5022.209961,37961.80078,20213.33008,1387.339966,105.9499969,18.20999908,29147.044,20959.7,4.59,4.77,313.023,3.9,5.64E+14,118.8476814,3.632,3.475,-0.18,0.15700006
2024-04-18,2634.699951,2642.030029,2593.26001,2595.459961,0.01954973,0.019361089,0.01104135,38.82503836,31.92462757,-12.83675636,4.77248486,478786204,1.06E+13,0.155516802,5.75E+11,-81879476001,44505115327,18849862974,5011.120117,38079.69922,20301.19922,1379.540039,106.1500015,18,29147.044,20959.7,4.64,4.83,313.023,3.9,5.64E+14,118.8476814,3.562,3.427,-0.19,0.13499999
2024-04-19,2591.860107,2609.899902,2553.550049,2600.689941,-0.016259857,-0.016393499,0.009882396,43.30503627,27.85269249,-18.0987755,0.198232789,809473426,1.40E+13,0.690678259,-3.49E+11,-6.30E+11,-7212402476,65608826735,4967.22998,37068.35156,19527.11914,1379.400024,106.1500015,18.70999908,29147.044,20959.7,4.62,4.81,313.023,3.9,5.64E+14,118.8476814,3.583,3.468,-0.19,0.11500001
2024-04-22,2629.439941,2629.439941,2604.370117,2615.719971,0.014499175,0.014395067,0.010626163,44.32929339,34.65103783,-19.0173647,-3.644886708,401892185,1.10E+13,-0.503514047,-7.50E+11,6.31E+11,7751327836,1.47E+11,5010.600098,37438.60938,19411.2207,1373.930054,106.0800018,16.94000053,29147.044,20959.7,4.62,4.81,313.023,3.9,5.64E+14,118.8476814,3.65,3.512,-0.19,0.13800001
2024-04-23,2623.02002,2641.780029,2619.719971,2632.149902,-0.002441555,-0.00244454,0.010618043,44.25214495,33.18082944,-20.03246551,-6.922402468,430275765,9.95E+12,0.070624862,-25292878480,42341247741,17371773643,36406688137,5070.549805,37552.16016,19599.2793,1378.839966,105.6900024,15.68999958,29147.044,20959.7,4.61,4.76,313.023,3.9,5.64E+14,118.8476814,3.625,3.489,-0.15,0.13599992
2024-04-24,2675.75,2677.850098,2662.840088,2662.840088,0.020102775,0.019903382,0.011549188,44.86929757,46.03223066,-16.39310199,-8.816542373,325739636,1.02E+13,-0.242951469,4.92E+11,2.22E+11,41659091754,56511371856,5071.629883,38460.07813,20131.74023,1370.47998,105.8600006,15.97000027,29147.044,20959.7,4.65,4.78,313.023,3.9,5.64E+14,118.8476814,3.645,3.509,-0.13,0.13599992
2024-04-25,2628.620117,2656.51001,2628.620117,2646.800049,-0.017613709,-0.017770677,0.012104736,45.42000907,36.02041652,-17.11458161,-10.47615022,334062359,8.99E+12,0.025550231,-2.89E+11,-4.08E+11,-54408070716,43689175152,5048.419922,37628.48047,19857.41992,1376.969971,105.5999985,15.36999989,29147.044,20959.7,4.7,4.85,313.023,3.9,5.64E+14,118.8476814,3.707,3.543,-0.15,0.16400003
2024-04-26,2656.330078,2662.100098,2641.350098,2650.939941,0.010541638,0.010486462,0.012435251,45.19072614,42.86208059,-15.27432423,-11.43578502,450520678,1.01E+13,0.348612515,4.73E+11,21394724435,-31278545362,68613364520,5099.959961,37934.76172,20120.50977,1371.699951,105.9400024,15.02999973,29147.044,20959.7,4.67,4.84,313.023,3.9,5.64E+14,118.8476814,3.694,3.531,-0.17,0.1630001
2024-04-29,2687.439941,2687.439941,2665.209961,2675.459961,0.011711595,0.011643546,0.012783053,46.06713867,46.51243281,-11.17676228,-11.38398047,470546033,1.05E+13,0.044449358,3.45E+11,2.54E+11,24783141696,81079168766,5116.169922,37934.76172,20495.51953,1377.089966,105.5800018,14.67000008,29147.044,20959.7,4.63,4.8,313.023,3.9,5.64E+14,118.8476814,3.704,3.552,-0.17,0.15199995
2024-04-30,2692.060059,2710.22998,2687.290039,2693.219971,0.001719152,0.001717676,0.012794239,45.04356166,48.45970877,-7.470494845,-10.60128335,460083516,1.13E+13,-0.022234843,2.38E+11,1.73E+11,59908474116,11678673739,5035.689941,38405.66016,20396.59961,1374.640015,106.2200012,15.64999962,29147.044,20959.7,4.69,4.87,313.023,3.9,5.64E+14,118.8476814,3.656,3.529,-0.18,0.12699986
2024-05-02,2683.649902,2692.469971,2678.840088,2679.040039,-0.00312406,-0.00312895,0.012782771,42.00639997,47.30113701,-5.152485877,-9.511523854,351087270,9.06E+12,-0.236905349,2674010328,-1.46E+11,19372105745,-2122962625,5064.200195,38236.07031,20222.43945,1375,105.3000031,14.68000031,29147.044,21020.6,4.58,4.71,313.175,3.9,5.64E+14,118.8476814,3.638,3.509,-0.13,0.12899995
2024-05-03,2676.629883,2705.26001,2676.629883,2704.310059,-0.002615848,-0.002619275,0.012250721,41.60569545,49.37275653,-3.837665754,-8.376752234,338612027,7.85E+12,-0.035533168,94476971612,57001136004,-13838084914,12629640424,5127.790039,38236.07031,20330.32031,1364.640015,105.0299988,13.48999977,29147.044,21020.6,4.5,4.63,313.175,3.9,5.64E+14,118.8476814,3.614,3.5,-0.13,0.11400008
2024-05-07,2734.360107,2734.360107,2716.620117,2718.169922,0.021568251,0.021338947,0.012870851,42.82498605,56.94787752,1.841458137,-6.33311016,532203424,1.12E+13,0.571720381,1.12E+12,7.93E+11,-23927915909,-41010585708,5187.700195,38835.10156,20653.5293,1352.170044,105.4100037,13.22999954,29147.044,21020.6,4.47,4.6,313.175,3.9,5.64E+14,118.8476814,3.536,3.448,-0.13,0.08800006
2024-05-08,2745.050049,2745.050049,2727.929932,2732.110107,0.003909486,0.003901863,0.012676087,39.1207101,66.51627714,7.122687758,-3.641950576,436315210,1.03E+13,-0.18017211,4.00E+11,90059882225,3997296237,-11754431659,5187.669922,38202.37109,20700.50977,1357.72998,105.5500031,13,29147.044,21020.6,4.48,4.63,313.175,3.9,5.64E+14,118.8476814,3.53,3.439,-0.15,0.09100008
2024-05-09,2712.139893,2749.139893,2710.25,2743.290039,-0.011988909,-0.012061356,0.012983855,38.8664202,65.32748609,8.553921432,-1.202776174,423810541,1.11E+13,-0.028659714,-3.59E+11,84720280682,68042480247,-1.79E+11,5214.080078,38073.98047,20560.76953,1361.939941,105.2300034,12.68999958,29147.044,21020.6,4.45,4.6,313.175,3.9,5.64E+14,118.8476814,3.556,3.453,-0.15,0.102999926
2024-05-10,2727.629883,2743.580078,2723.209961,2737.949951,0.005711354,0.005695106,0.013000058,36.97999791,62.15120136,10.81344651,1.200468362,586133434,1.16E+13,0.383008154,1.48E+11,4.00E+11,-4277000835,30362348178,5222.680176,38229.10938,20708.83984,1365.400024,105.3099976,12.55000019,29147.044,21020.6,4.5,4.65,313.175,3.9,5.64E+14,118.8476814,3.538,3.44,-0.15,0.09800005
2024-05-13,2727.209961,2738.379883,2713.919922,2735.199951,-0.000153951,-0.000153963,0.013000514,32.93071638,69.90614836,12.42700148,3.445774987,625277713,1.31E+13,0.066783904,20102584195,73704563018,-12863342247,-47682492630,5221.419922,38179.46094,20857.71094,1370.109985,105.2200012,13.60000038,29147.044,21020.6,4.48,4.66,313.175,3.9,5.64E+14,118.8476814,3.554,3.452,-0.18,0.102
2024-05-14,2730.340088,2735.820068,2722.73999,2732.97998,0.00114774,0.001147081,0.012798464,31.18073382,66.51284031,13.79926122,5.516472233,443295551,9.49E+12,-0.291042137,84516691286,1.14E+11,10175792200,-12775451031,5246.680176,38356.05859,20985.84961,1363.790039,105.0100021,13.42000008,29147.044,21020.6,4.45,4.62,313.175,3.9,5.64E+14,118.8476814,3.546,3.454,-0.17,0.09200001
2024-05-16,2753,2773.459961,2748.219971,2770.27002,0.0082993,0.00826505,0.012839328,32.68500628,70.19826546,16.52476527,7.718130841,521841311,1.33E+13,0.177185988,4.26E+11,6.81E+11,20138752277,-68611125297,5297.100098,38920.26172,21304.25977,1353.599976,104.4599991,12.42000008,29147.044,21020.6,4.38,4.58,313.175,3.9,5.64E+14,118.8476814,3.458,3.375,-0.2,0.082999945
2024-05-17,2724.620117,2752.169922,2724.620117,2751.469971,-0.010308712,-0.010362214,0.011837628,30.79570661,58.21594625,16.207893,9.416083274,575936318,1.10E+13,0.103661795,-2.41E+11,-18961498104,-6162987108,-85629787897,5303.27002,38787.37891,21258.4707,1346.040039,104.4499969,11.98999977,29147.044,21020.6,4.42,4.6,313.175,3.9,5.64E+14,118.8476814,3.454,3.379,-0.18,0.07500005
2024-05-20,2742.139893,2756.409912,2734.639893,2741.23999,0.006430172,0.006409586,0.011526772,29.69998605,71.19487578,17.17251484,10.96736959,582071105,1.25E+13,0.01065185,-16080521471,4.65E+11,50160158193,-1.52E+11,5308.129883,39069.67969,21271.63086,1353.390015,104.5699997,12.14999962,29147.044,21020.6,4.44,4.62,313.175,3.9,5.64E+14,118.8476814,3.497,3.412,-0.18,0.08500004
2024-05-21,2724.179932,2734.47998,2719.73999,2733.030029,-0.006549615,-0.006571158,0.0110335,28.9085519,63.14664613,16.29987108,12.03386989,560818982,1.05E+13,-0.036511215,-1.07E+11,29634389785,-68433902903,-2.23E+11,5321.410156,38946.92969,21236.75,1360.160034,104.6600037,11.85999966,29147.044,21020.6,4.41,4.61,313.175,3.9,5.64E+14,118.8476814,3.491,3.411,-0.2,0.07999992
2024-05-22,2723.459961,2733.070068,2707.870117,2723.459961,-0.000264289,-0.000264324,0.010201836,28.48641532,57.91091865,15.37298875,12.70169366,484723878,1.24E+13,-0.135685678,2.94E+11,1.14E+11,-9654005532,-82718762426,5307.009766,38617.10156,21551.83008,1363.420044,104.9400024,12.28999996,29147.044,21020.6,4.43,4.64,313.175,3.9,5.64E+14,118.8476814,3.478,3.409,-0.21,0.069000006
2024-05-23,2721.810059,2734.27002,2704,2719.030029,-0.000605811,-0.000605995,0.009823884,29.00999233,56.62023405,14.33999199,13.02935333,428079461,1.14E+13,-0.116859143,3.62E+11,-2.66E+11,-18517954611,-1.20E+11,5267.839844,39103.21875,21607.42969,1365.810059,105.1100006,12.77000046,29147.044,21020.6,4.47,4.71,313.175,3.9,5.64E+14,118.8476814,3.472,3.402,-0.24,0.06999993
2024-05-24,2687.600098,2696.98999,2681.169922,2693.649902,-0.012568827,-0.012648483,0.010305078,30.93929618,50.78849441,10.63824561,12.55113178,501638731,1.24E+13,0.171835551,-3.14E+11,-7.51E+11,-56139454255,19663305533,5304.720215,38646.10938,21565.33984,1367.619995,104.7200012,11.93000031,29147.044,21020.6,4.46,4.71,313.175,3.9,5.64E+14,118.8476814,3.515,3.423,-0.25,0.09200001
2024-05-27,2722.98999,2725.080078,2693.659912,2697.159912,0.013167842,0.013081899,0.00975207,31.57142857,58.31244545,10.43990872,12.12888717,556709910,1.58E+13,0.10978255,-1.37E+11,3.76E+11,24060689470,-31889385495,5304.720215,38900.01953,21803.76953,1365.709961,104.7200012,11.93000031,29147.044,21020.6,4.46,4.71,313.175,3.9,5.64E+14,118.8476814,3.498,3.413,-0.25,0.0849998
2024-05-28,2722.850098,2730.120117,2714.340088,2715.52002,-5.14E-05,-5.14E-05,0.00871916,28.57498605,47.39909458,10.15438373,11.73398648,440956718,1.16E+13,-0.207923714,44235878679,-15319724316,-9950412122,91413317565,5306.040039,38855.37109,21858.41016,1360.930054,104.6100006,12.92000008,29147.044,21020.6,4.54,4.75,313.175,3.9,5.64E+14,118.8476814,3.481,3.394,-0.21,0.08699989
2024-05-29,2677.300049,2721.629883,2677.070068,2719.560059,-0.016728813,-0.016870319,0.009397716,30.62212263,36.77426304,6.181340216,10.62345723,438980914,1.31E+13,-0.004480721,-1.03E+12,-2.28E+11,-28666562594,19495675617,5266.950195,38556.87109,21662.5,1362.76001,105.0999985,14.27999973,29147.044,21020.6,4.61,4.79,313.175,3.9,5.64E+14,118.8476814,3.536,3.425,-0.18,0.11100006
2024-05-30,2635.439941,2666.629883,2635.439941,2666.629883,-0.015635195,-0.015758713,0.009664891,30.83428083,35.53264288,-0.341153617,8.430535059,372741998,1.11E+13,-0.150892474,-7.85E+11,-3.47E+11,-35263388378,-11311011216,5235.47998,38054.12891,21364.48047,1370.550049,104.7200012,14.47000027,29147.044,21020.6,4.55,4.74,313.175,3.9,5.64E+14,118.8476814,3.564,3.44,-0.19,0.123999834
2024-05-31,2636.52002,2664.47998,2635.77002,2657.870117,0.000409828,0.000409744,0.009650112,30.6628418,31.82669064,-5.361321714,5.672163705,613717789,1.64E+13,0.646494874,-1.34E+12,1.02E+12,1846432380,35726932921,5277.509766,38487.89844,21174.2207,1375.619995,104.6699982,12.92000008,29147.044,21020.6,4.51,4.69,313.175,3.9,5.64E+14,118.8476814,3.578,3.452,-0.18,0.12600017
2024-06-03,2682.52002,2690.72998,2657.810059,2657.810059,0.017447241,0.017296785,0.010464169,32.7878418,42.45738142,-5.563888494,3.424953265,782329142,1.40E+13,0.274737601,1.89E+11,2.39E+11,14675655173,-87898380882,5283.399902,38923.03125,21536.75977,1382.099976,104.1399994,13.10999966,29147.044,21068.4,4.41,4.62,313.044,4.1,5.64E+14,118.8476814,3.532,3.434,-0.21,0.09800005
2024-06-04,2662.100098,2679.469971,2659.429932,2668.72998,-0.007612216,-0.007641337,0.010589306,33.50284249,39.1177934,-7.288128161,1.28233698,773459815,1.26E+13,-0.011337079,-2.11E+11,-1.46E+11,-51292937456,-56759701617,5291.339844,38837.46094,21356.61914,1370.790039,104.1100006,13.15999985,29147.044,21068.4,4.33,4.55,313.044,4.1,5.64E+14,118.8476814,3.47,3.39,-0.22,0.07999992
2024-06-05,2689.5,2697.429932,2667.629883,2681.110107,0.010292589,0.010239981,0.009645944,32.94641113,40.02448469,-6.370225398,-0.248175496,881481171,1.36E+13,0.139659946,5.92E+11,-2.78E+11,23426254515,-28481749691,5354.029785,38490.17188,21484.88086,1373.719971,104.2699966,12.63000011,29147.044,21068.4,4.29,4.5,313.044,4.1,5.64E+14,118.8476814,3.43,3.345,-0.21,0.08500004
2024-06-07,2722.669922,2729.629883,2705.22998,2718.25,0.012333118,0.012257685,0.010034672,33.78569685,49.69817697,-2.932441996,-0.785028796,783870642,1.25E+13,-0.110734673,2.86E+11,2.50E+11,7850912166,-75792233751,5346.990234,38683.92969,21858.38086,1365.25,104.8899994,12.22000027,29147.044,21068.4,4.43,4.65,313.044,4.1,5.64E+14,118.8476814,3.385,3.308,-0.22,0.0769999
2024-06-10,2701.169922,2718.889893,2689.189941,2698.709961,-0.00789666,-0.007928004,0.009822382,33.90642439,43.7364278,-1.920703525,-1.012163742,506891681,1.13E+13,-0.353347793,16955223849,-4.69E+11,2815508326,-42084005040,5360.790039,39038.16016,21858.38086,1379.050049,105.1500015,12.73999977,29147.044,21068.4,4.47,4.62,313.044,4.1,5.64E+14,118.8476814,3.433,3.353,-0.15,0.08000016
2024-06-11,2705.320068,2718.879883,2702.169922,2716.719971,0.001536426,0.001535246,0.009734572,33.57142857,46.98954818,-0.775076758,-0.964746345,558892980,1.18E+13,0.102588582,-2.24E+11,-1.61E+11,6004198584,55170078788,5375.319824,39134.78906,21792.11914,1373.959961,105.2300034,12.85000038,29147.044,21068.4,4.39,4.57,313.044,4.1,5.64E+14,118.8476814,3.425,3.341,-0.18,0.08399987
2024-06-12,2728.169922,2730.300049,2707.439941,2709.649902,0.008446266,0.008410796,0.009932828,33.55571638,50.70220445,1.954107192,-0.380975638,511008858,1.18E+13,-0.085676728,2.34E+11,75504916231,-31391354851,-39944640603,5421.029785,38876.71094,22048.96094,1377.359985,104.6500015,12.03999996,29147.044,21068.4,4.31,4.48,313.044,4.1,5.64E+14,118.8476814,3.382,3.307,-0.17,0.07500005
2024-06-13,2754.889893,2776.719971,2752.610107,2764.179932,0.009794101,0.009746449,0.010167641,34.86143276,54.58881669,6.201595332,0.935538556,700027275,1.91E+13,0.369892643,1.54E+12,-3.65E+11,93869481202,1.46E+11,5433.740234,38720.46875,22312.03906,1370.410034,105.1999969,11.93999958,29147.044,21068.4,4.24,4.42,313.044,4.1,5.64E+14,118.8476814,3.345,3.277,-0.18,0.06800008
2024-06-14,2758.419922,2769.159912,2750.860107,2759.219971,0.001281369,0.001280548,0.010003629,33.26569475,60.73809355,9.740323758,2.696495597,644979251,1.62E+13,-0.07863697,7.32E+11,-3.87E+11,-30296646285,26248186801,5431.600098,38814.55859,22504.7207,1373.73999,105.5500031,12.65999985,29147.044,21068.4,4.2,4.41,313.044,4.1,5.64E+14,118.8476814,3.302,3.252,-0.21,0.049999952
2024-06-17,2744.100098,2759.860107,2741.030029,2754.830078,-0.005191314,-0.005204836,0.009783848,31.93355887,53.41930871,11.25950878,4.409098234,593985068,1.25E+13,-0.079063292,-1.37E+11,69937951278,-38586060425,-1.05E+11,5473.22998,38102.44141,22496.5293,1382.280029,105.3199997,12.75,29147.044,21068.4,4.28,4.5,313.044,4.1,5.64E+14,118.8476814,3.283,3.212,-0.22,0.0710001
2024-06-18,2763.919922,2772.350098,2759.030029,2765.699951,0.007222705,0.007196746,0.009811026,32.82427107,56.25359665,13.90250857,6.307780301,561975111,1.33E+13,-0.053890171,6.49E+11,4851659863,-61083195488,-86674294484,5487.029785,38482.10938,22757.42969,1379.060059,105.2600021,12.30000019,29147.044,21068.4,4.22,4.43,313.044,4.1,5.64E+14,118.8476814,3.279,3.214,-0.21,0.06500006
2024-06-19,2797.330078,2799.320068,2786.159912,2786.159912,0.012087961,0.012015485,0.009994953,32.08285086,68.97829576,18.4799994,8.742224121,646706151,1.41E+13,0.150773652,2.76E+11,7.37E+11,-33536889816,-40867759683,5487.029785,38570.76172,23209.53906,1378.609985,105.2600021,12.30000019,29147.044,21068.4,4.22,4.43,313.044,4.1,5.64E+14,118.8476814,3.231,3.162,-0.21,0.069000006
2024-06-20,2807.629883,2812.620117,2796.370117,2802.100098,0.003682013,0.003675251,0.010000802,30.25355748,80.24384094,22.67739118,11.52925753,758165860,1.36E+13,0.172349851,4.97E+11,2.38E+11,-54302043687,-12058234062,5473.169922,38633.01953,23406.09961,1381.150024,105.5899963,13.27999973,29147.044,21068.4,4.25,4.45,313.044,4.1,5.64E+14,118.8476814,3.269,3.196,-0.2,0.072999954
2024-06-21,2784.26001,2797,2777.330078,2794.870117,-0.008323701,-0.008358537,0.010235117,30.34354074,74.06508365,23.8432508,13.99205619,631143373,1.45E+13,-0.167539181,-3.42E+11,1.31E+11,-20531474845,-55625807230,5464.620117,38596.46875,23253.39063,1391.819946,105.8000031,13.19999981,29147.044,21068.4,4.25,4.45,313.044,4.1,5.64E+14,118.8476814,3.255,3.176,-0.2,0.078999996
2024-06-24,2764.72998,2782.899902,2758.090088,2772.850098,-0.007014442,-0.007039158,0.009909226,28.3406808,64.65474321,22.92700457,15.77904586,594166310,1.11E+13,-0.058587422,-5.30E+11,69441491634,-18088421801,-40610700848,5447.870117,38804.64844,22813.69922,1388.390015,105.4700012,13.32999992,29147.044,21068.4,4.25,4.46,313.044,4.1,5.64E+14,118.8476814,3.264,3.194,-0.21,0.06999993
2024-06-25,2774.389893,2780.419922,2765.76001,2765.76001,0.00349398,0.003487891,0.00954004,27.81209891,70.81527972,22.71846271,17.16692923,714242157,1.18E+13,0.202091308,60954213464,2.46E+11,1104857609,-69786241878,5469.299805,39173.14844,22875.9707,1386.109985,105.6100006,12.84000015,29147.044,21068.4,4.23,4.45,313.044,4.1,5.64E+14,118.8476814,3.271,3.201,-0.22,0.06999993
2024-06-26,2792.050049,2792.070068,2762.97998,2767.429932,0.00636542,0.006345246,0.009612182,27.36640276,69.72195955,23.70496274,18.47453593,535034373,1.13E+13,-0.250906198,4.34E+11,-2.00E+11,25277874885,-57566702430,5477.899902,39667.07031,22986.68945,1390.890015,106.0500031,12.55000019,29147.044,21068.4,4.32,4.53,313.044,4.1,5.64E+14,118.8476814,3.278,3.215,-0.21,0.0630002
2024-06-27,2784.060059,2784.330078,2761.550049,2767.620117,-0.002861693,-0.002865796,0.008687978,26.67855399,63.07232423,23.57034147,19.49369704,397169222,1.03E+13,-0.257675316,5.14E+11,-6.68E+11,-8276939954,-49150461166,5482.870117,39341.53906,22905.98047,1393.380005,105.9100037,12.23999977,29147.044,21068.4,4.29,4.49,313.044,4.1,5.64E+14,118.8476814,3.3,3.22,-0.2,0.07999992
2024-06-28,2797.820068,2797.820068,2782.399902,2792.790039,0.004942426,0.004930252,0.007635823,25.38856724,71.28205514,24.29392568,20.45374277,610550442,1.10E+13,0.537255175,32153817876,3.07E+11,-8248546170,-67354281714,5460.47998,39583.07813,23032.25,1386.949951,105.8700027,12.43999958,29147.044,21068.4,4.36,4.52,313.044,4.1,5.64E+14,118.8476814,3.266,3.182,-0.16,0.08400011
2024-07-01,2804.310059,2805.949951,2783.97998,2792.959961,0.00231966,0.002316973,0.007613787,25.69285366,71.57496161,25.10170254,21.38333472,459218341,9.95E+12,-0.24786175,-63341087773,1.26E+11,-18725047300,31781348253,5475.089844,39631.05859,23058.57031,1380.290039,105.9000015,12.22000027,29511.664,21095.3,4.48,4.58,313.569,4.2,5.64E+14,118.8476814,3.312,3.21,-0.1,0.102
2024-07-02,2780.860107,2805.419922,2776.620117,2798.649902,-0.008362111,-0.008397269,0.007248513,25.96569824,61.453914,23.5778655,21.82224088,538842197,1.16E+13,0.173389974,-33276899038,-1.95E+11,-59832305081,-2260295343,5509.009766,40074.69141,22879.36914,1383.420044,105.7200012,12.02999973,29511.664,21095.3,4.43,4.54,313.569,4.2,5.64E+14,118.8476814,3.289,3.169,-0.11,0.120000124
2024-07-03,2794.01001,2799.699951,2774.709961,2797.139893,0.004728718,0.004717572,0.006920639,24.28283691,59.03719646,23.1642775,22.0906482,340337982,1.02E+13,-0.368390256,1.01E+11,1.24E+11,15688502665,31642026271,5537.02002,40580.76172,23172.42969,1383.420044,105.4000015,12.09000015,29511.664,21095.3,4.36,4.48,313.569,4.2,5.64E+14,118.8476814,3.274,3.16,-0.12,0.11399984
2024-07-04,2824.939941,2824.939941,2808.879883,2817.060059,0.011070086,0.011009261,0.006968373,25.18498884,63.64013192,25.04360593,22.68123975,393738620,1.31E+13,0.156904727,3.22E+11,1.01E+12,-5162319581,73082580326,5537.02002,40913.64844,23522.5293,1385.77002,105.4000015,12.09000015,29511.664,21095.3,4.36,4.48,313.569,4.2,5.64E+14,118.8476814,3.234,3.128,-0.12,0.10599995
2024-07-05,2862.22998,2871.959961,2836.209961,2836.209961,0.013200294,0.01311393,0.007034078,27.19855608,72.1374898,29.205321,23.986056,378159145,1.31E+13,-0.039568064,1.31E+12,1.28E+12,-7108346526,-9650906892,5567.189941,40912.37109,23556.58984,1380.25,104.8799973,12.47999954,29511.664,21095.3,4.28,4.39,313.569,4.2,5.64E+14,118.8476814,3.227,3.115,-0.11,0.11199999
2024-07-08,2857.76001,2868.98999,2855.530029,2862.580078,-0.001561709,-0.00156293,0.006672145,26.14212472,68.65906975,31.77652094,25.54414899,425055594,9.94E+12,0.124012468,5.28E+11,-2.05E+11,-28226073262,-47534558080,5572.850098,40780.69922,23878.15039,1376.569946,105.0100021,12.36999989,29511.664,21095.3,4.28,4.4,313.569,4.2,5.64E+14,118.8476814,3.212,3.119,-0.12,0.092999935
2024-07-09,2867.379883,2875.370117,2854.129883,2872.629883,0.003366228,0.003360575,0.006666162,25.13070243,65.38410396,34.19626551,27.27457229,456429222,1.12E+13,0.073810646,3.27E+11,1.35E+11,-53028077615,-65384088183,5576.97998,41580.17188,23900.08008,1382.75,105.1200027,12.51000023,29511.664,21095.3,4.3,4.37,313.569,4.2,5.64E+14,118.8476814,3.191,3.114,-0.07,0.0769999
2024-07-10,2867.98999,2871.560059,2858.870117,2863.050049,0.000212775,0.000212753,0.006561269,24.87641253,63.8453483,35.7510453,28.96986689,472472909,1.18E+13,0.035150438,5.27E+11,1.71E+11,-67403242003,-71942289050,5633.910156,41831.98828,24007.08008,1382.420044,105.0500031,12.85000038,29511.664,21095.3,4.28,4.38,313.569,4.2,5.64E+14,118.8476814,3.198,3.12,-0.1,0.07800007
2024-07-11,2891.350098,2896.429932,2879.280029,2888.76001,0.008145115,0.008112122,0.006475878,24.74356515,74.56533062,38.42524264,30.86094204,462216873,1.46E+13,-0.021707141,6.10E+11,-2.19E+11,1.92E+11,-24089116123,5584.540039,42224.01953,24390.0293,1382.98999,104.4400024,12.92000008,29511.664,21095.3,4.2,4.26,313.569,4.2,5.64E+14,118.8476814,3.234,3.163,-0.06,0.07099986
2024-07-12,2857,2872.25,2844.879883,2867.75,-0.011880297,-0.011951432,0.007230116,26.19358608,69.81829203,37.34233826,32.15722129,408178316,1.41E+13,-0.116911693,-5.50E+11,2.43E+11,-39330074671,-15959715340,5615.350098,41190.67969,23916.92969,1371.27002,104.0899963,12.46000004,29511.664,21095.3,4.18,4.22,313.569,4.2,5.64E+14,118.8476814,3.177,3.101,-0.04,0.075999975
2024-07-15,2860.919922,2872.899902,2848.929932,2869.149902,0.001372041,0.001371101,0.007044048,26.78501674,69.05527652,36.38105551,33.00198813,424457898,1.22E+13,0.039883505,-76964828774,2.07E+11,-31056527583,-72565329112,5631.220215,41190.67969,23879.35938,1374.109985,104.1900024,13.11999989,29511.664,21095.3,4.23,4.23,313.569,4.2,5.64E+14,118.8476814,3.177,3.076,0,0.10100007
2024-07-16,2866.090088,2872.209961,2857.070068,2861.709961,0.001807169,0.001805538,0.006940511,25.78857422,67.25391938,35.62574973,33.52674045,677904823,1.27E+13,0.597107337,1.88E+11,1.92E+11,2143664276,-51740833718,5667.200195,41275.07813,23997.25,1383.689941,104.2699966,13.18999958,29511.664,21095.3,4.17,4.21,313.569,4.2,5.64E+14,118.8476814,3.137,3.035,-0.04,0.102
2024-07-17,2843.290039,2868.580078,2841.330078,2865.899902,-0.007955105,-0.007986916,0.0068336,25.55643136,62.91144226,32.80918718,33.3832298,549094120,1.39E+13,-0.190012961,-2.57E+11,3.52E+11,4754932181,-1.97E+11,5588.27002,41097.69141,23769.82031,1382.640015,103.75,14.47999954,29511.664,21095.3,4.16,4.19,313.569,4.2,5.64E+14,118.8476814,3.139,3.05,-0.03,0.08899999
2024-07-18,2824.350098,2824.350098,2799.02002,2805.639893,-0.006661277,-0.006683562,0.006996022,27.61713518,55.65551562,28.71770624,32.45012509,658374570,1.55E+13,0.199019523,-3.49E+11,3.83E+11,-65524507563,-85407403428,5544.589844,40126.35156,23398.4707,1378.650024,104.1699982,15.93000031,29511.664,21095.3,4.2,4.24,313.569,4.2,5.64E+14,118.8476814,3.138,3.058,-0.04,0.07999992
2024-07-19,2795.459961,2802.679932,2776.98999,2800.209961,-0.01022895,-0.010281626,0.007133117,29.43071638,48.27785738,22.88023641,30.53614735,426207952,9.59E+12,-0.352636066,-4.20E+11,-73813572200,-1.02E+11,-1.08E+11,5505,40063.78906,22869.25977,1385.23999,104.4000015,16.52000046,29511.664,21095.3,4.25,4.28,313.569,4.2,5.64E+14,118.8476814,3.156,3.074,-0.03,0.08200002
2024-07-22,2763.51001,2795.120117,2752.629883,2790.98999,-0.011429229,-0.011495044,0.007434373,30.43287877,46.7319486,15.49726267,27.52837041,463878258,1.05E+13,0.088384803,-85368275960,1.52E+11,-83764592286,-93564874878,5564.410156,39599,22256.99023,1388.810059,104.3099976,14.90999985,29511.664,21095.3,4.26,4.29,313.569,4.2,5.64E+14,118.8476814,3.145,3.071,-0.03,0.07399988
2024-07-23,2774.290039,2796.919922,2765.810059,2788.830078,0.003900847,0.003893258,0.007444991,31.03430176,46.25210078,10.39621991,24.10194031,423403234,1.15E+13,-0.087253548,2.47E+11,-1.06E+11,25867469004,13683039498,5555.740234,39594.39063,22871.83984,1387.099976,104.4499969,14.72000027,29511.664,21095.3,4.25,4.26,313.569,4.2,5.64E+14,118.8476814,3.171,3.084,-0.01,0.08699989
2024-07-24,2758.709961,2778.310059,2748.649902,2755.5,-0.005615879,-0.005631708,0.007389069,30.94360352,36.63265346,5.038345759,20.2892214,469221275,1.11E+13,0.108213725,-2.64E+11,6181282757,16199577051,-12685965214,5427.129883,39154.85156,22871.83984,1384.569946,104.3899994,18.04000092,29511.664,21095.3,4.28,4.24,313.569,4.2,5.64E+14,118.8476814,3.131,3.046,0.04,0.08500004
2024-07-25,2710.649902,2725.149902,2703.860107,2721.290039,-0.017421207,-0.017574743,0.008301997,31.50287737,20.68089133,-3.050686761,15.62123977,440318335,1.37E+13,-0.061597676,-6.77E+11,-267899826,-45715442104,-21567374341,5399.220215,37869.51172,22871.83984,1382.650024,104.3600006,18.45999908,29511.664,21095.3,4.27,4.26,313.569,4.2,5.64E+14,118.8476814,3.128,3.024,0.01,0.10400009
2024-07-26,2731.899902,2738.399902,2715.75,2724.98999,0.007839448,0.00780888,0.008440158,32.52359445,27.13966311,-7.658325496,10.96532672,516467609,1.30E+13,0.172941411,-47288785165,2.86E+11,66778146327,5130738888,5459.100098,37667.41016,22119.21094,1381.430054,104.3199997,16.38999939,29511.664,21095.3,4.2,4.2,313.569,4.2,5.64E+14,118.8476814,3.108,3.024,0,0.08400011
2024-07-29,2765.530029,2776.860107,2742.689941,2748.320068,0.012310161,0.012235007,0.008934102,34.21787807,32.98479886,-8.498279329,7.072605507,456515695,1.10E+13,-0.116080685,4.47E+11,-95649741562,31245544893,21975444038,5463.540039,38468.62891,22164.49023,1382.089966,104.5599976,16.60000038,29511.664,21095.3,4.17,4.19,313.569,4.2,5.64E+14,118.8476814,3.046,2.978,-0.02,0.06800008
2024-07-30,2738.189941,2754.530029,2732.820068,2744.399902,-0.009886021,-0.009935212,0.009010169,35.64787946,30.09328424,-11.240492,3.409986006,392868090,1.02E+13,-0.139420409,-2.45E+11,-1.77E+11,-7090627249,-1.00E+11,5436.439941,38525.94922,22223.57031,1381.359985,104.5500031,17.69000053,29511.664,21095.3,4.15,4.16,313.569,4.2,5.64E+14,118.8476814,3.052,2.994,-0.01,0.058000088
2024-07-31,2770.689941,2770.699951,2733.629883,2745.580078,0.011869155,0.011799269,0.009369295,36.2643171,31.99965327,-10.66825985,0.594336834,557090057,1.22E+13,0.418007904,1.49E+11,62441095900,4047743517,-53944809039,5522.299805,39101.82031,22199.34961,1383.5,104.0999985,16.36000061,29511.664,21095.3,4.09,4.1,313.569,4.2,5.64E+14,118.8476814,3.064,3.004,-0.01,0.059999943
2024-08-01,2777.679932,2794.110107,2772.969971,2787.27002,0.002522834,0.002519657,0.00900969,34.61788504,37.11502113,-9.540748156,-1.432680164,480833975,1.09E+13,-0.136882863,4.41E+11,-2.14E+11,7930266188,25173277491,5446.680176,38126.32813,22642.09961,1367.920044,104.4199982,18.59000015,29511.664,21186.8,3.99,3.96,314.062,4.2,5.64E+14,118.8476814,3.01,2.976,0.03,0.03399992
2024-08-02,2676.189941,2725.050049,2666.399902,2719.389893,-0.036537684,-0.037221903,0.011571753,40.8543178,27.21467985,-16.64471117,-4.475086365,531785136,1.31E+13,0.105964145,-8.48E+11,-3.28E+11,-1.32E+11,-1.09E+11,5346.560059,35909.69922,21638.08984,1368.969971,103.2099991,23.38999939,29511.664,21186.8,3.8,3.7,314.062,4.2,5.64E+14,118.8476814,2.976,2.939,0.1,0.03700018
2024-08-05,2441.550049,2611.300049,2386.959961,2611.300049,-0.087676846,-0.091761016,0.022882845,60.43218122,16.56324294,-40.73852306,-11.7277737,763777757,1.88E+13,0.436252549,-1.52E+12,-4.19E+11,23447557100,2.36E+11,5186.330078,31458.41992,19830.88086,1357.170044,102.6900024,38.56999969,29511.664,21186.8,3.78,3.71,314.062,4.2,5.64E+14,118.8476814,2.878,2.806,0.07,0.07200003
2024-08-06,2522.149902,2578.77002,2491.469971,2533.340088,0.033011756,0.03247857,0.024503888,68.28717913,26.81767777,-52.7215666,-19.92653228,567266430,1.55E+13,-0.257288623,-1.74E+11,-7.67E+11,1.40E+11,2.37E+11,5240.029785,34675.46094,20501.01953,1367.400024,102.9700012,27.70999908,29511.664,21186.8,3.9,3.76,314.062,4.2,5.64E+14,118.8476814,2.993,2.935,0.14,0.058000088
2024-08-07,2568.409912,2594.830078,2510.820068,2515.27002,0.018341499,0.018175323,0.02508194,71.12574986,32.22539359,-57.81891826,-27.50500948,476990686,1.31E+13,-0.1591417,-18716243874,-4.46E+11,64953210444,32426918201,5199.5,35089.62109,21295.2793,1370.310059,103.1999969,27.85000038,29511.664,21186.8,3.96,3.81,314.062,4.2,5.64E+14,118.8476814,3.001,2.929,0.15,0.07200003
2024-08-08,2556.72998,2570.340088,2518.52002,2530.209961,-0.004547534,-0.004557906,0.024878791,71.4443185,33.01458695,-62.08539723,-34.42108703,495299005,1.15E+13,0.03838297,-5.20E+11,-4.19E+11,43335833798,85226342980,5319.310059,34831.14844,20870.09961,1375.329956,103.2099991,23.79000092,29511.664,21186.8,3.99,3.86,314.062,4.2,5.64E+14,118.8476814,2.997,2.911,0.13,0.085999966
2024-08-09,2588.429932,2603.080078,2575.899902,2603.080078,0.012398631,0.012322397,0.025171234,71.69574847,37.53878448,-62.19178326,-39.97522627,475012051,9.72E+12,-0.040959004,152537242,-1.16E+11,37718158055,34021210450,5344.160156,35025,21469,1373.76001,103.1399994,20.37000084,29511.664,21186.8,3.94,3.86,314.062,4.2,5.64E+14,118.8476814,3.012,2.941,0.08,0.0710001
2024-08-12,2618.300049,2622.860107,2602.01001,2602.159912,0.011539859,0.011473783,0.025404753,71.76862444,39.19123247,-59.18359449,-43.81689992,293083794,7.60E+12,-0.38299714,78501696596,89921761727,26044643926,3960511024,5344.390137,35025,21773.25977,1363.839966,103.1399994,20.70999908,29511.664,21186.8,3.9,3.82,314.062,4.2,5.64E+14,118.8476814,3,2.946,0.08,0.0539999
2024-08-13,2621.5,2636.120117,2607.52002,2624.5,0.001222148,0.001221402,0.025397541,71.69290597,40.32656276,-55.89702776,-46.23292549,378532151,8.97E+12,0.291549239,1.33E+11,-28516764667,-7649488765,-2248875325,5434.430176,36232.51172,21796.57031,1369.540039,102.5599976,18.12000084,29511.664,21186.8,3.85,3.75,314.062,4.2,5.64E+14,118.8476814,2.974,2.918,0.1,0.055999994
2024-08-14,2644.5,2653.709961,2632.439941,2649.110107,0.008773603,0.008735338,0.025550122,70.07577079,45.16554032,-50.85032132,-47.15640465,328748140,8.87E+12,-0.13151858,3.92E+11,-95053747571,-3977404730,-29044198714,5455.209961,36442.42969,22027.25,1362.170044,102.5699997,16.19000053,29511.664,21186.8,3.83,3.76,314.062,4.2,5.64E+14,118.8476814,2.945,2.888,0.07,0.05699992
2024-08-16,2697.22998,2699.610107,2680.73999,2695.48999,0.01993949,0.019743302,0.026061786,72.03006417,47.57766391,-42.11047799,-46.14721932,385851899,1.12E+13,0.17370063,1.21E+12,2.33E+11,-15559717124,-2357676377,5554.25,38062.67188,22349.33008,1363.51001,102.4599991,14.80000019,29511.664,21186.8,3.89,3.87,314.062,4.2,5.64E+14,118.8476814,2.973,2.928,0.02,0.045000076
2024-08-19,2674.360107,2699.840088,2664.280029,2697.969971,-0.008479022,-0.008515174,0.026036303,71.35862514,43.53285217,-36.60750823,-44.2392771,395636824,9.26E+12,0.025359277,-1.20E+11,96704917440,-22660691972,-37701027259,5608.25,37388.62109,22409.63086,1348.97998,101.8899994,14.64999962,29511.664,21186.8,3.86,3.86,314.062,4.2,5.64E+14,118.8476814,2.985,2.927,0,0.05799985
2024-08-20,2696.629883,2706.050049,2686.060059,2699.73999,0.008327142,0.008292662,0.02604104,71.2857666,47.03057308,-30.10237882,-41.41189745,484188400,8.95E+12,0.223820359,2.93E+11,890635336,-13108035045,14505808864,5597.120117,38062.92188,22429.09961,1330.880005,101.4400024,15.88000011,29511.664,21186.8,3.82,3.8,314.062,4.2,5.64E+14,118.8476814,2.999,2.944,0.02,0.055000067
2024-08-21,2701.129883,2704.97998,2684.610107,2687.199951,0.00166875,0.001667359,0.026022764,70.09289551,44.82285432,-24.30374604,-37.99026716,417329635,9.38E+12,-0.138084194,31111966566,1.64E+11,-49926784595,-64132505607,5620.850098,37951.80078,22237.89063,1327.579956,101.0400009,16.27000046,29511.664,21186.8,3.79,3.74,314.062,4.2,5.64E+14,118.8476814,2.997,2.94,0.05,0.05699992
2024-08-22,2707.669922,2711.379883,2690.350098,2710.949951,0.002421223,0.002418297,0.026015083,69.92215402,44.78587354,-18.96197939,-34.18460961,441756204,8.95E+12,0.058530636,68658227680,79186890455,-5964946296,7471486834,5570.640137,38211.01172,22148.83008,1333.660034,101.5100021,17.54999924,29511.664,21186.8,3.86,3.82,314.062,4.2,5.64E+14,118.8476814,2.98,2.907,0.04,0.072999954
2024-08-23,2701.689941,2712.840088,2689.540039,2690.800049,-0.002208534,-0.002210976,0.025723031,63.6378697,52.21415919,-15.03777913,-30.35524351,330591762,8.29E+12,-0.251642062,-2.95E+11,3.37E+11,-28194176229,14509555932,5634.609863,38364.26953,22158.05078,1339.540039,100.7200012,15.85999966,29511.664,21186.8,3.81,3.73,314.062,4.2,5.64E+14,118.8476814,3.005,2.92,0.08,0.08500004
2024-08-26,2698.01001,2718.469971,2688.790039,2716.879883,-0.001362085,-0.001363014,0.025655048,45.0985805,87.18110809,-12.08544836,-26.70128448,333687885,9.09E+12,0.009365397,-4.67E+11,3.43E+11,7719858795,31745801309,5616.839844,38110.21875,22240.11914,1323.880005,100.8499985,16.14999962,29511.664,21186.8,3.82,3.74,314.062,4.2,5.64E+14,118.8476814,2.974,2.89,0.08,0.08399987
2024-08-27,2689.25,2700.179932,2681.919922,2696.23999,-0.003246841,-0.003252124,0.025479615,36.60144043,80.59998033,-10.33344698,-23.42771698,264056855,8.05E+12,-0.208671136,-4.07E+11,3.81E+11,8339642979,-18214989888,5625.799805,38288.62109,22185,1326.640015,100.5500031,15.43000031,29511.664,21186.8,3.83,3.72,314.062,4.2,5.64E+14,118.8476814,3.073,2.94,0.11,0.1329999
2024-08-28,2689.830078,2695.51001,2671.590088,2690.590088,0.000215703,0.000215679,0.025401598,32.30929129,76.70222762,-8.796762209,-20.50152603,280773871,1.06E+13,0.063308396,-3.44E+11,2.42E+11,6498887162,-32766656648,5592.180176,38371.76172,22370.66016,1326.359985,101.0899963,17.11000061,29511.664,21186.8,3.84,3.72,314.062,4.2,5.64E+14,118.8476814,3.054,2.919,0.12,0.13499999
2024-08-29,2662.280029,2672.899902,2649.560059,2657.179932,-0.010242301,-0.010295114,0.025300896,31.48428781,71.69760376,-9.690283596,-18.33927754,288835634,1.15E+13,0.028712654,-4.21E+11,-85314301143,-55602532288,-28011649724,5591.959961,38362.53125,22201.84961,1336.689941,101.3399963,15.64999962,29511.664,21186.8,3.87,3.76,314.062,4.2,5.64E+14,118.8476814,3.075,2.939,0.11,0.13600016
2024-08-30,2674.310059,2686.51001,2668.659912,2676.719971,0.004518694,0.004508516,0.025323475,29.90427944,69.20741596,-9.320244925,-16.53547102,278845310,1.03E+13,-0.034588267,-3.79E+11,4.22E+11,-12734537738,64139996341,5648.399902,38647.75,22268.08984,1332.880005,101.6999969,15,29511.664,21186.8,3.91,3.79,314.062,4.2,5.64E+14,118.8476814,3.088,2.953,0.12,0.13499999
2024-09-02,2681,2686.97998,2658.310059,2683.800049,0.002501558,0.002498434,0.023926218,29.49283273,65.64529001,-8.390444431,-14.9064657,266992573,8.67E+12,-0.042506496,2.39E+11,-4.11E+11,12931563638,1896520545,5648.399902,38700.87109,22235.09961,1336.579956,101.6999969,15,29511.664,21269.5,3.91,3.79,314.732,4.1,5.64E+14,118.8476814,3.121,2.989,0.12,0.13199997
2024-09-03,2664.629883,2695.590088,2664.629883,2683.120117,-0.006105974,-0.006124692,0.010543606,29.66141183,60.09831942,-8.872228954,-13.69961835,303460408,8.98E+12,0.136587451,-2.91E+11,-1.83E+11,-33003480658,3211590973,5528.930176,38686.30859,22092.21094,1337.550049,101.8300018,20.71999931,29511.664,21269.5,3.84,3.73,314.732,4.1,5.64E+14,118.8476814,3.12,2.981,0.11,0.13899994
2024-09-04,2580.800049,2608.129883,2578.070068,2589.939941,-0.031460217,-0.03196572,0.011320524,33.54354422,38.39200469,-15.83586764,-14.12686821,455469305,1.14E+13,0.500918383,-9.89E+11,-5.67E+11,-68018071389,30786041031,5520.069824,37047.60938,21092.75,1340.410034,101.3600006,21.31999969,29511.664,21269.5,3.77,3.63,314.732,4.1,5.64E+14,118.8476814,3.052,2.931,0.14,0.12100005
2024-09-05,2575.5,2615.800049,2560.649902,2598.360107,-0.002053646,-0.002055757,0.010600042,33.54640416,23.18128715,-21.53404011,-15.60830259,379002653,1.02E+13,-0.167885412,-5.86E+11,56112367418,-2909730265,52350112512,5503.410156,36657.08984,21187.71094,1331.01001,101.1100006,19.89999962,29511.664,21269.5,3.73,3.61,314.732,4.1,5.64E+14,118.8476814,3.03,2.905,0.12,0.125
2024-09-06,2544.280029,2576.939941,2529.310059,2576.659912,-0.012121907,-0.012195976,0.010911155,34.40853446,22.35865149,-28.24350007,-18.13534209,374782188,8.69E+12,-0.011135714,-2.66E+11,1.27E+11,-29159169767,852444260,5408.419922,36391.46875,21435.18945,1332.790039,101.1800003,22.37999916,29511.664,21269.5,3.72,3.54,314.732,4.1,5.64E+14,118.8476814,2.99,2.881,0.18,0.10899997
2024-09-09,2535.929932,2543.219971,2491.300049,2498.669922,-0.00328191,-0.003287307,0.01051609,35.92925153,13.70497357,-33.84444088,-21.27716185,270230978,7.45E+12,-0.278965259,-5.42E+11,-8601764591,14212301153,35738313274,5471.049805,36215.75,21144.43945,1337.77002,101.5500031,19.45000076,29511.664,21269.5,3.7,3.54,314.732,4.1,5.64E+14,118.8476814,3.032,2.897,0.16,0.13499999
2024-09-10,2523.429932,2544.830078,2522.47998,2542.689941,-0.004929158,-0.004941347,0.010122499,36.07069615,11.26518162,-38.84410174,-24.79054982,347650170,8.42E+12,0.286492661,-6.71E+11,-1.03E+11,11857202176,37065925984,5495.52002,36159.16016,21064.08008,1341.27002,101.6299973,19.07999992,29511.664,21269.5,3.65,3.42,314.732,4.1,5.64E+14,118.8476814,3.01,2.877,0.23,0.1329999
2024-09-11,2513.370117,2526.129883,2493.370117,2524.860107,-0.003986564,-0.003994531,0.010106509,36.9085519,8.286842817,-43.12103944,-28.45664775,302560681,9.62E+12,-0.129697877,-1.04E+12,80077198047,-39489199510,19281845159,5554.129883,35619.76953,21031,1343.339966,101.6800003,17.69000053,29511.664,21269.5,3.65,3.45,314.732,4.1,5.64E+14,118.8476814,2.943,2.82,0.2,0.123000145
2024-09-12,2572.090088,2572.090088,2572.090088,2572.090088,0.023363042,0.023094303,0.01135064,39.43854632,27.31411878,-41.29629451,-31.0245771,340478891,1.13E+13,0.125324315,2.78E+11,-1.67E+11,1.44E+11,-43818934496,5595.759766,36833.26953,21653.25,1339.180054,101.3700027,17.06999969,29511.664,21269.5,3.68,3.47,314.732,4.1,5.64E+14,118.8476814,2.97,2.866,0.21,0.10400009
2024-09-13,2575.409912,2584.110107,2562.909912,2571.810059,0.001290711,0.001289878,0.010237985,38.83285086,28.51230546,-39.13120872,-32.64590342,358262872,8.42E+12,0.052232257,-9.58E+11,2.76E+11,36853809822,71033961638,5626.02002,36581.76172,21759.65039,1335.689941,101.1100006,16.55999947,29511.664,21269.5,3.66,3.42,314.732,4.1,5.64E+14,118.8476814,2.928,2.822,0.24,0.10599995
2024-09-19,2580.800049,2598.679932,2550.090088,2594.669922,0.002092924,0.002090737,0.010174184,40.99926758,30.76514047,-36.55899432,-33.4285216,385081293,1.29E+13,0.074856825,-1.18E+12,8.88E+11,-1173328275,10738731739,5713.640137,37155.32813,22042.68945,1322.26001,100.6100006,16.32999992,29511.664,21269.5,3.73,3.47,314.732,4.1,5.64E+14,118.8476814,2.979,2.843,0.26,0.13600016
2024-09-20,2593.370117,2619.550049,2591.399902,2603.830078,0.004870609,0.004858786,0.010023099,42.05855887,33.58965754,-33.12435941,-33.36768916,495964133,1.43E+13,0.287946577,-33693633654,2.34E+11,28014301786,14036438593,5702.549805,37723.91016,22159.41992,1327.609985,100.7200012,16.14999962,29511.664,21269.5,3.73,3.46,314.732,4.1,5.64E+14,118.8476814,2.989,2.838,0.27,0.15100002
2024-09-23,2602.01001,2603.570068,2588.48999,2596.469971,0.003331531,0.003325994,0.010061413,40.25927734,39.04140602,-29.36669836,-32.567491,339140017,9.53E+12,-0.316200518,-7.02E+11,2.81E+11,9944915232,28082208914,5718.569824,37723.91016,22285.5293,1331.5,100.9199982,15.89000034,29511.664,21269.5,3.75,3.47,314.732,4.1,5.64E+14,118.8476814,3.022,2.864,0.28,0.15799999
2024-09-24,2631.679932,2631.679932,2597.810059,2612.449951,0.011402693,0.011338173,0.010451603,40.9478411,42.71602713,-23.72116732,-30.79822627,355097005,1.03E+13,0.047051327,-3.77E+11,5.52E+11,208412350,6470306187,5732.930176,37940.58984,22431.7793,1333.619995,100.3700027,15.39000034,29511.664,21269.5,3.74,3.44,314.732,4.1,5.64E+14,118.8476814,3.026,2.854,0.3,0.17199993
2024-09-25,2596.320068,2663.360107,2596.320068,2652.709961,-0.013436232,-0.013527315,0.010797095,43.68856376,36.82227708,-21.84843361,-29.00826773,454471748,1.17E+13,0.279852383,-5.70E+11,7.07E+11,-81369236152,-46333782707,5722.259766,37870.26172,22761.59961,1324.890015,100.9199982,15.40999985,29511.664,21269.5,3.79,3.49,314.732,4.1,5.64E+14,118.8476814,2.997,2.812,0.3,0.18499994
2024-09-26,2671.570068,2671.570068,2630.300049,2630.909912,0.028983329,0.028571256,0.012780967,46.85212054,50.91275129,-14.12935809,-26.03248581,324888966,1.16E+13,-0.285128355,4.95E+11,6.99E+11,51972990585,4125029205,5745.370117,38925.62891,22858.81055,1335.050049,100.5599976,15.36999989,29511.664,21269.5,3.79,3.54,314.732,4.1,5.64E+14,118.8476814,3.001,2.807,0.25,0.194
2024-09-27,2649.780029,2681.449951,2649.780029,2674.580078,-0.008156267,-0.008189711,0.01288435,42.93141392,60.84114803,-9.658867766,-22.7577622,413004129,1.20E+13,0.271216238,2.66E+11,-4.22E+11,3161310152,2057999664,5738.169922,39829.55859,22822.78906,1313.300049,100.4199982,16.95999908,29511.664,21269.5,3.75,3.49,314.732,4.1,5.64E+14,118.8476814,3,2.826,0.26,0.17400002
2024-09-30,2593.27002,2668.659912,2593.27002,2665.23999,-0.021326302,-0.021556994,0.013693805,44.37711007,52.40558255,-10.55419529,-20.31704882,358915798,1.08E+13,-0.130963173,-1.00E+12,-1.72E+11,4061327531,-23375912575,5762.47998,37919.55078,22224.53906,1309.300049,100.7799988,16.72999954,29511.664,21269.5,3.81,3.58,314.732,4.1,5.64E+14,118.8476814,2.992,2.811,0.23,0.181
2024-10-02,2561.689941,2591.610107,2555.459961,2566.550049,-0.012177705,-0.012252461,0.013764316,43.67569406,52.35453808,-13.65459551,-18.98455816,351004351,9.61E+12,-0.022042627,-3.07E+11,-6.23E+11,-32708753832,-21190827398,5709.540039,37808.76172,22390.39063,1324.839966,101.6800003,18.89999962,29825.182,21331.9,3.79,3.54,315.631,4.1,5.64E+14,118.8476814,2.932,2.78,0.25,0.15199995
2024-10-04,2569.709961,2585.590088,2555.570068,2563.699951,0.003130753,0.003125863,0.013733737,42.03569685,54.57253538,-15.28830244,-18.24530701,414328553,1.00E+13,0.180408596,42753532722,-1.69E+11,-7709625782,-65243575899,5751.069824,38635.62109,22302.71094,1334.410034,102.5199966,19.20999908,29825.182,21331.9,3.98,3.84,315.631,4.1,5.64E+14,118.8476814,2.996,2.824,0.14,0.17200017
2024-10-07,2610.379883,2611.929932,2561.459961,2579.199951,0.015826658,0.015702723,0.014268097,44.04425921,60.9357373,-13.14972233,-17.22619008,343671145,1.04E+13,-0.17053473,29180864802,-63788114571,25309093861,86903623202,5695.939941,39332.73828,22702.56055,1345.880005,102.5400009,22.63999939,29825.182,21331.9,4.03,3.89,315.631,4.1,5.64E+14,118.8476814,3.101,2.96,0.14,0.14100003
2024-10-08,2594.360107,2601.959961,2581.790039,2592.649902,-0.006136952,-0.00615586,0.01426865,43.74640765,60.03569754,-12.60227302,-16.30140667,318240024,9.17E+12,-0.073998418,-3.81E+11,-3.24E+11,-17553266100,4681380222,5751.129883,38937.53906,22611.39063,1342.369995,102.5500031,21.42000008,29825.182,21331.9,4.04,3.86,315.631,4.1,5.64E+14,118.8476814,3.077,2.932,0.18,0.14499998
2024-10-10,2599.159912,2613.610107,2596.860107,2611.649902,0.001850092,0.001848383,0.012318368,40.92712402,53.87166025,-11.64685369,-15.37049607,618559988,1.39E+13,0.943690112,1.63E+11,-4.39E+11,23804233192,1.18E+11,5780.049805,39380.89063,22659.08008,1343.02002,102.9899979,20.93000031,29825.182,21331.9,4.09,3.88,315.631,4.1,5.64E+14,118.8476814,3.088,2.962,0.21,0.12600017
2024-10-11,2596.909912,2621.929932,2594.429932,2612.02002,-0.000865664,-0.000866039,0.012308986,41.37711007,53.08447563,-10.94506529,-14.48540991,491276237,9.55E+12,-0.205774304,-5.99E+11,1.75E+11,-14539617289,71242141360,5815.029785,39605.80078,22901.64063,1349.73999,102.8899994,20.45999908,29825.182,21331.9,4.08,3.85,315.631,4.1,5.64E+14,118.8476814,3.085,2.947,0.23,0.13800001
2024-10-14,2623.290039,2628.540039,2602.629883,2602.629883,0.010158276,0.010107027,0.012115207,40.16570173,55.74951223,-8.166103391,-13.22154861,401705670,8.53E+12,-0.182322205,91477689688,2.48E+11,-9158474001,89708652791,5859.850098,39605.80078,22975.28906,1348.329956,103.3000031,19.70000076,29825.182,21331.9,4.08,3.85,315.631,4.1,5.64E+14,118.8476814,3.087,2.938,0.23,0.14899993
2024-10-15,2633.449951,2635.320068,2615.469971,2632.370117,0.003872966,0.003865485,0.012071039,38.81570871,55.45898982,-5.085315713,-11.59430203,438292799,1.01E+13,0.091079444,2.90E+11,-84716024327,228325772,71140727656,5815.259766,39910.55078,23292.03906,1357.27002,103.2600021,20.63999939,29825.182,21331.9,4.03,3.86,315.631,4.1,5.64E+14,118.8476814,3.05,2.906,0.17,0.14400005
2024-10-16,2610.360107,2622.330078,2601.350098,2606.699951,-0.008767907,-0.008806571,0.012216182,40.03140695,51.0942357,-4.455565715,-10.16655477,437552776,1.01E+13,-0.001688422,-6.60E+11,-1.46E+11,-8520262010,1.63E+11,5842.470215,39180.30078,23010.98047,1363.180054,103.5899963,19.57999992,29825.182,21331.9,4.02,3.84,315.631,4.1,5.64E+14,118.8476814,3.008,2.88,0.18,0.12799978
2024-10-17,2609.300049,2622.709961,2603.52002,2620.73999,-0.000406097,-0.000406179,0.012154441,38.9828404,46.82950112,-3.995959242,-8.932435662,331265227,9.95E+12,-0.242913666,-4.05E+11,1.59E+11,15592590772,18201444337,5841.470215,38911.19141,23053.83984,1364.199951,103.8300018,19.11000061,29825.182,21331.9,4.09,3.89,315.631,4.1,5.64E+14,118.8476814,3.028,2.897,0.2,0.13100004
2024-10-18,2593.820068,2618.320068,2587.959961,2616.040039,-0.005932618,-0.005950286,0.011181638,36.36284528,49.62469176,-4.825200941,-8.110988718,265201103,8.27E+12,-0.199429697,-4.78E+11,1.41E+11,-15970324584,35681143792,5864.669922,38981.75,23487.26953,1370.050049,103.4899979,18.03000069,29825.182,21331.9,4.08,3.86,315.631,4.1,5.64E+14,118.8476814,3.072,2.908,0.22,0.16400003
2024-10-21,2604.919922,2618.709961,2594.050049,2600.77002,0.004279346,0.004270216,0.011213646,32.76569475,37.60732414,-4.534445286,-7.395680032,240675023,7.76E+12,-0.092481063,22102494346,1.97E+11,3003491522,-31017212887,5853.97998,38954.60156,23542.5293,1369.01001,104.0100021,18.37000084,29825.182,21331.9,4.19,3.95,315.631,4.1,5.64E+14,118.8476814,3.054,2.902,0.24,0.15199995
2024-10-22,2570.699951,2604.159912,2564.459961,2600.870117,-0.013136669,-0.013223718,0.011619829,33.39355469,35.94578459,-6.984768914,-7.313497808,343318170,8.96E+12,0.426480263,-2.81E+11,-2.78E+11,-46752818001,16006775432,5851.200195,38411.96094,23535.42969,1376.5,104.0800018,18.20000076,29825.182,21331.9,4.2,3.98,315.631,4.1,5.64E+14,118.8476814,3.13,2.943,0.22,0.18700004
2024-10-23,2599.620117,2607.790039,2567.419922,2575.25,0.011249919,0.011187109,0.011848631,30.89214216,51.25125318,-6.517917841,-7.154381815,352421162,9.43E+12,0.02651474,2.12E+11,2.05E+11,15210770999,71854236317,5797.419922,38104.85938,23334.75977,1376.630005,104.4300003,19.23999977,29825.182,21331.9,4.24,4.03,315.631,4.1,5.64E+14,118.8476814,3.128,2.936,0.21,0.19199991
2024-10-24,2581.030029,2600.26001,2578.800049,2591.689941,-0.007151079,-0.00717677,0.011931531,29.72427804,54.01647415,-7.56084304,-7.23567406,343098218,9.73E+12,-0.026453985,-6.07E+11,-14263557786,2405545884,-20276440051,5809.859863,38143.28906,23192.51953,1377.339966,104.0599976,19.07999992,29825.182,21331.9,4.21,4.02,315.631,4.1,5.64E+14,118.8476814,3.074,2.891,0.19,0.18299985
2024-10-25,2583.27002,2611.27002,2577,2597.439941,0.000867867,0.00086749,0.011614662,30.02784947,52.88537065,-8.113097543,-7.411158756,462898403,1.03E+13,0.349171691,-3.91E+11,90701516255,5447350376,-8484599509,5808.120117,37913.92188,23348.44922,1376.319946,104.2600021,20.32999992,29825.182,21331.9,4.25,4.05,315.631,4.1,5.64E+14,118.8476814,3.054,2.882,0.2,0.17199993
2024-10-28,2612.429932,2612.959961,2587.199951,2588.449951,0.011287985,0.011224751,0.01151986,28.54356166,50.45868653,-6.127171786,-7.154361362,333735957,9.13E+12,-0.279029794,-1.28E+11,3.50E+11,22124938772,82873506991,5823.52002,38605.53125,23198.07031,1387.660034,104.3199997,19.79999924,29825.182,21331.9,4.28,4.09,315.631,4.1,5.64E+14,118.8476814,3.117,2.932,0.19,0.18500018
2024-10-29,2617.800049,2617.800049,2595.860107,2606.939941,0.002055602,0.002053493,0.00943281,28.06856864,55.506992,-4.073036312,-6.538096352,363290058,9.34E+12,0.08855534,-1.18E+11,32617447526,-10134760932,25314403149,5832.919922,38903.67969,22926.58984,1381.969971,104.2799988,19.34000015,29825.182,21331.9,4.28,4.08,315.631,4.1,5.64E+14,118.8476814,3.118,2.936,0.2,0.18199992
2024-10-30,2593.790039,2613.469971,2586.879883,2606.98999,-0.009171827,-0.009214147,0.009476491,28.90215193,48.84284955,-4.332582958,-6.096993673,487359045,9.07E+12,0.341514953,-3.36E+11,46821689654,-46166150285,8035688985,5813.669922,39277.39063,22820.42969,1383.180054,103.9899979,20.35000038,29825.182,21331.9,4.29,4.14,315.631,4.1,5.64E+14,118.8476814,3.105,2.937,0.15,0.16799998
2024-10-31,2556.149902,2579.649902,2552.360107,2575.23999,-0.014511636,-0.01461796,0.008788948,29.89714704,42.37903215,-7.489189294,-6.375432797,406613036,1.10E+13,-0.165680744,-8.58E+11,2.58E+11,-32653516665,49871877805,5705.450195,39081.25,22820.42969,1378.569946,103.9800034,23.15999985,29825.182,21331.9,4.28,4.12,315.631,4.1,5.64E+14,118.8476814,3.1,2.936,0.16,0.1639998
2024-11-01,2542.360107,2559.300049,2536.840088,2542.959961,-0.005394752,-0.005409356,0.008442778,29.24213518,34.12078947,-10.97700765,-7.295747768,319848769,7.94E+12,-0.213382896,-39017847667,-2.37E+11,-34987822855,14780765621,5728.799805,38053.67188,22780.08008,1372.930054,104.2799988,21.87999916,29825.182,21452.2,4.37,4.18,316.528,4.2,5.64E+14,118.8476814,3.09,2.939,0.19,0.15100002
2024-11-04,2588.969971,2588.969971,2542.679932,2549.040039,0.018333305,0.018167276,0.009388372,31.15354701,42.36473268,-9.866369033,-7.809872021,373943470,8.06E+12,0.169125869,29716800648,1.84E+11,4963715143,1.02E+11,5712.689941,38053.67188,22965.39063,1379.339966,103.8899994,21.97999954,29825.182,21452.2,4.31,4.1,316.528,4.2,5.64E+14,118.8476814,3.096,2.935,0.21,0.16100001
2024-11-05,2576.879883,2586.72998,2564.659912,2570.23999,-0.004669845,-0.004680783,0.008719215,30.59713309,44.02736173,-9.848224774,-8.217542572,310875315,7.72E+12,-0.168656923,-1.44E+11,-2.02E+11,-44763636469,-28910188732,5782.759766,38474.89844,23106.78906,1372.859985,103.4199982,20.48999977,29825.182,21452.2,4.26,4.11,316.528,4.2,5.64E+14,118.8476814,3.073,2.918,0.15,0.15499997
2024-11-06,2563.51001,2592.75,2544.040039,2591.899902,-0.005188396,-0.005201902,0.008690046,32.70570592,42.17504639,-10.78832128,-8.731698314,548506117,1.18E+13,0.764392638,-1.03E+11,-43773444714,-9040870503,76337430691,5929.040039,39480.67188,23217.38086,1378,105.0899963,16.27000046,29825.182,21452.2,4.42,4.2,316.528,4.2,5.64E+14,118.8476814,3.134,2.96,0.22,0.17400002
2024-11-07,2564.629883,2579.810059,2540.47998,2557.22998,0.000436851,0.000436756,0.008674849,33.34641811,44.75430162,-11.3125857,-9.247875791,465146173,1.08E+13,-0.151976325,1.05E+11,-55393323792,4956478096,1.79E+11,5973.100098,39381.41016,23408.82031,1399.800049,104.5100021,15.19999981,29825.182,21452.2,4.31,4.13,316.528,4.2,5.64E+14,118.8476814,3.098,2.922,0.18,0.17600012
2024-11-08,2561.149902,2593.149902,2553.419922,2586.699951,-0.001356913,-0.001357835,0.008676135,34.40642439,41.91270802,-11.8720211,-9.772704852,448734499,9.92E+12,-0.035282831,-13207813305,1.94E+11,-47770120168,-6441943082,5995.540039,39500.37109,23553.89063,1372.079956,105,14.93999958,29825.182,21452.2,4.3,4.18,316.528,4.2,5.64E+14,118.8476814,3.049,2.889,0.12,0.16000009
2024-11-11,2531.659912,2562.050049,2525.560059,2562.050049,-0.011514355,-0.011581159,0.008610308,34.12285505,42.65833153,-14.52750935,-10.72366575,572196827,1.13E+13,0.275134469,-4.82E+11,-2.21E+11,-17545700228,71860171483,6001.350098,39533.32031,23529.64063,1397.199951,105.5400009,14.97000027,29825.182,21452.2,4.3,4.18,316.528,4.2,5.64E+14,118.8476814,3.038,2.901,0.12,0.13700008
2024-11-12,2482.570068,2532.439941,2481.530029,2527.939941,-0.019390378,-0.019580838,0.009364632,34.87569754,29.54025019,-20.35846336,-12.65062527,735812780,1.28E+13,0.285943482,-3.06E+11,-26351345295,-87729325236,1.65E+11,5983.990234,39376.08984,22981.76953,1400.550049,106.0199966,14.71000004,29825.182,21452.2,4.43,4.29,316.528,4.2,5.64E+14,118.8476814,3.014,2.9,0.14,0.11399984
2024-11-13,2417.080078,2478.870117,2415.77002,2468.27002,-0.026379916,-0.026734109,0.010715321,38.11427525,25.37915368,-29.91914206,-16.10432863,619176261,1.12E+13,-0.158513853,-6.31E+11,69869273798,-32997618165,25758571687,5985.379883,38721.66016,22860.23047,1406.650024,106.4800034,14.02000046,29825.182,21452.2,4.44,4.25,316.528,4.2,5.64E+14,118.8476814,3.067,2.939,0.19,0.12800002
2024-11-14,2418.860107,2441.429932,2410.929932,2430.26001,0.000736438,0.000736167,0.010737646,37.84498814,25.27592433,-36.92674678,-20.26881226,639989952,1.30E+13,0.033615131,-2.33E+11,-31985934413,96935139213,1.78E+11,5949.169922,38535.69922,22715.38086,1399,106.6699982,14.31000042,29825.182,21452.2,4.43,4.3,316.528,4.2,5.64E+14,118.8476814,3.074,2.929,0.13,0.14499998
2024-11-15,2416.860107,2433.179932,2390.560059,2413.050049,-0.000826836,-0.000827178,0.010744485,38.76855469,17.97398111,-42.15576191,-24.64620219,623327161,1.24E+13,-0.02603602,-59478559825,-96392962924,7134765771,1.04E+11,5870.620117,38642.91016,22742.76953,1400.829956,106.6900024,16.13999939,29825.182,21452.2,4.43,4.27,316.528,4.2,5.64E+14,118.8476814,3.084,2.941,0.16,0.14300013
2024-11-18,2469.070068,2480.01001,2437.530029,2440.310059,0.021602393,0.021372368,0.012004829,41.71212333,28.88374653,-41.60726392,-28.03841454,443925881,1.06E+13,-0.28781239,-52987299865,-73025632748,14864147688,43784358580,5893.620117,38220.85156,22546.53906,1394.349976,106.2799988,15.57999992,29825.182,21452.2,4.42,4.25,316.528,4.2,5.64E+14,118.8476814,3.063,2.915,0.17,0.148
2024-11-19,2471.949951,2479.389893,2465.149902,2469.129883,0.001166384,0.001165704,0.011768406,40.5206822,31.59733822,-40.47363793,-30.52545921,410856127,9.09E+12,-0.074493864,-3.30E+11,1.20E+11,27971023145,3.19E+11,5916.97998,38414.42969,22848.80078,1389.5,106.2099991,16.35000038,29825.182,21452.2,4.39,4.24,316.528,4.2,5.64E+14,118.8476814,3.036,2.889,0.15,0.14700007
2024-11-20,2482.290039,2489.149902,2471.790039,2475.76001,0.004182968,0.004174244,0.011456453,38.8013916,37.84156783,-38.29938107,-32.08024359,408789732,7.82E+12,-0.005029486,-1.82E+11,-32152100370,24153633173,1.81E+11,5917.109863,38352.33984,22688.35938,1392.160034,106.6800003,17.15999985,29825.182,21452.2,4.41,4.26,316.528,4.2,5.64E+14,118.8476814,3.017,2.873,0.15,0.14400005
2024-11-21,2480.629883,2496.969971,2474.620117,2474.620117,-0.0006688,-0.000669024,0.011403221,38.79352679,39.41560556,-36.2918774,-32.92257035,451118534,8.36E+12,0.103546637,-2.59E+11,-288550286,14389628978,3.01E+11,5948.709961,38026.17188,22555.66016,1397.619995,106.9700012,16.87000084,29825.182,21452.2,4.43,4.3,316.528,4.2,5.64E+14,118.8476814,2.978,2.829,0.13,0.14899993
2024-11-22,2501.23999,2511.22998,2492.209961,2493.419922,0.008308417,0.008274092,0.011618921,37.6499721,33.48518022,-32.66135312,-32.8703269,543517791,8.02E+12,0.204822569,1.18E+11,1.72E+11,49241716550,82570042348,5969.339844,38283.85156,22904.32031,1399.599976,107.4899979,15.23999977,29825.182,21452.2,4.41,4.32,316.528,4.2,5.64E+14,118.8476814,2.976,2.816,0.09,0.16000009
2024-11-25,2534.340088,2541.76001,2517.97998,2524.110107,0.013233475,0.013146678,0.011738027,38.80782645,42.57905698,-26.80425247,-31.65711202,564692445,1.35E+13,0.03895853,-74748556334,4.36E+11,-11709771039,54485875472,5987.370117,38780.14063,22948.36914,1403.51001,106.8199997,14.60000038,29825.182,21452.2,4.27,4.21,316.528,4.2,5.64E+14,118.8476814,2.92,2.773,0.06,0.14700007
2024-11-26,2520.360107,2526.620117,2512.209961,2521.389893,-0.005516221,-0.005531492,0.011739115,36.90926688,42.48861448,-23.0251065,-29.93071091,441708781,8.71E+12,-0.217788754,-68993373953,-2.33E+11,-76133135952,71949430369,6021.629883,38442,22678.75977,1395.560059,107.0100021,14.10000038,29825.182,21452.2,4.3,4.21,316.528,4.2,5.64E+14,118.8476814,2.903,2.773,0.09,0.13000011
2024-11-27,2503.060059,2526.320068,2498.320068,2518.820068,-0.006864118,-0.006887784,0.011674139,36.09997559,39.85369755,-21.18190366,-28.18094946,414339138,8.59E+12,-0.061963095,-3.35E+11,1.43E+11,-66310527177,2.01E+11,5998.740234,38134.96875,22334.7793,1395.27002,106.0800018,14.10000038,29825.182,21452.2,4.25,4.17,316.528,4.2,5.64E+14,118.8476814,2.88,2.741,0.08,0.13900018
2024-11-28,2504.669922,2513.629883,2495.639893,2499.689941,0.000643158,0.000642951,0.011283073,34.54711914,40.63474611,-19.3679875,-26.41835707,342571105,7.57E+12,-0.173210847,-4.92E+11,2.81E+11,-32204512507,85666024663,5998.740234,38349.05859,22298.90039,1388.469971,106.0800018,14.10000038,29825.182,21452.2,4.25,4.17,316.528,4.2,5.64E+14,118.8476814,2.788,2.638,0.08,0.1500001
2024-11-29,2455.909912,2496.929932,2446.959961,2496.929932,-0.019467639,-0.019659629,0.012002063,36.06283133,38.19394873,-21.61579771,-25.4578452,384278001,9.11E+12,0.121746684,-7.49E+11,99435592904,-40090877675,10157082431,6032.379883,38208.03125,22262.5,1393.300049,105.7399979,13.51000023,29825.182,21452.2,4.18,4.1,316.528,4.2,5.64E+14,118.8476814,2.751,2.607,0.08,0.14399981
2024-12-02,2454.47998,2483.290039,2448.449951,2479.02002,-0.000582241,-0.000582411,0.011061519,34.91498675,44.85812322,-23.24463731,-25.01520362,328109545,7.59E+12,-0.146166202,-1.31E+11,4.27E+11,-20717896897,-8074264978,6047.149902,38513.01953,22736.92969,1399.859985,106.4499969,13.34000015,29825.182,21485.9,4.19,4.11,317.604,4.1,5.64E+14,118.8476814,2.697,2.567,0.08,0.13000011
2024-12-03,2500.100098,2500.669922,2471.550049,2472.060059,0.018586469,0.018415852,0.012005607,33.44283622,66.38896279,-20.61668592,-24.13550008,324137730,9.15E+12,-0.012105149,5.66E+11,2.44E+11,-4024994759,-318937050,6049.879883,39248.85938,23027.46094,1401.060059,106.3700027,13.30000019,29825.182,21485.9,4.23,4.13,317.604,4.1,5.64E+14,118.8476814,2.713,2.585,0.1,0.12800002
2024-12-04,2464,2483.040039,2442.459961,2450.76001,-0.014439461,-0.014544724,0.012333996,35.38141741,57.84767714,-21.20258152,-23.54891637,670284268,1.33E+13,1.067899556,-4.07E+11,24347148909,-77409636642,1.12E+11,6086.490234,39276.39063,23255.33008,1411.670044,106.3399963,13.44999981,29825.182,21485.9,4.19,4.09,317.604,4.1,5.64E+14,118.8476814,2.765,2.626,0.1,0.13900018
2024-12-05,2441.850098,2471.449951,2434.780029,2471.449951,-0.008989408,-0.009030057,0.012417753,34.9564209,54.06010892,-23.18693546,-23.47652019,519351593,9.72E+12,-0.225177111,-3.17E+11,-4639211800,-58486425942,1.57E+11,6075.109863,39395.60156,23267.93945,1410.800049,105.7099991,13.53999996,29825.182,21485.9,4.17,4.1,317.604,4.1,5.64E+14,118.8476814,2.738,2.603,0.07,0.13499999
2024-12-06,2428.159912,2459.23999,2397.72998,2451.600098,-0.005606481,-0.005622256,0.012434561,34.83928571,42.40239107,-25.5694847,-23.89511309,630408602,1.07E+13,0.213837813,-2.84E+11,4.71E+11,-2680002790,3.45E+11,6090.27002,39091.17188,23193.26953,1399.98999,105.9700012,12.77000046,29825.182,21485.9,4.15,4.05,317.604,4.1,5.64E+14,118.8476814,2.744,2.62,0.1,0.12400007
2024-12-09,2360.580078,2399.52002,2360.179932,2392.370117,-0.027831706,-0.028226348,0.013568038,38.67785645,33.32438939,-32.53574811,-25.62324009,591644435,1.00E+13,-0.061490543,1.03E+11,4.90E+11,-32970450079,2.28E+11,6052.850098,39160.5,23273.25,1424.219971,106.1500015,14.18999958,29825.182,21485.9,4.2,4.09,317.604,4.1,5.64E+14,118.8476814,2.677,2.579,0.11,0.09800005
2024-12-10,2417.840088,2419.060059,2384.51001,2384.51001,0.024256754,0.023967231,0.014324501,41.61500767,41.53867752,-33.05511897,-27.10961587,598770280,9.30E+12,0.012044134,-1.05E+11,3.65E+11,11505853560,20341073636,6034.910156,39367.57813,23125.08008,1426.599976,106.4000015,14.18000031,29825.182,21485.9,4.22,4.08,317.604,4.1,5.64E+14,118.8476814,2.645,2.524,0.14,0.12100005
2024-12-11,2442.51001,2443.340088,2411.379883,2412.149902,0.010203289,0.010151587,0.013211639,42.30146136,45.28055974,-31.11736597,-27.91116589,617716470,7.75E+12,0.031641834,-1.38E+11,1.71E+11,9212492395,-26820336054,6084.189941,39372.23047,22903.63086,1433.949951,106.7099991,13.57999992,29825.182,21485.9,4.26,4.09,317.604,4.1,5.64E+14,118.8476814,2.692,2.536,0.17,0.1559999
2024-12-12,2482.120117,2487.949951,2448.76001,2456.629883,0.016216968,0.016086878,0.013662854,43.3614502,47.73922005,-26.08478891,-27.54589049,664187237,1.23E+13,0.07522993,-20895446529,-5.32E+11,1.68E+11,3.88E+11,6051.25,39849.14063,23046.80078,1429.150024,106.9599991,13.92000008,29825.182,21485.9,4.32,4.14,317.604,4.1,5.64E+14,118.8476814,2.7,2.549,0.18,0.15100002
2024-12-13,2494.459961,2500.320068,2470.23999,2473.75,0.004971493,0.004959176,0.013676901,42.61574009,45.04101698,-20.86024911,-26.20876222,577737398,8.85E+12,-0.130158838,-1.74E+11,-1.47E+11,-14543519819,2.61E+11,6051.089844,39470.44141,23020.48047,1427.859985,107,13.81000042,29825.182,21485.9,4.4,4.21,317.604,4.1,5.64E+14,118.8476814,2.676,2.541,0.19,0.13500023
2024-12-16,2488.969971,2515.620117,2483.429932,2511.080078,-0.002200873,-0.002203299,0.012873651,43.33431571,46.01253174,-16.96717299,-24.36044437,526708153,8.47E+12,-0.08832602,-4.34E+11,-60241181602,-54361564808,1.42E+11,6074.080078,39457.48828,23039.90039,1434.449951,106.8600006,14.68999958,29825.182,21485.9,4.39,4.22,317.604,4.1,5.64E+14,118.8476814,2.721,2.553,0.17,0.16799998
2024-12-17,2456.810059,2487.310059,2455.050049,2487.310059,-0.012920972,-0.013005174,0.013214819,43.75716727,44.33862573,-16.28914711,-22.74618492,559039721,9.28E+12,0.061384218,-7.02E+11,47947415961,-14850160394,1.41E+11,6050.609863,39364.67969,23018.00977,1431.349976,106.9599991,15.86999989,29825.182,21485.9,4.4,4.22,317.604,4.1,5.64E+14,118.8476814,2.79,2.621,0.18,0.16899991
2024-12-18,2484.429932,2492,2462.820068,2463.060059,0.011242169,0.011179445,0.01343092,44.98573521,47.67077857,-13.36900423,-20.87074878,441677820,8.34E+12,-0.209934816,3.92E+11,85258693459,-17429787527,1.00E+11,5872.160156,39081.71094,23168.66992,1436.420044,108.0299988,27.62000084,29825.182,21485.9,4.5,4.35,317.604,4.1,5.64E+14,118.8476814,2.738,2.536,0.15,0.2019999
2024-12-19,2435.929932,2450.050049,2423.590088,2426.550049,-0.019521581,-0.019714644,0.014140511,45.20929827,47.69932372,-14.79773555,-19.65614614,504467068,8.44E+12,0.142160745,-4.34E+11,-5.59E+11,-30465188738,1.37E+11,5867.080078,38813.57813,22932.25,1451.5,108.4100037,24.09000015,29825.182,21485.9,4.57,4.35,317.604,4.1,5.64E+14,118.8476814,2.814,2.603,0.22,0.21099997
2024-12-20,2404.149902,2430.689941,2389.860107,2429.629883,-0.013046364,-0.013132216,0.014218751,46.01142229,44.58315247,-18.2836358,-19.38164407,617782376,9.35E+12,0.224623796,-8.22E+11,-1.95E+11,-25239156185,1.87E+11,5930.850098,38701.89844,22510.25,1437.449951,107.6200027,18.36000061,29825.182,21485.9,4.52,4.32,317.604,4.1,5.64E+14,118.8476814,2.873,2.629,0.2,0.24399996
2024-12-23,2442.01001,2446.969971,2413.620117,2423.360107,0.015747815,0.015625105,0.014367541,45.77071708,43.64176447,-17.7862142,-19.0625581,428166806,7.38E+12,-0.306929394,1.45E+11,3.92E+11,-39824353595,76991963721,5974.069824,39161.33984,23104.53906,1445.420044,108.0400009,16.78000069,29825.182,21485.9,4.59,4.36,317.604,4.1,5.64E+14,118.8476814,2.844,2.616,0.23,0.22800016
2024-12-24,2440.52002,2452.850098,2432.419922,2450.550049,-0.000610149,-0.000610335,0.014343394,43.11286272,47.21932772,-17.31266415,-18.71257931,386777917,6.74E+12,-0.096665338,-6185403456,1.49E+11,-91045365786,-24738114625,6040.040039,39036.85156,23120.24023,1442.699951,108.2600021,14.27000046,29825.182,21485.9,4.59,4.36,317.604,4.1,5.64E+14,118.8476814,2.876,2.626,0.23,0.25
2024-12-26,2429.669922,2449.52002,2428.820068,2449.52002,-0.004445814,-0.004455726,0.014306552,41.97215053,48.51786582,-17.60988868,-18.49204118,322800054,6.41E+12,-0.165412399,20405643904,2.06E+11,-1019756878,-6761836838,6037.589844,39568.05859,23246.93945,1457.609985,108.1299973,14.72999954,29825.182,21485.9,4.58,4.35,317.604,4.1,5.64E+14,118.8476814,2.904,2.648,0.23,0.25600004
2024-12-27,2404.77002,2423.860107,2388.330078,2419.459961,-0.010248265,-0.01030114,0.014429528,40.53142439,47.22940541,-19.62839141,-18.71931123,311291279,6.34E+12,-0.035652953,-1.74E+11,-1.67E+11,22774506911,82250826237,5970.839844,40281.16016,23275.67969,1466.98999,108,15.94999981,29825.182,21485.9,4.62,4.36,317.604,4.1,5.64E+14,118.8476814,2.876,2.634,0.26,0.24199986
2024-12-30,2399.48999,2429.75,2390.439941,2397.48999,-0.002195648,-0.002198062,0.013822508,38.48357282,55.40701095,-21.40735297,-19.25691958,303963509,5.32E+12,-0.023539914,-1.21E+11,30920329920,3854726549,18562954107,5906.939941,39894.53906,23190.19922,1472.800049,108.1299973,17.39999962,29825.182,21485.9,4.55,4.29,317.604,4.1,5.64E+14,118.8476814,2.855,2.597,0.26,0.25800014
2025-01-02,2398.939941,2410.98999,2386.840088,2400.870117,-0.000229236,-0.000229262,0.013823513,36.03142439,46.88219142,-22.60104637,-19.92574493,350691927,6.96E+12,0.153730355,-2.38E+11,-2.68E+11,9774611646,9159869200,5868.549805,39894.53906,22832.06055,1473.52002,109.3899994,17.93000031,30042.113,21548.1,4.57,4.29,318.961,4,5.64E+14,118.8476814,2.749,2.507,0.28,0.2420001
2025-01-03,2441.919922,2454.669922,2402.580078,2402.580078,0.017916239,0.017757634,0.013775192,37.72926549,49.90820322,-19.85011202,-19.91061835,407536387,8.23E+12,0.162092297,2.84E+11,2.72E+11,4593747827,40991978215,5942.470215,39894.53906,22908.30078,1471.650024,108.9499969,16.12999916,30042.113,21548.1,4.6,4.32,318.961,4,5.64E+14,118.8476814,2.754,2.482,0.28,0.27199984
2025-01-06,2488.639893,2489.100098,2446.820068,2453.300049,0.019132475,0.01895175,0.014096945,37.85356794,50.99229573,-13.74166025,-18.67682673,302760981,8.14E+12,-0.257094604,3.70E+11,-30739910350,19649537894,39986219397,5975.379883,39307.05078,23547.71094,1465.530029,108.2600021,16.04000092,30042.113,21548.1,4.62,4.3,318.961,4,5.64E+14,118.8476814,2.817,2.524,0.32,0.29299998
2025-01-07,2492.100098,2521.860107,2492.090088,2513.48999,0.0013904,0.001389434,0.013917701,38.07786342,49.63085623,-8.523208342,-16.64610305,407692929,9.41E+12,0.346583459,1.63E+11,-1.50E+11,-5172925695,96854973661,5909.029785,40083.30078,23651.26953,1459.449951,108.5400009,17.81999969,30042.113,21548.1,4.67,4.33,318.961,4,5.64E+14,118.8476814,2.794,2.508,0.34,0.286
2025-01-08,2521.050049,2526.77002,2481.25,2481.25,0.011616689,0.011549733,0.014015798,39.02999442,54.67503191,-2.02814925,-13.72251229,362908922,1.04E+13,-0.109847397,2.22E+11,-1.10E+11,50831772028,1.39E+11,5918.25,39981.05859,23407.33008,1451.880005,109.0899963,17.70000076,30042.113,21548.1,4.67,4.31,318.961,4,5.64E+14,118.8476814,2.796,2.505,0.36,0.2909999
2025-01-09,2521.899902,2535.870117,2515.820068,2526.100098,0.000337103,0.000337046,0.012113001,38.0392892,60.43808903,3.151479656,-10.3477139,404290371,1.15E+13,0.114027092,7.51E+11,-5.32E+11,87469936064,25261924759,5918.25,39605.08984,23081.13086,1457.969971,109.1800003,17.70000076,30042.113,21548.1,4.68,4.31,318.961,4,5.64E+14,118.8476814,2.778,2.5,0.37,0.27800012
2025-01-10,2515.780029,2535.23999,2506.290039,2528.419922,-0.002426691,-0.002429641,0.011142387,37.59357561,55.39978874,6.685484172,-6.941074289,377586658,9.69E+12,-0.066050826,-3813706835,-4.85E+11,-63878133168,2.64E+11,5827.040039,39190.39844,23011.85938,1455.22998,109.6500015,19.54000092,30042.113,21548.1,4.77,4.46,318.961,4,5.64E+14,118.8476814,2.837,2.561,0.31,0.27599978
2025-01-13,2489.560059,2513.929932,2483.72998,2508.149902,-0.010422203,-0.010476895,0.011300324,35.53716169,60.00524701,7.28648168,-4.095563095,578565446,9.05E+12,0.532271953,-8.74E+11,-99274778032,-14359968392,2.59E+11,5836.220215,39190.39844,22488.33008,1472.25,109.9599991,19.19000053,30042.113,21548.1,4.79,4.49,318.961,4,5.64E+14,118.8476814,2.871,2.664,0.3,0.20700002
2025-01-14,2497.399902,2504.889893,2482.73999,2501.48999,0.003149088,0.00314414,0.01074505,33.82859584,69.10313991,8.299712487,-1.616507978,414487640,8.20E+12,-0.283594202,-2.96E+11,-53550157072,-20838579147,56996888787,5842.910156,38474.30078,22797.51953,1458.890015,109.2699966,18.70999908,30042.113,21548.1,4.78,4.46,318.961,4,5.64E+14,118.8476814,2.841,2.646,0.32,0.19500017
2025-01-15,2496.810059,2524.360107,2493.100098,2511.070068,-0.000236183,-0.000236211,0.010689314,33.00287737,63.2495564,8.951917606,0.497177139,538534310,9.18E+12,0.299277127,56761084835,-2.10E+11,-25951915330,38649159979,5949.910156,38444.57813,22514.57031,1460.439941,109.0899963,16.12000084,30042.113,21548.1,4.66,4.34,318.961,4,5.64E+14,118.8476814,2.86,2.675,0.32,0.18499994
2025-01-16,2527.48999,2534.01001,2519.860107,2528.27002,0.012287651,0.012212771,0.011010798,34.20071847,68.42666093,11.80829032,2.759399775,451062578,9.43E+12,-0.162425551,6.26E+11,22148124041,-30806046569,75671702975,5937.339844,38572.60156,23025.09961,1437.219971,108.9599991,16.60000038,30042.113,21548.1,4.61,4.29,318.961,4,5.64E+14,118.8476814,2.802,2.626,0.32,0.17600012
2025-01-17,2523.550049,2528.47998,2513.840088,2520.850098,-0.001558836,-0.001560052,0.010544862,33.76785714,70.49074452,13.59732444,4.926984709,445884915,1.00E+13,-0.011478813,-2.34E+11,-1.19E+11,-41340992900,1.31E+11,5996.660156,38451.46094,23148.08008,1453.319946,109.3499985,15.97000027,30042.113,21548.1,4.61,4.33,318.961,4,5.64E+14,118.8476814,2.813,2.588,0.28,0.2249999
2025-01-20,2520.050049,2536.719971,2516.280029,2533.679932,-0.001386935,-0.001387898,0.010299263,32.27500698,77.75431873,14.56483181,6.854554129,437546001,8.66E+12,-0.018701942,-4.18E+11,40430285207,-22965953321,73572891647,5996.660156,38902.5,23266.82031,1457.380005,109.3499985,15.97000027,30042.113,21548.1,4.61,4.33,318.961,4,5.64E+14,118.8476814,2.868,2.623,0.28,0.24500012
2025-01-21,2518.030029,2548.439941,2507.949951,2533.22998,-0.000801579,-0.000801901,0.009126565,32.35928781,78.99431746,14.99572825,8.482788953,572011300,9.32E+12,0.307316942,-1.73E+11,55132666853,-32883396384,58850508084,6049.240234,39027.98047,23300.00977,1435.530029,108.0599976,15.06000042,30042.113,21548.1,4.57,4.33,318.961,4,5.64E+14,118.8476814,2.818,2.579,0.24,0.23900008
2025-01-22,2547.060059,2552.570068,2526.889893,2535.800049,0.011528865,0.011462914,0.008674701,33.10144043,81.79916055,17.4782195,10.28187506,583737394,1.11E+13,0.020499759,3.51E+11,2.95E+11,13915740457,88094425479,6086.370117,39646.25,23525.41016,1425.790039,108.1699982,15.10000038,30042.113,21548.1,4.6,4.34,318.961,4,5.64E+14,118.8476814,2.827,2.577,0.26,0.25
2025-01-23,2515.48999,2541.600098,2515.48999,2541.23999,-0.012394709,-0.012472164,0.008777782,31.37573242,66.60802605,16.70559928,11.56661991,609742131,9.91E+12,0.044548691,-6.20E+11,-2.45E+11,-66489426772,1.50E+11,6118.709961,39958.87109,23525.41016,1434.339966,108.0500031,15.02000046,30042.113,21548.1,4.65,4.35,318.961,4,5.64E+14,118.8476814,2.837,2.578,0.3,0.25899982
2025-01-24,2536.800049,2542.830078,2522.639893,2529.290039,0.008471534,0.008435852,0.008896542,29.95858329,62.28076729,17.60984054,12.77526403,602014660,1.02E+13,-0.012673343,2.73E+11,-15733717469,5258832601,65057805446,6101.240234,39931.98047,23525.41016,1433.930054,107.4400024,14.85000038,30042.113,21548.1,4.63,4.33,318.961,4,5.64E+14,118.8476814,2.859,2.57,0.3,0.28900003
2025-01-31,2517.370117,2537.97998,2496.949951,2534.330078,-0.007659229,-0.007688711,0.009046866,30.51642718,55.95852417,16.56764367,13.53373996,454403356,1.38E+13,-0.245195531,-1.18E+12,2.98E+11,8458144968,35463492151,6040.529785,39572.48828,23525.41016,1441.660034,108.3700027,16.43000031,30042.113,21548.1,4.58,4.27,318.961,4,5.64E+14,118.8476814,2.859,2.573,0.31,0.286
2025-02-03,2453.949951,2468.73999,2437.610107,2468.73999,-0.025193024,-0.025515801,0.010618724,32.96214076,36.39051086,10.50314406,12.92762078,522848036,1.17E+13,0.150625384,-8.71E+11,-4.51E+11,-51138860199,2.10E+11,5994.569824,38520.08984,22694.71094,1456.780029,108.9899979,18.62000084,30042.113,21613.5,4.54,4.28,319.679,4.2,5.64E+14,118.8476814,2.835,2.572,0.26,0.263
2025-02-04,2481.689941,2508.350098,2471.629883,2481.439941,0.01130422,0.011240805,0.010828024,35.41571917,42.64657295,7.844938244,11.91108427,479377343,1.10E+13,-0.083142118,77245571545,11570047283,-54871642961,1.39E+11,6037.879883,38798.37109,22793.96094,1459.050049,107.9599991,17.20999908,30042.113,21613.5,4.52,4.25,319.679,4.2,5.64E+14,118.8476814,2.844,2.584,0.27,0.26
2025-02-05,2509.27002,2514.709961,2498.73999,2503.939941,0.011113426,0.011052126,0.011015324,35.70643834,48.89612158,7.873017545,11.10347093,437344153,9.95E+12,-0.087682888,65594890099,27625408313,-20727305064,90759040565,6061.47998,38831.48047,23161.58008,1450.160034,107.5800018,15.77000046,30042.113,21613.5,4.43,4.19,319.679,4.2,5.64E+14,118.8476814,2.818,2.578,0.24,0.24000001
2025-02-06,2536.75,2536.75,2515.340088,2521.820068,0.010951384,0.010891852,0.010605916,35.38000488,57.96777768,9.997431194,10.88226298,479697230,1.19E+13,0.09684153,3.56E+11,1.40E+11,-14760411027,47082490535,6083.569824,39066.53125,23316.59961,1443.890015,107.6900024,15.5,30042.113,21613.5,4.45,4.23,319.679,4.2,5.64E+14,118.8476814,2.796,2.582,0.22,0.21399999
2025-02-07,2521.919922,2537.629883,2519.01001,2532.090088,-0.005846094,-0.005863249,0.009937135,35.12785993,54.04460446,10.36490083,10.77879055,419872051,1.02E+13,-0.124714456,-2.40E+11,-1.80E+11,-61806450434,1.22E+11,6025.990234,38787.01953,23478.26953,1442.150024,108.0400009,16.54000092,30042.113,21613.5,4.49,4.31,319.679,4.2,5.64E+14,118.8476814,2.836,2.635,0.18,0.20099998
2025-02-10,2521.27002,2527.330078,2499.179932,2510.639893,-0.000257701,-0.000257735,0.009937634,34.90572684,54.03389847,10.4828418,10.7196008,393563727,1.06E+13,-0.062657955,-2.77E+11,1.83E+11,-35325072274,1.85E+11,6066.439941,38801.17188,23252.14063,1450.619995,108.3199997,15.81000042,30042.113,21613.5,4.51,4.3,319.679,4.2,5.64E+14,118.8476814,2.83,2.638,0.21,0.19199991
2025-02-11,2539.050049,2549.439941,2527.73999,2532.870117,0.007052013,0.007027264,0.009724091,34.26072475,51.99118915,11.87413302,10.95050724,451092989,1.10E+13,0.146175214,1.41E+11,1.90E+11,-33982381205,58670737259,6068.5,38801.17188,23384.05078,1453.209961,107.9599991,16.02000046,30042.113,21613.5,4.54,4.28,319.679,4.2,5.64E+14,118.8476814,2.849,2.633,0.26,0.21600008
2025-02-12,2548.389893,2549.580078,2528.73999,2534.709961,0.00367848,0.003671731,0.009752302,34.70359584,54.20045809,13.57391701,11.4751892,464894178,1.37E+13,0.030594998,3.71E+11,52557311052,-29088098916,10160252896,6051.970215,38963.69922,23289.75,1450.75,107.9400024,15.89000034,30042.113,21613.5,4.62,4.37,319.679,4.2,5.64E+14,118.8476814,2.879,2.651,0.25,0.22799993
2025-02-13,2583.169922,2583.73999,2555.97998,2558.949951,0.013647845,0.013555552,0.01014477,35.768607,59.65253142,17.52544336,12.68524003,680341736,1.71E+13,0.463433547,-1.13E+11,3.71E+11,65668200903,68302874736,6115.069824,39461.46875,23399.41016,1452.119995,107.3099976,15.10000038,30042.113,21613.5,4.52,4.31,319.679,4.2,5.64E+14,118.8476814,2.872,2.631,0.21,0.24099994
2025-02-14,2591.050049,2600.570068,2582.840088,2588.199951,0.003050565,0.003045921,0.009760374,34.14289202,60.96988627,21.05026252,14.35824453,499364641,1.39E+13,-0.266009103,-3.20E+11,2.72E+11,-59623833723,1.76E+11,6114.629883,39149.42969,23152.60938,1438.73999,106.5699997,14.77000046,30042.113,21613.5,4.47,4.26,319.679,4.2,5.64E+14,118.8476814,2.846,2.611,0.21,0.2349999
2025-02-17,2610.419922,2612.800049,2592.570068,2595.98999,0.007475685,0.00744788,0.009834139,33.2293178,59.80316757,25.11715901,16.51002742,366339998,1.10E+13,-0.26638779,-2.24E+11,2.63E+11,-37806070744,82783939271,6114.629883,39174.25,23505.33008,1432.599976,106.5699997,14.77000046,30042.113,21613.5,4.47,4.26,319.679,4.2,5.64E+14,118.8476814,2.869,2.623,0.21,0.24600005
2025-02-18,2626.810059,2628.469971,2605.149902,2613.25,0.006278736,0.006259107,0.009856224,32.64003209,68.07260003,29.32471378,19.07296469,421993118,1.26E+13,0.151916581,18935648626,1.00E+11,-18134673779,1.21E+11,6129.580078,39270.39844,23666.10938,1441.290039,107.0500031,15.35000038,30042.113,21613.5,4.55,4.33,319.679,4.2,5.64E+14,118.8476814,2.878,2.641,0.22,0.23699999
2025-02-19,2671.52002,2680.699951,2633.909912,2633.909912,0.01702063,0.016877402,0.010148085,34.53644671,70.3271047,35.85365285,22.42910233,525798791,1.49E+13,0.245989019,3.96E+11,6.60E+11,64551134535,67712126648,6144.149902,39164.60938,23604.08008,1440.079956,107.1699982,15.27000046,30042.113,21613.5,4.53,4.3,319.679,4.2,5.64E+14,118.8476814,2.873,2.63,0.23,0.24299979
2025-02-20,2654.060059,2667.590088,2645.530029,2661.719971,-0.006535591,-0.006557041,0.010320382,33.4621582,70.7476817,39.16751247,25.77678436,529303324,1.46E+13,0.00666516,-2.88E+11,-8960609712,-81417208164,80847797720,6117.52002,38678.03906,23487.46094,1439.97998,106.3399963,15.65999985,30042.113,21613.5,4.5,4.27,319.679,4.2,5.64E+14,118.8476814,2.888,2.628,0.23,0.26
2025-02-21,2654.580078,2656.040039,2638.439941,2653.76001,0.000195934,0.000195914,0.010294852,29.02216448,87.64026108,41.35897085,28.89322165,444704240,1.14E+13,-0.159831008,-2.16E+11,61015463799,-8634276479,74306429095,6013.129883,38776.94141,23730.25,1431.699951,106.6100006,18.20999908,30042.113,21613.5,4.42,4.19,319.679,4.2,5.64E+14,118.8476814,2.856,2.618,0.23,0.23799992
2025-02-24,2645.27002,2645.27002,2626.879883,2636.120117,-0.003507168,-0.003513333,0.010359664,27.11502511,82.96920885,41.86191539,31.4869604,536354114,1.08E+13,0.206091748,-2.00E+11,-91866448407,-7354978147,17820189902,5983.25,38776.94141,23565.31055,1434.290039,106.5999985,18.97999954,30042.113,21613.5,4.4,4.17,319.679,4.2,5.64E+14,118.8476814,2.825,2.61,0.23,0.21500015
2025-02-25,2630.290039,2641.48999,2617.120117,2617.639893,-0.005662931,-0.005679026,0.010284874,26.7671596,75.69645608,40.58391719,33.30635176,410284831,1.05E+13,-0.235048599,-3.21E+11,-92082269066,-39077070571,13822369897,5955.25,38237.78906,23285.7207,1428.650024,106.3099976,19.43000031,30042.113,21613.5,4.3,4.08,319.679,4.2,5.64E+14,118.8476814,2.797,2.596,0.22,0.20099998
2025-02-26,2641.090088,2648.060059,2620.159912,2629.860107,0.00410603,0.004097623,0.009744156,26.79717146,73.84370763,39.98168412,34.64141823,386762622,1.12E+13,-0.057331413,-3.22E+11,1.74E+11,-3608597829,57404901317,5956.060059,38142.37109,23402.55078,1429.5,106.4199982,19.10000038,30042.113,21613.5,4.25,4.04,319.679,4.2,5.64E+14,118.8476814,2.752,2.591,0.21,0.16100001
2025-02-27,2621.75,2638.469971,2610.469971,2637.629883,-0.007322767,-0.00734971,0.009871096,27.65433175,72.35234695,37.51141834,35.21541825,513909805,1.08E+13,0.328747339,-1.79E+11,-3.43E+11,20023507006,45851879957,5861.569824,38256.17188,23053.17969,1434.420044,107.2399979,21.12999916,30042.113,21613.5,4.29,4.05,319.679,4.2,5.64E+14,118.8476814,2.754,2.592,0.24,0.16199994
2025-02-28,2532.780029,2586.780029,2531.23999,2585.610107,-0.033935337,-0.034524508,0.012641916,32.1086077,51.84674214,28.05122476,33.78257956,588571521,1.56E+13,0.14528175,-1.56E+12,-5.18E+11,-83318129055,5940831420,5954.5,37155.5,23053.17969,1449.859985,107.6100006,19.62999916,30042.113,21613.5,4.24,3.99,319.679,4.2,5.64E+14,118.8476814,2.706,2.566,0.25,0.1400001
2025-03-04,2528.919922,2548.780029,2513.310059,2522.199951,-0.001524059,-0.001525222,0.011108069,32.63003976,48.29865977,20.01179132,31.02842191,484081351,1.31E+13,-0.177531814,-1.94E+11,-2.63E+11,728396200,51526216282,5778.149902,37331.17969,22596.88086,1457.930054,105.7399979,23.51000023,30042.113,21693.6,4.22,3.94,319.785,4.2,5.64E+14,118.8476814,2.703,2.541,0.28,0.16200018
2025-03-05,2558.129883,2561.469971,2535.179932,2548.449951,0.01155037,0.011484174,0.011119423,33.46646554,51.53346879,15.81517463,27.98577245,569412248,1.30E+13,0.176273878,-2.26E+11,-2.10E+11,97648839135,70907237311,5842.629883,37418.23828,22871.90039,1452.849976,105.7399979,21.93000031,30042.113,21693.6,4.28,4.01,319.785,4.2,5.64E+14,118.8476814,2.773,2.565,0.27,0.20799994
2025-03-06,2576.159912,2583.649902,2565.570068,2573.550049,0.007048129,0.007023407,0.010973123,32.7643171,48.83488976,13.78529011,25.14567599,609615704,1.13E+13,0.070605183,1.37E+11,69495382199,35205731675,-550366428,5738.52002,37704.92969,22715.42969,1443.030029,104.0599976,24.87000084,30042.113,21693.6,4.29,3.98,319.785,4.2,5.64E+14,118.8476814,2.806,2.594,0.31,0.2119999
2025-03-07,2563.47998,2575.47998,2541.48999,2553.439941,-0.004922028,-0.004934181,0.010815692,33.97431292,45.48963503,11.02632291,22.32180537,567191412,1.22E+13,-0.069591862,59105655053,-1.36E+11,23426058917,46285802840,5770.200195,36887.17188,22576.07031,1446.5,103.8399963,23.37000084,30042.113,21693.6,4.32,4.01,319.785,4.2,5.64E+14,118.8476814,2.773,2.565,0.31,0.20799994
2025-03-10,2570.389893,2579.76001,2549.98999,2555.399902,0.00269552,0.002691894,0.010718519,34.54717146,43.17290196,9.290300871,19.71550447,435694828,9.88E+12,-0.231838108,-4.29E+11,74637735766,-5523898450,46122251900,5614.560059,37028.26953,22459.15039,1446.26001,103.9100037,27.86000061,30042.113,21693.6,4.22,3.91,319.785,4.2,5.64E+14,118.8476814,2.801,2.596,0.31,0.20500016
2025-03-11,2537.600098,2547.879883,2505.909912,2516.689941,-0.01275674,-0.012838806,0.011153596,37.48716518,35.59130219,5.208587136,16.814121,399016248,1.09E+13,-0.084184107,-1.54E+12,-1.74E+11,-22418295696,-26885014630,5572.069824,36793.10938,22071.08984,1457.030029,103.4400024,26.92000008,30042.113,21693.6,4.28,3.92,319.785,4.2,5.64E+14,118.8476814,2.76,2.56,0.36,0.20000005
2025-03-12,2574.820068,2579.689941,2541.659912,2552.600098,0.01466739,0.014560864,0.011513347,36.64430455,33.99430543,4.920420623,14.43538093,401644557,1.23E+13,0.006586972,3.80E+11,38789074057,8035847301,-30632355371,5599.299805,36819.08984,22278.35938,1451.02002,103.6100006,24.22999954,30042.113,21693.6,4.32,3.98,319.785,4.2,5.64E+14,118.8476814,2.763,2.55,0.34,0.21300006
2025-03-13,2573.639893,2600.070068,2561.02002,2598.060059,-0.000458353,-0.000458458,0.011494254,37.57716588,35.93069414,4.544430893,12.45719092,427292042,1.31E+13,0.063856175,-4.81E+11,2.94E+11,1.47E+11,-46569214601,5521.52002,36790.03125,21961.67969,1448.75,103.8300018,24.65999985,30042.113,21693.6,4.27,3.93,319.785,4.2,5.64E+14,118.8476814,2.77,2.57,0.34,0.20000005
2025-03-14,2566.360107,2576.73999,2559.23999,2565.179932,-0.002828595,-0.002832603,0.011091105,37.57001604,34.92274633,3.617340056,10.68922075,362329393,9.94E+12,-0.15203337,-2.95E+11,50076864432,-53919251663,56115640598,5638.939941,37053.10156,21968.05078,1453.22998,103.7200012,21.77000046,30042.113,21693.6,4.31,4,319.785,4.2,5.64E+14,118.8476814,2.813,2.596,0.31,0.21700001
2025-03-17,2610.689941,2610.689941,2587.52002,2588.320068,0.017273427,0.017125937,0.011744069,38.75784738,44.72188146,6.38604664,9.828585926,396573940,1.20E+13,0.094512197,6.22E+11,5.01E+11,-10148042110,28916360145,5675.120117,37396.51953,22118.63086,1449.050049,103.3700027,20.51000023,30042.113,21693.6,4.31,4.03,319.785,4.2,5.64E+14,118.8476814,2.805,2.601,0.28,0.204
2025-03-18,2612.340088,2638.560059,2606.909912,2627.27002,0.000632073,0.000631873,0.011626404,39.00786482,47.14399919,8.614121357,9.585693012,555526574,1.20E+13,0.400814622,4.44E+11,1.34E+11,-23530910394,34156166372,5614.660156,37845.42188,22271.66992,1442.48999,103.2399979,21.70000076,30042.113,21693.6,4.29,4.01,319.785,4.2,5.64E+14,118.8476814,2.788,2.598,0.28,0.19000006
2025-03-19,2628.620117,2642.830078,2613.47998,2613.47998,0.006231972,0.006212633,0.0116251,39.19285366,48.04992009,11.56028911,9.980612232,653326938,1.18E+13,0.176049839,3.05E+11,2.71E+11,-7210762242,22957790839,5675.290039,37751.87891,21960.83008,1448.939941,103.4300003,19.89999962,30042.113,21693.6,4.25,3.95,319.785,4.2,5.64E+14,118.8476814,2.811,2.621,0.3,0.19000006
2025-03-20,2637.100098,2650.719971,2629.199951,2648.159912,0.00322602,0.003220827,0.010966117,38.58426339,52.48488298,14.4132647,10.86714272,455019267,1.20E+13,-0.303535121,5.52E+11,1.24E+11,-38124048864,-2992436037,5662.890137,37751.87891,22377.25977,1443.390015,103.8499985,19.79999924,30042.113,21693.6,4.24,3.93,319.785,4.2,5.64E+14,118.8476814,2.792,2.598,0.31,0.194
2025-03-21,2643.129883,2645.820068,2617.780029,2633.899902,0.002286521,0.002283911,0.010893351,34.12212263,74.42130868,16.96525675,12.08676553,497529180,1.42E+13,0.093424424,8.50E+11,-3.42E+11,-37003018808,13372154676,5667.560059,37677.05859,22209.09961,1465.819946,104.0899963,19.28000069,30042.113,21693.6,4.25,3.92,319.785,4.2,5.64E+14,118.8476814,2.805,2.597,0.33,0.20800018
2025-03-24,2632.070068,2648.820068,2629.379883,2636.429932,-0.004184363,-0.004193142,0.010928972,32.97713797,72.12296195,17.88908006,13.24722844,372431632,6.92E+12,-0.25143761,6151772366,7830685905,-53815461430,4992047134,5767.569824,37608.48828,22106.64063,1464.780029,104.2600021,17.47999954,30042.113,21693.6,4.34,4.01,319.785,4.2,5.64E+14,118.8476814,2.816,2.604,0.33,0.2119999
2025-03-25,2615.810059,2654.629883,2612.73999,2653.040039,-0.006177651,-0.006196811,0.010985201,33.64426967,63.09846161,17.1119143,14.02016561,439279423,8.31E+12,0.1794901,-75211633491,1.30E+11,-9151729684,-19561119151,5776.649902,37780.53906,22273.18945,1466.27002,104.1800003,17.14999962,30042.113,21693.6,4.31,3.98,319.785,4.2,5.64E+14,118.8476814,2.821,2.612,0.33,0.20900011
2025-03-26,2643.939941,2649.149902,2618.050049,2628.090088,0.010753794,0.010696383,0.011191893,34.20282854,64.71693332,18.55199543,14.92653157,507916080,7.66E+12,0.156248286,3.51E+11,2.40E+11,-7157583100,15570782366,5712.200195,38027.28906,22260.28906,1462.089966,104.5500031,18.32999992,30042.113,21693.6,4.35,4.01,319.785,4.2,5.64E+14,118.8476814,2.839,2.618,0.34,0.22099996
2025-03-27,2607.149902,2633.030029,2603.409912,2620.280029,-0.013914854,-0.014012573,0.011590485,34.62140765,58.58329063,16.53402744,15.24803075,403313562,7.68E+12,-0.20594449,88668299283,-1.17E+11,-88333381166,-25460178838,5693.310059,37799.96875,21951.75977,1465.680054,104.0699997,18.69000053,30042.113,21693.6,4.38,4,319.785,4.2,5.64E+14,118.8476814,2.838,2.622,0.38,0.21600008
2025-03-28,2557.97998,2592.629883,2549.26001,2592.629883,-0.018859645,-0.019039756,0.012223766,36.62997001,47.90831842,10.84218949,14.3668625,513561475,7.15E+12,0.273355333,-6.42E+11,21673555398,609806807,40065883283,5580.939941,37120.32813,21602.89063,1461.890015,104.0400009,21.64999962,30042.113,21693.6,4.27,3.91,319.785,4.2,5.64E+14,118.8476814,2.842,2.629,0.36,0.21300006
2025-03-31,2481.120117,2514.219971,2479.459961,2513.439941,-0.030047093,-0.030507759,0.011668344,37.63282994,41.71165374,0.127943438,11.51907868,391592782,8.24E+12,-0.237495799,-1.58E+12,5.56E+11,-10678439502,60722289266,5611.850098,35617.55859,20695.90039,1469.410034,104.2099991,22.28000069,30042.113,21693.6,4.23,3.89,319.785,4.2,5.64E+14,118.8476814,2.771,2.569,0.34,0.2019999
2025-04-01,2521.389893,2530.610107,2494.429932,2511.23999,0.016230482,0.016100176,0.012278635,38.16141183,42.22876858,-5.055463194,8.204170309,453393641,6.94E+12,0.157819199,-3.91E+11,-7425171231,28527835113,77428143593,5633.069824,35624.48047,21280.16992,1471.959961,104.2600021,21.77000046,30485.729,21775.6,4.17,3.85,320.302,4.2,5.64E+14,118.8476814,2.787,2.581,0.32,0.20599985
2025-04-02,2505.860107,2532.149902,2499.830078,2525.620117,-0.006159216,-0.006178262,0.012030558,37.6806815,40.536686,-10.29776791,4.503782665,515599740,7.32E+12,0.137201084,-7.27E+11,-22090030228,14073759070,1.74E+11,5670.970215,35725.87109,21298.2207,1469.969971,103.8099976,21.51000023,30485.729,21775.6,4.2,3.89,320.302,4.2,5.64E+14,118.8476814,2.767,2.584,0.31,0.18299985
2025-04-03,2486.699951,2488.919922,2437.429932,2437.429932,-0.00764614,-0.007675521,0.011961318,41.3185512,39.23508561,-15.81607874,0.439810384,480057159,8.27E+12,-0.068934443,-1.38E+12,68855170698,92068244282,2.72E+11,5396.52002,34735.92969,21298.2207,1466.040039,102.0699997,30.02000046,30485.729,21775.6,4.06,3.68,320.302,4.2,5.64E+14,118.8476814,2.738,2.529,0.38,0.20899987
2025-04-04,2465.419922,2506.709961,2438.02002,2450.48999,-0.008557538,-0.008594364,0.012040066,43.05855887,29.06465677,-21.65685362,-3.979522416,695074881,1.07E+13,0.447900251,-1.79E+12,3.50E+11,63608384142,2.07E+11,5074.080078,33780.57813,21298.2207,1450.680054,103.0199966,45.31000137,30485.729,21775.6,4.01,3.66,320.302,4.2,5.64E+14,118.8476814,2.692,2.461,0.35,0.23099995
2025-04-07,2328.199951,2369.399902,2327.01001,2359.25,-0.055657849,-0.057266731,0.017187696,50.68425642,20.5565883,-36.93247999,-10.57011393,619500714,1.05E+13,-0.108728094,-2.10E+12,-95673110432,-10723490389,4.31E+11,5062.25,31136.58008,19232.34961,1458.52002,103.2600021,46.97999954,30485.729,21775.6,4.15,3.72,320.302,4.2,5.64E+14,118.8476814,2.648,2.405,0.43,0.24300003
2025-04-08,2334.22998,2381.310059,2328.939941,2381.199951,0.002589996,0.002586648,0.017161053,52.29997907,18.83236991,-47.99865239,-18.05582162,557018146,9.12E+12,-0.100859558,-6.47E+11,-3.67E+11,86889851666,1.13E+11,4982.77002,33012.57813,18459.94922,1469.949951,102.9599991,52.33000183,30485.729,21775.6,4.26,3.71,320.302,4.2,5.64E+14,118.8476814,2.686,2.413,0.55,0.273
2025-04-09,2293.699951,2337.580078,2284.719971,2329.98999,-0.01736334,-0.017515851,0.016813083,54.49714007,15.95408026,-59.35490202,-26.3156377,699641582,9.56E+12,0.256048097,-1.00E+12,40051769712,-44322370066,57856324113,5456.899902,31714.0293,17391.75977,1486.130005,102.9000015,33.61999893,30485.729,21775.6,4.34,3.91,320.302,4.2,5.64E+14,118.8476814,2.732,2.434,0.43,0.2980001
2025-04-10,2445.060059,2445.060059,2391.389893,2395.129883,0.065989498,0.063903474,0.022931645,63.30571638,34.75563743,-55.5015289,-32.15281594,670388052,1.11E+13,-0.041812166,3.29E+11,1.79E+11,3.08E+11,53966282574,5268.049805,34609,19000.0293,1443.949951,100.8700027,40.72000122,30485.729,21775.6,4.4,3.85,320.302,4.2,5.64E+14,118.8476814,2.702,2.437,0.55,0.26499987
2025-04-11,2432.719971,2433.179932,2394.25,2400.73999,-0.005046947,-0.005059726,0.022938432,65.5464216,34.68727871,-52.83440279,-36.28913331,369702818,7.69E+12,-0.448524154,-6.90E+11,-1.35E+11,21739159945,1.75E+11,5363.359863,33585.57813,19528.76953,1452.040039,99.77999878,37.56000137,30485.729,21775.6,4.48,3.98,320.302,4.2,5.64E+14,118.8476814,2.696,2.411,0.5,0.2850001
2025-04-14,2455.889893,2465.560059,2449.47998,2454.280029,0.009524286,0.009479216,0.022652991,64.90000698,37.84504869,-48.29435976,-38.6901786,488618364,6.69E+12,0.321651716,-2.44E+11,-64143907086,-334596020,1.12E+11,5405.970215,33982.35938,19513.08984,1419.050049,99.63999939,30.88999939,30485.729,21775.6,4.38,3.87,320.302,4.2,5.64E+14,118.8476814,2.691,2.408,0.51,0.283
2025-04-15,2477.409912,2482.560059,2461.22998,2464.51001,0.008762616,0.008724447,0.022794171,64.42360142,37.21418725,-42.4702862,-39.44620012,560339502,6.51E+12,0.14678355,-1.18E+11,64528321115,-5848280889,94464244602,5396.629883,34267.53906,19857.66992,1419.420044,100.2200012,30.12000084,30485.729,21775.6,4.35,3.85,320.302,4.2,5.64E+14,118.8476814,2.664,2.399,0.5,0.2650001
2025-04-16,2447.429932,2475.830078,2442.719971,2472.780029,-0.01210134,-0.012175158,0.022788648,64.00645229,37.60745705,-39.81483913,-39.51992792,613173904,6.73E+12,0.094289983,-4.59E+11,-47659695621,-31898896574,86849302137,5275.700195,33920.39844,19468,1427.02002,99.37999725,32.63999939,30485.729,21775.6,4.29,3.77,320.302,4.2,5.64E+14,118.8476814,2.629,2.351,0.52,0.27799988
2025-04-17,2470.409912,2473.23999,2447.399902,2451.699951,0.009389433,0.009345627,0.022925465,61.71718052,42.91767581,-35.44746947,-38.70543623,601738661,6.61E+12,-0.018649266,-3.51E+11,2.75E+11,-6456043288,56195835173,5282.700195,34377.60156,19338.73047,1414.22998,99.37999725,29.64999962,30485.729,21775.6,4.34,3.82,320.302,4.2,5.64E+14,118.8476814,2.645,2.385,0.52,0.26
2025-04-18,2483.419922,2486.370117,2466.899902,2473.300049,0.005266336,0.005252518,0.022972842,57.49933733,50.20742137,-30.58394579,-37.08113814,450985117,5.65E+12,-0.250529929,-1.05E+11,-12839946026,-16348640640,78362304973,5282.700195,34730.28125,19395.0293,1414.22998,99.37999725,29.64999962,30485.729,21775.6,4.34,3.82,320.302,4.2,5.64E+14,118.8476814,2.62,2.362,0.52,0.2579999
2025-04-21,2488.419922,2498.840088,2479.22998,2486.379883,0.002013353,0.002011329,0.022999412,55.36505999,46.82437596,-26.02609738,-34.87012999,428977098,5.24E+12,-0.048799879,-2.88E+11,-17446035020,-8928783020,56296074372,5158.200195,34279.92188,19106.19922,1414.22998,98.27999878,33.81999969,30485.729,21775.6,4.42,3.77,320.302,4.2,5.64E+14,118.8476814,2.602,2.331,0.65,0.2709999
2025-04-22,2486.639893,2494.590088,2476.139893,2481.179932,-0.000715325,-0.000715581,0.022989538,54.37437221,48.09836538,-22.30053646,-32.35621128,416680149,6.18E+12,-0.028665747,-2.42E+11,-36492501044,4172620583,94348217496,5287.759766,34220.60156,18793.42969,1421.640015,98.91999817,30.56999969,30485.729,21775.6,4.41,3.82,320.302,4.2,5.64E+14,118.8476814,2.621,2.33,0.59,0.29100013
2025-04-23,2525.560059,2526.719971,2507.100098,2520.560059,0.01565171,0.015530485,0.023160713,52.34936523,53.70011432,-16.02276994,-29.08952302,538116134,7.76E+12,0.291436934,-1.97E+11,5.47E+11,9302100838,63707325336,5375.859863,34868.62891,19639.14063,1429.219971,99.83999634,28.45000076,30485.729,21775.6,4.4,3.87,320.302,4.2,5.64E+14,118.8476814,2.598,2.337,0.53,0.26100016
2025-04-24,2522.330078,2530.610107,2507.209961,2525.340088,-0.001278917,-0.001279735,0.022995948,49.11437988,55.6116632,-11.17935849,-25.50749011,327935351,7.27E+12,-0.390586287,-7382931153,-1.68E+11,-21164137684,-16024864196,5484.77002,35039.14844,19478.81055,1426.449951,99.29000092,26.46999931,30485.729,21775.6,4.32,3.8,320.302,4.2,5.64E+14,118.8476814,2.623,2.341,0.52,0.28199983
2025-04-25,2546.300049,2553.330078,2534.939941,2544.590088,0.009503106,0.009458236,0.022743482,41.4422433,77.6903058,-5.345128398,-21.47501777,403527737,8.76E+12,0.230510025,6.15E+11,4.41E+11,1231577048,84366161670,5525.209961,35705.73828,19872.73047,1430.060059,99.47000122,24.84000015,30485.729,21775.6,4.29,3.76,320.302,4.2,5.64E+14,118.8476814,2.576,2.305,0.53,0.2709999
2025-04-28,2548.860107,2558.689941,2541.969971,2551.22998,0.001005403,0.001004898,0.021598135,38.84294782,77.49198655,-0.509016064,-17.28181743,454102177,7.80E+12,0.125330765,-85933648957,1.39E+11,-69430310652,30563085304,5528.75,35839.98828,20034.41016,1437.359985,99.01000214,25.14999962,30485.729,21775.6,4.23,3.67,320.302,4.2,5.64E+14,118.8476814,2.588,2.316,0.56,0.27200007
2025-04-29,2565.419922,2571.409912,2542.25,2550.25,0.006496949,0.006475935,0.021358006,37.15007673,87.08170159,4.606772429,-12.90409946,547081468,9.22E+12,0.204754119,6.93E+11,3.91E+11,-1698955739,57434984612,5560.830078,35839.98828,20232.63086,1435.880005,99.23999786,24.17000008,30485.729,21775.6,4.19,3.65,320.302,4.2,5.64E+14,118.8476814,2.603,2.31,0.54,0.29299998
2025-04-30,2556.610107,2570.830078,2544.459961,2561.040039,-0.003434063,-0.003439973,0.021319217,28.22222028,74.9184943,7.859592775,-8.75136101,487488833,8.44E+12,-0.108928265,-1.69E+11,-1.27E+11,22066889243,-8979589058,5569.060059,36045.37891,20235.0293,1431.160034,99.47000122,24.70000076,30485.729,21775.6,4.17,3.58,320.302,4.2,5.64E+14,118.8476814,2.563,2.267,0.59,0.296
2025-05-02,2559.790039,2567.040039,2540.570068,2556.52002,0.001243808,0.001243035,0.021221196,26.48364258,79.59665047,10.57220049,-4.886648709,585492284,8.33E+12,0.201037325,-1.67E+11,2.01E+11,28242651524,45241556483,5686.669922,36830.69141,20787.64063,1435.099976,100,22.68000031,30485.729,21833.9,4.33,3.82,320.62,4.3,5.64E+14,118.8476814,2.593,2.282,0.51,0.31099987
2025-05-07,2573.800049,2581.850098,2559.169922,2577.040039,0.005473109,0.005458186,0.021103492,25.75793457,78.68723924,13.69458965,-1.170401037,546755132,8.94E+12,-0.066161678,3.50E+11,1.27E+11,-19393639714,-8190873040,5631.279785,36779.66016,20546.49023,1374.77002,99.61000061,23.54999924,30485.729,21833.9,4.26,3.72,320.62,4.3,5.64E+14,118.8476814,2.603,2.253,0.54,0.3499999
2025-05-08,2579.47998,2590.899902,2575.780029,2581.27002,0.002206827,0.002204396,0.01581884,25.07434082,76.90732372,16.43794221,2.351267612,471635814,1.03E+13,-0.137391153,1.30E+11,-2.37E+11,34951277324,-8169018241,5663.939941,36928.62891,20543.40039,1397.290039,100.6399994,22.47999954,30485.729,21833.9,4.37,3.85,320.62,4.3,5.64E+14,118.8476814,2.622,2.281,0.52,0.34100008
2025-05-09,2577.27002,2589.580078,2571.199951,2587.929932,-0.000856747,-0.000857114,0.01586659,23.90935407,90.09893823,18.22367234,5.525748557,485550305,8.03E+12,0.029502617,68061412101,-2.18E+11,2239074552,91176153599,5659.910156,37503.32813,20915.03906,1403.849976,100.3399963,21.89999962,30485.729,21833.9,4.37,3.85,320.62,4.3,5.64E+14,118.8476814,2.67,2.331,0.52,0.339
2025-05-12,2607.330078,2607.330078,2585.600098,2593.939941,0.011663527,0.011596032,0.015009056,24.21078055,90.5137826,21.81302487,8.783203819,409749435,8.53E+12,-0.15611332,152136203,3.10E+11,20451042742,26107972247,5844.189941,37644.26172,21129.53906,1395.170044,101.7900009,18.38999939,30485.729,21833.9,4.45,3.97,320.62,4.3,5.64E+14,118.8476814,2.685,2.33,0.48,0.35500002
2025-05-13,2608.419922,2620.639893,2601.580078,2601.76001,0.000417992,0.000417905,0.00652444,24.18146624,89.79381828,24.46355328,11.91927371,422459803,8.75E+12,0.031019855,1.71E+11,-41868800245,20350965676,-59954992500,5886.549805,38183.26172,21330.14063,1416.030029,101,18.21999931,30485.729,21833.9,4.49,4,320.62,4.3,5.64E+14,118.8476814,2.722,2.37,0.49,0.352
2025-05-14,2640.570068,2646.01001,2619.149902,2625.360107,0.012325526,0.012250185,0.006514481,25.46575056,91.29807839,28.82607522,15.30063401,390503815,8.89E+12,-0.075642671,4.76E+11,4.40E+11,15426535940,14148013174,5892.580078,38128.12891,21782.86914,1416,101.0400009,18.62000084,30485.729,21833.9,4.53,4.05,320.62,4.3,5.64E+14,118.8476814,2.718,2.351,0.48,0.36699986
2025-05-15,2621.360107,2643.830078,2618.080078,2634.5,-0.007274929,-0.007301521,0.006856746,25.98716518,83.40618174,30.38308469,18.31712415,339578793,7.25E+12,-0.130408513,2.74E+11,-1.65E+11,-94146720606,4682821428,5916.930176,37755.51172,21730.25,1407.329956,100.8799973,17.82999992,30485.729,21833.9,4.45,3.95,320.62,4.3,5.64E+14,118.8476814,2.727,2.362,0.5,0.365
2025-05-16,2626.870117,2633.97998,2619.100098,2630.639893,0.002101966,0.00209976,0.006737869,24.18715123,80.11067123,31.69626287,20.99295189,359706542,8.03E+12,0.059272691,1.70E+11,1.49E+11,-42173233757,15607601432,5958.379883,37753.71875,21843.68945,1397.02002,101.0899963,17.23999977,30485.729,21833.9,4.43,3.95,320.62,4.3,5.64E+14,118.8476814,2.676,2.319,0.48,0.3570001
2025-05-19,2603.419922,2619.429932,2593.439941,2613.699951,-0.008927048,-0.008967133,0.006388504,24.90358189,71.5149827,30.49322435,22.89300638,313296021,6.75E+12,-0.129023289,-1.14E+11,-91684923295,-18296727890,-24334665267,5963.600098,37498.62891,21523.83008,1398.130005,100.4300003,18.13999939,30485.729,21833.9,4.46,3.95,320.62,4.3,5.64E+14,118.8476814,2.747,2.366,0.51,0.38100004
2025-05-20,2601.800049,2622.909912,2598.100098,2622.679932,-0.00062221,-0.000622403,0.006262315,24.46142578,66.70684242,29.07395103,24.12919531,456989355,7.66E+12,0.458650364,-1.14E+11,1.39E+11,-28432106948,-20734981520,5940.459961,37529.48828,21526.0293,1388.550049,100.1200027,18.09000015,30485.729,21833.9,4.48,3.95,320.62,4.3,5.64E+14,118.8476814,2.713,2.33,0.53,0.38300014
2025-05-21,2625.580078,2633.409912,2614.72998,2615.899902,0.009139837,0.009098322,0.006405744,25.52498954,70.47836395,29.52764006,25.20888426,371527419,7.44E+12,-0.187010781,1.95E+11,84013804591,-2278591515,-5217059205,5844.609863,37298.98047,21803.91016,1392.72998,99.55999756,20.87000084,30485.729,21833.9,4.58,4,320.62,4.3,5.64E+14,118.8476814,2.76,2.345,0.58,0.41499996
2025-05-22,2593.669922,2616.530029,2588.090088,2614.659912,-0.012153564,-0.012228023,0.007233847,26.11999512,56.96946043,27.00105759,25.56731893,358064259,8.97E+12,-0.036237325,-2.26E+11,-2.62E+11,-61466479207,8343597962,5842.009766,36985.87109,21670.96094,1373.859985,99.95999908,20.28000069,30485.729,21833.9,4.54,3.99,320.62,4.3,5.64E+14,118.8476814,2.755,2.336,0.55,0.41900015
2025-05-23,2592.090088,2604.139893,2589.51001,2603.570068,-0.000609111,-0.000609297,0.007231731,25.28140695,59.07695229,24.5878104,25.37141722,434024136,8.66E+12,0.212140349,-58284123298,-1.14E+11,7324322914,-10737535317,5802.819824,37160.46875,21652.24023,1381.339966,99.11000061,22.29000092,30485.729,21833.9,4.51,3.96,320.62,4.3,5.64E+14,118.8476814,2.766,2.338,0.55,0.42799997
2025-05-26,2644.399902,2644.399902,2595.959961,2598.449951,0.020180554,0.019979626,0.007719361,27.12711007,67.29769066,26.58974939,25.61508365,380173138,8.34E+12,-0.12407374,1.02E+11,3.73E+11,-10817713212,47458975378,5802.819824,37531.53125,21536.57031,1364.72998,98.93000031,22.29000092,30485.729,21833.9,4.51,3.96,320.62,4.3,5.64E+14,118.8476814,2.766,2.348,0.55,0.41799998
2025-05-27,2637.219971,2642.629883,2625.659912,2630.290039,-0.002715146,-0.002718839,0.007761071,26.84566825,63.33809826,27.28244494,25.94855591,318285651,7.91E+12,-0.162787638,-75636719405,13003300666,4541113887,-20636821703,5921.540039,37724.10938,21336.53906,1368.099976,99.51999664,18.95999908,30485.729,21833.9,4.43,3.93,320.62,4.3,5.64E+14,118.8476814,2.709,2.34,0.5,0.3690002
2025-05-28,2670.149902,2692.469971,2643.5,2648.860107,0.012486608,0.012409293,0.007931955,29.57067871,67.10819441,30.14113321,26.78707137,405473857,1.12E+13,0.273930684,3.03E+11,7.57E+11,-33790635792,44791867826,5888.549805,37722.39844,21357.7207,1374.800049,99.87999725,19.30999947,30485.729,21833.9,4.47,3.95,320.62,4.3,5.64E+14,118.8476814,2.706,2.314,0.52,0.3920002
2025-05-29,2720.639893,2720.639893,2686.639893,2691.060059,0.018909047,0.018732493,0.008721997,31.86424037,72.88281288,36.06504908,28.64266691,448340888,1.09E+13,0.105720826,2.95E+11,5.62E+11,-3392052032,68016030745,5912.169922,38432.98047,21347.30078,1373.599976,99.27999878,19.18000031,30485.729,21833.9,4.43,3.91,320.62,4.3,5.64E+14,118.8476814,2.76,2.341,0.52,0.4189999
2025-05-30,2697.669922,2717.540039,2689.870117,2713.23999,-0.008442856,-0.008478699,0.009066118,31.91493443,64.75274936,38.46293366,30.60672026,525661026,1.48E+13,0.172458368,-6.12E+11,1.58E+11,-50512785457,14445323313,5911.689941,37965.10156,21347.30078,1370.410034,99.33000183,18.56999969,30485.729,21833.9,4.41,3.87,320.62,4.3,5.64E+14,118.8476814,2.786,2.347,0.54,0.43900013
2025-06-02,2698.969971,2719.870117,2685.139893,2692.909912,0.000481915,0.000481799,0.008972507,33.03424944,64.77693146,40.00700172,32.48677655,323603809,8.06E+12,-0.384386909,1.28E+11,-1.91E+11,-29530823675,-8952510266,5935.939941,37470.67188,21002.71094,1381.98999,98.69999695,18.36000061,30485.729,21938.8,4.46,3.91,321.435,4.1,5.64E+14,118.8476814,2.793,2.34,0.55,0.45300007
2025-06-04,2770.840088,2771.030029,2734.02002,2737.919922,0.026628721,0.026280347,0.010391565,35.49639021,68.81917179,46.49405014,35.28823127,489937474,1.21E+13,0.514004039,1.05E+12,1.22E+11,35258802197,2869575028,5970.810059,37747.44922,21618.08984,1377.719971,98.79000092,17.61000061,30485.729,21938.8,4.37,3.84,321.435,4.1,5.64E+14,118.8476814,2.894,2.414,0.53,0.48000002
2025-06-05,2812.050049,2831.110107,2787.76001,2790.330078,0.014872732,0.014763217,0.010666771,37.96210589,75.90122684,54.33405304,39.09739562,556013446,1.33E+13,0.134866132,9.84E+11,3.37E+11,-51910439428,61586656480,5939.299805,37554.48828,21674.42969,1361.089966,98.73999786,18.47999954,30485.729,21938.8,4.4,3.9,321.435,4.1,5.64E+14,118.8476814,2.891,2.412,0.5,0.4790001
2025-06-09,2855.77002,2867.27002,2841.389893,2841.560059,0.015547366,0.015427744,0.010928394,40.84354074,78.16745439,63.34494696,43.94690589,537617180,1.40E+13,-0.033086009,9.80E+11,-4.54E+11,-59587537114,-1.11E+11,6005.879883,38088.57031,21790.28906,1359.189941,98.94000244,17.15999985,30485.729,21938.8,4.49,3.99,321.435,4.1,5.64E+14,118.8476814,2.867,2.405,0.5,0.46200013
2025-06-10,2871.850098,2885.669922,2849.669922,2872.620117,0.005630733,0.00561494,0.01083855,41.02709961,83.64210714,70.96562567,49.35064985,508184663,1.43E+13,-0.054746236,6.33E+11,1.82E+11,-52322298027,-9048493815,6038.810059,38211.51172,22242.14063,1353.849976,99.05000305,16.95000076,30485.729,21938.8,4.47,3.95,321.435,4.1,5.64E+14,118.8476814,2.831,2.385,0.52,0.4460001
2025-06-11,2907.040039,2908.159912,2879.919922,2887.320068,0.012253405,0.012178939,0.010856825,41.84852818,85.28624673,78.93469263,55.2674584,393929540,1.25E+13,-0.224829932,1.66E+11,3.84E+11,-68338670804,-27624097410,6022.240234,38421.19141,22470.09961,1363.880005,98.62999725,17.26000023,30485.729,21938.8,4.41,3.89,321.435,4.1,5.64E+14,118.8476814,2.837,2.419,0.52,0.41799998
2025-06-12,2920.030029,2934.310059,2909.98999,2909.98999,0.004468459,0.004458505,0.010795867,41.53853934,84.90979243,85.31496149,61.27695902,713705710,1.73E+13,0.811759814,4.08E+11,-4.22E+11,1.51E+11,1.24E+11,6045.259766,38173.08984,22287.82031,1365.689941,97.91999817,18.02000046,30485.729,21938.8,4.36,3.85,321.435,4.1,5.64E+14,118.8476814,2.827,2.429,0.51,0.398
2025-06-13,2894.620117,2932.379883,2877.070068,2930.570068,-0.008701935,-0.008740018,0.011134651,42.81138393,86.23901974,87.31449582,66.48446638,931657602,1.75E+13,0.30538062,1.22E+11,-3.41E+11,-75196282184,29296004837,5976.970215,37834.25,22072.94922,1349.790039,98.18000031,20.81999969,30485.729,21938.8,4.41,3.9,321.435,4.1,5.64E+14,118.8476814,2.819,2.462,0.51,0.3570001
2025-06-16,2946.659912,2947.070068,2886.129883,2903.5,0.017978109,0.017818414,0.011139102,46.1192627,88.06934233,92.03736823,71.59504675,726351750,1.44E+13,-0.220366207,-3.22E+11,3.47E+11,-23042788392,-28386582974,6033.109863,38311.32813,22049.90039,1365.140015,98,19.11000061,30485.729,21938.8,4.46,3.93,321.435,4.1,5.64E+14,118.8476814,2.864,2.483,0.53,0.38100004
2025-06-17,2950.300049,2998.620117,2925.790039,2959.929932,0.001235343,0.001234581,0.011156096,47.58499581,86.67693531,94.97914678,76.27186676,939594106,1.79E+13,0.293580013,-96735251099,2.28E+11,-45962319151,-1.11E+11,5982.720215,38536.73828,22211.58984,1357.780029,98.81999969,21.60000038,30485.729,21938.8,4.39,3.9,321.435,4.1,5.64E+14,118.8476814,2.868,2.448,0.49,0.42000008
2025-06-18,2972.189941,2979.320068,2933.629883,2933.629883,0.007419548,0.007392158,0.010601912,49.51000977,88.79394243,97.94777784,80.60704897,576548034,1.47E+13,-0.386386068,2.86E+11,1.74E+11,-21805385275,-47541758021,5980.870117,38885.14844,22356.73047,1380.5,98.91000366,20.13999939,30485.729,21938.8,4.38,3.89,321.435,4.1,5.64E+14,118.8476814,2.876,2.472,0.49,0.40400004
2025-06-19,2977.73999,2996.040039,2954.469971,2989.560059,0.001867326,0.001865585,0.010526744,48.53287179,88.03514274,99.60015334,84.40566985,433310535,1.38E+13,-0.248439836,-87418957620,-91952282609,17086576619,-1.36E+11,5980.870117,38488.33984,22003.5,1370.75,98.91000366,20.13999939,30485.729,21938.8,4.38,3.89,321.435,4.1,5.64E+14,118.8476814,2.874,2.475,0.49,0.39900017
2025-06-20,3021.840088,3022.060059,2972.370117,2986.52002,0.014809922,0.014701326,0.010666217,48.47572545,87.84302755,103.2776615,88.18006819,484864681,1.80E+13,0.118977366,5.63E+11,90759898596,-3765140423,11318992895,5967.839844,38403.23047,22045.74023,1374.890015,98.70999908,20.62000084,30485.729,21938.8,4.38,3.86,321.435,4.1,5.64E+14,118.8476814,2.867,2.463,0.52,0.40400004
2025-06-23,3014.469971,3019.810059,2971.360107,2992.199951,-0.00243895,-0.002441929,0.009935816,49.88359724,91.42692225,104.3940172,91.42285799,625650915,1.79E+13,0.290361908,-3.69E+11,-8.57E+11,-6467508020,-16774804868,6025.169922,38354.08984,21732.01953,1369.469971,98.41999817,19.82999992,30485.729,21938.8,4.34,3.8,321.435,4.1,5.64E+14,118.8476814,2.873,2.498,0.54,0.375
2025-06-24,3103.639893,3105.040039,3061.139893,3061.139893,0.02958063,0.029151564,0.010841903,53.87215751,93.02893676,111.1922495,95.37673629,579200567,1.91E+13,-0.074243235,4.44E+11,4.79E+11,-19710321056,-98400735170,6092.180176,38790.55859,22188.75977,1361.939941,97.86000061,17.47999954,30485.729,21938.8,4.3,3.75,321.435,4.1,5.64E+14,118.8476814,2.823,2.461,0.55,0.362
2025-06-25,3108.25,3129.090088,3084.860107,3127.790039,0.001485387,0.001484285,0.010643569,51.88429478,91.86539155,115.6191096,99.42521096,644761399,1.97E+13,0.113191933,-1.11E+11,-2.13E+11,-1.53E+11,-51986541705,6092.160156,38942.07031,22430.60938,1353.780029,97.68000031,16.76000023,30485.729,21938.8,4.29,3.74,321.435,4.1,5.64E+14,118.8476814,2.82,2.46,0.55,0.3599999
2025-06-26,3079.560059,3113.030029,3036.550049,3108.340088,-0.009230255,-0.009273118,0.011085324,53.04214914,84.2566325,115.4811943,102.6364076,460611798,1.70E+13,-0.285608911,-5.81E+11,-1.55E+11,-1.01E+11,-46682955704,6141.02002,39584.57813,22492.33984,1357.030029,97.15000153,16.59000015,30485.729,21938.8,4.26,3.68,321.435,4.1,5.64E+14,118.8476814,2.788,2.454,0.58,0.3340001
2025-06-27,3055.939941,3093.560059,3041.850098,3077.870117,-0.007669965,-0.00769953,0.011543255,52.79143415,77.02441867,112.1728902,104.5437041,381633939,1.40E+13,-0.171462953,-8.58E+11,2.67E+11,16764935778,-12772689265,6173.069824,40150.78906,22580.08008,1352.76001,97.40000153,16.31999969,30485.729,21938.8,4.29,3.72,321.435,4.1,5.64E+14,118.8476814,2.785,2.453,0.57,0.33200002
2025-06-30,3071.699951,3086,3063.419922,3072.75,0.005157173,0.00514392,0.011195372,52.36715262,77.00454527,109.5597992,105.5469231,464162919,1.33E+13,0.216251679,-6.51E+11,5.22E+11,-7359262542,-30096619860,6204.950195,40487.39063,22256.01953,1363.589966,96.87999725,16.72999954,30485.729,21938.8,4.24,3.68,321.435,4.1,5.64E+14,118.8476814,2.805,2.452,0.56,0.35300016
2025-07-01,3089.649902,3133.52002,3088.449951,3089.639893,0.005843654,0.005826646,0.010661303,54.18931362,75.88081338,107.6958659,105.9767117,576016844,1.52E+13,0.240979881,1.76E+11,5.21E+11,66074808160,-68827619645,6198.009766,39986.32813,22553.7207,1348.5,96.81999969,16.82999992,31098.027,22020,4.26,3.75,322.169,4.3,5.64E+14,118.8476814,2.784,2.454,0.51,0.32999992
2025-07-02,3075.060059,3090.610107,3032.469971,3083.820068,-0.004722167,-0.004733352,0.010884974,56.39432199,71.87280627,103.8443538,105.5502401,696798456,1.48E+13,0.209684167,-3.27E+11,3.10E+11,-89442871071,-1877611701,6227.419922,39762.48047,22577.74023,1355.589966,96.77999878,16.63999939,31098.027,22020,4.3,3.77,322.169,4.3,5.64E+14,118.8476814,2.832,2.483,0.53,0.34899998
2025-07-03,3116.27002,3116.27002,3085.97998,3100.330078,0.013401352,0.013312348,0.009996045,55.38718959,79.93732103,102.9307802,105.0263481,539120202,1.49E+13,-0.226289615,6.46E+11,3.26E+11,71712261182,-6743727442,6279.350098,39785.89844,22712.9707,1354.75,97.18000031,16.37999916,31098.027,22020,4.35,3.84,322.169,4.3,5.64E+14,118.8476814,2.814,2.449,0.51,0.365
2025-07-04,3054.280029,3123.840088,3052.909912,3122.280029,-0.019892368,-0.020092885,0.01131611,56.10076032,64.15532152,96.09694663,103.2404678,520763440,1.36E+13,-0.034049479,1.62E+11,-1.60E+11,-1.08E+11,-79484086820,6279.350098,39810.87891,22547.5,1357.099976,97.18000031,16.37999916,31098.027,22020,4.35,3.84,322.169,4.3,5.64E+14,118.8476814,2.828,2.467,0.51,0.36100006
2025-07-07,3059.469971,3068.429932,3032.98999,3044.780029,0.001699236,0.001697794,0.011006995,53.43003627,64.3008644,90.06169403,100.6047131,359404588,1.02E+13,-0.309850576,-91190609722,-93888968626,64972410071,-59254783951,6229.97998,39587.67969,22428.7207,1362.199951,97.48000336,17.79000092,31098.027,22020,4.4,3.85,322.169,4.3,5.64E+14,118.8476814,2.84,2.482,0.55,0.3579998
2025-07-08,3114.949951,3115.860107,3066.030029,3071.73999,0.018133854,0.017971396,0.011472159,54.1943185,67.18840297,88.73262911,98.23029628,745793067,1.35E+13,1.075079428,2.44E+11,5061412717,4736677378,-2578060207,6225.52002,39688.80859,22362.26953,1374.640015,97.51000214,16.80999947,31098.027,22020,4.42,3.86,322.169,4.3,5.64E+14,118.8476814,2.847,2.477,0.56,0.3699999
2025-07-09,3133.73999,3137.169922,3111.02002,3123.219971,0.006032212,0.006014091,0.011324482,53.09287807,68.20218343,88.17906137,96.2200493,642960883,1.27E+13,-0.137882998,-4.13E+11,-1.40E+11,55748789432,3099022551,6263.259766,39821.28125,22527.00977,1370.300049,97.47000122,15.93999958,31098.027,22020,4.34,3.8,322.169,4.3,5.64E+14,118.8476814,2.854,2.478,0.54,0.37600017
2025-07-10,3183.22998,3183.22998,3133.810059,3144.139893,0.015792628,0.015669222,0.011634371,53.07859584,68.59716592,90.68838432,95.11371631,596571574,1.41E+13,-0.072149504,4.72E+11,-1.32E+11,1.64E+11,44951482986,6280.459961,39646.35938,22693.25,1373,97.65000153,15.77999973,31098.027,22020,4.35,3.82,322.169,4.3,5.64E+14,118.8476814,2.814,2.433,0.53,0.3809998
2025-07-11,3175.77002,3216.689941,3170.459961,3186.350098,-0.002343519,-0.00234627,0.011340905,52.77502441,68.58296539,91.02579562,94.29613217,465292057,1.33E+13,-0.220056608,3.26E+11,62412074481,-50660170349,4610589498,6259.75,39569.67969,22751.0293,1372.640015,97.84999847,16.39999962,31098.027,22020,4.43,3.86,322.169,4.3,5.64E+14,118.8476814,2.823,2.448,0.57,0.375
2025-07-14,3202.030029,3202.060059,3170.719971,3175.590088,0.008268864,0.008234864,0.010950288,48.54431152,63.25691586,92.34763379,93.90643249,444035800,1.16E+13,-0.045683688,3.71E+11,40976705347,-44884692933,-20497421543,6268.560059,39459.62109,22614.9707,1378.170044,98.08000183,17.20000076,31098.027,22020,4.43,3.86,322.169,4.3,5.64E+14,118.8476814,2.886,2.474,0.57,0.41199994
2025-07-15,3215.280029,3216.01001,3183.830078,3194.820068,0.004138,0.004129462,0.010928756,47.68359375,64.09292176,93.38784736,93.80271546,419651712,1.22E+13,-0.054914689,2.14E+11,-46441404870,-3029988153,28938628440,6243.759766,39678.01953,22835.93945,1382.01001,98.62000275,17.37999916,31098.027,22020,4.5,3.93,322.169,4.3,5.64E+14,118.8476814,2.877,2.463,0.57,0.41400003
2025-07-16,3186.379883,3209.199951,3178.419922,3207.47998,-0.008988376,-0.009029015,0.011294962,44.85360282,64.0574618,90.83315573,93.20880352,531498719,1.13E+13,0.266523414,53420699064,-1.78E+11,-1.03E+11,-74792499649,6263.700195,39663.39844,23042.90039,1386.449951,98.38999939,17.15999985,31098.027,22020,4.46,3.86,322.169,4.3,5.64E+14,118.8476814,2.877,2.459,0.6,0.41799998
2025-07-17,3192.290039,3201.419922,3152.419922,3201.419922,0.001854818,0.0018531,0.011295056,44.66003418,68.82092938,88.26794649,92.22063211,424787619,1.54E+13,-0.200773955,47171940790,2.45E+11,-21471232748,-13621028919,6297.359863,39901.19141,23113.2793,1384.920044,98.73000336,16.52000046,31098.027,22020,4.47,3.89,322.169,4.3,5.64E+14,118.8476814,2.905,2.479,0.58,0.42599988
2025-07-18,3188.070068,3204.75,3169.689941,3200.439941,-0.001321926,-0.0013228,0.011022121,45.01717704,66.59159609,84.9156288,90.75963145,393449261,1.19E+13,-0.073774179,1.90E+11,2.14E+11,-23131310118,-94179492988,6296.790039,39819.10938,23383.13086,1391.579956,98.48000336,16.40999985,31098.027,22020,4.44,3.84,322.169,4.3,5.64E+14,118.8476814,2.873,2.474,0.6,0.39899993
2025-07-21,3210.810059,3211.139893,3188.870117,3191.110107,0.007132839,0.007107521,0.010995485,42.24930246,67.04176928,83.13548592,89.23480234,343910781,1.07E+13,-0.125908179,8.96E+11,66864532439,24425218883,-9315945629,6305.600098,39819.10938,23340.56055,1390.569946,97.84999847,16.64999962,31098.027,22020,4.38,3.81,322.169,4.3,5.64E+14,118.8476814,2.855,2.456,0.57,0.39899993
2025-07-22,3169.939941,3220.27002,3155.25,3210.120117,-0.012728912,-0.012810618,0.009701189,42.74072266,62.42663188,77.53307988,86.89445785,378485911,1.16E+13,0.100535173,-1.29E+11,13953518426,-92985182958,-76046275704,6309.620117,39774.92188,22987.91992,1381.819946,97.38999939,16.5,31098.027,22020,4.35,3.77,322.169,4.3,5.64E+14,118.8476814,2.839,2.463,0.58,0.37599993
2025-07-23,3183.77002,3199.860107,3141.929932,3189.649902,0.004362883,0.004353394,0.009729016,43.93502372,59.52366518,73.36341666,84.18824961,664826146,1.22E+13,0.756541331,4.22E+11,3.80E+11,-61854811359,-1.03E+11,6358.910156,41171.32031,23318.66992,1379.780029,97.20999908,15.36999989,31098.027,22020,4.4,3.84,322.169,4.3,5.64E+14,118.8476814,2.83,2.458,0.56,0.37199998
2025-07-24,3190.449951,3237.969971,3183.050049,3209.429932,0.00209812,0.002095922,0.009411829,42.79143415,72.76553643,69.79340821,81.30928133,425499879,1.30E+13,-0.359983235,7.43E+11,60911740850,43247309316,-15722061203,6363.350098,41826.33984,23373.73047,1373.719971,97.37999725,15.39000034,31098.027,22020,4.43,3.87,322.169,4.3,5.64E+14,118.8476814,2.849,2.467,0.56,0.38199997
2025-07-25,3196.050049,3205.820068,3184.370117,3184.370117,0.001755269,0.00175373,0.00914489,41.79214914,72.80283564,66.647758,78.37697667,389290718,9.82E+12,-0.085097935,2.69E+11,3963133357,44694186757,46425945691,6388.640137,41456.23047,23364.38086,1372,97.65000153,14.93000031,31098.027,22020,4.4,3.86,322.169,4.3,5.64E+14,118.8476814,2.855,2.485,0.54,0.37000012
2025-07-28,3209.52002,3228.610107,3180.179932,3228.610107,0.004214568,0.004205712,0.009131615,41.2235805,68.36522697,64.4982262,75.60122657,502719579,1.39E+13,0.291373145,4.80E+11,5.22E+11,33332993907,-66818993971,6389.77002,40998.26953,23412.98047,1382.780029,98.66000366,15.02999973,31098.027,22020,4.42,3.87,322.169,4.3,5.64E+14,118.8476814,2.829,2.464,0.55,0.365
2025-07-29,3230.570068,3232.310059,3169.030029,3192.169922,0.006558628,0.006537214,0.009147858,43.87573242,68.6404927,63.75830375,73.23264201,373203172,1.28E+13,-0.257631515,6.05E+11,1.36E+11,-53437379060,-11909538891,6370.859863,40674.55078,23201.51953,1388.290039,98.91000366,15.97999954,31098.027,22020,4.34,3.82,322.169,4.3,5.64E+14,118.8476814,2.823,2.46,0.52,0.36299992
2025-07-30,3254.469971,3269.399902,3227.280029,3233.310059,0.007398045,0.007370814,0.009062926,43.34929548,65.21309352,64.35854699,71.457823,338073688,1.30E+13,-0.09412965,5.80E+11,3.20E+11,-10192121085,-15700722147,6362.899902,40654.69922,23461.7207,1388.859985,99.94000244,15.47999954,31098.027,22020,4.38,3.89,322.169,4.3,5.64E+14,118.8476814,2.797,2.454,0.49,0.34299994
2025-07-31,3245.439941,3288.26001,3227.459961,3275.780029,-0.002774654,-0.002778511,0.008794121,44.39001465,64.77870882,63.37504808,69.84126802,540323825,1.65E+13,0.598242762,3.44E+11,-3.68E+11,-1.02E+11,-1.43E+11,6339.390137,41069.82031,23542.51953,1392.52002,100.0299988,16.71999931,31098.027,22020,4.37,3.89,322.169,4.3,5.64E+14,118.8476814,2.785,2.46,0.48,0.32500005
2025-08-01,3119.409912,3210.320068,3117.919922,3210.320068,-0.038832957,-0.039607063,0.011908876,51.26000977,37.68629997,51.82860018,66.23873445,507776245,1.53E+13,-0.060237174,-6.56E+11,-4.62E+11,-2.56E+11,-19635300337,6238.009766,40799.60156,23434.38086,1391.51001,98.69000244,20.37999916,31098.027,22087,4.23,3.67,323.291,4.3,5.64E+14,118.8476814,2.832,2.478,0.56,0.3540001
2025-08-04,3147.75,3157.449951,3105.629883,3114.27002,0.00908508,0.009044059,0.012042291,52.66287667,40.36855377,44.45234629,61.88145682,293453733,9.72E+12,-0.422080619,82772693376,1.18E+11,47615279959,10392347608,6329.939941,40290.69922,23378.93945,1390.180054,98.77999878,17.52000046,31098.027,22087,4.22,3.66,323.291,4.3,5.64E+14,118.8476814,2.778,2.421,0.56,0.3570001
2025-08-05,3198,3212.310059,3174.22998,3187.149902,0.015963784,0.015837703,0.011896533,54.64144461,51.56217794,42.17519757,57.94020497,273439606,1.10E+13,-0.068201985,2.95E+11,-44602528461,42003566392,18927699525,6299.189941,40549.53906,23660.58984,1383.589966,98.77999878,17.85000038,31098.027,22087,4.22,3.63,323.291,4.3,5.64E+14,118.8476814,2.766,2.425,0.59,0.34100008
2025-08-06,3198.139893,3200.149902,3176.610107,3182.060059,4.37E-05,4.37E-05,0.011847234,52.82285854,50.79883261,39.92163717,54.33649141,327358365,1.11E+13,0.197187086,2.81E+11,48345638704,-96530391390,-3897955063,6345.060059,40794.85938,23447.35938,1386.579956,98.18000031,16.77000046,31098.027,22087,4.22,3.63,323.291,4.3,5.64E+14,118.8476814,2.779,2.43,0.59,0.34899998
2025-08-07,3227.679932,3227.679932,3200.280029,3214.810059,0.009236631,0.009194234,0.011509417,52.42857143,55.05911584,40.0575501,51.48070315,327047544,1.12E+13,-0.000949482,-17604897762,1.16E+11,-59278867324,40978001835,6340,41059.14844,24003.76953,1384.390015,98.40000153,16.56999969,31098.027,22087,4.23,3.66,323.291,4.3,5.64E+14,118.8476814,2.772,2.408,0.57,0.36400008
2025-08-08,3210.01001,3227.280029,3198.310059,3220.580078,-0.005474496,-0.005489536,0.011574386,52.87857492,49.89647405,38.29797187,48.84415689,341443229,1.14E+13,0.044017102,-1.60E+11,1.96E+11,-1.06E+11,-80220164964,6389.450195,41820.48047,24021.25977,1384.969971,98.18000031,15.14999962,31098.027,22087,4.27,3.7,323.291,4.3,5.64E+14,118.8476814,2.776,2.409,0.57,0.3670001
2025-08-11,3206.77002,3223.22998,3199.899902,3220.719971,-0.00100934,-0.001009849,0.011434503,49.90072196,55.27999485,36.22448006,46.32022153,304968427,1.03E+13,-0.106825378,2.20E+11,41736260722,-72443713350,-90656602643,6373.450195,41820.48047,24135.5,1387.810059,98.51999664,16.25,31098.027,22087,4.27,3.71,323.291,4.3,5.64E+14,118.8476814,2.781,2.42,0.56,0.36099982
2025-08-12,3189.909912,3242.169922,3189.580078,3209.75,-0.00525766,-0.00527153,0.011452229,49.51926967,50.87263953,32.84216901,43.62461102,373217178,1.02E+13,0.223789563,-59372183527,3495077882,-37712374821,21397450605,6445.759766,42718.17188,24158.35938,1389.790039,98.09999847,14.72999954,31098.027,22087,4.29,3.69,323.291,4.3,5.64E+14,118.8476814,2.801,2.431,0.6,0.37000012
2025-08-13,3224.370117,3226.370117,3192.169922,3225.399902,0.010802877,0.010744943,0.011521061,48.20071847,54.46811439,32.56690271,41.41306936,320069786,1.04E+13,-0.142403392,6.37E+11,46540066807,-48483121091,-17067257225,6466.580078,43274.67188,24370.01953,1383.089966,97.83999634,14.48999977,31098.027,22087,4.24,3.64,323.291,4.3,5.64E+14,118.8476814,2.809,2.417,0.6,0.39199996
2025-08-14,3225.659912,3239.550049,3210.830078,3226.52002,0.000400015,0.000399935,0.011517275,48.72000558,53.94514106,32.08299506,39.5470545,441467896,1.00E+13,0.379286379,-79961068780,1.52E+11,-3734437885,-78836194555,6468.540039,42649.26172,24238.09961,1378.780029,98.25,14.82999992,31098.027,22087,4.29,3.7,323.291,4.3,5.64E+14,118.8476814,2.787,2.404,0.59,0.3829999
2025-08-18,3177.280029,3206.77002,3177.280029,3202.629883,-0.014998445,-0.015112059,0.012034516,48.71641323,46.07001858,27.47888309,37.13342022,326132755,8.94E+12,-0.261253745,-4.90E+11,1.39E+11,-13107388329,34778984795,6449.149902,43714.30859,24482.51953,1387.97998,98.16999817,14.98999977,31098.027,22087,4.34,3.73,323.291,4.3,5.64E+14,118.8476814,2.837,2.426,0.61,0.41099977
2025-08-19,3151.560059,3185.47998,3142.47998,3185.040039,-0.008094965,-0.008127907,0.012031837,47.2678397,40.47727641,21.50678763,34.0080937,285290653,8.62E+12,-0.125231524,-4.55E+11,3.13E+11,-3164080845,-22153850933,6411.370117,43546.28906,24353.5,1386.910034,98.26999664,15.56999969,31098.027,22087,4.3,3.7,323.291,4.3,5.64E+14,118.8476814,2.858,2.444,0.6,0.41400003
2025-08-20,3130.090088,3132.830078,3079.27002,3121.52002,-0.00681249,-0.006835801,0.011793166,49.42285156,34.92072325,14.86999965,30.18047489,335285191,1.18E+13,0.175240715,-2.14E+11,6.20E+11,-44492370378,-72039799210,6395.779785,42888.55078,23625.43945,1391.339966,98.22000122,15.68999958,31098.027,22087,4.29,3.69,323.291,4.3,5.64E+14,118.8476814,2.853,2.441,0.6,0.41199994
2025-08-21,3141.73999,3166.540039,3134.860107,3140.709961,0.003721906,0.003714997,0.011779817,47.68355887,37.50722793,10.43011524,26.23040296,276915481,1.09E+13,-0.174089735,-17115416031,-64360593619,53614094444,25171829060,6370.169922,42610.17188,23962.13086,1396.910034,98.62000275,16.60000038,31098.027,22087,4.33,3.75,323.291,4.3,5.64E+14,118.8476814,2.845,2.438,0.58,0.40700006
2025-08-22,3168.72998,3181.949951,3159.449951,3165.409912,0.008590778,0.008554087,0.011946799,41.44712612,57.80381431,8.98575927,22.78147422,236797098,8.34E+12,-0.144875913,1.82E+11,33597315183,81168550096,10958318950,6466.910156,42633.28906,23764.4707,1399.609985,97.72000122,14.22000027,31098.027,22087,4.26,3.64,323.291,4.3,5.64E+14,118.8476814,2.86,2.456,0.62,0.4039998
2025-08-25,3209.860107,3209.860107,3180.120117,3195.139893,0.012980004,0.012896485,0.012304132,40.68355887,59.44526083,11.0327753,20.43173444,220165003,8.09E+12,-0.070237748,1.19E+11,67474555655,43580166224,27972826651,6439.319824,42807.82031,24277.38086,1382.890015,98.43000031,14.78999996,31098.027,22087,4.28,3.68,323.291,4.3,5.64E+14,118.8476814,2.852,2.434,0.6,0.41799998
2025-08-26,3179.360107,3199.919922,3175.310059,3199.919922,-0.009501972,-0.009547403,0.012452814,38.53998675,46.98422454,10.07778471,18.36094449,325353201,1.30E+13,0.477769839,-6.86E+11,-2.00E+11,-4860816787,-16108522489,6465.939941,42394.39844,24305.09961,1389.050049,98.23000336,14.61999989,31098.027,22087,4.26,3.63,323.291,4.3,5.64E+14,118.8476814,2.86,2.422,0.63,0.43799996
2025-08-27,3187.159912,3189.310059,3165.77002,3185.870117,0.002453262,0.002450258,0.012364963,38.54000419,48.26649974,9.836932812,16.65614216,281721035,8.85E+12,-0.134107075,-2.04E+11,-87202490780,33556798120,17119095887,6481.399902,42520.26953,24519.90039,1393.949951,98.23000336,14.85000038,31098.027,22087,4.24,3.59,323.291,4.3,5.64E+14,118.8476814,2.825,2.402,0.65,0.4230001
2025-08-28,3196.320068,3211.340088,3164.080078,3175.330078,0.002874081,0.002869959,0.012251229,39.80571638,44.70844326,10.2668541,15.37828454,312188158,9.88E+12,0.108146426,-24298916158,1.37E+11,30739552714,74751901807,6501.859863,42828.78906,24236.44922,1392.75,97.80999756,14.43000031,31098.027,22087,4.22,3.6,323.291,4.3,5.64E+14,118.8476814,2.815,2.416,0.62,0.39900017
2025-08-29,3186.01001,3212.689941,3184.47998,3208.800049,-0.003225603,-0.003230816,0.012255293,39.72286551,45.84717552,9.664231008,14.23547384,245132452,8.97E+12,-0.2147926,-3.72E+11,1.56E+11,-57929755210,-26994167382,6460.259766,42718.46875,24233.09961,1384.410034,97.76999664,15.35999966,31098.027,22087,4.23,3.58,323.291,4.3,5.64E+14,118.8476814,2.815,2.426,0.65,0.38899994
2025-09-01,3142.929932,3177.399902,3135.02002,3164.580078,-0.013521639,-0.013613889,0.00883929,41.69857352,40.29195888,5.645369297,12.51745293,260138455,8.00E+12,0.061215897,-2.67E+11,-26371879503,-70714559789,14645842505,6460.259766,42188.78906,24071.73047,1388.839966,97.76999664,15.35999966,31098.027,22170.3,4.23,3.58,324.245,4.4,5.64E+14,118.8476814,2.847,2.435,0.65,0.41199994
2025-09-02,3172.350098,3174.159912,3151.929932,3155.72998,0.009360745,0.009317205,0.008853588,40.172869,47.4279633,4.779261606,10.96981466,310678131,8.68E+12,0.194279911,4.02E+11,-1.48E+11,12643551131,17380132401,6415.540039,42310.48828,24016.7793,1392.939941,98.40000153,17.17000008,31098.027,22170.3,4.28,3.63,324.245,4.4,5.64E+14,118.8476814,2.87,2.45,0.65,0.41999984
2025-09-03,3184.419922,3187.47998,3167.22998,3177.75,0.003804695,0.003797475,0.008127429,39.01499721,43.73761959,5.009057666,9.777663265,335816449,8.81E+12,0.080914347,4.36E+11,-2.62E+11,-30688242888,-64880315447,6448.259766,41938.89063,24100.30078,1394.569946,98.13999939,16.35000038,31098.027,22170.3,4.22,3.58,324.245,4.4,5.64E+14,118.8476814,2.913,2.475,0.64,0.4380002
2025-09-04,3200.830078,3205.610107,3185.48999,3188.840088,0.005153264,0.005140031,0.00821531,38.47715541,46.28396129,6.441086328,9.110347878,286255881,7.98E+12,-0.147582312,2.03E+11,4507024653,8947485987,-21218993136,6502.080078,42580.26953,24179.84961,1389.630005,98.34999847,15.30000019,31098.027,22170.3,4.17,3.55,324.245,4.4,5.64E+14,118.8476814,2.883,2.472,0.62,0.411
2025-09-05,3205.120117,3214.639893,3196.189941,3208.830078,0.00134029,0.001339392,0.00793782,36.33930315,54.80001111,7.831868752,8.854652052,323844686,1.09E+13,0.131311905,-1.38E+11,1.65E+11,-29780160854,-13789367320,6481.5,43018.75,24494.58008,1392.060059,97.76999664,15.18000031,31098.027,22170.3,4.1,3.48,324.245,4.4,5.64E+14,118.8476814,2.855,2.46,0.62,0.39499998
2025-09-08,3219.590088,3221.139893,3206.340088,3209.810059,0.004514642,0.004504482,0.007911822,34.41214425,62.20268515,9.986560693,9.08103378,372299882,8.22E+12,0.149624799,2.32E+11,1.13E+11,-6396260566,-12974057207,6495.149902,43643.80859,24547.38086,1385.51001,97.44999695,15.10999966,31098.027,22170.3,4.05,3.47,324.245,4.4,5.64E+14,118.8476814,2.848,2.448,0.58,0.4000001
2025-09-09,3260.050049,3260.050049,3221.97998,3231.310059,0.012566805,0.012488498,0.008370222,32.13856724,71.82438682,14.78847792,10.22252261,439945501,1.06E+13,0.18169659,6.84E+11,2.06E+11,6693625489,26981626354,6512.609863,43459.28906,24855.17969,1385.719971,97.79000092,15.03999996,31098.027,22170.3,4.08,3.48,324.245,4.4,5.64E+14,118.8476814,2.818,2.425,0.6,0.39300013
2025-09-10,3314.530029,3317.77002,3272.070068,3272.199951,0.016711394,0.016573295,0.008938917,33.65785435,75.36774826,22.72811547,12.72364118,564706848,1.37E+13,0.283583641,1.38E+12,9.08E+11,-6550243633,37276629176,6532.040039,43837.67188,25192.58984,1387.25,97.77999878,15.35000038,31098.027,22170.3,4.04,3.47,324.245,4.4,5.64E+14,118.8476814,2.833,2.43,0.57,0.40299988
2025-09-11,3344.199951,3344.699951,3311.860107,3336.600098,0.008951472,0.008911645,0.008852599,33.13141741,75.56006495,31.05645073,16.39020309,435588829,1.49E+13,-0.228646101,3.02E+11,1.08E+12,-80618937466,-1.49E+11,6587.470215,44372.5,25215.71094,1387.199951,97.54000092,14.71000004,31098.027,22170.3,4.01,3.47,324.245,4.4,5.64E+14,118.8476814,2.813,2.42,0.54,0.3929999
2025-09-12,3395.540039,3395.540039,3362.860107,3374.649902,0.015351979,0.01523533,0.009335327,33.86070033,76.26603066,41.32308564,21.3767796,448857492,1.39E+13,0.03046144,1.42E+12,7.12E+11,-2.05E+11,1.86E+11,6584.290039,44768.12109,25474.64063,1389.5,97.55000305,14.76000023,31098.027,22170.3,4.06,3.52,324.245,4.4,5.64E+14,118.8476814,2.813,2.431,0.54,0.38199997
2025-09-15,3407.310059,3420.22998,3391.330078,3407.780029,0.003466317,0.003460324,0.00835668,33.45711844,84.04980107,49.83474606,27.06837289,378854245,1.28E+13,-0.155958736,2.67E+11,60345432689,-48987386118,-56689780119,6615.279785,44768.12109,25357.16016,1393.699951,97.30000305,15.68999958,31098.027,22170.3,4.05,3.5,324.245,4.4,5.64E+14,118.8476814,2.821,2.443,0.55,0.37800002
2025-09-16,3449.620117,3452.5,3418.100098,3421.129883,0.012417437,0.012340973,0.008108032,35.00354004,85.54055153,59.3106699,33.51683229,406214278,1.41E+13,0.072217834,1.80E+12,2.29E+11,-43433949486,13813197883,6606.759766,44902.26953,25629.64063,1385.01001,96.62999725,16.36000061,31098.027,22170.3,4.04,3.47,324.245,4.4,5.64E+14,118.8476814,2.804,2.417,0.57,0.38699985
2025-09-17,3413.399902,3433.830078,3406.75,3433.830078,-0.010499769,-0.010555281,0.008418867,34.68997628,77.3882841,63.16955983,39.4473778,326609906,1.16E+13,-0.195966455,-36144722867,-1.82E+11,-64053755185,43546933022,6600.350098,44790.37891,25438.25,1377.640015,96.87000275,15.72000027,31098.027,22170.3,4.06,3.51,324.245,4.4,5.64E+14,118.8476814,2.787,2.418,0.55,0.36899996
2025-09-18,3461.300049,3461.300049,3422.77002,3432.77002,0.014032972,0.013935422,0.00868539,36.09641811,81.72343711,69.29411991,45.41672622,391177053,1.24E+13,0.197688881,2.88E+11,3.13E+11,-22387590211,46741024261,6631.959961,45303.42969,25769.35938,1378.689941,97.34999847,15.69999981,31098.027,22170.3,4.11,3.55,324.245,4.4,5.64E+14,118.8476814,2.756,2.403,0.56,0.35299993
2025-09-19,3445.23999,3467.889893,3434.610107,3461.22998,-0.004639892,-0.00465069,0.008887998,34.83140346,87.15063887,72.02174357,50.73772969,348844702,1.51E+13,-0.108217879,-3.06E+11,-89468626914,-67514766529,-59981201920,6664.359863,45045.80859,25578.36914,1386.75,97.63999939,15.44999981,31098.027,22170.3,4.14,3.56,324.245,4.4,5.64E+14,118.8476814,2.815,2.441,0.58,0.37400007
2025-09-22,3468.649902,3482.25,3458.870117,3463.840088,0.006794857,0.006771876,0.00867494,35.2442627,86.95798344,75.20546742,55.63127724,287867235,1.20E+13,-0.174798318,5.68E+11,4.20E+11,-44861807877,-13659648631,6693.75,45493.66016,25880.59961,1396.22998,97.33000183,16.10000038,31098.027,22170.3,4.15,3.59,324.245,4.4,5.64E+14,118.8476814,2.833,2.459,0.56,0.37399983
2025-09-23,3486.189941,3494.48999,3467.830078,3489.459961,0.005056734,0.005043991,0.008079675,35.70211356,87.13356125,78.24200099,60.15342199,358335419,1.22E+13,0.244794042,3.37E+11,-33675933112,-34848083944,-29487174255,6656.919922,45493.66016,26247.36914,1389.390015,97.26000214,16.63999939,31098.027,22170.3,4.12,3.57,324.245,4.4,5.64E+14,118.8476814,2.813,2.46,0.55,0.35299993
2025-09-24,3472.139893,3497.949951,3442.409912,3492.030029,-0.004030202,-0.004038345,0.00829813,38.15567453,83.58040278,78.60860315,63.84445822,287145415,1.18E+13,-0.198668622,-2.47E+11,3.87E+11,-28677446668,-95845033859,6637.970215,45630.30859,26196.73047,1391.849976,97.87000275,16.18000031,31098.027,22170.3,4.16,3.6,324.245,4.4,5.64E+14,118.8476814,2.848,2.489,0.56,0.35899997
2025-09-25,3471.110107,3479.419922,3454.080078,3458.97998,-0.000296585,-0.000296629,0.008356495,38.64780971,83.18981983,77.91785443,66.65913746,293074983,1.26E+13,0.020650053,2.16E+11,2.12E+11,55903894523,-96224087517,6604.720215,45754.92969,26023.84961,1403.650024,98.55000305,16.73999977,31098.027,22170.3,4.18,3.66,324.245,4.4,5.64E+14,118.8476814,2.885,2.528,0.52,0.35699987
2025-09-26,3386.050049,3441.909912,3365.72998,3440.389893,-0.024505146,-0.024810394,0.010479551,45.03069196,67.65964964,69.703299,67.26796977,399149806,1.26E+13,0.361937488,-5.70E+11,-2.72E+11,-38953231022,-68660208836,6643.700195,45354.98828,25580.32031,1408.920044,98.15000153,15.28999996,31098.027,22170.3,4.2,3.66,324.245,4.4,5.64E+14,118.8476814,2.943,2.562,0.54,0.38100004
2025-09-29,3431.209961,3439.120117,3413.330078,3414.429932,0.013337048,0.013248893,0.009939642,45.93141392,67.97897314,66.07555427,67.02948667,416480046,1.00E+13,0.043417884,4.48E+11,1.13E+11,1.06E+11,12595246939,6661.209961,45043.75,25580.32031,1408.709961,97.91000366,16.12000084,31098.027,22170.3,4.15,3.63,324.245,4.4,5.64E+14,118.8476814,2.939,2.563,0.52,0.37599993
2025-09-30,3424.600098,3443.379883,3421.889893,3436,-0.001926394,-0.001928252,0.009964161,43.34355818,62.85474455,61.95302381,66.0141941,526401520,1.12E+13,0.263929749,25972753484,-2.09E+11,46191261910,-1657623813,6688.459961,44932.62891,25820.53906,1399.329956,97.76999664,16.28000069,31098.027,22170.3,4.16,3.61,324.245,4.4,5.64E+14,118.8476814,2.951,2.582,0.55,0.36899996
2025-10-01,3455.830078,3459.73999,3440.419922,3444.060059,0.009119307,0.009077977,0.010033098,43.50784738,62.98960631,60.50838416,64.91303211,493641155,1.23E+13,-0.062234556,8.33E+11,1.49E+11,36645078234,-34906264253,6711.200195,44550.85156,25982.91016,1403.150024,97.70999908,16.29000092,31422.526,22245.1,4.12,3.56,324.245,4.4,5.64E+14,118.8476814,2.96,2.596,0.56,0.36400008
2025-10-02,3549.209961,3565.959961,3512.159912,3525.47998,0.027020971,0.02666235,0.011234022,47.70711844,66.28791133,66.1360972,65.15764513,402107231,1.95E+13,-0.185426039,3.14E+12,-6638937582,-26153987489,45041145467,6715.350098,44936.73047,26378.39063,1401.819946,97.84999847,16.62999916,31422.526,22245.1,4.1,3.56,324.245,4.4,5.64E+14,118.8476814,2.959,2.581,0.54,0.37800002
2025-10-10,3610.600098,3617.860107,3569.439941,3598.110107,0.017296846,0.017148958,0.011503595,50.5464216,69.49649957,74.68880525,67.06387715,407410846,1.96E+13,0.013189554,1.06E+12,-4.92E+11,-54935274671,83401703361,6552.509766,48088.80078,27301.91992,1421.51001,98.98000336,21.65999985,31422.526,22245.1,4.05,3.52,324.245,4.4,5.64E+14,118.8476814,2.964,2.591,0.53,0.3729999
2025-10-13,3584.550049,3584.550049,3522.540039,3550.080078,-0.007214881,-0.007241034,0.011875413,53.60857282,63.35701639,78.46042384,69.34318649,408033131,1.43E+13,0.001527414,-8.23E+11,-3.81E+11,-12394052870,25232290956,6654.720215,48088.80078,26923.41992,1429.030029,99.26999664,19.03000069,31422.526,22245.1,4.05,3.52,324.245,4.4,5.64E+14,118.8476814,2.904,2.554,0.53,0.35000014
2025-10-14,3561.810059,3646.77002,3535.52002,3604.120117,-0.00634389,-0.006364098,0.012027794,58.49285017,65.09430214,78.70724348,71.21599789,734084905,1.89E+13,0.799081617,5.55E+11,-4.22E+11,-51672435581,-35107716624,6644.310059,46847.32031,26793.15039,1426.069946,99.05000305,20.80999947,31422.526,22245.1,4.03,3.47,324.245,4.4,5.64E+14,118.8476814,2.871,2.533,0.56,0.33800006
2025-10-15,3657.280029,3659.909912,3577.060059,3580.639893,0.026803779,0.026450851,0.012734829,62.07854353,68.17390241,85.61951016,74.09670034,543606716,1.39E+13,-0.259477055,1.63E+11,5.16E+11,70549152613,82202888456,6671.060059,47672.67188,27275.71094,1429.430054,98.79000092,20.63999939,31422.526,22245.1,4.05,3.51,324.245,4.4,5.64E+14,118.8476814,2.856,2.52,0.54,0.33599997
2025-10-16,3748.370117,3748.370117,3675.820068,3675.820068,0.024906512,0.0246014,0.013456462,66.20785086,74.67643532,97.32582855,78.74252598,495790790,1.77E+13,-0.087960514,6.59E+11,6.76E+11,1.00E+11,98166933672,6629.069824,48277.73828,27647.86914,1420.089966,98.38999939,25.30999947,31422.526,22245.1,3.99,3.42,324.245,4.4,5.64E+14,118.8476814,2.908,2.569,0.57,0.339
2025-10-17,3748.889893,3794.870117,3722.070068,3732.76001,0.000138667,0.000138657,0.013316399,68.76428223,73.69615346,105.4297828,84.07997736,420769792,1.73E+13,-0.151315836,4.43E+11,-23794686090,10539821316,-8032557205,6664.009766,47582.14844,27302.36914,1415.719971,98.43000031,20.78000069,31422.526,22245.1,4.02,3.47,324.245,4.4,5.64E+14,118.8476814,2.885,2.555,0.55,0.32999992
2025-10-20,3814.689941,3814.689941,3728.379883,3775.399902,0.017551876,0.01739962,0.01359618,73.02500698,75.68093207,115.8265625,90.42929439,410146751,1.42E+13,-0.025246682,-2.48E+11,8.70E+11,-1.14E+11,3168542569,6735.129883,49185.5,27688.63086,1419.73999,98.58999634,18.22999954,31422.526,22245.1,4,3.47,324.245,4.4,5.64E+14,118.8476814,2.892,2.569,0.53,0.32299995
2025-10-21,3823.840088,3893.060059,3816.189941,3851.01001,0.002398661,0.002395788,0.013520118,74.65572684,77.70690493,123.382153,97.01986611,526854280,1.94E+13,0.284550661,-18821013815,4.97E+11,-99873962571,49618162027,6735.350098,49316.05859,27752.41016,1419.73999,98.93000031,17.87000084,31422.526,22245.1,3.98,3.46,324.245,4.4,5.64E+14,118.8476814,2.904,2.6,0.52,0.30400014
2025-10-22,3883.679932,3883.679932,3794.52002,3827.22998,0.015649149,0.015527964,0.013179192,79.21430315,79.74592101,132.6692596,104.1497448,597215988,1.55E+13,0.133550605,-7.01E+11,5.40E+11,1.58E+11,31725550553,6699.399902,49307.78906,27648.91016,1430.73999,98.90000153,18.60000038,31422.526,22245.1,3.97,3.44,324.245,4.4,5.64E+14,118.8476814,2.869,2.572,0.53,0.29699993
2025-10-23,3845.560059,3902.209961,3822.330078,3835.790039,-0.0098154,-0.009863889,0.013537664,77.39285714,85.53555967,135.3926807,110.398332,423588471,1.63E+13,-0.29072818,-4.09E+11,-1.80E+11,13488058741,-1.01E+11,6738.439941,48641.60938,27532.25977,1430.400024,98.94000244,17.29999924,31422.526,22245.1,4.01,3.49,324.245,4.4,5.64E+14,118.8476814,2.912,2.605,0.52,0.30699992
2025-10-24,3941.590088,3951.070068,3886.639893,3893.22998,0.024971663,0.024664966,0.013987287,81.13856724,86.59060271,143.6439938,117.0474643,426896560,1.78E+13,0.007809677,5.85E+11,1.08E+12,49696911063,73033574655,6791.689941,49299.64844,27532.25977,1435.839966,98.94999695,16.37000084,31422.526,22245.1,4.02,3.49,324.245,4.4,5.64E+14,118.8476814,2.913,2.591,0.53,0.32200003
2025-10-27,4042.830078,4042.830078,3999.790039,3999.790039,0.025685063,0.025360744,0.014594668,86.83499581,89.02721627,156.5478538,124.9475422,516998547,2.01E+13,0.211062809,6.49E+11,6.91E+11,-1.05E+11,-88648147441,6875.160156,50512.32031,27993.63086,1436.969971,98.77999878,15.78999996,31422.526,22245.1,4.01,3.5,324.245,4.4,5.64E+14,118.8476814,2.959,2.62,0.51,0.33900023
2025-10-28,4010.409912,4018.219971,3972.560059,4010.469971,-0.008019176,-0.008051503,0.01500612,89.3442906,84.95662352,162.2874704,132.4155279,408224732,1.97E+13,-0.210394818,-1.64E+12,3.11E+11,-1.02E+11,-66622546139,6890.890137,50219.17969,27949.10938,1430.969971,98.69000244,16.42000008,31422.526,22245.1,3.99,3.5,324.245,4.4,5.64E+14,118.8476814,2.935,2.633,0.49,0.30200005
2025-10-29,4081.149902,4084.090088,4014.840088,4061.540039,0.017639092,0.017485329,0.01494418,86.74074009,84.51465572,170.5779674,140.0480158,466898421,2.20E+13,0.143728893,-1.02E+11,1.07E+12,-1.34E+11,-3.12E+11,6890.589844,51307.64844,28294.74023,1425.969971,99.22000122,16.92000008,31422.526,22245.1,4.08,3.6,324.245,4.4,5.64E+14,118.8476814,2.984,2.677,0.48,0.30699992
2025-10-30,4086.889893,4146.720215,4070.790039,4105.950195,0.001406464,0.001405476,0.01489874,87.26074219,83.30931026,175.5873534,147.1558833,566538268,2.42E+13,0.213407976,-1.18E+11,-1.93E+11,-2.30E+11,-1.73E+11,6822.339844,51325.60938,28287.5293,1424.01001,99.52999878,16.90999985,31422.526,22245.1,4.11,3.61,324.245,4.4,5.64E+14,118.8476814,3.05,2.732,0.5,0.31799984
2025-10-31,4107.5,4122.089844,4059.73999,4083.25,0.005042981,0.005030308,0.012763793,85.42429897,86.85289453,179.1552018,153.555747,408275232,2.30E+13,-0.279351008,1.32E+12,1.17E+12,-62375553323,-1.57E+11,6840.200195,52411.33984,28233.34961,1424.02002,99.80000305,17.44000053,31422.526,22245.1,4.11,3.6,324.245,4.4,5.64E+14,118.8476814,3.061,2.716,0.51,0.34500003
2025-11-03,4221.870117,4221.919922,4123.359863,4123.359863,0.027844216,0.027463615,0.013356311,85.65072196,91.19504368,189.0324119,160.65108,472676323,2.27E+13,0.157739402,-7.96E+11,4.28E+11,-56410667374,-33198223741,6851.970215,52411.33984,28334.58984,1427.170044,99.87000275,17.17000008,31422.526,22277.5,4.13,3.61,325.063,4.5,5.64E+14,118.8476814,3.086,2.741,0.52,0.34500003
2025-11-04,4121.740234,4226.75,4117.910156,4219.240234,-0.02371695,-0.024002724,0.015209461,86.41786412,78.81981738,186.6291824,165.8467005,423542560,2.08E+13,-0.10394801,-2.23E+12,-51385373466,-1.17E+11,-1.20E+11,6771.549805,51497.19922,28116.56055,1428.969971,100.2200012,19,31422.526,22277.5,4.1,3.59,325.063,4.5,5.64E+14,118.8476814,3.082,2.729,0.51,0.35299993
2025-11-05,4004.419922,4055.469971,3867.810059,4055.469971,-0.028463781,-0.02887673,0.017438493,98.04929897,65.38704858,173.2605966,167.3294797,594162840,2.92E+13,0.402840933,-2.07E+12,87405093093,-57809224195,58251975721,6796.290039,50212.26953,27717.06055,1439.810059,100.1999969,18.01000023,31422.526,22277.5,4.17,3.65,325.063,4.5,5.64E+14,118.8476814,3.125,2.767,0.52,0.35800004
2025-11-06,4026.449951,4111.959961,3985.290039,4092.459961,0.005501428,0.005486351,0.016837797,101.897147,66.25933683,162.5695349,166.3774907,423420832,2.15E+13,-0.287365679,-1.70E+12,5.88E+11,1.89E+11,-36805466458,6720.319824,50883.67969,27899.44922,1439.73999,99.73000336,19.5,31422.526,22277.5,4.11,3.58,325.063,4.5,5.64E+14,118.8476814,3.203,2.834,0.53,0.36899996
2025-11-07,3953.76001,4037.610107,3887.320068,3963.719971,-0.018053109,-0.018218055,0.017484093,106.4671456,58.08142443,146.5420749,162.4104076,377049668,1.88E+13,-0.109515547,-4.63E+11,1.64E+11,-1.37E+11,-68751991674,6728.799805,50276.37109,27651.41016,1447.900024,99.59999847,19.07999992,31422.526,22277.5,4.11,3.57,325.063,4.5,5.64E+14,118.8476814,3.226,2.894,0.54,0.33200002
2025-11-10,4073.23999,4092.909912,3984.23999,3991.870117,0.030219331,0.029771722,0.018118836,110.8085589,62.84559712,141.8461195,158.2975499,339514007,1.67E+13,-0.099550972,-1.45E+11,9.22E+11,1.33E+11,64813593813,6832.430176,50911.76172,27869.50977,1454,99.62000275,17.60000038,31422.526,22277.5,4.13,3.56,325.063,4.5,5.64E+14,118.8476814,3.23,2.865,0.57,0.365
2025-11-11,4106.390137,4187.459961,4066.580078,4124.299805,0.00813852,0.008105581,0.017869927,113.0742711,61.79520977,139.1949283,154.4770256,377553974,2.01E+13,0.112042408,74380943249,3.67E+11,22061694723,-89869861481,6846.609863,50842.92969,27784.94922,1456.089966,99.45999908,17.28000069,31422.526,22277.5,4.13,3.56,325.063,4.5,5.64E+14,118.8476814,3.201,2.831,0.57,0.3699999
2025-11-12,4150.390137,4154.620117,4088.860107,4097.439941,0.010715007,0.010658008,0.017310659,112.0657087,66.04452123,139.0414887,151.3899182,334584453,1.57E+13,-0.113810273,-4.26E+11,8.69E+11,13870437898,-45197406554,6850.919922,51063.30859,27947.08984,1459.839966,99.48000336,17.51000023,31422.526,22277.5,4.08,3.55,325.063,4.5,5.64E+14,118.8476814,3.282,2.923,0.53,0.35899997
2025-11-13,4170.629883,4188.540039,4123.839844,4127.569824,0.004876589,0.004864737,0.016767943,109.150722,63.10055882,138.9513207,148.9021987,424188608,1.75E+13,0.267807288,1.00E+12,-7.43E+11,1421739128,27502984530,6737.490234,51281.82813,27903.56055,1468.02002,99.18000031,20,31422.526,22277.5,4.11,3.57,325.063,4.5,5.64E+14,118.8476814,3.267,2.932,0.54,0.33500004
2025-11-14,4011.570068,4092.76001,4011.399902,4061.909912,-0.03813808,-0.038884373,0.01945914,113.2928641,48.32292526,124.6086533,144.0434896,399992380,1.80E+13,-0.057041202,-2.37E+12,-6.55E+11,-44878847933,-6664717015,6734.109863,50376.53125,27397.5,1468.709961,99.26999664,19.82999992,31422.526,22277.5,4.14,3.61,325.063,4.5,5.64E+14,118.8476814,3.317,2.944,0.53,0.3729999
2025-11-17,4089.25,4089.879883,4045.399902,4078.570068,0.019363972,0.019178876,0.019530515,113.8671352,54.03381404,118.1481687,138.8644254,344096599,1.44E+13,-0.139742115,5.18E+11,5964690486,30020117961,-46707925574,6672.410156,50323.91016,27447.31055,1446.530029,99.58999634,22.37999916,31422.526,22277.5,4.13,3.6,325.063,4.5,5.64E+14,118.8476814,3.301,2.914,0.53,0.38700008
2025-11-18,3953.620117,4072.409912,3953.26001,4044.469971,-0.033167423,-0.033729935,0.021232022,118.3178362,43.88129123,100.9206398,131.2756683,319659628,1.41E+13,-0.071017764,-5.52E+11,-4.29E+11,-43108537347,-59361695503,6617.319824,48702.98047,26756.11914,1461.689941,99.55000305,24.69000053,31422.526,22277.5,4.12,3.58,325.063,4.5,5.64E+14,118.8476814,3.268,2.872,0.54,0.3959999
2025-11-19,3929.51001,3966.639893,3854.949951,3966.639893,-0.006098236,-0.006116906,0.021039178,120.8721052,42.57992066,84.34988194,121.890511,338241537,1.46E+13,0.058130297,-1.05E+12,4.61E+11,88744183243,5891802893,6642.160156,48537.69922,26580.11914,1456.550049,100.2300034,23.65999985,31422.526,22277.5,4.13,3.59,325.063,4.5,5.64E+14,118.8476814,3.281,2.869,0.54,0.41199994
2025-11-20,4004.850098,4059.370117,4001.310059,4030.969971,0.019172896,0.018991412,0.021272897,125.6942662,45.39781461,76.41587772,112.7955844,360281733,1.51E+13,0.065161116,7.45E+11,7.48E+11,17378732171,-31443822134,6538.759766,49823.94141,27426.35938,1466.130005,100.1600037,26.42000008,31422.526,22277.5,4.1,3.56,325.063,4.5,5.64E+14,118.8476814,3.325,2.908,0.54,0.41700006
2025-11-21,3853.26001,3911.550049,3838.459961,3908.699951,-0.037851626,-0.038586605,0.022402341,129.4064244,34.0075438,57.23628475,101.6837245,319324121,1.42E+13,-0.113682178,-2.83E+12,4.12E+11,-59779950043,85078446938,6602.990234,48625.87891,26434.93945,1473.25,100.1800003,23.43000031,31422.526,22277.5,4.06,3.5,325.063,4.5,5.64E+14,118.8476814,3.271,2.872,0.56,0.39899993
2025-11-24,3846.060059,3917.159912,3838.199951,3915.159912,-0.001868535,-0.001870283,0.021517397,127.272147,36.99032719,40.98291768,89.5435631,373120108,2.14E+13,0.168468285,-7.96E+11,1.11E+12,63408149900,-22807985903,6705.120117,48625.87891,26504.24023,1467.72998,100.1399994,20.52000046,31422.526,22277.5,4.04,3.49,325.063,4.5,5.64E+14,118.8476814,3.289,2.904,0.55,0.385
2025-11-25,3857.780029,3946.610107,3833.350098,3942.360107,0.003047267,0.003042633,0.021509607,117.224278,42.3138239,28.71668283,77.37818705,279293988,1.33E+13,-0.251463585,-1710358096,19658363074,7340226117,-61109799874,6765.879883,48659.51953,26912.16992,1474.859985,99.66000366,18.55999947,31422.526,22277.5,4.01,3.46,325.063,4.5,5.64E+14,118.8476814,3.264,2.902,0.55,0.362
2025-11-26,3960.870117,3960.870117,3866.659912,3891.879883,0.026722645,0.026371832,0.02201778,115.5400042,46.83183005,27.00283994,67.30311762,295326951,1.58E+13,0.057405328,5.24E+11,1.04E+12,1.05E+11,36174018808,6812.609863,49559.07031,27409.53906,1464.920044,99.59999847,17.19000053,31422.526,22277.5,4,3.47,325.063,4.5,5.64E+14,118.8476814,3.251,2.895,0.53,0.35599995
2025-11-27,3986.909912,4023.419922,3968.429932,3989.449951,0.006574261,0.006552745,0.022083462,109.2728446,51.67706718,27.42960946,59.32841599,257854943,1.30E+13,-0.12688313,1.58E+11,3.26E+11,72932154287,-562761869,6812.609863,50167.10156,27554.5293,1470.589966,99.59999847,17.19000053,31422.526,22277.5,4,3.47,325.063,4.5,5.64E+14,118.8476814,3.351,3.013,0.53,0.33800006
2025-11-28,3926.590088,3995.300049,3921.889893,3995.300049,-0.015129468,-0.015245086,0.022245334,104.5771484,42.10854893,22.63954708,51.99064221,241922807,1.19E+13,-0.061787204,-2.04E+12,8.39E+11,-70695237508,-1.37E+11,6849.089844,50253.91016,27626.48047,1461.400024,99.45999908,16.35000038,31422.526,22277.5,4.02,3.49,325.063,4.5,5.64E+14,118.8476814,3.344,2.991,0.53,0.35300016
2025-12-01,3920.370117,3977.310059,3892.080078,3967.919922,-0.001584064,-0.00158532,0.021123034,102.0307268,39.69120342,18.13246866,45.2190075,296914679,1.18E+13,0.227311648,2.24E+11,-68894937864,29097125833,-96241820989,6812.629883,49303.28125,27342.5293,1465.619995,99.41000366,17.23999977,31422.526,22353.6,4.09,3.55,326.031,4.4,5.64E+14,118.8476814,3.387,3.045,0.54,0.342
2025-12-02,3994.929932,3994.929932,3935.139893,3939.090088,0.019018565,0.018839973,0.021128601,102.6592843,41.66700473,20.34243552,40.2436931,319034908,1.24E+13,0.074500288,1.22E+12,2.48E+11,33839413485,70784814352,6829.370117,49303.44922,27564.26953,1470.170044,99.36000061,16.59000015,31422.526,22353.6,4.09,3.54,326.031,4.4,5.64E+14,118.8476814,3.346,3.022,0.55,0.32399988
2025-12-03,4036.300049,4052.830078,3987.76001,4010.26001,0.010355655,0.010302403,0.020261312,102.6857038,42.95913157,25.14224869,37.22340422,290896486,1.34E+13,-0.088198568,2.83E+11,4.87E+11,38087894573,62672496011,6849.720215,49864.67969,27793.03906,1467.359985,98.84999847,16.07999992,31422.526,22353.6,4.06,3.5,326.031,4.4,5.64E+14,118.8476814,3.368,3.041,0.56,0.32700014
2025-12-04,4028.51001,4028.530029,3982.540039,4018.909912,-0.001929995,-0.00193186,0.020231109,95.15213449,51.05523811,27.99483711,35.3776908,352043273,1.37E+13,0.210201188,-6.98E+11,1.07E+11,-27535762591,52221708705,6857.120117,51028.42188,27795.71094,1465.030029,98.98999786,15.77999973,31422.526,22353.6,4.11,3.55,326.031,4.4,5.64E+14,118.8476814,3.376,3.025,0.56,0.35099983
2025-12-05,4100.049805,4100.049805,4003.290039,4023.5,0.017758376,0.017602538,0.020116269,96.46998814,50.67793722,35.6176198,35.4256766,478512573,1.63E+13,0.359243621,1.00E+12,8.49E+11,85404353976,5782407832,6870.399902,50491.87109,27980.89063,1472.380005,98.98999786,15.40999985,31422.526,22353.6,4.14,3.59,326.031,4.4,5.64E+14,118.8476814,3.358,2.994,0.55,0.36400008
2025-12-08,4154.850098,4154.850098,4081.26001,4109.25,0.013365763,0.013277229,0.019228371,92.01285226,64.05846085,45.55551998,37.45164527,395582936,1.52E+13,-0.173307122,3.23E+11,-1.41E+11,40683727865,-15317346495,6846.509766,50581.94141,28303.7793,1471.810059,99.08999634,16.65999985,31422.526,22353.6,4.17,3.59,326.031,4.4,5.64E+14,118.8476814,3.401,3.034,0.58,0.3670001
2025-12-09,4143.549805,4152.180176,4121.209961,4129.77002,-0.002719784,-0.002723489,0.019169893,86.43786621,65.22591027,51.92102501,40.34552122,400643400,1.33E+13,0.012792422,-90993089901,-98306205656,12330272182,99608405445,6840.509766,50655.10156,28182.59961,1468.51001,99.22000122,16.93000031,31422.526,22353.6,4.18,3.62,326.031,4.4,5.64E+14,118.8476814,3.453,3.084,0.56,0.36899996
2025-12-10,4135,4172.640137,4123.600098,4159.049805,-0.002063401,-0.002065533,0.019023879,80.66500419,60.23046537,55.63451576,43.40332013,317901549,1.26E+13,-0.206522436,3.74E+11,-1.02E+11,-95850854610,15652810287,6886.680176,50602.80078,28400.73047,1467.930054,98.79000092,15.77000046,31422.526,22353.6,4.13,3.56,326.031,4.4,5.64E+14,118.8476814,3.371,3.095,0.57,0.27600002
2025-12-11,4110.620117,4170.77002,4103.200195,4163.319824,-0.005895981,-0.005913431,0.019025941,73.60641044,75.28693308,55.9651003,45.91567616,539843372,2.03E+13,0.698146403,3.65E+11,-6.88E+11,-20114981877,-17402709778,6901,50148.82031,28024.75,1469.040039,98.34999847,14.85000038,31422.526,22353.6,4.14,3.55,326.031,4.4,5.64E+14,118.8476814,3.378,3.101,0.59,0.27699995
2025-12-12,4167.160156,4168.169922,4120.72998,4123.830078,0.013754625,0.013660889,0.016999183,72.07711356,78.76108478,60.09664287,48.75186951,426616335,1.65E+13,-0.209740534,46940837270,1.44E+12,-83159725562,89195037509,6827.410156,50836.55078,28198.01953,1470.849976,98.40000153,15.73999977,31422.526,22353.6,4.19,3.58,326.031,4.4,5.64E+14,118.8476814,3.409,3.093,0.61,0.31599998
2025-12-15,4090.590088,4123.189941,4052.649902,4053.73999,-0.01837464,-0.018545551,0.0170741,72.16641671,68.68250151,56.54059079,50.30961376,346844575,1.54E+13,-0.18698712,-9.60E+11,-3.92E+11,-52542669797,1.17E+11,6816.509766,50168.10938,27866.93945,1472.910034,98.15000153,16.5,31422.526,22353.6,4.18,3.56,326.031,4.4,5.64E+14,118.8476814,3.325,3,0.62,0.32500005
2025-12-16,3999.129883,4099.009766,3996.22998,4093.320068,-0.022358683,-0.022612427,0.016069,72.14425223,53.12866097,45.81420211,49.41053143,373989521,1.65E+13,0.078262565,-1.04E+12,1.48E+11,-2.46E+11,13731755436,6800.259766,49383.28906,27536.66016,1467.47998,98.15000153,16.47999954,31422.526,22353.6,4.15,3.52,326.031,4.4,5.64E+14,118.8476814,3.313,2.999,0.63,0.3139999
2025-12-17,4056.409912,4060.23999,3994.649902,4019.429932,0.014323123,0.014221516,0.016265749,72.36141532,55.40704402,41.45758424,47.81994199,360955505,1.30E+13,-0.034851287,-27789783436,3.79E+11,-19550443221,-28662042049,6721.430176,49512.28125,27525.16992,1471.73999,98.37000275,17.62000084,31422.526,22353.6,4.16,3.53,326.031,4.4,5.64E+14,118.8476814,3.324,2.996,0.63,0.32799983
2025-12-18,3994.51001,4030.649902,3975.5,3989.600098,-0.015259775,-0.015377404,0.016145528,72.89711217,55.27115568,32.63394458,44.78274251,581445413,1.31E+13,0.610850659,-3.47E+11,1.56E+11,-70579014311,-84632417818,6774.759766,49001.5,27468.5293,1474,98.43000031,16.87000084,31422.526,22353.6,4.12,3.5,326.031,4.4,5.64E+14,118.8476814,3.312,2.967,0.62,0.34500003
2025-12-19,4020.550049,4055.780029,3997.050049,4055.780029,0.006518957,0.006497801,0.01340896,71.18568638,57.54275712,27.42620786,41.31143558,442664473,1.65E+13,-0.238682664,-7.47E+11,9.64E+11,-25140822642,-41242101262,6834.5,49507.21094,27696.34961,1474.359985,98.59999847,14.90999985,31422.526,22353.6,4.16,3.53,326.031,4.4,5.64E+14,118.8476814,3.342,3.01,0.63,0.33200002
2025-12-22,4105.930176,4105.930176,4083.129883,4096.259766,0.021235932,0.021013592,0.014012849,71.95856585,58.22345086,29.84447317,39.0180431,315627058,1.30E+13,-0.286983534,1.11E+12,1.62E+12,-34261909288,22809936437,6878.490234,50402.39063,28149.64063,1473.719971,98.29000092,14.07999992,31422.526,22353.6,4.17,3.56,326.031,4.4,5.64E+14,118.8476814,3.359,2.999,0.61,0.3599999
2025-12-23,4117.319824,4140.839844,4110.25,4127.399902,0.002773951,0.002770111,0.014013213,69.80425153,56.28138021,32.30759347,37.67595317,385848331,1.35E+13,0.222481791,9.54E+11,5.33E+11,-1.21E+11,-37383279005,6909.790039,50412.87109,28310.4707,1476.839966,97.94000244,14,31422.526,22353.6,4.18,3.58,326.031,4.4,5.64E+14,118.8476814,3.379,2.963,0.6,0.4159999
2025-12-24,4108.620117,4137.200195,4106.620117,4136.240234,-0.002112954,-0.002115189,0.012947136,68.14854213,56.20210644,33.17521715,36.77580597,363613812,1.21E+13,-0.057625023,5.22E+11,2.52E+11,-26143810406,32658143047,6932.049805,50344.10156,28371.98047,1478.670044,97.98000336,13.47000027,31422.526,22353.6,4.15,3.56,326.031,4.4,5.64E+14,118.8476814,3.345,2.939,0.59,0.40600014
2025-12-26,4129.680176,4143.140137,4116.529785,4130.370117,0.005125823,0.00511273,0.012923479,63.70284598,52.48848293,35.15691881,36.45202854,510161651,1.63E+13,0.403031552,1.78E+12,5.29E+11,-23628157217,-97501817252,6929.939941,50750.39063,28556.01953,1446.52002,98.01999664,13.60000038,31422.526,22353.6,4.14,3.54,326.031,4.4,5.64E+14,118.8476814,3.374,2.958,0.6,0.41600013
2025-12-29,4220.560059,4220.560059,4146.47998,4146.47998,0.022006518,0.02176787,0.013010148,64.93783133,55.20326825,43.55856268,37.87333536,502393980,1.45E+13,-0.015225901,3.36E+11,-3.64E+11,23932814520,37891796466,6905.740234,50526.92188,28810.89063,1441.329956,98.04000092,14.19999981,31422.526,22353.6,4.12,3.51,326.031,4.4,5.64E+14,118.8476814,3.354,2.939,0.61,0.4150002
2025-12-30,4214.169922,4226.359863,4186.950195,4193.75,-0.001514049,-0.001515197,0.013008684,65.34994071,55.63590708,49.13489883,40.12564806,408198125,1.32E+13,-0.187493996,-4.89E+11,-2.29E+11,-24765470947,-1.08E+11,6896.240234,50339.48047,28707.13086,1434.709961,98.23999786,14.32999992,31422.526,22353.6,4.14,3.5,326.031,4.4,5.64E+14,118.8476814,3.385,2.952,0.64,0.4330001
2026-01-02,4309.629883,4313.549805,4216.680176,4224.529785,0.022652139,0.022399389,0.013250071,68.94564383,62.23875918,60.55892091,44.21230263,406339246,1.75E+13,-0.004553865,6.45E+11,-1.14E+11,-72899009835,-19584573734,6858.470215,50339.48047,29349.81055,1443.640015,98.41999817,14.51000023,31856.257,22429.3,4.19,3.55,326.588,4.3,5.64E+14,118.8476814,3.386,2.935,0.64,0.45099998
2026-01-05,4457.52002,4457.52002,4381.930176,4385.919922,0.034316204,0.033740536,0.014801881,74.68280901,70.72430082,80.6167392,51.49318994,513869696,2.28E+13,0.264632203,2.18E+12,-50824024231,-2.59E+11,-1.56E+11,6902.049805,51832.80078,30105.03906,1440.47998,98.26999664,14.89999962,31856.257,22429.3,4.17,3.53,326.588,4.3,5.64E+14,118.8476814,3.396,2.933,0.64,0.46299982
2026-01-06,4525.47998,4525.47998,4395,4446.080078,0.015246137,0.015131083,0.014875102,79.89210728,71.11838618,100.8341522,61.3613824,498391270,2.55E+13,-0.030121305,-6.30E+11,1.70E+11,-1.03E+11,-72388513137,6944.819824,52518.07813,30576.30078,1445.560059,98.58000183,14.75,31856.257,22429.3,4.18,3.54,326.588,4.3,5.64E+14,118.8476814,3.398,2.948,0.64,0.45000005
2026-01-07,4551.060059,4611.720215,4488.200195,4566.339844,0.005652456,0.005636541,0.014614455,80.53566197,78.87430202,117.5654746,72.60220085,553653981,2.91E+13,0.110882181,1.25E+12,-3.59E+11,-2.09E+11,-94664134975,6920.930176,51961.98047,30435.4707,1444.959961,98.68000031,15.38000011,31856.257,22429.3,4.15,3.53,326.588,4.3,5.64E+14,118.8476814,3.354,2.91,0.62,0.444
2026-01-08,4552.370117,4622.319824,4527.5,4531.459961,0.000287858,0.000287816,0.01452581,79.96709333,89.11374454,129.4387892,83.96951852,440086040,2.75E+13,-0.205124401,-1.07E+11,-8.55E+11,-1.85E+11,-1.51E+11,6921.459961,51117.26172,30360.55078,1446.140015,98.93000031,15.44999981,31856.257,22429.3,4.19,3.56,326.588,4.3,5.64E+14,118.8476814,3.341,2.902,0.63,0.43900013
2026-01-09,4586.319824,4590.029785,4500.47998,4530.029785,0.007457589,0.007429919,0.014434685,81.67850167,88.74236893,139.9743964,95.1704941,399219985,2.35E+13,-0.09285924,-1.61E+12,1.17E+12,30207520740,52729192651,6966.279785,51939.89063,30288.96094,1450.079956,99.12999725,14.48999977,31856.257,22429.3,4.18,3.59,326.588,4.3,5.64E+14,118.8476814,3.386,2.942,0.59,0.444
2026-01-12,4624.790039,4652.540039,4567.549805,4639.890137,0.008388036,0.008353052,0.014351137,81.96995326,97.71525146,149.7024888,106.076893,394752880,2.31E+13,-0.011189583,-3.52E+11,5.68E+11,68006389349,-50105642889,6977.27002,51939.89063,30567.28906,1455.23999,98.86000061,15.11999989,31856.257,22429.3,4.19,3.59,326.588,4.3,5.64E+14,118.8476814,3.392,2.98,0.6,0.41199994
2026-01-13,4692.640137,4693.069824,4641.580078,4662.439941,0.014670957,0.01456438,0.014216552,82.47065081,97.85127535,161.0307457,117.0676636,429151090,2.52E+13,0.087138592,-2.79E+11,7.77E+11,1.16E+11,2228284302,6963.740234,53549.16016,30707.2207,1464.930054,99.12999725,15.97999954,31856.257,22429.3,4.18,3.57,326.588,4.3,5.64E+14,118.8476814,3.412,3.003,0.61,0.40899992
2026-01-14,4723.100098,4723.100098,4669.319824,4685.109863,0.006491007,0.006470031,0.014119742,80.21351842,97.66898079,170.5009069,127.7543122,550416487,2.42E+13,0.282570404,-3.78E+11,6.05E+11,-9543628245,14937573779,6926.600098,54341.23047,30941.7793,1473.01001,99.12999725,16.75,31856.257,22429.3,4.15,3.56,326.588,4.3,5.64E+14,118.8476814,3.418,2.996,0.59,0.42199993
2026-01-15,4797.549805,4797.549805,4705.439941,4710.279785,0.01576289,0.015639946,0.012981984,84.29924665,97.8758955,181.9165265,138.5867551,545175207,2.38E+13,-0.009522389,3.53E+11,1.46E+12,5505542209,-31187586300,6944.470215,54110.5,30810.58008,1462.900024,99.31999969,15.84000015,31856.257,22429.3,4.17,3.62,326.588,4.3,5.64E+14,118.8476814,3.493,3.09,0.55,0.40300012
2026-01-16,4840.740234,4855.609863,4797.75,4820.660156,0.009002602,0.00896232,0.010804256,86.2621024,99.14214883,192.2326557,149.3159352,720905827,2.69E+13,0.322337879,4.37E+11,5.11E+11,20716797370,-90074934450,6940.009766,53936.17188,31408.69922,1468.839966,99.38999939,15.85999966,31856.257,22429.3,4.24,3.67,326.588,4.3,5.64E+14,118.8476814,3.488,3.08,0.57,0.408
2026-01-19,4904.660156,4917.370117,4827.950195,4829.399902,0.013204576,0.013118155,0.010781939,90.183524,99.18882215,203.2234326,160.0974347,570841030,2.52E+13,-0.208161443,5.49E+11,2.05E+11,-40148109337,-1.19E+11,6940.009766,53583.57031,31639.28906,1471.579956,99.38999939,15.85999966,31856.257,22429.3,4.24,3.67,326.588,4.3,5.64E+14,118.8476814,3.565,3.13,0.57,0.43499994
2026-01-20,4885.75,4935.47998,4823.879883,4900.279785,-0.003855549,-0.003863001,0.00962983,91.66353934,96.46540545,208.0100011,169.679948,667709207,2.71E+13,0.169693788,1.16E+11,-2.09E+11,-87352942950,-1.73E+11,6796.859863,52991.10156,31759.99023,1471.52002,98.63999939,20.09000015,31856.257,22429.3,4.3,3.68,326.588,4.3,5.64E+14,118.8476814,3.653,3.191,0.62,0.46200013
2026-01-21,4909.930176,4910.540039,4807.129883,4808.939941,0.004949123,0.004936916,0.00966656,96.23500279,97.42221139,211.3185802,178.0076744,600101467,3.01E+13,-0.101253269,4.46E+11,2.95E+11,-911081273,-56424073332,6875.620117,52774.64063,31246.36914,1477.780029,98.76000214,16.89999962,31856.257,22429.3,4.26,3.66,326.588,4.3,5.64E+14,118.8476814,3.602,3.138,0.6,0.464
2026-01-22,4952.529785,5019.540039,4934.169922,4987.060059,0.008676215,0.008638793,0.00931356,96.96571568,97.22203692,214.9008423,185.386308,568624077,3.29E+13,-0.052453446,-2.48E+11,3.16E+11,-19319038527,-2.05E+11,6913.350098,53688.89063,31746.08008,1464.829956,98.36000061,15.64000034,31856.257,22429.3,4.26,3.68,326.588,4.3,5.64E+14,118.8476814,3.558,3.109,0.58,0.44900012
2026-01-23,4990.069824,5021.129883,4926.220215,4984.080078,0.007579972,0.007551389,0.009195765,93.18139648,96.68458152,218.2530924,191.9596649,612601752,3.00E+13,0.077340508,1.45E+11,9.29E+11,-85111772219,-2.72E+11,6915.609863,53846.87109,31961.50977,1463.26001,97.59999847,16.09000015,31856.257,22429.3,4.24,3.67,326.588,4.3,5.64E+14,118.8476814,3.59,3.137,0.57,0.45299983
2026-01-26,4949.589844,5023.759766,4940.779785,4997.540039,-0.008112107,-0.008145189,0.009686281,89.78853934,89.06037655,215.1631123,196.6003544,446903055,2.28E+13,-0.270483551,-1.66E+11,-9.53E+11,-1.95E+11,-1.73E+11,6950.22998,52885.25,32064.51953,1444.810059,97.04000092,16.14999962,31856.257,22429.3,4.22,3.66,326.588,4.3,5.64E+14,118.8476814,3.544,3.096,0.56,0.44799995
2026-01-27,5084.850098,5084.850098,4890.720215,4932.890137,0.027327568,0.026960836,0.010394044,94.832101,90.89904404,221.0801781,201.4963191,476155582,2.85E+13,0.065456091,8.45E+11,5.70E+11,-2.11E+11,-57240611682,6978.600098,53333.53906,32317.91992,1440.97998,96.22000122,16.35000038,31856.257,22429.3,4.24,3.65,326.588,4.3,5.64E+14,118.8476814,3.53,3.094,0.59,0.43599987
2026-01-28,5170.810059,5183.439941,5124.799805,5145.390137,0.016905112,0.016763811,0.010163757,95.10138811,91.94404392,230.0538286,207.207821,593108778,3.09E+13,0.24561971,3.93E+11,-5.71E+11,-1.45E+11,-90013754751,6978.029785,53358.71094,32803.82031,1432.51001,96.44999695,16.35000038,31856.257,22429.3,4.26,3.66,326.588,4.3,5.64E+14,118.8476814,3.518,3.067,0.6,0.45099998
2026-01-29,5221.25,5252.609863,5073.120117,5243.419922,0.009754747,0.009707476,0.009788526,101.5256696,92.12029808,238.4864694,213.4635507,699659390,3.59E+13,0.179647673,-1.49E+12,1.57E+11,-1.18E+11,-1.20E+11,6969.009766,53375.60156,32536.26953,1429.27002,96.27999878,16.87999916,31856.257,22429.3,4.24,3.63,326.588,4.3,5.64E+14,118.8476814,3.557,3.106,0.61,0.45099998
2026-01-30,5224.359863,5321.680176,5199.779785,5210.350098,0.000595617,0.000595439,0.009631541,104.1621094,91.73242449,242.6235249,219.2955455,862540604,3.55E+13,0.232800726,-1.98E+12,-30925756867,-1.28E+11,-30656185831,6939.029785,53322.85156,32063.75,1428.76001,96.98999786,17.44000053,31856.257,22429.3,4.26,3.6,326.588,4.3,5.64E+14,118.8476814,3.607,3.138,0.66,0.4690001
2026-02-02,4949.669922,5196.709961,4933.580078,5122.620117,-0.052578679,-0.054011384,0.015969382,120.0549665,63.89064957,221.1872794,219.6738923,572544402,3.21E+13,-0.336211653,-2.53E+12,-2.18E+12,25161573975,-39924652613,6976.439941,52655.17969,31624.0293,1448.800049,97.61000061,16.34000015,31856.257,22627.3,4.29,3.64,327.46,4.4,5.64E+14,118.8476814,3.603,3.152,0.65,0.45099998
2026-02-03,5288.080078,5288.080078,5101.310059,5114.810059,0.068370247,0.066134354,0.020933466,140.3856724,72.90818228,228.8675294,221.5126197,672610151,3.00E+13,0.174773779,7.17E+11,1.45E+12,3.45E+11,95780604221,6917.810059,54720.66016,32195.35938,1452.540039,97.44000244,18,31856.257,22627.3,4.28,3.64,327.46,4.4,5.64E+14,118.8476814,3.661,3.189,0.64,0.47200012
2026-02-04,5371.100098,5376.919922,5243.109863,5260.709961,0.015699463,0.015577502,0.02099765,143.3642578,73.09517059,238.8993219,224.9899602,789920328,3.04E+13,0.174410358,-9.38E+11,1.49E+12,97387857906,29002873357,6882.720215,54293.35938,32289.81055,1446.680054,97.62000275,18.63999939,31856.257,22627.3,4.29,3.64,327.46,4.4,5.64E+14,118.8476814,3.712,3.212,0.65,0.5
2026-02-05,5163.569824,5304.399902,5142.200195,5251.029785,-0.038638318,-0.039404581,0.023517723,155.5671038,61.48001574,227.4813675,225.4882416,911910087,3.24E+13,0.154432991,-5.04E+12,-1.88E+12,-37381490389,-98472024855,6798.399902,53818.03906,31801.26953,1460.109985,97.81999969,21.77000046,31856.257,22627.3,4.21,3.55,327.46,4.4,5.64E+14,118.8476814,3.687,3.204,0.66,0.48300004
2026-02-06,5089.140137,5120.77002,4899.299805,5013.149902,-0.014414386,-0.014519282,0.023969955,168.0563965,56.51154815,210.0058855,222.3917704,745763942,2.99E+13,-0.182195753,-3.33E+12,5.78E+11,1.56E+11,1.32E+11,6932.299805,54253.67969,31782.91992,1470.680054,97.62999725,20.37000084,31856.257,22627.3,4.22,3.57,327.46,4.4,5.64E+14,118.8476814,3.71,3.233,0.65,0.477
2026-02-09,5298.040039,5322.350098,5265.080078,5299.100098,0.041048173,0.040228064,0.025217726,176.7428153,62.83153619,210.5854188,220.0305001,617657784,2.65E+13,-0.171778429,4.39E+11,2.42E+12,1.95E+11,-86295633100,6964.819824,56363.94141,32404.61914,1462.400024,96.81999969,17.36000061,31856.257,22627.3,4.22,3.56,327.46,4.4,5.64E+14,118.8476814,3.754,3.267,0.66,0.487
2026-02-10,5301.689941,5363.620117,5286.669922,5350.209961,0.000688916,0.000688678,0.025183585,174.8528181,62.35040798,208.9307955,217.8105592,712267871,2.33E+13,0.153175576,1.47E+11,7.44E+11,-42186713608,-97722886851,6941.810059,57650.53906,33072.96875,1458.540039,96.80000305,17.79000092,31856.257,22627.3,4.16,3.5,327.46,4.4,5.64E+14,118.8476814,3.681,3.224,0.66,0.45700002
2026-02-11,5354.490234,5374.22998,5257.529785,5293.75,0.009959144,0.009909878,0.025197976,175.3592704,62.59100861,209.4654497,216.1415373,753767377,2.56E+13,0.058263903,8.57E+11,5.22E+11,98025004975,-26289554822,6941.470215,57650.53906,33605.71094,1455.329956,96.83000183,17.64999962,31856.257,22627.3,4.18,3.55,327.46,4.4,5.64E+14,118.8476814,3.639,3.2,0.63,0.4389999
2026-02-12,5522.27002,5522.27002,5399.52002,5425.390137,0.031334409,0.030853506,0.025719842,180.5642787,65.41304772,220.8814101,217.0895118,750614562,3.23E+13,-0.004182743,3.01E+12,1.08E+12,1.49E+11,72185511544,6832.759766,57639.83984,33605.71094,1444.189941,96.93000031,20.81999969,31856.257,22627.3,4.09,3.49,327.46,4.4,5.64E+14,118.8476814,3.618,3.154,0.6,0.464
2026-02-13,5507.009766,5583.740234,5480.919922,5513.709961,-0.002763402,-0.002767228,0.025807146,181.9814453,66.38275155,226.0910293,218.8898153,1290658558,3.08E+13,0.719469117,-9.27E+11,1.81E+11,-93212124766,56325913582,6836.169922,56941.96875,33605.71094,1440.900024,96.87999725,20.60000038,31856.257,22627.3,4.04,3.43,327.46,4.4,5.64E+14,118.8476814,3.571,3.142,0.61,0.42900014
2026-02-19,5677.25,5681.649902,5614.970215,5642.089844,0.030913371,0.030445177,0.026328431,180.5893206,67.06004507,241.1765214,223.3471565,1185838197,2.89E+13,-0.081214633,-9.35E+11,1.67E+12,59738858025,15370491816,6861.890137,57467.82813,33605.71094,1440.160034,97.93000031,20.22999954,31856.257,22627.3,4.08,3.5,327.46,4.4,5.64E+14,118.8476814,3.588,3.178,0.58,0.4100001
2026-02-20,5808.529785,5809.910156,5684.580078,5696.890137,0.023123834,0.022860529,0.026409326,183.0229143,67.89799029,260.7196503,230.8216553,1749302679,3.31E+13,0.475161353,-7.44E+11,1.94E+12,-52697642592,-1.42E+11,6909.509766,56825.69922,33605.71094,1447.75,97.80000305,19.09000015,31856.257,22627.3,4.08,3.5,327.46,4.4,5.64E+14,118.8476814,3.54,3.143,0.58,0.39700007
2026-02-23,5846.089844,5931.859863,5792.569824,5903.109863,0.006466362,0.006445545,0.026400315,180.1515067,67.66421439,276.0562984,239.8685839,1477788942,3.20E+13,-0.155212554,-1.11E+12,5.33E+11,-1.69E+11,-2.69E+11,6837.75,56825.69922,33773.26172,1443.439941,97.69999695,21.01000023,31856.257,22627.3,4.03,3.45,327.46,4.4,5.64E+14,118.8476814,3.578,3.154,0.58,0.42400002
2026-02-24,5969.640137,5969.640137,5775.609863,5853.47998,0.021133834,0.020913612,0.026540496,185.3036412,69.72579647,294.7821139,250.8512899,1602004836,3.14E+13,0.084055233,-1.90E+11,2.67E+12,-1.45E+11,-71765712033,6890.069824,57321.08984,34700.82031,1442.199951,97.87999725,19.54999924,31856.257,22627.3,4.04,3.47,327.46,4.4,5.64E+14,118.8476814,3.593,3.158,0.57,0.43499994
2026-02-25,6083.859863,6144.709961,5984.279785,6022.700195,0.019133436,0.018952694,0.026622388,177.038644,82.80602841,315.2055416,263.7221402,1415254864,3.53E+13,-0.116572664,-1.31E+12,1.99E+12,-3.07E+11,74951696394,6946.129883,58583.12109,35413.07031,1439.98999,97.69999695,17.93000031,31856.257,22627.3,4.05,3.49,327.46,4.4,5.64E+14,118.8476814,3.556,3.124,0.56,0.43199992
2026-02-26,6307.27002,6313.27002,6107.410156,6121.029785,0.036721779,0.036063599,0.026878505,169.2529297,81.58065068,345.4366096,280.0650341,1409623229,3.89E+13,-0.003979237,-2.11E+12,1.64E+12,53949815743,-98071995959,6908.859863,58753.39063,35414.48828,1426.930054,97.79000092,18.62999916,31856.257,22627.3,4.02,3.46,327.46,4.4,5.64E+14,118.8476814,3.47,3.062,0.56,0.408
2026-02-27,6244.129883,6347.410156,6153.870117,6197.490234,-0.010010692,-0.010061136,0.027076734,173.5193569,77.38916134,360.1484996,296.0817272,1166057975,5.49E+13,-0.172787486,-7.08E+12,1.10E+12,-2.26E+11,-2.28E+11,6878.879883,58850.26953,35414.48828,1432.319946,97.61000061,19.86000061,31856.257,22627.3,3.97,3.39,327.46,4.4,5.64E+14,118.8476814,3.446,3.041,0.58,0.4050002
2026-03-03,5791.910156,6180.450195,5791.649902,6165.149902,-0.072423177,-0.07517966,0.033060087,189.4893624,67.08895455,331.4961447,303.1646107,1227193147,5.28E+13,0.05242893,-5.17E+12,-7.28E+11,-49526905291,41182772768,6816.629883,56279.05078,34323.64844,1452.27002,99.05000305,23.56999969,31856.257,22686,4.06,3.5,330.293,4.3,5.64E+14,118.8476814,3.594,3.18,0.56,0.41400003
2026-03-04,5093.540039,5672.120117,5059.450195,5592.589844,-0.120576822,-0.128489065,0.044600159,222.9315011,50.08934246,249.559548,292.4435982,1637605952,6.29E+13,0.334432119,2.37E+11,-5.83E+11,-1.29E+11,-72745993641,6869.5,54245.53906,32828.87891,1483.069946,98.76999664,21.14999962,31856.257,22686,4.09,3.55,330.293,4.3,5.64E+14,118.8476814,3.632,3.223,0.54,0.40899992
2026-03-05,5583.899902,5715.299805,5248.129883,5250.919922,0.096270935,0.091914362,0.049231669,250.6850586,55.20911986,221.6372513,278.2823288,1660710447,4.53E+13,0.014108702,-1.57E+11,-1.22E+12,-1.09E+11,-87153061190,6830.709961,55278.05859,33672.94141,1460.75,99.31999969,23.75,31856.257,22686,4.13,3.59,330.293,4.3,5.64E+14,118.8476814,3.589,3.189,0.54,0.4000001
2026-03-06,5584.870117,5609.97998,5381.27002,5491.02002,0.000173752,0.000173737,0.047365742,261.5250419,55.16533346,197.3124235,262.0883477,1223019737,3.14E+13,-0.263556306,-1.95E+12,-5.98E+11,-1.78E+11,-1.75E+11,6740.02002,55620.83984,33599.53906,1479.51001,98.98999786,29.48999977,31856.257,22686,4.15,3.59,330.293,4.3,5.64E+14,118.8476814,3.616,3.227,0.56,0.38899994
2026-03-09,5251.870117,5327.419922,5096.160156,5265.370117,-0.059625379,-0.061476951,0.047439141,288.097168,48.30175641,149.4418327,239.5590447,1026237730,3.32E+13,-0.160898472,-3.20E+12,-1.17E+12,-1.99E+11,-1.02E+11,6795.990234,52728.71875,32110.41992,1483.890015,99.18000031,25.5,31856.257,22686,4.12,3.58,330.293,4.3,5.64E+14,118.8476814,3.739,3.42,0.54,0.319
2026-03-10,5532.589844,5595.879883,5427.879883,5523.209961,0.053451384,0.052071806,0.048767044,300.6850237,50.16462724,132.6269397,218.1726237,923209866,2.87E+13,-0.10039376,1.03E+12,7.45E+11,68223391071,-9321369642,6781.47998,54248.39063,32771.87109,1464.469971,98.83000183,24.93000031,31856.257,22686,4.15,3.58,330.293,4.3,5.64E+14,118.8476814,3.629,3.283,0.57,0.34599996
2026-03-11,5609.950195,5746.359863,5559.689941,5658.720215,0.013982665,0.01388581,0.04786302,308.6100028,51.61025555,124.1126563,199.3606302,1050946314,2.66E+13,0.138361225,-2.55E+11,7.25E+11,34574324791,-89339267070,6775.799805,55025.37109,34114.19141,1472.780029,99.23000336,24.22999954,31856.257,22686,4.21,3.64,330.293,4.3,5.64E+14,118.8476814,3.608,3.253,0.57,0.35500002
2026-03-12,5583.25,5629.069824,5527.470215,5567.649902,-0.004759435,-0.004770798,0.047712338,303.3928223,48.4604602,113.8976021,182.2680246,801306208,2.37E+13,-0.2375384,-2.39E+12,-74636557600,75972781322,-37404675330,6672.620117,54452.96094,33581.85938,1475.339966,99.73999786,27.29000092,31856.257,22686,4.27,3.75,330.293,4.3,5.64E+14,118.8476814,3.649,3.271,0.52,0.37800002
2026-03-13,5487.240234,5537.589844,5392.52002,5412.390137,-0.017196036,-0.017345605,0.047185637,307.5406669,44.67638885,96.93747737,165.2019152,907655536,2.37E+13,0.13271996,-1.46E+12,-9.50E+11,-1.17E+11,28454594636,6632.189941,53819.60938,33400.32031,1470.579956,100.3600006,27.19000053,31856.257,22686,4.28,3.74,330.293,4.3,5.64E+14,118.8476814,3.701,3.338,0.54,0.36299992
2026-03-16,5549.850098,5561.419922,5448.75,5510.819824,0.011410082,0.011345478,0.047233116,305.6392299,45.13186357,87.53944881,149.6694219,1073859802,2.18E+13,0.183113813,-8.52E+11,-1.04E+11,61546304743,41194926054,6699.379883,53751.14844,33342.51172,1501.75,99.70999908,23.51000023,31856.257,22686,4.23,3.69,330.293,4.3,5.64E+14,118.8476814,3.68,3.3,0.54,0.3800001
2026-03-17,5640.47998,5717.129883,5632.859863,5711.799805,0.01633015,0.016198247,0.0473074,303.7284807,44.53171414,86.4084547,137.0172285,1135071024,2.23E+13,0.05700113,-1.73E+11,4.27E+11,2.35E+11,84333393783,6716.089844,53700.39063,33836.57031,1488.910034,99.58000183,22.37000084,31856.257,22686,4.2,3.68,330.293,4.3,5.64E+14,118.8476814,3.692,3.324,0.52,0.36800003
2026-03-18,5925.029785,5934.350098,5766.140137,5767.100098,0.0504478,0.049216549,0.048056837,312.214216,47.50271084,107.2367662,131.061136,1143771673,2.69E+13,0.00766529,8.89E+11,3.10E+12,5529959875,95952881532,6624.700195,55239.39844,34348.57813,1484.869995,100.0899963,25.09000015,31856.257,22686,4.26,3.76,330.293,4.3,5.64E+14,118.8476814,3.606,3.261,0.5,0.34500003
2026-03-19,5763.220215,5863.390137,5738.950195,5761.399902,-0.027309495,-0.02768933,0.048549032,309.1191755,41.27691736,109.4252865,126.7339661,1184170077,2.30E+13,0.03532034,-1.88E+12,-6.65E+11,22655097073,-64937808613,6606.490234,53372.53125,33689.67969,1505.25,99.23000336,24.05999947,31856.257,22686,4.25,3.79,330.293,4.3,5.64E+14,118.8476814,3.693,3.329,0.46,0.36400008
2026-03-20,5781.200195,5833.680176,5764.640137,5813.350098,0.00311978,0.003114924,0.048096882,300.3277414,42.46849746,111.3272278,123.6526184,1490805229,3.40E+13,0.258945195,-1.25E+12,4.57E+11,-79235923848,60613196498,6506.47998,53372.53125,33543.87891,1489.839966,99.65000153,26.78000069,31856.257,22686,4.39,3.9,330.293,4.3,5.64E+14,118.8476814,3.736,3.41,0.49,0.32599998
2026-03-23,5405.75,5580.149902,5397.939941,5580.149902,-0.064943296,-0.067148106,0.050103783,295.3834752,43.55652195,81.59822343,115.2417394,1125619649,2.72E+13,-0.244958612,-3.70E+12,-3.02E+12,-3.01E+11,-1.62E+11,6581,51515.48828,32722.5,1504.209961,98.94999695,26.14999962,31856.257,22686,4.34,3.85,330.293,4.3,5.64E+14,118.8476814,3.879,3.617,0.49,0.26199985
2026-03-24,5553.919922,5643,5395.169922,5638.200195,0.027409688,0.027040769,0.050530787,260.767055,59.40964403,69.196197,106.032631,1170517963,2.49E+13,0.039887642,-1.98E+12,1.02E+12,9836232482,43456766681,6556.370117,52252.28125,32612.24023,1485.359985,99.43000031,26.95000076,31856.257,22686,4.39,3.93,330.293,4.3,5.64E+14,118.8476814,3.835,3.523,0.46,0.31200004
2026-03-25,5642.209961,5740.970215,5630.069824,5680.330078,0.015896887,0.015771855,0.050418009,229.7163783,51.4261972,65.73402902,97.97291056,763223598,2.46E+13,-0.347960798,-1.29E+12,2.34E+12,36931488486,14664870051,6591.899902,53749.62109,33439.10938,1497.310059,99.59999847,25.32999992,31856.257,22686,4.33,3.88,330.293,4.3,5.64E+14,118.8476814,3.859,3.558,0.45,0.30099988
2026-03-26,5460.459961,5598.370117,5448.120117,5594.060059,-0.032212555,-0.032742798,0.050567924,227.2435128,47.20430296,47.773823,87.93309305,925092573,2.56E+13,0.212085915,-2.95E+12,3.18E+11,-2.50E+11,-2.42E+11,6477.160156,53603.64844,33337.62109,1500.969971,99.90000153,27.44000053,31856.257,22686,4.42,4,330.293,4.3,5.64E+14,118.8476814,3.865,3.552,0.42,0.31299996
2026-03-27,5438.870117,5462.509766,5220.100098,5300.609863,-0.003953851,-0.003961688,0.049623581,209.6506348,54.88602972,31.43573875,76.63362219,900080937,2.37E+13,-0.027036901,-3.44E+12,4.18E+11,1.85E+11,-22801624440,6368.850098,53373.07031,33112.58984,1508.359985,100.1500015,31.04999924,31856.257,22686,4.44,3.94,330.293,4.3,5.64E+14,118.8476814,3.915,3.582,0.5,0.33299994
2026-03-30,5277.299805,5297.350098,5151.220215,5181.799805,-0.029706595,-0.030156774,0.049882931,205.6249302,42.88675548,5.388203497,62.38453845,727391077,2.08E+13,-0.191860368,-2.10E+12,7.44E+11,73020339258,-81150069311,6343.720215,51885.85156,32518.16016,1507.02002,100.5100021,30.61000061,31856.257,22686,4.35,3.85,330.293,4.3,5.64E+14,118.8476814,3.891,3.542,0.5,0.34899998
2026-03-31,5052.459961,5233.990234,5042.990234,5143.75,-0.042605092,-0.043539321,0.048124696,207.092041,35.64611708,-33.01675557,43.30427965,1163312408,2.98E+13,0.599294306,-3.85E+12,9.48E+11,35211304974,-29135483347,6528.52002,51063.71875,31722.99023,1516.130005,99.95999908,25.25,31856.257,22686,4.3,3.81,330.293,4.3,5.64E+14,118.8476814,3.879,3.552,0.49,0.3269999
2026-04-01,5478.700195,5512.330078,5272.450195,5330.040039,0.084362912,0.080992637,0.042748484,232.6827916,47.76745069,-28.72778167,28.89786738,958953275,2.89E+13,-0.175670036,-6.28E+11,3.43E+12,3.55E+11,-19186659596,6575.319824,53739.67969,33174.82031,1503.329956,99.65000153,24.54000092,31856.257,22686,4.33,3.84,332.407,4.3,5.64E+14,118.8476814,3.689,3.37,0.49,0.319
2026-04-02,5234.049805,5574.620117,5170.27002,5551.689941,-0.044654824,-0.045682563,0.038672876,247.9413714,44.91612001,-44.55636283,14.20702134,1428159621,3.33E+13,0.489290102,-1.41E+11,-1.69E+12,-21279690102,9098014731,6582.689941,52463.26953,32572.42969,1512.089966,100.0299988,23.87000084,31856.257,22686,4.31,3.82,332.407,4.3,5.64E+14,118.8476814,3.804,3.477,0.49,0.3269999
2026-04-03,5377.299805,5419.450195,5316.419922,5375.5,0.027368865,0.027001033,0.039258157,253.1364049,46.64399593,-45.02255761,2.361105552,1185178392,2.22E+13,-0.170135905,7.99E+11,2.84E+11,2.27E+11,-55740810705,6582.689941,53123.48828,32572.42969,1509.219971,100.0299988,23.87000084,31856.257,22686,4.35,3.88,332.407,4.3,5.64E+14,118.8476814,3.747,3.448,0.47,0.29900002
2026-04-06,5450.330078,5505.609863,5404.910156,5423.350098,0.013581217,0.013489818,0.036769802,250.352853,46.27620034,-39.04895555,-5.920906668,1110507448,2.18E+13,-0.06300397,-1.56E+11,7.60E+11,88929822132,-85005052024,6611.830078,53413.67969,32572.42969,1509.26001,99.98000336,24.17000008,31856.257,22686,4.34,3.88,332.407,4.3,5.64E+14,118.8476814,3.725,3.432,0.46,0.29299998
2026-04-07,5494.779785,5594.899902,5424.459961,5552.189941,0.008155416,0.00812234,0.034875182,241.5364118,40.69959098,-30.37793508,-10.81231235,990449091,2.37E+13,-0.108111258,3.95E+11,-3.92E+11,73901897443,-81802493190,6616.850098,53429.55859,33229.82031,1507.849976,99.63999939,25.78000069,31856.257,22686,4.33,3.82,332.407,4.3,5.64E+14,118.8476814,3.754,3.451,0.51,0.30299997
2026-04-08,5872.339844,5919.600098,5774,5804.700195,0.0687125,0.066454653,0.037857467,258.5893206,52.15752,6.880537885,-7.273742303,932610471,3.63E+13,-0.058396358,1.95E+12,3.00E+12,-85300447664,-2.08E+11,6782.810059,56308.42188,34761.37891,1499.130005,99.12999725,21.04000092,31856.257,22686,4.29,3.78,332.407,4.3,5.64E+14,118.8476814,3.628,3.315,0.51,0.31299996
2026-04-09,5778.009766,5862.410156,5757.490234,5826.450195,-0.016063457,-0.016193873,0.038055182,261.7600098,49.93876736,28.46833198,-0.125327448,1026732958,3.35E+13,0.100923687,1.72E+12,5.04E+11,-4949986854,4883453765,6824.660156,55895.32031,34861.16016,1477.599976,98.81999969,19.48999977,31856.257,22686,4.29,3.77,332.407,4.3,5.64E+14,118.8476814,3.66,3.338,0.52,0.32200003
2026-04-10,5858.870117,5918.589844,5850.830078,5876.120117,0.013994499,0.01389748,0.037872415,244.4257115,59.80532832,51.50781884,10.20130181,1002353584,2.37E+13,-0.02374461,1.06E+12,86835035681,-2.06E+11,-41563952931,6816.890137,56924.10938,35417.82813,1473.280029,98.65000153,19.22999954,31856.257,22686,4.31,3.8,332.407,4.3,5.64E+14,118.8476814,3.686,3.36,0.51,0.3260002
2026-04-13,5808.620117,5827.72998,5730.22998,5737.279785,-0.008576739,-0.008613731,0.037911553,235.9121443,55.75551745,64.96316817,21.15367508,1083211365,2.15E+13,0.080667922,-4.61E+11,-4.81E+11,62410818785,-1.73E+11,6886.240234,56502.76953,35457.28906,1482.180054,98.37000275,19.12000084,31856.257,22686,4.3,3.79,332.407,4.3,5.64E+14,118.8476814,3.715,3.382,0.51,0.33299994
2026-04-14,5967.75,6026.52002,5938.330078,5960,0.027395471,0.027026931,0.038197059,238.1156878,57.12809065,87.45890923,34.41472191,889490621,2.71E+13,-0.178839283,8.37E+11,1.35E+12,-35274451186,-25564504203,6967.379883,57877.39063,36296.12109,1476.839966,98.12000275,18.36000061,31856.257,22686,4.26,3.76,332.407,4.3,5.64E+14,118.8476814,3.658,3.339,0.5,0.319
2026-04-15,6091.390137,6183.209961,6064.22998,6141.600098,0.020718049,0.020506349,0.036878354,239.6421247,64.17571437,113.9501257,50.32180267,923846153,3.16E+13,0.038623827,4.89E+11,8.21E+11,-2.88E+11,-1.12E+11,7022.950195,58134.23828,36722.14063,1469.420044,98.05999756,18.17000008,31856.257,22686,4.29,3.79,332.407,4.3,5.64E+14,118.8476814,3.655,3.328,0.5,0.3269999
2026-04-16,6226.049805,6231.029785,6126.060059,6149.490234,0.022106558,0.02186575,0.036484786,232.301409,66.83114896,144.1488571,69.08721356,925694636,2.70E+13,0.002000856,4.75E+11,1.25E+12,-58335460213,-29881550978,7041.279785,59518.33984,37132.01953,1474.060059,98.22000122,17.94000053,31856.257,22686,4.32,3.8,332.407,4.3,5.64E+14,118.8476814,3.675,3.34,0.52,0.33500004
2026-04-17,6191.919922,6230.319824,6159.879883,6227.330078,-0.005481788,-0.005496868,0.036544838,216.7864118,70.68321198,163.4434981,87.95847047,689739734,2.46E+13,-0.254894965,-2.00E+12,4.34E+11,-36835894694,-75665160462,7126.060059,58475.89844,36804.33984,1477.920044,98.09999847,17.47999954,31856.257,22686,4.26,3.72,332.407,4.3,5.64E+14,118.8476814,3.717,3.371,0.54,0.34599996
2026-04-20,6219.089844,6278.359863,6176.75,6213.919922,0.004387964,0.004378365,0.032556482,207.3078613,78.97234816,178.8651793,106.1398122,692878455,2.36E+13,0.004550587,-2.37E+11,5.18E+11,-42265612859,8038782666,7109.140137,58824.89063,36958.80078,1465.150024,98.05000305,18.87000084,31856.257,22686,4.26,3.73,332.407,4.3,5.64E+14,118.8476814,3.688,3.348,0.53,0.3399999
2026-04-21,6388.470215,6388.470215,6302.540039,6302.540039,0.027235556,0.026871268,0.032551014,186.5585938,75.89737617,202.4211679,125.3960834,792021737,3.11E+13,0.143088995,1.15E+12,9.75E+11,-17252123240,62175597531,7064.009766,59349.17188,37605.10938,1469.26001,98.41000366,19.5,31856.257,22686,4.3,3.8,332.407,4.3,5.64E+14,118.8476814,3.655,3.33,0.5,0.32500005
2026-04-22,6417.930176,6423.290039,6318.509766,6387.569824,0.004611427,0.004600826,0.032488348,165.1607492,88.40524707,220.920003,144.5008673,900140335,3.10E+13,0.136509635,-6.82E+11,-4.10E+11,28171950706,99531346289,7137.899902,59585.85938,37878.46875,1485.800049,98.58999634,18.92000008,31856.257,22686,4.3,3.81,332.407,4.3,5.64E+14,118.8476814,3.697,3.365,0.49,0.33200002
2026-04-23,6475.810059,6557.759766,6309.100098,6488.830078,0.009018466,0.008978042,0.031151918,169.679269,87.72537558,237.512984,163.1032906,1042392099,4.06E+13,0.158032874,-85974429987,17672946443,-2.32E+11,19704265462,7108.399902,59140.23047,37714.14844,1477.959961,98.80000305,19.30999947,31856.257,22686,4.34,3.84,332.407,4.3,5.64E+14,118.8476814,3.791,3.458,0.5,0.33299994
2026-04-24,6475.629883,6516.540039,6403.740234,6496.100098,-2.78E-05,-2.78E-05,0.031081253,168.5713937,87.06581495,247.7921092,180.0410543,878200671,3.02E+13,-0.157514076,-1.95E+12,1.04E+12,44552649569,-20150505393,7165.080078,59716.17969,38932.39844,1479.949951,98.51000214,18.70999908,31856.257,22686,4.31,3.8,332.407,4.3,5.64E+14,118.8476814,3.817,3.496,0.51,0.32099986
2026-04-27,6615.029785,6657.220215,6529.189941,6533.600098,0.021526848,0.021298418,0.029796582,169.3678502,87.89672039,264.1419332,196.8612301,842664190,3.34E+13,-0.040465103,8.67E+11,1.55E+12,-57967572105,-1.77E+11,7173.910156,60537.35938,39616.62891,1474.689941,98.48000336,18.02000046,31856.257,22686,4.35,3.83,332.407,4.3,5.64E+14,118.8476814,3.82,3.492,0.52,0.32799983
2026-04-28,6641.02002,6712.72998,6621.72998,6646.799805,0.003928967,0.003921269,0.026953851,146.0021275,84.11927051,276.014755,212.6919351,1139472198,3.76E+13,0.352225728,-1.94E+11,6.84E+11,-75276024272,-27744712124,7138.799805,59917.46094,39521.73047,1473,98.62000275,17.82999992,31856.257,22686,4.36,3.86,332.407,4.3,5.64E+14,118.8476814,3.861,3.529,0.5,0.33200002
2026-04-29,6690.899902,6702.379883,6596.029785,6619,0.007510877,0.007482811,0.021811851,145.3950195,92.18491153,286.1503781,227.3836237,717859460,3.15E+13,-0.370007043,-6.14E+11,1.65E+11,1.08E+11,-2117024417,7135.950195,59917.46094,39303.5,1471.98999,98.91999817,18.80999947,31856.257,22686,4.42,3.94,332.407,4.3,5.64E+14,118.8476814,3.843,3.525,0.48,0.31799984
2026-04-30,6598.870117,6750.27002,6597.830078,6739.390137,-0.01375447,-0.01384994,0.01843533,146.2421526,83.84621981,283.4890129,238.6047015,685459295,3.58E+13,-0.045134413,-1.46E+12,5.09E+11,-51584852115,35038595393,7209.009766,59284.92188,38926.62891,1487.380005,98.08000183,16.88999939,31856.257,22686,4.4,3.91,332.407,4.3,5.64E+14,118.8476814,3.923,3.595,0.49,0.32800007
2026-05-04,6936.990234,6937,6741.629883,6782.930176,0.051239093,0.049969557,0.020087544,161.2057059,90.85189808,305.1457987,251.912921,873008689,4.27E+13,0.273611278,2.95E+12,1.92E+12,-48525429500,-50745653363,7200.75,59513.12109,40705.14063,1471.72998,98.47000122,18.29000092,31856.257,22686,4.45,3.98,332.407,4.3,5.64E+14,118.8476814,3.932,3.615,0.47,0.3169999
2026-05-06,7384.560059,7426.600098,7093.009766,7093.009766,0.06451931,0.062523345,0.022970077,180.6135603,92.43242769,354.3394967,272.3982361,995691665,6.00E+13,0.140528929,3.11E+12,-8.28E+11,-4.57E+11,-1.59E+11,7365.120117,59513.12109,41138.85156,1473.959961,98.01999664,17.38999939,31856.257,22686,4.36,3.89,332.407,4.3,5.64E+14,118.8476814,3.932,3.595,0.47,0.3369999
2026-05-07,7490.049805,7531.879883,7257.890137,7499.069824,0.014285177,0.014184105,0.022911889,184.7942592,92.34925012,397.2586472,297.3703183,767462258,5.11E+13,-0.22921695,-6.72E+12,1.76E+12,-2.84E+11,49415739537,7337.109863,62833.83984,41933.78125,1444.449951,98.25,17.07999992,31856.257,22686,4.41,3.94,332.407,4.3,5.64E+14,118.8476814,3.888,3.546,0.47,0.342
2026-05-08,7498,7511.009766,7318.959961,7353.939941,0.001061434,0.001060871,0.019696345,188.5378418,91.71340893,426.9918019,323.2946151,523090848,4.08E+13,-0.318414889,-5.31E+12,1.52E+12,-88730575062,-50195956799,7398.930176,62713.64844,41603.94141,1454.790039,97.83999634,17.19000053,31856.257,22686,4.38,3.92,332.407,4.3,5.64E+14,118.8476814,3.909,3.569,0.46,0.3399999
2026-05-11,7822.240234,7899.319824,7713.490234,7775.310059,0.043243563,0.04233467,0.019600401,212.1721191,94.91883416,471.2863229,352.8929566,731278789,5.18E+13,0.397995763,-2.84E+12,1.00E+12,-2.68E+11,-2.95E+11,7412.839844,62417.87891,41790.05859,1460.550049,97.94000244,18.37999916,31856.257,22686,4.42,3.96,332.407,4.3,5.64E+14,118.8476814,3.95,3.598,0.46,0.352
2026-05-12,7643.149902,7999.669922,7421.709961,7953.410156,-0.022895018,-0.023161179,0.021394197,246.1971261,86.20502761,486.3328149,379.5809283,1021136121,6.71E+13,0.39637049,-5.63E+12,-6.20E+11,-35814357535,-1.86E+11,7400.959961,62742.57031,41898.32031,1474.449951,98.29000092,17.98999977,31856.257,22686,4.46,4.01,332.407,4.3,5.64E+14,118.8476814,4.056,3.674,0.45,0.3820002
2026-05-13,7844.009766,7855.470215,7402.359863,7513.649902,0.026279723,0.025940344,0.020922032,266.4635533,86.42235907,508.6021318,405.385169,738739332,5.05E+13,-0.276551562,-3.76E+12,1.89E+12,-11519487397,-2.36E+11,7444.25,63272.10938,41374.5,1492.98999,98.48000336,17.87000084,31856.257,22686,4.46,4,332.407,4.3,5.64E+14,118.8476814,4.044,3.635,0.46,0.40900016
2026-05-14,7981.410156,7991.040039,7842.720215,7873.910156,0.017516601,0.017364954,0.020740969,269.5735212,87.11823767,531.2142815,430.5509915,849941546,5.17E+13,0.150529705,-2.17E+12,1.26E+12,-3.75E+11,-1.93E+11,7501.240234,62654.05078,41751.75,1489.839966,98.87999725,17.26000023,31856.257,22686,4.46,4,332.407,4.3,5.64E+14,118.8476814,4.085,3.654,0.46,0.431
